Eigvals	103
11.957850601270373	3.7521042169217607	2.8534834563508022	1.4117618848529223	1.061298065590513	0.9448284591597704	0.8994285658282567	0.8956656581780208	0.7427801583644666	0.5072320334334769	0.45122996916130664	0.42047279210979394	0.4030805727052596	0.4018723726196932	0.3759574881846382	0.32618189468571424	0.3235001123767405	0.282616070073902	0.27238310869339355	0.2545916187608527	0.24690621714161348	0.22787209544573744	0.2277071073639189	0.21947396037064304	0.20758742332531038	0.18612834906056724	0.165829109363909	0.1631247380480953	0.15430451752203536	0.14662169761107252	0.14404663245609597	0.13568260632896176	0.13019154104349556	0.1217586613152595	0.11916356794306879	0.11705397230972095	0.11212916263102837	0.10758350893080093	0.10222673497889984	0.09848538471595772	0.09650122029982106	0.09260537738425687	0.08857529851083082	0.08471485381590219	0.07960533339352285	0.07600624240204548	0.07499620712081023	0.07058620042262109	0.06808636237519813	0.06478802287247429	0.0628867008994545	0.06165724777829962	0.05987655019678775	0.0578835979372907	0.055880061030885275	0.05525387211232646	0.052976360703587716	0.04974345406259781	0.048107225751245764	0.04668389945829257	0.04442130535966943	0.04155906025448039	0.0400540440747138	0.0384380731163472	0.037401446222662726	0.03609873192976144	0.033037814317624356	0.03208248849564452	0.030192879868390046	0.028785118949710392	0.027319981890553083	0.02620092153566113	0.024617198497591974	0.023696823264112127	0.022417506256395978	0.021633071595776168	0.01917156747501081	0.017857602038130582	0.0170540673914526	0.01482029764515834	0.013836551808888903	0.013162283887072995	0.011921018291261604	0.010930531172593003	0.009882163044060768	0.008237891135721237	0.005471378541541866	0.0022686467068679106	0.001181564377460087	0.0	0.0	0.0	0.0	0.0	0.0	0.0	0.0	0.0	0.0	0.0	0.0	0.0	0.0

Proportion explained	103
0.35511305727380477	0.11142647990095045	0.08474008146224082	0.04192518336192373	0.03151743681348412	0.028058631431294126	0.02671038788331522	0.026598640573161313	0.02205839006644758	0.015063302272787613	0.013400205373481834	0.012486807511267866	0.01197030965463259	0.011934429659097408	0.011164833671700472	0.009686644674829818	0.009607003613368378	0.008392867583409104	0.00808897867210166	0.007560623652953862	0.0073323897874885136	0.006767132253059532	0.006762232591397753	0.00651773229638184	0.006164737042358682	0.005527465535754561	0.0049246377108068	0.0048443258221585045	0.004582391166735936	0.0043542339704270745	0.004277762095141577	0.004029375074082034	0.0038663065556473913	0.0036158747847739488	0.003538808130235571	0.003476159333227685	0.0033299069439139775	0.003194914374043247	0.0030358339139660664	0.0029247267949270997	0.0028658029368322903	0.0027501078395664393	0.002630426328438942	0.0025157824544046812	0.002364044698273048	0.002257162261955073	0.002227167179340832	0.002096202927201277	0.002021965076160101	0.0019240140761187733	0.001867550395377588	0.001831039247079603	0.0017781577566398773	0.0017189729253964138	0.0016594737612139357	0.0016408777886838244	0.0015732423861101158	0.001477234549965989	0.0014286433727204353	0.001386374760388458	0.0013191823581312854	0.0012341820814207969	0.0011894875192737606	0.0011414979259408015	0.0011107131505038654	0.0010720263604834825	0.0009811260935748327	0.0009527557212856998	0.0008966398925259724	0.0008548335261134498	0.0008113232567723001	0.0007780904495437691	0.0007310585247709385	0.0007037260823531183	0.0006657341230135197	0.0006424387165184221	0.0005693392705591131	0.0005303183545934063	0.0005064557345856826	0.00044011933097080436	0.00041090496769209754	0.0003908811899144872	0.00035401924579799644	0.0003246046862229369	0.0002934712305806706	0.00024464118211879637	0.0001624838799359818	6.737214695293359e-05	3.508899320092653e-05	0.0	0.0	0.0	0.0	0.0	0.0	0.0	0.0	0.0	0.0	0.0	0.0	0.0	0.0

Species	0	0

Site	103	103
2019.3.14.cow.fecal.1	-0.24914431579059987	-0.14616701362621312	-0.01633612021654061	0.0009620699900024783	-0.017769722914982623	0.014719362586762172	-0.04768222351978728	0.01547570758744372	-0.002098023861710598	0.04341419298009178	-0.027785779572045997	-0.05697802057593831	0.025681872608588882	-0.11619298398797971	0.051911488344293835	0.033776981573897275	-0.014826020939888437	0.05527045632258928	0.20085875964538133	0.2059620989821148	0.15281150700484894	0.15404506953872435	-0.13912091204959098	-0.013604951426115744	-0.02641100797411032	-0.054258657252928534	-0.07654435180443969	-0.023930467689306498	-0.0030454766326197835	0.002176400011961518	0.011246216312052658	0.009057866719733408	-0.021626465613099968	-0.031166731014918677	-0.011923225960448047	-0.008706208042212909	0.04920466150167051	0.008771846729924782	0.039494091389737314	0.0344960155823354	-0.03332671571081883	-0.025795812901194218	0.04166961756844508	-0.022583513667472035	0.014003447422164163	0.01830371209918958	-0.03380707354539066	0.020214690498642895	0.017367205435419853	0.020431234223544037	0.01588456951711509	-0.008236496619923225	0.036803608587889336	0.04326725955678345	-0.016351637353386173	-0.0028187462772000633	0.006200955485412958	-0.007132985788042627	-0.011944186476530318	-0.01213153625285074	-0.006464260735560789	0.005207283380505201	-0.003654809241183742	-0.004558445418185367	0.012085290574849639	0.006205363344423016	0.0026533600631492567	0.011171914844614281	-0.0045995662026252	0.00048299435299266834	0.0018044729218553365	0.006740707832949309	0.005891575742392564	-0.0009857287006120815	0.0015398808763552056	-0.0014961692038078789	0.0007952863966391784	0.006196576568200543	-0.005245736465618571	0.0006349166923780348	0.0028343332870528143	0.0010675326475091723	-0.0008852086884080835	0.0017643445365670986	0.004752007415072927	-0.0008288668024821462	-0.0004461876029648919	-0.0011442053286027261	0.0006345016692648988	0.0	0.0	0.0	0.0	0.0	0.0	0.0	0.0	0.0	0.0	0.0	0.0	0.0	0.0
2019.3.14.cow.fecal.10	-0.2515625726341932	-0.22555905948426289	-0.02083710786246203	0.0037637657451888226	-0.043991187579613684	0.009915615276962865	-0.12414024754654195	0.0304761924298679	0.0004665948584602224	0.05410841540738145	-0.07833556116707636	-0.06841116928157814	0.026324804040293623	-0.10285843633524377	-0.029875878323326097	-0.028097294605516132	0.040556916543102145	0.08583282810110235	-0.07831723610560351	0.018470380205424092	-0.1592787981660048	0.08809423028032216	-0.006886272315275291	0.057471180675728685	0.19781453642670818	-0.11810326362144886	-0.0976898482017432	-0.03116368716456499	-0.021814546993252307	-0.010512866033897977	-0.022646591551595166	-0.010625444094043335	0.01673445022281919	-0.03967191417285638	0.06677984245370573	-0.0018003799200457468	0.003755939298512772	0.0036941067957516564	-0.03861665117878184	-0.001662762975607673	0.03609717731809738	0.032326170530861356	-0.07102349262736873	-0.04583833667096564	0.002393008544066875	0.031441618587826806	0.01752208904722065	0.005252925219594247	-0.051614278176079095	0.017573817380605698	0.017042251992569323	0.000996496801283731	-0.01331259866276799	-0.0002064400242496217	0.0021270452721380956	0.004104167443598509	0.013003945481715561	-0.013751066788076055	-0.00800237505642154	-0.011219052542472937	-0.02664782994194737	-0.01631895549698172	0.017562346114112823	0.017848292787800334	-0.01941021640164889	-0.007729616823167533	-0.007990209288406184	0.0027831902935945927	0.002498838014253967	-0.01948001012952616	0.006816783359407066	-0.0060986088752820735	-0.001209947948404234	0.008839663605724385	-0.0058917872440195545	0.0077789893706917525	0.005363012589029885	0.00766144976511968	-0.0035390207214640182	0.0024970397443380065	0.004140921889420424	-0.001509081481459571	-0.0020310037479441922	-0.0038672118541486543	-0.002596884660308758	-0.001236529699373907	-0.00204725456474515	0.0009497686456881729	5.146937826714282e-05	0.0	0.0	0.0	0.0	0.0	0.0	0.0	0.0	0.0	0.0	0.0	0.0	0.0	0.0
2019.3.14.cow.fecal.11	-0.3121050004253133	-0.19863246823042258	-0.05085631495518284	0.028659600070848546	-0.008727005080022153	0.011475946136677044	-0.0358386262278718	0.0016187855309678018	-0.002259570237019486	0.00041969560335086914	0.010376928455232564	0.022301866144501106	0.009671634233808572	0.03212979208961167	-0.02437915267092667	0.007090361281032151	-0.028447192057691376	0.019727742944570727	0.029009005020831445	0.034308366404839974	0.05551196127988801	0.04746353817092061	-0.038509506522337644	-0.03893493622450788	0.040985609482193326	-0.004057430068415147	0.05889274455111188	0.0036159945350081606	-0.006940682969107626	-0.019056533238935358	0.057753037816075437	-0.02403329048390531	-0.01094434015737635	0.09235921872720768	0.0040109446769401895	0.060424854238851966	-0.02251823866470798	-0.025303691759276773	-0.011366794144922714	-0.18720990138988472	0.04140740914019649	0.03966451845740429	0.006422472678861884	0.01010138230060807	0.04430394377437646	-0.06881019958270733	0.00019786739539690059	0.027914347956683874	0.02335758198895396	-0.0019454451166377	0.04045922366499531	-0.0034011797011070126	-0.04040400399461507	-0.024395444292857574	-0.007088717754449028	-0.002608848069147441	0.012040321071440095	-0.03417013394323059	-0.0374284311606547	-0.010168599659439923	-0.013926064369873207	0.0043472100586170554	0.02048547418546606	-0.006931556498377417	0.006604247418446707	-0.013363712737758578	-0.021722001573288068	0.00889998952935085	0.013821034980091388	0.020443433181326073	0.011953093443296441	-0.005249340959322358	0.007312579544342618	-0.002997621791344558	-0.009756911355735929	-0.013470135016290496	0.002754493387302146	-0.004040591873711977	-0.0080863717744395	0.001994151238569918	0.008032381838220314	0.005362417835759019	0.007008265388984047	-0.004080180530712673	0.0028723658004354844	-0.0009351678605353308	-0.004802869222647457	0.0009477123932370759	0.0003713585751142406	0.0	0.0	0.0	0.0	0.0	0.0	0.0	0.0	0.0	0.0	0.0	0.0	0.0	0.0
2019.3.14.cow.fecal.12	-0.3015996620513885	-0.26354022709891806	-0.049238943890549995	0.030349772992550317	-0.027943142867803437	0.01569969094859412	-0.09973368046985756	0.01576867258644747	0.002090901872933941	0.011927630429537355	-0.03662066766594719	-0.04091948118009119	0.021909280105069415	-0.039393835628202825	-0.008249716301737901	-0.013388456528013865	-0.018111408330780194	-0.05705093729623609	0.04591608457031975	-0.0025517812610372247	0.020862453392858547	0.0007344884478372975	-0.037585348331958396	-0.02835095115814937	0.02295788516255105	0.02206424722657068	0.043936654503933005	0.027470726672238727	-0.02573633185763703	0.016565379037810128	-0.002690084627567457	0.012428861527123646	-0.039348405392492194	-0.06620051886001273	-0.054064685205377896	0.03891999586498801	-0.019862974495830743	-0.060588764764390714	-0.03720589553804426	-0.026984756128718177	-0.017728717534924377	0.02884817239007011	-0.0032391711543509646	0.03158801567122175	-0.04924285217677721	0.058091486640904376	0.11204883333483422	-0.010875536678783259	-0.012067941288840612	0.03548746904061686	0.08176568525079132	0.00687017982049828	0.0339756394832902	-0.026076400084731693	0.04477510922833311	-0.03113854347927628	0.02007305142527006	0.030839820881998183	0.008138679797661683	0.021712792552788747	0.03419006951241005	0.005640334404864851	-0.03041328855975436	-0.03356233601511216	0.006163269080981842	0.021911311532649094	-0.029550407770308575	-0.009479009878174946	-0.00023957814682902813	0.007706446474554756	0.007681532013571016	-0.013279692931789822	-0.014591770707993352	0.0022247767926030395	0.007404534055221026	0.014831638853806612	-0.0037948909816389884	-0.0020350576016047446	0.023857335836819652	0.0023830871896922978	-0.0053760961911918925	-0.001991007543190757	-0.0010270381407747576	-9.985629912075165e-05	-0.0004981656923875056	-0.001993160297846428	0.009508149367193646	0.0002960791408927857	-1.8380986580954986e-05	0.0	0.0	0.0	0.0	0.0	0.0	0.0	0.0	0.0	0.0	0.0	0.0	0.0	0.0
2019.3.14.cow.fecal.13	-0.3149577643808125	-0.24564259182980047	-0.056205223648635096	0.03747479103440975	-0.0047798072315881745	0.012168769484888306	-0.053576346853994566	0.006001563700828373	0.0002666482063607186	-0.008282747083583116	-0.00010606987669303057	0.014959102180597438	0.00864203389511508	-0.0023893459336763842	-0.010516618550275681	-0.025068944417365343	-0.01342030388016344	-0.06820061971458063	0.017461352355644156	-0.04984215720509254	0.0029406614513251754	0.006791269314893584	-0.06743293420312617	-0.07937808615833669	-0.06661044845932793	0.0017185005437592895	0.02773223531188749	-0.024229651590133863	0.011283186335035632	0.048441270634537785	-0.00252963268685654	-0.06674356757566667	-0.04817290847250553	-0.05583746758957158	0.04511654476120601	0.03797968729340219	-0.04535557398482882	-0.013941982479070712	-0.022131161268222684	0.037435028809895673	-0.016835764670312565	-0.004222934339160359	-0.04832783977583117	-0.014811953014837323	0.05332185658332201	-0.022569334991642716	-0.001027543942396289	-0.002545166935047938	-0.011499871913250914	-0.01295279619131187	-0.0437170724022582	-0.00131214916008591	-0.0054835962852447856	0.014600616665253493	-0.0009086243998797255	0.012938527374810355	-0.0034237859723233966	-0.007499521555447734	-0.003241222069711085	0.017118982246391048	-0.02409199460227674	-0.01899413102481535	0.0018501877897618437	0.012433305492003974	0.0212492928390097	-0.014501682446764553	-0.013809138811830964	0.022926357264188138	-0.051004671169533965	0.01894258070379445	0.0064201794064748605	0.0030504870724028317	-0.056152549734248304	0.01521735466135776	-0.01964735360909643	-0.023335651557149083	0.003332284117502702	-0.007840501755021679	-0.01699650130319787	0.004234195242485994	-0.025060673618894313	-0.008649347178026947	0.001652142008352584	-0.025378302241894503	-0.011277781140180776	-0.0024564461599605103	0.017182322916682032	0.004235219847702452	-0.0005564117564660942	0.0	0.0	0.0	0.0	0.0	0.0	0.0	0.0	0.0	0.0	0.0	0.0	0.0	0.0
2019.3.14.cow.fecal.13.rep	-0.3103144173458355	-0.24301624042734818	-0.05313555181623128	0.034379578944476796	-0.008007681939741763	0.007505841605124445	-0.04693881435417842	0.0059611156910914865	0.0016149157563025746	-0.012044456638183102	-0.01474765065881661	-0.0063471813299505065	0.019754687173561655	-0.023722046865368288	-0.01544790762935358	-0.019596009080154443	-0.0155991402125121	-0.07737982047362009	0.04634365180814393	-0.03588323112572368	-0.004643795989720398	0.0031308510375203194	-0.0807711348065623	-0.09399090820059372	-0.057514595406577086	0.006605103896519027	0.03617447799051715	-0.03379072457563378	-0.006609183985706744	0.06919549847085686	0.01434896600557602	-0.06459996917310808	-0.023136078692831484	-0.05683688020948697	0.0267010797525651	0.046914073857990686	-0.0915197101397524	-0.02477410112694465	-0.04200536391261727	0.03438454022991767	-0.02332363505693733	0.021518874511431155	-0.026762318198553514	-0.011245547282403094	0.020572209104595892	-0.017021724708360258	0.008382765170989279	0.02125664843891881	-0.009958138328126965	-0.024875774907199055	-0.04837549194321618	0.005953038027968092	0.013983933464418095	-0.009695178998692707	0.0036580207546577015	0.008267569687558624	-0.0017141886034287336	0.01662279278450603	0.013498490200476767	-0.006074567209103033	0.02074421003105444	0.011121214014765459	0.042925498870926324	0.025395383302869834	-0.03112716890463889	0.007736342024864726	0.046452274739173946	-0.016826490730531562	0.032679047449550414	-0.013420069008509559	0.018600779198131367	-0.016692297383130546	0.044515550063017724	-0.0006635227444518191	0.008321508109842897	0.005902097322166777	0.006292150077200817	0.003952440139276066	0.008737552803132693	-0.004199472914511248	0.023005285455984185	0.0086992228469757	0.005215400526336792	0.014283460939309886	0.012055959344321902	0.00295417341025562	-0.016635047177032618	-0.0027954446130347677	0.0018263220661889738	0.0	0.0	0.0	0.0	0.0	0.0	0.0	0.0	0.0	0.0	0.0	0.0	0.0	0.0
2019.3.14.cow.fecal.14	-0.3074099584955396	-0.2350236390376283	-0.05249716065821031	0.026705706094571735	0.004972750935114944	-0.011353474697361152	0.033542745645600905	-0.0060099712020896525	0.00415714767346124	-0.04155443979536382	-0.02467707247313358	-0.10934738734739723	0.028371266995120856	-0.018123092358471864	0.015724564287538337	0.13087207505021775	0.026097865074200532	-0.007850539877521536	-0.0016435855989635091	-0.029150421669018475	0.08183367270827177	-0.07604986460613285	0.08652245897743954	0.07626561563322629	-0.014032831529384936	0.015510308046123118	0.008084480763820642	0.008384132353584709	-0.045617130742149424	0.008403675163937672	0.011237772482533586	0.009430905138085477	-0.013144279370255915	-0.04580067247198937	-0.025603613667709323	-0.01685475558894362	0.03767643204210815	0.018872063247997835	0.0068757414230960524	0.028253806448964924	0.007274800298820172	-0.021421105931842488	-0.048619548238150595	-0.023159608586991454	-0.009071485744658773	-0.012111664848159712	0.04159683124446662	-0.0006564928775602228	0.02337928150203454	0.002969481944904015	0.006066493574605432	0.01839957587300373	0.00785465002183763	-0.01401851945189937	0.02247508896654782	0.0009779372030096804	-0.020456772877977463	-0.02665386277514345	-0.0222158872411931	-0.003367932865667626	0.01690719907336937	0.021923111942819123	0.005077594487195702	0.015714368171795806	-0.004520541519258567	-0.024284841721124762	-0.010849360439151055	-0.01005095053556799	-0.005198144638808048	-0.005466480203500383	0.004151203555267169	0.008025013433666706	-0.0016653731525228996	-0.029170413797604617	-0.039627719759937834	-0.03496981273564598	0.04152681139869693	0.0003771434642213126	-0.0291847987569761	0.014359517381093631	0.024327971940825675	0.025486141302722858	-0.024768881346896247	0.010009449428970852	0.0051687807468872434	-0.006715779883455079	0.002934163072601037	-0.003041012577236218	0.00028108736619439855	0.0	0.0	0.0	0.0	0.0	0.0	0.0	0.0	0.0	0.0	0.0	0.0	0.0	0.0
2019.3.14.cow.fecal.14.rep	-0.30425514405739884	-0.19280306510889164	-0.04810211415628083	0.020282250141679524	0.00827679042859966	-0.015440023025944811	0.059792660080940085	-0.009669228363466786	0.007245856342269517	-0.06611218996216214	-0.024038097604650005	-0.11274583627877938	0.03263698742427506	-0.022500174909758662	0.016906948143713817	0.145484530150057	0.028239892775233186	0.004195615153243855	-0.009674643898103005	-0.026753406219512218	0.0799170765983395	-0.07420375577940712	0.08967432049306953	0.07592897536530491	-0.009407584278047058	0.0028070795346292602	-0.011448589970940348	-0.006299637175586842	-0.06051626355256301	0.039761114403189926	0.03412310754606415	-0.01042003892113896	-0.02687504935003289	-0.018848000117607216	-0.04845295462571922	-0.029268697465977805	0.022000593455544084	0.03131969063141669	0.030886267792167268	0.01048659748056207	0.030402120265582887	-0.010616493872119527	-0.06844740475336175	-0.029851664698528815	0.02387352966514524	-0.038869661982867634	0.014578685278998842	0.0443180275383068	0.017681964024888513	-0.017997206393250104	-0.004840791140530421	-0.004662923957605773	0.005865183285574918	0.028249639185790185	-0.020187233209989303	-0.016983163499855135	0.02989894144889613	-0.022317056196602878	-0.008890575327034635	0.0005348163935300098	-0.0028824710956731323	0.008756654098952254	0.025580108412831048	-0.021837699729428756	0.001822987921024616	0.022107192607061395	0.012494469958040837	-0.012870042296755682	0.037389114437447094	-0.007080584132897229	0.012806306364231464	0.002863848313123883	-0.0021546878427256585	0.01948887413553269	0.007299539342180892	0.019452715291625195	-0.024431238313420468	-0.007189326942189863	0.025973432727220382	0.0010768329790329409	-0.02309393687934838	-0.034648619699725165	0.020259670215144285	-0.012928013857274422	-0.011524317916818296	0.006790610592338142	-0.0029302827100635784	0.0025282281986365456	-0.001484594706612613	0.0	0.0	0.0	0.0	0.0	0.0	0.0	0.0	0.0	0.0	0.0	0.0	0.0	0.0
2019.3.14.cow.fecal.15	-0.27346282183467685	-0.23109601162927274	-0.03277676483714677	0.024306237433904657	-0.03987731962535145	0.023608130227558023	-0.1487265945930137	0.034280400819714354	0.0053558691199575535	0.036433726877341185	-0.056234005092679534	-0.0784391910112522	0.014624830374874057	-0.17142438154590212	-0.022452263387324534	-0.1419234329452336	0.00976862084429046	0.0034986642919842253	0.039382645204232514	0.0652427314575393	-0.04418048126015824	-0.053622376372780445	0.09388837822899831	0.11150375467432415	-0.04499824621278498	0.03340822732332454	0.10028508636547938	-0.00012620461495002923	0.020084722447711	0.010385363071673474	-0.019590115511567533	0.03191540026589558	0.04053027026520932	0.002465042256391063	0.009446686456074193	0.018465371404070098	0.0019205096307554038	0.0002696590187749483	-0.0043233665308568805	-0.009171264354712142	-0.029590670421800056	-0.024310422053203825	0.008866480763958448	-0.002655133043628611	0.013125807508319855	-0.007502671869577329	-0.004920797269491425	0.010050871566927673	-0.0009990448813603375	0.00449324825573367	-0.007689801455539074	0.003825865912228353	0.007601632438069772	0.007193748717500528	0.004768187873337898	0.009816462700365371	-0.0001745863860858162	-0.008700517315979523	-0.007495159385009193	0.021760461563640178	-0.00851063073840132	-0.01100148298831084	-0.023483276519829295	-0.0037685411669027002	-0.003892621964987841	-0.0025337018561112654	0.0023965215137961744	0.020081229458700826	-0.02250788219030894	0.02282722365272408	-0.008041139466751921	-0.009316437193939334	0.004114735312762738	0.004012393749969845	-0.006652879692028409	0.015929765486443356	-0.007065860371674371	-0.02448930137831265	-0.022624778064455106	-0.00617975781511825	-0.026633495847863727	0.01050290610230451	0.009687160183365452	0.02160380469383366	-0.018674917998112998	0.009168174497085515	-0.028356009177618564	-0.0034777241395819165	0.0004748231421853646	0.0	0.0	0.0	0.0	0.0	0.0	0.0	0.0	0.0	0.0	0.0	0.0	0.0	0.0
2019.3.14.cow.fecal.15.rep	-0.2820514840956749	-0.21120836682731364	-0.03525378527450174	0.02929904956945663	-0.04014748173236658	0.02786658910673287	-0.15751261281615234	0.03261617434647694	0.005770482676215021	0.03412686098030624	-0.040007955095413175	-0.0630831347689459	0.00619720709651724	-0.16600724439881726	-0.014184419393026105	-0.14683006103012483	-0.0023985013161295504	0.006333443943007348	0.04529775348234516	0.06399175589170913	-0.041327276656890975	-0.050428114544345606	0.08959283103314757	0.08997055552001033	-0.045173333795110855	0.040487868945066965	0.09362149774366472	0.008432558932994149	0.0318156442511975	-0.016501684114675286	-0.025759898203497143	0.03431168303834691	0.051039643511177346	0.021349705062314227	-0.014681986748009067	0.021472050476659073	0.009818938864514248	0.009099531657130346	0.004614446810108056	-0.01785009541349257	-0.022850891456751364	-0.013801939232697628	0.011796821937945573	-0.0011375769869943703	0.018676463546925596	-0.0066343544849613465	-0.014725017510552232	-0.0025710974880054594	-0.0004788092295028003	0.0026208751174755067	-0.011052499757298067	0.00043822624901120977	-0.020147223748378084	-0.007008085041383166	-0.011423929283303838	0.006587073458081628	-0.010197373112212338	0.002555498694045278	0.013161903132254543	-0.0038397944302384595	0.009741260842723823	-0.0031870863378819273	0.01785631913072694	0.014574147939850441	0.010014234582048705	0.0092480254591394	0.021312147636421287	-0.010184051580244255	0.014830715115393436	-0.022767931550292317	0.001845453777268728	0.005998177660432116	-0.00439445174105884	0.0033635873854308967	0.006979942708432809	-0.015085398257109434	0.0016711019720616776	0.03015729155556453	0.013549878543811242	0.0009982027006840391	0.02204332614811014	-0.01172822970770887	0.0017416471012675879	-0.02091151533643945	0.026907300730143458	-0.009201575857578113	0.02773891875155883	0.0025589872506574392	-0.0004729108261319338	0.0	0.0	0.0	0.0	0.0	0.0	0.0	0.0	0.0	0.0	0.0	0.0	0.0	0.0
2019.3.14.cow.fecal.16	-0.1268329832615467	-0.1897269650203803	0.041027427953469225	-0.09695751735936174	0.14333883780076176	-0.0896433401074372	0.45215388118259314	-0.06703892429420508	-0.00806697767799385	0.058646300608786894	0.018238278264510535	-0.06370117141923833	-0.04886232999471278	-0.1351474628866694	0.1645303708379929	-0.13029008827820815	0.03253183042353481	0.015228264153293761	-0.09921856384090408	0.005693605397334943	0.03260131121792553	-0.030451953722984943	-0.01202505873774768	-0.0676435062899234	0.020975443593242823	-0.008189313460545859	-0.010800248800921057	-0.006522225505378893	-0.008033175118608732	0.002045474029614698	-0.0006951762700972176	0.018103966410566982	-0.005175890288399865	-0.0018488366026070684	-0.002696712035394412	-0.03013953813118015	-0.0022929296841377603	0.05236345059047253	0.012209172366309909	-0.05310082050219724	-0.030579208157052413	-0.008372955868774613	0.021822483677501215	-0.0026890992897539673	0.02048874705380585	0.0095097659270954	0.015503015994214333	-0.014132275969082451	-0.008723704163352995	-0.016251109408651692	-0.0016074023162792402	0.0007815132657442276	0.023738549919485777	-0.0025440651897112453	-0.015392808549502385	0.011247523921465871	-0.0036858892610027514	0.00909734413738507	0.030281572025482442	0.0028145244521382905	0.0177206874229193	-0.0070915587585720545	0.019922182728797866	0.005957269353394371	-0.0101545160475031	0.01323509854539077	-0.014629211824741285	0.002548202174233474	-0.0012385840137252937	-0.001982262520126235	-0.0024344165943313957	-0.011332778856830065	-0.00021034241858175446	0.004968646104093164	-0.005407025077286448	0.003280355205686202	-0.0005172104935400524	0.0005404466373698961	6.773333432089766e-05	-0.0006431789225323643	0.0010735433765328558	0.01354635633314189	0.0015866230666845154	-0.0013301240910822973	-0.0019710935572628046	-0.007364421726445782	0.0008984832276106048	0.0069151165109176205	0.0005456975378308758	0.0	0.0	0.0	0.0	0.0	0.0	0.0	0.0	0.0	0.0	0.0	0.0	0.0	0.0
2019.3.14.cow.fecal.17	-0.27348909899172114	-0.2584897790767458	-0.033771301280817644	-0.010187302893231772	0.06330795773653507	-0.042423238490479465	0.21493846766896	-0.039893671838969684	-0.002048757236894041	-0.01956285971865338	-0.004055897751976089	-0.028552834177441443	0.042830718119804136	0.00979882903312526	-0.09590961595524898	0.0888364946210596	-0.0008938105880893279	-0.03317801774520624	0.10099551380706379	0.012940397468115965	-0.061586857040381256	-0.011038965472579624	0.011326846177089605	0.014347862526022355	-0.013125107128056866	-0.021106988302370674	0.05665755955443358	-0.018799025619479836	0.05512334057463129	-0.025909661628252492	-0.016116641186051224	-0.06564848534423275	-0.003110917931608584	0.0030750075080358545	0.016555129702826847	0.05017653142187437	0.02709154836546396	0.03275061990391248	0.026059927490104873	0.010256295335858022	0.051072630744534685	0.042518096250578175	0.018689144385688018	0.01597988711003498	0.011978046242581893	-0.001578845436262255	-0.024985581363741207	-0.006025828332683857	-0.02300632225892899	0.013671497259679451	-0.0024867549269899252	-0.004146125561113146	-0.004820876648058585	0.002829254762819534	-0.0062315090865414655	-0.001461401150229965	-0.021405476239027724	0.02391496456722308	-0.0003042660998048325	0.024391318339784453	-0.010761711594986331	0.0006591804788328511	-0.03481525136521449	0.01938774283580547	-0.016099160114802346	-0.0012248992210835891	-0.007742358172091045	0.010076557173089008	0.02357184722498191	-0.00014929721522270124	-0.029520401608346916	0.03449235503416897	-0.020282290557855947	8.604373395633362e-06	-0.0069113673148933075	0.023206071341927877	0.0111076869444395	0.017110902447307758	0.04115630188027918	-0.013460445333476323	-0.005816402496927337	0.014919116848049072	-0.034726604180932104	-0.015951614724178068	0.0060743706272827856	0.008473643717439895	-0.014620536731871634	0.0038477368562818393	-0.0018877351820315242	0.0	0.0	0.0	0.0	0.0	0.0	0.0	0.0	0.0	0.0	0.0	0.0	0.0	0.0
2019.3.14.cow.fecal.17.rep	-0.26790344670092187	-0.2468784366350164	-0.02814472568611753	-0.020414947627691367	0.060870261739302725	-0.042145123162504024	0.22764887859340405	-0.044022526659087874	-0.0016818001140460506	-0.012042131186553545	0.0027949610545695476	-0.015683020924490327	0.036489545027527395	0.03281662690822588	-0.10393900322042156	0.09487910051752649	0.0009030930474876667	-0.020262936133462816	0.10179109021402157	0.020494480298734134	-0.07981286339353312	-0.013994218590397515	0.015256235307438856	0.014236004324230996	-0.003922802847821683	-0.0318691488752021	0.046097959369803265	-0.04171664045086408	0.06704883471995791	-0.024009907805508334	-0.019795204609488318	-0.06636021433538922	0.005084072066072179	0.022899823340295642	-0.00986129320250559	0.03535271277165633	0.0050805599751578105	0.05631790227669214	0.005669903215959095	0.0320893344284385	0.0680283527595104	0.020897023794244678	0.02725292304953518	0.014616027820212922	0.006560686569413265	-0.0003032152920101703	0.009547201938976495	-0.02804195766713789	-0.00400413505522326	0.03295525526505935	0.00416394688384939	0.010010947928942958	-0.006564191581497584	0.0032682851494014926	0.014640388643225637	-0.00032731235561187834	0.009442830892876456	0.012792251780525234	0.018539718187355007	-0.050177257306435775	0.019561295416216883	0.0009670723129851437	-0.001805095032284224	0.003347671152545302	0.0053061273947183	-0.00710806201207015	-0.012677563641989412	0.008486022811275253	-0.01929524467046207	-0.016436124430222725	-0.003631120872284276	-0.01765539111500668	0.021141761044281854	-0.005367774128031375	0.020951634288007386	-7.227317000463213e-05	-0.013358514699344508	-0.011026552097967485	-0.030488002849253026	0.015930390967014943	0.009082474055889554	-0.022371070284438185	0.02493892015910763	0.02789260890925226	-0.016705078992794675	-0.010736992667678462	0.017120342375426843	-0.0016154823207512198	0.0007441003604465815	0.0	0.0	0.0	0.0	0.0	0.0	0.0	0.0	0.0	0.0	0.0	0.0	0.0	0.0
2019.3.14.cow.fecal.18	-0.306350979114741	-0.27580071871258816	-0.04950699582083535	0.017073741840880643	-0.007083616829543648	-0.0008199457089996038	-0.012539908731841699	-0.006777582898874139	0.0019573534874703816	-0.0029426684592411797	-0.023527285616801435	-0.009457638059251608	0.023104759823931263	0.020121497382271265	-0.06323160613662011	-0.0429349176308793	-0.032243399643722644	-0.03565147339169574	-0.05002325913628495	-0.05804817737211123	0.05256477854740548	0.004955166790686194	0.0030813184379115456	-0.021028660054219626	0.07781871470353476	-0.060674172525277584	0.034649304438613804	-0.008387720851887156	0.05709504364635147	-0.06595802364530505	0.0758605098788423	0.04948362245345676	-0.013707456604291249	-0.01590708761001259	-0.07015169605925142	0.015835197732012578	0.03173567881886731	-0.010156454714397863	-0.00484289302572902	0.05827990143388823	-0.021708416383141672	0.0023602861586357704	0.015367084560214414	0.03736944101082632	-0.021917103178348104	0.00042004261473373194	-0.015683030932136802	-0.014469242888590896	-0.031006583004723615	-0.010528400477551778	-0.006107693870034075	-0.00057488480545947	-0.013270492761475933	0.032695768741629064	0.008016198169920503	-0.005028755093733423	-0.013088312266230763	-0.017690162011238738	0.005424865090801144	-0.018056750407978883	-0.0368570939692999	0.0012463889872873838	0.02247388665729265	-0.021304579995786953	0.016847079805547022	-0.021902864523969213	0.009968634790796927	-0.007971585282777624	0.017304741991573343	-0.008739355109965012	-0.007512117832053279	-0.021799538974870965	-0.003941446700473119	-0.04281379256384623	0.023240654789428553	-0.04683964784224203	-0.01466976479471264	-0.0010602549440669757	0.01346510887969261	-0.04097623100699491	-0.006851843372416014	0.02280776976393223	0.010727050489862224	-0.009023048293478863	-0.01619322605440037	0.002733917605215042	-0.0011791623074218426	-0.001421790195858043	0.001102590807339948	0.0	0.0	0.0	0.0	0.0	0.0	0.0	0.0	0.0	0.0	0.0	0.0	0.0	0.0
2019.3.14.cow.fecal.18.rep	-0.3059042153063127	-0.26809774317498397	-0.05070687911716475	0.0181455940876483	-0.008886162877460463	-0.001183171350569788	-0.012437064652576383	-0.009365959701917559	0.00377055947119121	-0.01983830948722558	-0.010795366969187516	0.004744720853388227	0.010925367461446097	0.04971730886639284	-0.03394538948645656	-0.019613767599929693	-0.028727648216553846	-0.054335770020117594	-0.061355777010126726	-0.07121959389366207	0.03442678308316338	0.0067783063661104705	-0.010517587690501347	-0.041752888610713225	0.07998026079133631	-0.06385115236453298	0.004091608975433089	-0.021325694971803262	0.05333483647626048	-0.05720686385056424	0.07109216441152223	0.05372726928402259	-0.009314844253142381	0.01601095455250222	-0.06865522177820473	0.010056165452599823	0.02078615648155542	0.005739790409911344	-0.07329678608285829	-0.005676283032151937	-0.03184829681809219	-0.04219632640631808	0.027248362067344774	0.04532918309437132	-0.007826754253801787	-0.03186246822116014	-0.03193770142933321	-0.02702860502088469	-0.029087913824726298	0.002869279990498361	-0.013406501828781898	0.00047914583601901405	0.019328969618726162	0.0414134122657303	-0.004815245764381586	0.0031674489055688983	-0.0094808092174624	-0.04338105704871826	0.009946399615952223	0.004342849238245904	0.0043109479559497585	0.0022539751048509323	-0.030245730950905374	0.01903927042641667	-0.004897987347948404	0.03199663100080795	0.027140396771708743	-0.01620262550972422	-0.028601294641283193	-0.00317140069556819	0.007740684152811109	0.025333790052043594	0.005356336477133253	0.022683081666818254	-0.035609815165694426	0.03507427395150768	0.010324291904837137	-0.006662587208766708	0.00313796208800479	0.03420393729187238	-0.0004400040691671082	-0.014208609517538115	0.001926231410960975	0.010082603285967311	0.017382640974301436	0.002543041340166954	0.0007922652732834889	-0.0018159510230129701	-0.0002965252904821544	0.0	0.0	0.0	0.0	0.0	0.0	0.0	0.0	0.0	0.0	0.0	0.0	0.0	0.0
2019.3.14.cow.fecal.19	-0.307764433185131	-0.22325332432088438	-0.051419341071538976	0.04176018150033596	-0.01569835432102928	0.03480303434387058	-0.10187634992099785	0.010209971972303103	-0.0035762273040800905	-0.0007454654662796159	0.06775714843976476	0.056613056114867624	-0.07168081274673783	0.05120750471939555	0.1788251840819533	0.017129163333157005	0.033163568526903796	-0.030986941826015107	0.016513857039402724	0.020138491512343547	-0.04552313828928908	-0.027216291995249494	0.0005440877947769427	0.0005484830068261495	0.0019039844494635127	0.01726382630441457	-0.02902112684958567	-0.014339689653210577	0.05167728528411068	-0.008663334744653398	-0.00892470627744745	0.013991604608010065	0.008209185499643933	0.0009464938987243657	0.01637156857138131	-0.0012100257361751918	-0.010855757645219311	-0.016601081018206277	0.007551457059021914	-0.018632767409630765	0.0021046068144784606	0.013678738178212451	0.005638700232480753	-0.003504192661487032	-0.014882287251382083	-0.0017916565391725785	-0.007548331162621861	0.03190899337261434	0.003987483892430549	-0.01669580500381756	0.00826532432267293	0.007949747709525237	-0.0011891438734187014	-0.0007536628812539123	-0.01631459976269597	-0.005799194874647772	-0.011668085303387877	-0.0005560699030906438	0.014233936459698742	0.016654488663285224	-0.00043287983749104207	0.005645820949904998	0.012881196338032029	-0.03132988912703841	-0.03065671780350462	-0.023386830935242454	0.03649199124906795	0.01881086284133111	-0.0028665256232683206	0.005789349005001924	-0.0014101047396749657	0.014667707411093151	0.02778525221920483	-0.034913667275322066	-0.0005866564016569717	0.016338630966849232	0.00548534144224216	0.045950594908091724	0.009572561269571626	0.03681839322636274	-0.023061213517865452	0.016238506039544697	0.0007064627718309515	0.0017625612804319259	-0.03487361459805475	0.012288502493332028	0.01818395417600195	-0.003370896333122847	-0.0018897607779019467	0.0	0.0	0.0	0.0	0.0	0.0	0.0	0.0	0.0	0.0	0.0	0.0	0.0	0.0
2019.3.14.cow.fecal.19.rep	-0.3085856167706045	-0.22242377521155088	-0.05230837579594645	0.04170366337003788	-0.01550559047887381	0.03126789552976256	-0.10033068109858845	0.010525464337416307	-0.0012583909161058577	-0.01768110430307497	0.061881125032645645	0.052216414931398315	-0.06492307982040478	0.04453018952426956	0.18177370109404367	0.03259631567477519	0.030682375014950563	-0.04789120845482163	0.02771419699015453	0.019373403756143055	-0.04089526182792518	-0.037758311362141174	0.01461993334444352	-0.0018441058614637222	0.014135602340499024	0.021649710038456848	-0.01831380222069649	-0.012091328464094065	0.04160756776130671	-0.015256272716291866	-0.009681221041041802	0.014911458711398875	0.004660540907091194	-0.008437973552451083	0.023167496170235315	-0.003961222698082959	-0.0017133231816464512	-0.01581336828045488	-0.0021881365151612394	-0.0037578009499783945	-0.0023715500253787044	0.01006880167892474	-0.0013559486389438725	-0.0029475693146524444	0.007385961658766476	0.042117650018314336	0.0006881855013173574	0.024031449243011066	0.005974292576636067	-0.015156198441033582	0.010262560783642584	-0.006793320835095477	-0.0027921302694480735	0.008000326695491267	-0.011073060060455412	0.009770294837480516	-0.02395272311141293	-0.033534204830523384	-0.002719720673170944	0.0019187324078992123	-0.02379162183004294	0.010910894945170476	0.015316239805416491	-0.011569649453865795	-0.0059528242698171415	-0.01366609617060338	0.020938426056298223	0.001246912725414165	-0.0018368527046091641	0.022099473323559545	-0.037870901692536554	0.00264286454680673	-0.004681795458864954	0.008286194789579569	0.00035847912943441494	0.007108245966682716	-0.03105836290170751	-0.06049498890788739	0.01343395639643788	-0.020340105010457278	0.03466319591271232	-0.02025189279831437	-0.03029718685054445	0.01675548489456741	0.0013020643827380974	-0.01384901554360633	0.007930183622291177	0.006501759880041473	-0.0002611692193580122	0.0	0.0	0.0	0.0	0.0	0.0	0.0	0.0	0.0	0.0	0.0	0.0	0.0	0.0
2019.3.14.cow.fecal.2	-0.2723573036448599	-0.18442153565739564	-0.028192148136798285	0.01880041036101512	-0.03210390513134246	0.01844478965677524	-0.1100571037082527	0.027534800231452734	0.0007631113818603247	0.02531376606543277	-0.012828502426402622	0.0037345608705632175	0.004523739916340009	-0.03858373614859835	-0.07415695799937637	-0.08012921607183303	-0.016565169324948788	0.061178951850899395	-0.08790303800282773	-0.037390475572163594	0.00655168281146491	-0.014164931994226995	-0.008340031566224586	-0.042112111306286615	-0.21782248033730514	0.029814748552226364	-0.09859825654358259	-0.043255826481995704	0.11210015959214509	-0.09042308700150074	0.014658236452472499	0.016484011582398782	-0.12123750375958696	0.05333748034171136	0.038827496003698184	-0.05809781388438873	0.014545719483325675	0.04154749559867627	-0.013331816395693828	-0.006557637657117376	0.09451107852120823	-0.0037701502756993886	-0.05170563728897541	-0.023281663567199712	-0.018861725963620082	0.015459612065893564	0.013085660098410471	-0.008893058502287684	0.01130228201621976	0.012896156067323377	0.02643935664267851	0.010225613441122904	0.021553709766843985	-0.0006506047398006329	-0.005091813761842756	-0.011200030851421842	0.006217580429489529	-0.0055292199425056865	0.002006163941160681	0.0036824176673883077	0.001015984146622357	-0.003097225524407655	-0.005870790824561929	-0.006200618864273052	0.0003615578033177214	0.016378228484314906	-0.002723795888818007	-0.0035369455199396266	-0.0027124781012828805	0.005719372318006897	0.006038551563460596	-0.006156841356969206	0.008447206165951843	-0.0014622263871006964	-0.005316820017038017	0.0055273613855363985	-0.006251352020975042	0.005780207779792925	-0.0002652945257536153	-0.012594364980534185	0.004895610165952583	0.008040868151311706	-0.0010491574985871568	0.001026283353750386	0.004258949888963927	0.002093285451185612	-0.001698659128503582	-5.471961828575675e-05	0.00018642226745191643	0.0	0.0	0.0	0.0	0.0	0.0	0.0	0.0	0.0	0.0	0.0	0.0	0.0	0.0
2019.3.14.cow.fecal.20	-0.30159173201291606	-0.23944696623226192	-0.04703897091273844	0.013790671306479776	-0.013004496593178849	0.03754122986843986	-0.062339882210448325	-0.009957927294614135	-0.0033129579751990526	-0.008206969633091464	0.07800642483255991	0.06495937363760523	-0.06838195070956199	0.09899603273911459	0.12635352103419586	0.020367570587809903	0.001223255774495861	-0.04639853077669568	0.0034980289471872334	0.004471851472301197	-0.024180109189482032	-0.026986686328653968	0.018002096523674283	-0.015977658434567516	0.049645502281964904	-0.007688893594902842	-0.03707754051506316	-0.039344844222946096	0.06536916984931052	-0.032170978295009124	-0.026937418528950156	0.006488898418677452	0.019765971030324056	-0.0052020018776584845	-0.01304710024441228	0.020462792132468186	0.006254226488986388	-0.009371161870855307	0.04486024901044672	0.037319139651706607	-0.01601288010581519	-0.03778815744292738	0.00339109360905863	-0.029158526288136307	0.017478487001336907	-0.01543910558764949	0.004739407002116688	-0.008870259351791757	0.032562562579568875	-0.0073529995060653735	0.022207471218444227	-0.01192067631452906	-0.04293965018061077	0.0013841154374892694	-0.004898500290384531	-0.02691858053800016	0.004136090877747991	0.04729664201846233	-0.036379975453003456	0.016621458513914306	0.02414977287714927	-0.012341127884492814	0.013140516394425676	0.03839566688963057	0.015433551489843387	0.009228433706832224	-0.03070650404727091	-0.023335138408805384	0.03017699773543883	-0.0037390673654857645	-1.4582880025952084e-05	-0.02806865946540676	-0.0023120777035775153	0.031903992485843885	-0.02006569925621673	0.004343196961129024	-0.005267245197323746	0.01589398425452545	-0.0129632624171957	-0.02018370126696921	-0.03578408122103906	0.015155664096541779	0.008449030324727042	0.017062860878728624	0.0202328683308958	-0.017014858384287956	-0.00017633273544061858	-0.003082535421908575	0.0018439901142610318	0.0	0.0	0.0	0.0	0.0	0.0	0.0	0.0	0.0	0.0	0.0	0.0	0.0	0.0
2019.3.14.cow.fecal.20.rep	-0.3083277719619975	-0.24319342321498275	-0.05182912820142169	0.030070100061850853	-0.010820878554963415	0.03132854051837615	-0.06267249577552166	-0.003075975094615072	-0.002901557443960189	-0.011603154806878973	0.06712543266947209	0.043165585231735235	-0.05852999884487942	0.08069534741845741	0.1347786915435929	0.03808985306726285	0.017230669158775996	-0.05510053315784916	0.010346325641257184	-0.0037069870085603782	-0.029572046037908566	-0.03660130686070211	0.03140189837740606	0.004945660404355941	0.028997956086843878	0.004465235974993863	-0.03057095450490181	-0.022714879726895343	0.0785900737065204	-0.04130050539078181	-0.01237297472235292	0.014825938551904677	0.005548368152771515	0.004900656856753343	-0.004558036009078861	0.00447993917516158	0.014464521871788594	-0.024325236195238832	0.020883058342727977	0.0005903238553534475	-0.017420505983960582	-0.009408504226527002	0.007083549946277644	0.016489686233458804	-0.027351396109573354	0.008020221338427324	0.01331692226423616	0.019523067462282058	0.007576322528388441	0.016993312584187913	-0.017259188834199392	-0.007343852437076973	0.03403197870456259	-0.03730499296224588	-0.014418968104177492	0.008181658256341151	0.02857010095181122	0.016828331344254446	0.02614062178995566	0.0027139323719720635	-0.006821356155964764	-0.015081069740228591	-0.019304955102334227	0.004360093824639166	0.018748600760539393	0.019994475647615837	-0.01545355068444128	0.023998391983796222	0.010631576980260012	-0.01817710202795366	0.03351970213854535	0.019632522822059663	-0.015127171871056456	-0.0023589220604780243	0.03771042403153569	-0.027096097820649357	0.022249689724754648	9.056807050652995e-05	-0.02955258994379793	0.013036466796854166	0.022261347009962466	-0.023980334908569444	0.004853928523275555	-0.02554081971961594	0.0013541426351209548	0.008118700184895293	-0.027847686631140973	0.0018026076088365332	-0.0010153452211422445	0.0	0.0	0.0	0.0	0.0	0.0	0.0	0.0	0.0	0.0	0.0	0.0	0.0	0.0
2019.3.14.cow.fecal.3	-0.24461999291389785	-0.2542769202296519	-0.0173908625395847	-0.02222059181392045	0.05563105884623691	-0.038200386189062886	0.18116940368508377	-0.01885533558355488	-0.00745978452315849	0.06471834847191896	0.008964772544183909	0.08385876334924292	0.01836158432301744	0.049866679741544934	-0.1395577019217142	0.02420255406786287	0.02159529824455947	0.1025488932108982	0.03449658481067828	0.06026747955900584	-0.1789662231804707	-0.004985322996609788	0.03484542747685803	0.011750523195305276	0.0745881610556185	0.06582113413662571	-0.042728578356948155	0.0371015289347258	-0.02258245448622587	-0.006970112584129958	0.059579105658304626	0.03863510884477323	-0.056873046398441776	0.026237218036273796	-0.008889128373967246	-0.04298925781956816	-0.012501595997639435	-0.07513108646713881	-0.0021439037267604695	0.06191163647844748	-0.029074741344241112	0.0022939141246187587	0.013458965218564203	0.00668556330561521	0.05201121394347578	-0.030556018615425534	-0.0007730480782623077	0.04881192570283063	0.07624911264090276	-0.03719011983655135	0.01276277630640279	-0.008879816632798746	0.011915266789403144	0.012520765508900421	0.013013756618183622	-0.004424929628333271	-0.014629015609724605	0.010037782312246436	0.006371515962946685	0.001934862610846178	0.029230311571843824	0.006584189021345777	-0.010902964833600776	-0.03560497464221938	-0.011701640923504713	0.005523552165429564	0.015887077965470713	0.007285180603375361	-0.027160152191935048	0.021284792819896203	0.010977812888410364	-0.011181528511756144	-0.002190867298178937	0.008671866333478412	-0.005140499895097943	-0.002528045421529902	0.00316404912895251	0.002051883145974739	6.863443389198286e-05	-0.006178027118505122	0.00771056257119124	0.008558582235913464	0.0013576852165778943	-0.01251076190555272	0.009174538194123375	-0.0004405222641997505	-3.8265941370207745e-07	-0.0004171055058833105	0.0006614282186904111	0.0	0.0	0.0	0.0	0.0	0.0	0.0	0.0	0.0	0.0	0.0	0.0	0.0	0.0
2019.3.14.cow.fecal.4	-0.28606974734569546	-0.2285563589225459	-0.039389806744497456	0.02421333054369021	-0.009588913149625612	0.01462649487875074	-0.06139426299868682	0.01248031721384973	-0.0010040027344569143	0.024518980467680366	0.028661413681534235	0.0759427489028713	-0.025292565165673398	0.038197145876572296	0.023220165058131518	-0.0018298198273029986	0.009365838136541724	-0.010690490311953986	0.05484096815302599	0.029178021450369497	-0.05628990779353983	-0.03965111168314641	0.010856814444316819	-0.011410994363547894	0.04127602948014171	0.06777195794804129	0.06523356433814609	0.03808687081356484	-0.08821843772054398	0.08503955578168909	0.13762794046570137	-0.04763591960100938	-0.11592865728807238	0.06114545596824311	0.09047816981974686	-0.09393305139287605	0.03754897118126051	0.03754121799273029	0.02064207871067345	-0.015567938927587312	-0.052246833192102146	-0.023602481485066603	0.011803751906599045	-0.000462387480936936	-0.060465946039889217	0.03144394909071823	-0.0186636626057314	-0.03331183335345818	-0.05972103862085094	0.018338181157845766	-0.021023815070739887	-0.00351841105513629	-0.008186265472168932	0.0027587819416833624	-0.01981865223201809	0.014356643285453654	0.0191689068909535	-0.008736286721046363	-0.013249558931323237	-0.006492520800999796	0.0014240074690865029	-0.012315647078191059	-0.013998540764151707	0.010760883311611045	0.008947780399160735	0.0010923736120420622	-0.02017820274978599	-0.012496461142249081	0.006895233762572053	-0.018246851032006243	-0.0014896317583843284	0.004428198355936246	0.006108477661391156	-0.00024792880680582583	0.005650597427499774	-0.0013020239430079673	0.00024091959547208305	0.009470843573675768	-0.00032197286500376795	-0.006556745242401072	-0.004512022671642411	-0.0006761407373575772	-0.001730828477811726	0.010070576102779399	-0.001854334601269951	-0.0012010629701096438	0.002130168339559015	-3.6874153757332475e-05	0.0005789775362972158	0.0	0.0	0.0	0.0	0.0	0.0	0.0	0.0	0.0	0.0	0.0	0.0	0.0	0.0
2019.3.14.cow.fecal.5	-0.260624268402561	-0.28297498119487724	-0.030957329894149486	0.0034876148691109017	0.01887966277738054	0.006194302882948205	0.017890965081663993	0.0005096774955061851	-0.008632761159247061	0.07325228194907374	0.046670623286424434	0.16184885425822457	-0.04851559323738976	0.14319073728098822	-0.029026981981317788	-0.06394928396569521	0.0060554385922807815	0.0959318378012144	-0.06867858015583862	0.03784603332540652	0.1569211527384443	0.039457479399823754	0.03225941698583227	0.1073453547006405	0.0011872519956176847	-0.035233875498019686	0.012693820543442574	0.02329828489729673	-0.025304891075948632	0.02774224329338007	-0.03165264659245127	-0.035819153179834924	0.0045627017089049605	-0.013251366414158989	-0.001323197583483705	0.01049282727293827	-0.0291087661820977	0.011928727846097357	-0.01041601455573125	0.019559415126422258	-0.0017878751379373768	0.002504865535303332	0.015624050891998382	0.017346361033654323	0.0020708337058736067	0.003977884036480669	0.01850849132775748	0.009248245472005397	-0.005209685454493235	-0.005928364831930014	-0.018653284909127845	0.0006070100734279564	0.012368404186062483	-0.0242063922152119	0.03385377252238035	0.01152822868974128	-0.013756013516132632	0.012995410867832609	0.005191116620642526	0.004044944924741336	-0.00457991797691979	0.00023700065335964003	-0.01076247609159615	0.02274518641428201	0.0016945900328977578	0.013535605547442466	-0.01587902054918733	0.00035980567608853096	0.004061982052056694	-0.004962067548600037	-0.017309947209124432	3.5408105693334934e-05	0.0023022076873747887	0.010557347228316007	-0.04134003711036168	0.006437443236793036	-0.05256787416630027	0.028938750479083383	-0.010190365380087394	-0.00768162409494867	0.030478295949689413	-0.006104787467368479	0.0008567034305978318	-0.009227862946731414	-0.017350177474517656	0.015807729681577246	-0.0008320545040707506	-0.0032773343666474713	0.0002931856054445068	0.0	0.0	0.0	0.0	0.0	0.0	0.0	0.0	0.0	0.0	0.0	0.0	0.0	0.0
2019.3.14.cow.fecal.5.rep	-0.2613742752779857	-0.2645193996966788	-0.029301621908903907	0.0031052813230387755	0.02216676586185813	0.004177754752567316	0.031047228045838465	-0.0014133627178912664	-0.009912084953202224	0.07609682928523671	0.048800602266759315	0.16154244187466643	-0.044888691344242254	0.1385326541121049	-0.02133649268036482	-0.05365116548932969	0.009467688668270002	0.1063358638996213	-0.07647096011953515	0.04077400073269075	0.15390581459205285	0.03658466576109697	0.04274786421377253	0.12715972226348876	-0.012704334645727282	-0.04187920672314447	0.03283020147960136	0.017280394518700243	-0.008669022978226765	0.014558412895327237	-0.02778504954327419	-0.037539203980713885	0.0033425972830607195	-0.02010814756492701	0.03926957396377103	0.025278087987996543	-0.02132957210597695	-0.0017621594048574996	0.0065257281091910604	-0.004423911721718203	0.02086698440947074	0.018313697461483522	-0.01914152295918867	-0.020245840630471544	-0.005157927918331334	0.01592438239617478	-0.015737550901069472	-0.027480689100399205	-0.011350982722973397	-0.022167503994334523	0.003555764777674367	-0.0012746799062460432	-0.0013462410157997805	0.01555536726536332	-0.01680328403874683	-0.016430526125306877	0.005605437313824075	0.0028241435929164446	0.021970800344560552	-0.009582662869326013	0.013283957356499319	0.0053219169405813735	-0.008789556733112231	-0.015517415047405668	-0.016730393647128035	-0.012551623526519496	0.01954701865505152	0.0008051013915304566	-0.01600527141627163	-0.002015890289520509	0.013597493906203129	-0.005780908207393868	-0.005889806878400053	-0.009314297033199963	0.04222127015134294	0.005115638299833421	0.046441367556443805	-0.03032941975802293	0.015362674347676922	0.005453778193487969	-0.024988811886127234	0.004552620194575037	-0.0009412385944858027	0.007163013882376698	0.01996489922385109	-0.01150965117023316	0.0014234258013133153	0.002099709075749033	-0.00046052683302831387	0.0	0.0	0.0	0.0	0.0	0.0	0.0	0.0	0.0	0.0	0.0	0.0	0.0	0.0
2019.3.14.cow.fecal.6	-0.23269356573606584	-0.24241890920599365	-0.013257988341512249	-0.02965846540881699	0.06580423217292945	-0.03794909959414065	0.22472090220155952	-0.029453956007484593	-0.006880904865163364	0.06621811802973866	0.01811253755862287	0.07014606824383794	0.015165214985814262	0.0696830903383679	-0.1175581289446642	0.0894043274950534	0.027133327882242833	0.07551673295639821	0.07605627188709385	0.044312042590023915	-0.08728238648865255	0.041344112819543276	-0.03483582960512723	0.008670681960570347	-0.13165308440790652	0.04867198508261468	-0.0485500321712791	0.029054502376523034	-0.008449652098416973	0.0107733929246305	-0.07339989966463682	0.09566357095601534	0.06908651932974566	-0.01291940619261313	-0.05432682010367391	-0.0205941443626181	-0.060180451892164755	-0.030606369958654858	-0.04370589587675757	-0.03807723153245866	-0.04200570105224683	-0.02551751673055848	-0.023889367525322912	0.000985157513757831	-0.06942455240928647	0.019050609582704672	0.004133309124827614	-0.032300654386254374	-0.04968651132572466	-0.00037558424775778406	-0.012174681840438935	0.011971998877343432	-0.022718194195282284	-0.009449600683214456	-0.017723898293437353	0.014514280507984957	-0.001048935607231385	-0.03385840443357164	-0.020054729972034495	0.027598141091130818	-0.031651075231369306	-0.015337707357427557	0.033883653105638775	0.00480640799329938	0.019981538299798658	-9.286964768712661e-05	0.001463080232010529	-0.018013943744837075	0.0179632836576133	-0.005787814775022616	0.008857742335746674	0.0029876045994731673	-0.000640878406194648	-0.0008100544702302076	-0.004073815376226242	-0.010526059764674528	-0.0031366685005807665	-0.004268092199763541	-0.0016577462013871805	0.006189274210694272	-0.011163485019630402	-0.004148983063364957	-0.0003335750960461547	0.002832967594446444	-0.0012237522882191916	-0.0009138234142172335	-0.002611166281181292	0.0006464375003069953	-0.00016389069348442408	0.0	0.0	0.0	0.0	0.0	0.0	0.0	0.0	0.0	0.0	0.0	0.0	0.0	0.0
2019.3.14.cow.fecal.7	-0.30073860137683117	-0.2364130599335024	-0.05111822924817191	0.03561764409887113	-0.022020604999618804	0.015363821586425547	-0.09245768094693459	0.017756019371155472	0.0013333665787009224	-0.000924882782234602	-0.03570340149158323	-0.060260305067397865	0.021605069714633322	-0.04385710561976371	-0.05677307076365326	-0.019781030694927888	-0.002941480221952166	-0.012431633097767819	-0.087544009700852	-0.07827908495776274	-0.019811668991365366	-0.014828227867526675	0.0154747132417858	-0.0024097307359869395	-0.05135390510699928	0.00824472415116276	-0.06717634695865086	0.011411770268139438	-0.03307234134291904	0.03057363363075782	-0.06546864834504275	-0.04764653235582144	0.0022291995085248766	0.009959967878756287	0.018423137088670827	-0.023021025219614435	-0.03927099162127445	-0.03689391283064084	0.011144453003733663	0.024409438799056382	-0.04794597219472415	0.004776990866063302	0.130645188611206	0.018058724274411103	0.000666774248798734	0.006058247395826888	-0.05333326097155787	-0.05494887777704763	0.038296381385616966	-0.015436542786078691	0.05779027211196139	0.0023533987823860375	-0.01636285076108655	0.014002842816352723	-0.02690923389985326	-0.03481584168624287	0.03479546131882371	-0.0021138445628284376	-0.025516288968116436	-0.05070580622348351	0.010999086838694083	0.02202827022540678	0.02300975386119954	0.020031323800640974	-0.010284125472964246	0.0015840633417995198	-0.01581990927354543	0.0041999688078912245	0.01534149911183527	-0.012142996880339483	-0.0017883723450711488	-0.012223826506541089	-0.008233343282448933	-0.005822568682746803	-0.011720477330420804	0.0054258350941830125	0.01691235138817207	-0.017626114263719506	0.006468989127934505	0.00801761436066956	0.00673997230690495	-0.008928053921686234	-0.00811439510982301	-0.012450037741828355	-0.01884422480882435	0.010907790562113143	-0.0014331388148649334	0.0006446242309129541	-0.0017994963122854536	0.0	0.0	0.0	0.0	0.0	0.0	0.0	0.0	0.0	0.0	0.0	0.0	0.0	0.0
2019.3.14.cow.fecal.7.rep	-0.3098022929723205	-0.21417915002587992	-0.0554134979248663	0.03258277888768794	-0.009032900575299145	-0.008653584951062153	-0.010625515156685765	0.00018615014696809966	0.004197170365834764	-0.059108242566602104	-0.050153202359934715	-0.12434102381102856	0.05065513384483224	-0.04223874251076581	-0.03356563296701388	0.10454874890342278	0.008221248320686471	-0.025046183126095856	-0.07375461963062371	-0.09536701556369821	0.04146345377689153	-0.02845770164127837	0.030834170480815545	0.019391142567179442	-0.004590014571145212	-0.015569150725935491	-0.0764433629098996	0.00906338247472845	-0.03666746595267113	0.023431502519429735	-0.04069032285639102	-0.048006625844365734	0.0046602423660436045	-0.004493263360499008	0.011846626330778647	-0.009140834970321537	-0.026321654862101612	-0.017356701277565386	0.02809789903091909	-0.025226581230853837	-0.029868729485709924	0.04335526384357602	0.04158763291312625	-0.007742406830890737	-0.05252979160338141	0.022372507514627882	-0.0429551750034157	0.02951918700968929	-0.018689325586603585	-0.013236190145943273	-0.016508691811004138	0.0011359519877809584	-0.006340825755883476	-0.01163179095305718	-0.017216071092605225	0.005342201419468677	-0.038515600715534934	0.01722027660711754	0.017862521419811168	0.016050889319462896	-0.016297695081310813	-0.028454109490603476	-0.026196737938862097	-0.034006774535554195	0.008499410013384365	-0.00857047252637327	-0.008584466230010083	0.02825056490845682	-0.024755799562327627	0.03862639124940901	-0.015546198685640864	0.009779224628660614	0.019074288881012504	0.011344090195051327	0.018018265789893403	-0.008818475134550944	-0.023164818258943287	0.014637111792214812	-0.007135669315232463	-0.0012528453114146253	0.0071702226216953805	0.012375570874028784	0.02607036208797331	0.006101314873220736	0.0331111894201837	-0.0040228743013869155	0.0021488282950118728	-0.0025608733349975978	0.0014994252172856953	0.0	0.0	0.0	0.0	0.0	0.0	0.0	0.0	0.0	0.0	0.0	0.0	0.0	0.0
2019.3.14.cow.fecal.8	-0.25519790125094344	-0.2746730191994071	-0.029317745178581305	0.00560931027451219	0.0013690949679545836	0.0006217259825269942	-0.025825722080173537	0.007625144061005666	-0.006027085273949311	0.015275304432029313	-0.013587722120531194	0.08609989688883464	0.018612683787493204	0.0880841829022827	-0.134866590420263	-0.03275592858125916	-0.01778460377266263	0.0024965839233002103	-0.0793921194714057	-0.11003092137215512	-0.03495795854715135	0.01564978847335573	-0.06458201864462224	-0.09513150709835695	-0.07258397720813024	0.010914869055935006	0.026399925112232395	-0.03148038133627292	-0.06962882986379965	0.015575969073289207	0.03971976377922851	0.07648554168169928	0.12957879647554305	-0.0724247087310869	0.05066457470907421	0.011026259571396945	0.1375131379002967	0.03187058023237041	0.09736069765456376	-0.025474883437634585	-0.03002201158843329	-0.00949942712225096	-0.005757147057469956	-0.02547362114060656	0.03549891880387415	0.003598927302223882	-0.005126997863419927	0.04120124320661393	0.004443531450989155	0.035694931210463444	0.02117167704649262	-0.009972043350368448	0.013942788075027707	-0.019628884868549423	0.009877988576899263	0.004319108790613772	0.01320257354476188	0.008672086297929841	0.008951868756775583	-0.0030751363471533187	-0.0017894943374266305	0.015072101735194554	0.0002561493865011958	-0.00022408929310571918	-0.002637882140864875	-0.008446756044372304	0.0035272362516543107	0.005187295846548782	0.002973094361284301	0.0056921321179127194	-0.006985255089795721	0.003328276181252077	0.0014575795014431145	0.005345614445200229	0.009154180114447717	0.010084696753032057	0.0005759972749823321	0.000921863348502289	-0.0010850999588059734	0.004553270236000075	0.0051192630668032025	-0.0028415146289649277	0.0005358056059006536	0.003740966227378171	-0.0025095985439429155	-0.0012256734542477167	0.0026509275387733484	-0.0008816137974230713	8.608939145549758e-05	0.0	0.0	0.0	0.0	0.0	0.0	0.0	0.0	0.0	0.0	0.0	0.0	0.0	0.0
2019.3.14.cow.fecal.9	-0.3183830432966768	-0.21052437888844916	-0.05441582461722908	0.04385392143082754	-0.013212834093516247	0.023910209472341345	-0.0937335650957494	0.014961925725605197	0.004210071292540608	-0.010030190705868448	0.013681356183166871	0.025636936904291467	-0.012787232071063474	-0.029900766245834532	0.011548289291957102	-0.07525187115901133	-0.03754134586845456	-0.049638461165584395	0.02750319033546381	-0.006149642025079521	0.007167253740824155	0.011980989651159403	-0.031931814680454695	-0.05520272746272202	0.03206225545114079	-0.004398828632504754	-0.03372519207190451	0.05578812512801349	-0.07575984583062657	0.008523379461490324	-0.052486433775732505	0.0011095461882242351	0.0536446405386407	0.03699833347138926	-0.03720282593584897	-0.0590914889324087	0.012208594694210153	0.04495641476585339	-0.01166379940365019	0.01982812611393907	0.063159489298126	0.010531986407483002	-0.003524174659910095	0.017025895004433772	0.002734730544568059	-0.022598950182011683	0.011258267012250965	-0.015378555961028745	0.04192514812153456	-0.029532504178631628	-0.011502380498304862	0.019024535152020433	-0.008262692909882586	-0.03239770855456855	0.028835167976905145	0.01695406447307142	-0.027515646071897788	0.023910880253461594	-0.005620595723985026	-0.03277281435253664	0.0011629874302304243	-0.020120230602568845	0.011142284535626924	-0.00879171656197007	0.015843712899628916	-0.0037879371071754837	-0.002538913982993662	-0.021089178218808537	-0.052241282634199894	0.006721842286400099	0.009144194664294055	0.015627978689761863	0.005078511724428963	-0.011792939972125936	0.0004583370068820582	-0.024774145621889378	0.006588295795092396	0.02398944092949032	0.029354150755223147	-0.009858551394604589	-0.014221830874944231	-0.031116054346145054	-0.015042505833581495	0.02699916907461779	-5.41094571976977e-05	0.003563577503353119	-0.014519196067383514	0.005424423567146796	-0.0015078246069719764	0.0	0.0	0.0	0.0	0.0	0.0	0.0	0.0	0.0	0.0	0.0	0.0	0.0	0.0
2019.3.14.cow.fecal.9.rep	-0.3075598051602395	-0.22363641370253967	-0.05072474060874263	0.037888576824277834	-0.012582604220983246	0.020474380818638473	-0.08611396769375548	0.013258337453371136	0.001226908019521831	0.00441041124566613	0.018413795519481215	0.045535791747456034	-0.015553429132192187	-0.02528368078910216	0.02674452321051594	-0.05900251426158943	-0.03204966489681348	-0.07217187281608142	0.05172332156713064	0.008736261809545917	-0.025309527073083808	0.015845653641056123	-0.04287911230457158	-0.05085458777343051	0.04475350705384933	-0.0006918134074230708	-0.04743909892683586	0.06930350541757506	-0.08020073088288844	0.022527964085022858	-0.06208410896060755	0.0027226943228562976	0.054345934753657704	0.05060867629516979	-0.06327106540666141	-0.06794611120814317	-0.008347444602512097	0.0630034997984246	-0.027067143830961916	0.015490933414202226	0.08043698371656903	-0.002781815942834962	-0.02942644765902076	0.01773045770441884	0.0013599610634061972	-0.02207284306938885	-0.02686158503932512	-0.009064928969021873	-6.690687156658634e-05	0.00687385869165172	-0.04947376147314532	-0.0011224583515580737	0.0074329529507137565	-0.00563131429762564	0.00428038724177007	-0.0013729955062154388	0.01877066935888839	0.014773811536523889	0.005584971538038715	0.024942139168396372	0.01245328489479233	0.03906770893717781	-0.03676014635622186	0.0034157208358200275	-0.0038951533861233114	0.003763777032729412	-0.007347135181932736	-0.0007966242945683446	0.03766003309275893	0.010909679998360722	-0.012265287162768382	0.0034461013891508817	0.0007320213246235382	-0.012528641865219776	0.008418857993167503	0.013974838078221655	0.000306909866608613	-0.0386733384228423	-0.017552175884435348	0.001264555712509928	0.0013076340997890392	0.02981186578076767	0.015020418363211437	-0.023427211149474363	0.0027494219377541596	0.0028481731884892514	0.010853175178308163	-0.001912207575267233	-0.00017305845842760607	0.0	0.0	0.0	0.0	0.0	0.0	0.0	0.0	0.0	0.0	0.0	0.0	0.0	0.0
2019.3.14.cow.nasal.1	0.2586123826585823	-0.04686611016923746	0.5118635496435934	0.12316938524174796	-0.09294114160313856	-0.061963764629344636	0.03641302857671098	0.0894809053185197	-0.3433013156975928	-0.030402645749221944	-0.034589261686024615	-0.024046923463179447	0.005937880240359488	0.02826661416931058	0.012695341999546184	-0.019843087273877184	0.012132090362694088	-0.037007714861486796	-0.014323321510427575	-0.005511881798379788	0.0024045110786178776	0.01563818995587807	-0.0513438855810149	0.05554757769037196	0.0029541627236573742	0.048256334712535424	0.005753998824729921	0.028123727675675208	0.023430975597089433	-0.0030113304490525686	0.0012902485084702623	-0.02851306301619167	0.02097129585498624	0.013870874097744243	0.01520193797932217	-0.00910899431090096	0.007244648138356452	-0.07025725296715941	0.026922713462804598	0.013460085069675434	0.05327652807686624	-0.08674099095457624	-0.008026283815718824	0.006962304501840175	-0.01797580235642123	-0.011600339080269311	-0.006834753806410165	0.035259850687299935	-0.02011944287452207	0.000564409571760113	0.0053680262724299845	0.04768355659164358	-0.011644387044472577	0.003309880465290621	0.016898554671062826	0.008970981950812619	0.012992423907998476	0.0018177788211937494	-0.01464345548446119	-0.022322724286049322	0.00167522743349367	0.0026603865415729096	0.012625639223066237	0.007066160531985013	-0.008632284294496109	0.02736671571611853	-0.006064303937756874	0.011539116159276715	-0.015743376013691725	-0.01485808943706806	-0.010962239183031365	0.0054682459306101	-0.015520093341322174	0.007595962921301954	0.0016331749401386454	-0.005482339772655476	-0.003933103300510191	-0.007598376218108484	0.02174557556739257	0.010482604008420568	0.006798956814897484	0.020564057429169398	0.013773732968091684	0.0069836784331373915	0.004178014202355744	0.00837385943577247	0.0027726103878362948	0.005575377589962256	0.004193096182677657	0.0	0.0	0.0	0.0	0.0	0.0	0.0	0.0	0.0	0.0	0.0	0.0	0.0	0.0
2019.3.14.cow.nasal.10	0.3619875329877055	0.12578177906869756	-0.09061599816774103	0.007506079383443837	0.15769967236750781	0.05272186440576701	-0.07501355605887736	-0.11682504022150876	-0.04193283719520154	0.00256687457240993	0.008973710256723211	-0.05292266069751114	-0.1274071894791705	0.042001268984482434	-0.08048785906139264	-0.09034823983263457	0.2842801805759366	0.04553066254045985	0.13686488256664173	-0.10686894431613425	0.05385277958839264	-0.05345317054743608	-0.034435500448376226	-0.013250084900679493	0.036411609499153307	-0.003982100781003284	-0.010536502337178084	-0.004349669679115358	-0.0014747273667645435	-0.01524812618012843	-0.008458485079731263	-0.002822540462860378	0.005386948296020473	0.006671894567474089	0.016680085714242805	-0.003657913631522887	-0.010970569637759131	-0.00504912463902971	0.008004138033998902	-0.007268144905186233	0.007971650907051651	-0.01467831531573417	0.0028681133669092064	-0.003512623826254325	-0.009452883163300856	0.0014127863794634909	-0.0036406132067015526	-0.001909115681503994	0.028102812223719336	0.011506983042871363	-0.0009208845496613937	0.00352929874419924	-0.009711972085656922	0.007673548676345282	0.00013402520978023704	0.0202208262790787	0.002366640985872694	0.002482963969679091	-0.00014896012674009345	0.0032272551619182935	-0.006574005674028809	-0.013927498659911285	0.002479984039564512	0.011338169336515345	-0.0030500502661594516	0.01418607679759862	0.0012940504712039664	-0.006698622886533402	-0.008045217219343778	-0.009196935843666671	-0.008201957704673697	0.0016160990455976155	-0.014608273068529746	-0.008880892218968388	-0.0004651473485401058	0.004844351879587714	-0.0026790673058148516	0.0009018684369750774	0.008888331028800241	0.0015376115489536693	0.003472361890083251	0.00025652728586968057	0.009292908679530606	0.0009122847338948327	-4.8229869865116754e-05	-0.007001512163718801	0.00010859631031026273	-0.004369688031467913	-0.002758279308039399	0.0	0.0	0.0	0.0	0.0	0.0	0.0	0.0	0.0	0.0	0.0	0.0	0.0	0.0
2019.3.14.cow.nasal.11.rep	0.5728810208204228	-0.01222537963198504	-0.16917703299671974	0.07099416103601656	-0.07344058541619869	0.021580918743433007	0.0255516630767406	0.014938961375406621	-0.00705765996130979	-0.009311491889503802	-0.030352724260434564	0.023044205090201428	0.01910695217420327	-0.007292009238398228	0.010283704197709284	0.005897327566756608	0.006468436526167871	0.01064006818797087	0.002250177268386566	-0.004564764632779572	0.0028899874220317144	0.028553730932549693	0.03281846370243848	-0.02839776369469471	0.01532055206892406	-0.002802421203208902	0.02717581358105281	-0.014368669674324899	0.01659999993028012	0.008219417288537327	-0.0038704841845334853	0.022490058551491197	-0.0004850332484753115	-0.005454954240874603	-0.009166934113072206	-0.01129561707959692	-0.022767580209787332	0.01308284197932765	0.003125751615686473	0.012214745458910523	-0.0005755076412733059	-0.0007884083868822823	0.004155600286242685	0.007994759991496406	-0.011791746597788654	0.022928925018430253	-0.012436865852007073	-0.0010578848567434774	0.005515842286164342	0.007234861569735447	-0.008250090679067726	0.03831063318153228	-0.0033389033897177215	-0.024538382497908677	-0.02729952450875119	0.0053105690043400225	-0.002057722836220661	-0.013325212353652582	0.001902481522854822	-0.014963272309500114	-0.013992257563611124	0.019423643835044944	0.009592921502986686	-0.0017776330997622814	-0.01084873663420443	-0.0013519030043976183	-0.03135466544886847	0.03933011696175133	0.013202074397462559	0.021801861898698087	0.02415674443628541	0.017158054109658538	0.023510623108099718	-0.02276901415622318	-0.03057514985730165	0.010591553526139776	0.013349185348526834	0.009308611994501007	0.006878097886577013	-0.029002495726881402	-0.01729341383004781	-0.031505965298176807	0.006668004741214288	-0.006903951275676943	0.01640986672214381	-0.008746163415348224	0.00817685028816165	-0.001524240980287766	-0.001753531311501774	0.0	0.0	0.0	0.0	0.0	0.0	0.0	0.0	0.0	0.0	0.0	0.0	0.0	0.0
2019.3.14.cow.nasal.13	0.38865316507691156	-0.025787762434373897	0.3239083028308833	0.12528033894459573	-0.012328905604624312	0.02923228586976059	0.012068622310282643	-0.03715610511780124	0.15466609872622494	-0.002284414923351239	0.04096039190561528	-0.17444339887549382	-0.03133172687026718	0.14553617591314633	0.009901689546028552	-0.08119051571647473	-0.03802910600964101	-0.0179498501198012	0.07589671281104826	-0.11419260648246927	-0.015057039677149962	0.23814768120696486	0.0901371501208521	0.05126679698522523	0.022160322365845597	0.0895638654949853	0.017639696057990074	-0.05156782141378266	0.01586054875346807	0.009512818499140806	0.007046243891035532	0.03521267206401781	-0.021198299641464406	-0.02778074797728528	-0.00407852124306739	-0.03145160022210976	-0.0070851402828913685	0.026739346710064203	0.00833187754920683	-0.00016765143729965991	0.006233304222810377	0.009121885716386053	-0.0010740983155420542	0.00996416791033728	0.019139568565433702	0.005079815906398585	0.0036194132625184186	0.004043242177056685	-0.016279107874573772	-0.004560573315313082	-0.009384910728669532	0.001339294291810547	0.005266739442964464	-0.0016151513605080301	-0.026381748169285586	-0.0019266972309880338	-0.015442024456617135	0.008882046857580483	0.006393117716655583	-0.002458975089313131	0.026138170456089026	-0.009519823418774068	0.020585742340722718	-0.007505964970948843	-0.005912351552174158	0.003828954349470408	-0.018510165886967658	0.004986279023725956	0.010715183721132497	0.017076472024836333	0.0037207646666939515	0.0008706393668716819	-0.003845401873080448	0.0008558908524340095	-0.0019412540359929492	-0.0054536877755793885	0.0021559296378634153	-0.009416072382422395	-0.0005380605476476608	0.002787368909109143	0.0026796937154849472	0.0010582138835252513	-0.0005969455317123839	0.008036560467619375	0.0029244441431131273	0.0176412069270434	0.0021277294729814358	-0.00014855189362178437	0.0005949928257652871	0.0	0.0	0.0	0.0	0.0	0.0	0.0	0.0	0.0	0.0	0.0	0.0	0.0	0.0
2019.3.14.cow.nasal.13.rep	0.5198672816092003	-0.020283799171447573	-0.09347784787655956	0.07761882227201586	-0.2439129228421304	-0.11134516065981465	0.0780473794520465	0.12187046566850146	0.10516391226670582	-0.0021109810293413163	-0.022762050021685888	-0.029726566237806482	-0.038249955279522664	0.03601891057924314	0.021179796116847175	-0.03270675930424992	-0.013916697036497961	0.0062449180907098835	0.05999376814308409	-0.08188533745145951	0.0010266074796795575	0.07484352111886573	-0.00012892480282244696	0.04756320528310335	0.010548300230822967	0.05015926216860191	-0.006466730494057455	0.00334503841843592	0.011119562563157374	-0.02223585076574234	0.01537395378156903	-0.014509541410456994	0.007158975339195001	-0.024182146067828383	0.0038114563679604706	-0.02429957205524898	-0.02747072797662328	0.02740225803715232	0.005472738442055837	-0.010668954982887354	-0.012016917749442182	0.008624185048869637	-8.391254389861665e-05	0.003272336534279905	0.02065934588996075	0.009166679928846849	0.0018273483926513553	-0.01670414712602392	0.016885876858556338	0.0028851636006678224	0.003922378943249196	-0.004659634789441002	0.010886227693593162	-0.005301820562900442	-0.0005749714818038139	-0.012191086103734166	-0.003986603130027358	-0.003207823588093542	-0.007713632308518562	0.001465002336470776	-0.0021910157468061973	0.00805781777869333	-0.01593705118526096	0.009504461328347799	0.006936315996304386	-0.010489261716237788	0.016594751140664284	-0.0111344637387911	-0.0037090840730619845	-0.005657547218226659	0.0033164553948831586	-0.000965079934725223	0.007640215499613429	0.010404253049521807	0.00887385741628676	-0.004881013089060601	-0.01376624329692864	0.0075844481004212795	-0.008420019217033618	0.0045812291706715915	-0.003058803984249977	0.008979375054662711	-0.001908470124388226	-0.003955362497589723	-0.004595466382268653	-0.012369568879372177	-0.0028311268940471603	0.008292423796519588	-0.007337116950240131	0.0	0.0	0.0	0.0	0.0	0.0	0.0	0.0	0.0	0.0	0.0	0.0	0.0	0.0
2019.3.14.cow.nasal.14	0.3088844000707105	-0.011317839466855122	0.08441403993550306	-0.09900337162590135	0.18044980528063337	0.05293482930458023	-0.038062966476614446	-0.09745215222545284	0.002543479120833512	-0.023218240380361965	-0.4428621173517318	0.07786157172524891	-0.3795581637259239	-0.02641671259804448	-0.015871532971030725	0.09202241398887614	-0.08095792184183545	-0.02751650668776083	-0.02459324178141481	0.02099011512358757	-0.004089858375833509	0.023012316429143538	-0.0004910128481605032	0.00426388374678806	-0.012596725790509754	0.0186354059897227	0.009960074557858025	0.008025346525159932	0.002596004209575953	-0.01727225616708751	0.014355323177445237	-0.009906786588190792	0.009565583987260382	0.017882061870629417	-0.007730149161390046	0.0032965496563275654	0.007577582530137088	-0.00035592125068973366	-0.009410303025749668	0.011070169101391846	0.002102650380654043	0.005629441786819587	0.006488887251583332	-0.012880303761292303	0.009306570185523175	0.0008764163493520646	0.007413046901735106	-0.0035034820325861036	-0.011350374342824952	-0.005221983238600293	-0.00634841071615509	-0.01007997235008825	0.0071505728322849085	-0.0064749459752277356	-0.012026242242235455	0.0025356681482203236	-0.0053430727733067606	0.00611269346721971	0.0014768373437509356	-0.0013086298567381047	0.011179374032079333	-0.004320022764315924	0.010193277311558281	-0.00654885380048393	-0.0029606488033539573	-0.000781981698282544	-0.0042577879372299775	0.004862858322499675	0.004494693274197678	0.005865015565095148	0.005104508565855906	0.0033710024234952706	-0.0049991866243921535	-0.0006491000533570877	-0.002544840626881721	-0.00212471462155961	-0.00046773365060093924	-0.0036234383076221427	-0.0001430742539524002	0.0012107629405028564	0.00017838720337687595	2.6011562130893387e-06	-0.0015070210356531706	0.0019427940667118885	-0.00045070242279593225	0.002933861296234868	9.74693658362694e-05	-0.0013180243795607892	0.0005927803839749826	0.0	0.0	0.0	0.0	0.0	0.0	0.0	0.0	0.0	0.0	0.0	0.0	0.0	0.0
2019.3.14.cow.nasal.15	0.25999240491913267	-0.07089358918727544	0.5487054280768408	0.1559212351894772	-0.1199940926318379	-0.053006666658690825	0.02784391887259383	0.06942014323318009	-0.2845907412685231	-0.024242419477519102	0.06143782953123463	0.06380385672552812	-0.042989869507990365	-0.11183059235883802	-0.027764854073530656	0.06606946959681381	-0.00768164693056458	0.011179437053188811	-0.006895834130599314	-0.02644114482422238	0.014023065069706086	0.003747413852762042	0.03285283642403134	-0.027478176186748894	0.0028847550186588155	-0.02717247257089627	0.0024865034521051417	-0.0026007872496863946	-0.0004544303706456059	0.015866226917923373	0.006927482367666446	0.014884371983917191	-0.0008038242646048547	-0.007823238003869658	0.005665697044699001	0.011289564893425403	-0.0007091130717539525	-0.01695161968216209	-0.015599685548363046	-0.006892005282745272	0.023103261765555015	-0.024336663482929736	0.0381695231612926	-0.012877080509539528	0.02114270573849812	0.009550539046088855	0.016814460798899863	-0.02031703066242595	-0.012699941020880049	0.004911084134223843	-0.014243788252145426	-0.03094508890856092	0.01812659417765581	-0.018586905631569953	-0.011359167034746532	0.009266431080029733	-0.011944067904875986	0.01581805890394326	-0.004902416861538255	-0.0014634253170742806	-0.00535662441351237	0.003633510573320748	-0.011106566869262613	-0.016705194313816053	0.007883696889565335	-0.02902121586159628	0.0158700842598395	-0.004348598772117648	0.012883634697171551	0.0013730082366119978	0.010447612144615061	-0.004356054772832334	0.002497520427486992	-0.009389064014691577	-0.008680592821439712	0.014541140132536651	-0.0013915113934910859	0.004277073137815831	-0.014371009634692514	-0.012412375860131138	-0.007284873801859166	-0.014785329917477753	-0.006698651223676384	-0.007637537962577057	-0.0016142046837457752	-0.013602853121624086	-0.0037973031771056107	-0.007789109552543277	-0.0025459744030894315	0.0	0.0	0.0	0.0	0.0	0.0	0.0	0.0	0.0	0.0	0.0	0.0	0.0	0.0
2019.3.14.cow.nasal.15.rep	0.2937076865717981	-0.038716629372306716	0.4430991974070158	0.18907104730975902	0.01699082505779188	0.013298925324210824	-0.018599741371656597	-0.057186726291207475	0.3145531282087379	0.027530681706733433	0.11497714821725255	0.03865206510514936	-0.004100338008881741	-0.0982594811334243	-0.03758713311653572	0.0553436818856199	0.005165524313769452	0.010325569726774016	-0.006664120094140857	-0.032452611934159555	0.021439097144189026	-0.03663569205288356	-0.0311048532721692	0.002777077214593275	0.018679473658292835	-0.011471974706874355	0.01965905438569304	-0.028027845740444347	0.009802066030524916	0.027314183778322988	-4.45987305960035e-05	0.017524735153513726	0.005606489617557986	0.011545583563869801	0.007687136468323969	-0.0021165654554115144	0.010801799709877062	-0.057569334238689936	-0.003718711832556671	0.0030343692752678613	0.05651650062315067	-0.05379116585139453	0.04804694557032441	-0.037629396655290394	-0.0020818741544413395	0.006547513418040434	0.0028732059860921188	-0.011567243212972811	-0.030675756641196834	-0.033198700816503855	-0.000797813876402536	0.013566324546555996	0.013083618042630172	-0.003048505275823114	0.014789673923583485	0.03938149105675772	0.034254868448736625	0.015838966980543386	0.005295617623716064	0.008922688261748418	-0.006235959483542351	0.02633813972874604	-0.0125574131459215	-0.01546126782354422	-0.01696697186040607	-0.022795496013921484	0.0006930755547348784	0.00919108303805021	0.0007781767669288703	-0.0005311211057542049	0.031551113394151814	0.013284052481712839	0.0026496645922906735	-0.001840236716198973	-0.014016048648339063	-0.002194064227098557	-0.01074183689005565	-0.000555098066760482	0.0003036342662811675	-0.0051626351718137365	0.0037253098029319466	0.002350221229615316	-0.001958246338228159	-0.0011974415794157845	-0.0010449621478257414	-0.010640039104731018	-0.0007226874249377491	0.004334478186793522	0.0008726505567469521	0.0	0.0	0.0	0.0	0.0	0.0	0.0	0.0	0.0	0.0	0.0	0.0	0.0	0.0
2019.3.14.cow.nasal.16.rep	0.5058001149188112	-0.05598292633566465	-0.13320668212393846	-0.0048484187431891545	-0.330481424887349	-0.1774776984032989	0.08817154412517357	0.16161641614736405	0.0896191540643863	0.01934775224744956	-0.06036801835509112	0.051888378187340135	-0.0013142531010365236	-0.003116147047144376	0.027489788498394355	-0.014722620856973085	0.03317535837716832	0.0032917749005560437	0.02265997032960021	-0.008470884250219099	0.014906182269731214	-0.02379078685911484	0.002792113614367731	-0.01704609043404851	0.0009373622641319102	0.003838187263821897	-0.00953673828720898	-0.07234830818912223	-0.04814026828031873	-0.05532653294527138	-0.000454924479507189	-0.027015714517502756	-0.0032588033952067213	0.005677436051033617	-0.021405124546829274	0.0018049882519529101	-0.002768244306804274	-0.010709632266664458	-0.002525300271792891	-0.014474152679162987	-0.006187485406292587	-0.009517323252601989	-0.005490571401724442	0.008760047075413578	-0.004422194169888514	0.029246816634876948	-0.01968373038507638	0.0022126562253832736	0.02651838734575887	0.013127501618021132	-0.02064027036921175	0.03916641149474541	-0.03435466656053777	-0.005525674002793134	-0.006842841068937224	0.025531308928560877	0.0030098793067999284	0.01872515394616657	0.008690964317646403	0.004031420506764444	0.007077879049680164	-0.009269991449185997	-0.00359174027720873	-0.028193549840805528	-0.001096841963234704	-0.02851594627957294	0.0023960430433418453	0.009000357457570718	0.015354251124502512	-0.017165685639577315	0.015466003431298043	-0.0008990465530687459	-0.029535877372681603	0.00010600948874123231	-0.012789820371033066	0.013764950536716827	0.005098755406945071	-0.008470374540172845	0.005162562562031116	-0.003468526045334069	0.0021359357253140747	-0.002221686204114177	-0.004298174426275611	0.011576099573110048	0.001074729513537279	0.01597550632253376	0.0034704686922842317	-0.010164654013113339	0.006652727720161734	0.0	0.0	0.0	0.0	0.0	0.0	0.0	0.0	0.0	0.0	0.0	0.0	0.0	0.0
2019.3.14.cow.nasal.18.rep	0.2359835929796051	-0.07954798158011776	0.5643815272235085	0.11931753627261843	-0.16596367355237626	-0.04634025635188112	0.044397536895264766	0.08199828452474234	-0.32611602922154814	-0.015005722435810434	-0.08698285574145836	0.010366049821697051	0.0468006086211619	0.03878457040381025	0.016827480250687206	-0.008802087748728524	0.06873577545271115	-0.0262626864804708	-0.00976255199706617	0.054173809726502695	0.009494887917173197	0.03343452055312732	0.10024924039739073	-0.0947498333291962	-0.006214682771758563	-0.01489016787404965	0.005726800859057285	-0.031186899465241436	-0.028539669950416614	-0.00321272684971833	-0.0366304336895631	0.015222352289076903	-0.027593323541486362	0.02592694556027843	-0.008393102047998546	0.022788667712802	-0.0015217530048149358	0.047459279046670556	-0.0016350112215577878	0.0006967781267953175	-0.045610152602909855	0.04867637398265276	-0.023241397426254747	0.0032694098983406385	-0.01008267678271945	0.006310008264359821	-0.01157815263382216	-0.0074964036544654545	0.01899468861735831	-0.018606397218068522	0.009356907263368415	-0.020072492332470746	-0.013801092616295415	0.006682849678049562	0.01479040247030043	-0.010662355439065479	0.015372110702489391	-0.008906151770867463	0.004409864897473533	0.020318548422848335	-0.008390404185591529	0.011257939301603	-0.01236215914204835	0.012268051567862774	-3.8828949856857754e-05	0.006215907935340141	0.002445403307141119	-0.010539878252769239	-0.00987856610861382	0.002342853471250111	-0.002848944949617575	0.0007635292439493984	0.017458275890425083	0.005204339819584221	0.011525991438172546	-0.013320336102343195	-0.0007612752538782895	0.004594241790962343	-0.001406420825226999	0.005856447383085794	-0.00018527329357383228	-0.0036766417081186198	-0.005407262500901091	-0.004275606710043625	-0.0042977366781988754	-0.004047823779126456	-0.0009535655429673331	0.001332989021125003	-0.0016545973886426281	0.0	0.0	0.0	0.0	0.0	0.0	0.0	0.0	0.0	0.0	0.0	0.0	0.0	0.0
2019.3.14.cow.nasal.19	0.49804876241508333	0.05012065210228365	-0.21350948016718396	-0.018471322353651006	-0.05490541515704087	-0.08045786410261284	-0.005727399363339964	0.02174937213772872	-0.008622411426112036	-0.007462080044987357	-0.01999369705241359	-0.04582585658297798	-0.06856765662835256	0.031133735340615275	-0.02328004521198764	-0.008274767564463846	-0.019132164389214366	0.0813344601798412	0.007653111631324435	0.016082008724599292	0.003116421383510882	-0.07653438200446912	-0.04849524085204668	-0.04713913473092521	0.03794645997940421	-0.0003028687856941562	0.06382289910506422	0.027580155491332473	0.061546920675604404	0.05992299252566178	-0.06651071703060428	0.036380365418441286	-0.012836542253887495	-0.06756832013042113	0.0406768778154447	-0.04402683354537997	-0.0033701017555723208	0.032281276248370565	0.00024513145886715255	-0.0018726786116264038	0.01622337459168956	-0.016718978037658445	-0.01072440019935814	0.05448125922858981	-0.043448781846351925	-0.028925056042573286	-0.028495375872755243	0.035614377285919104	0.00012054258585077811	-0.03250222131728328	0.02880506418021511	-0.015819980625706376	-0.009661497353166489	0.016477737445033894	0.044592608897904416	-0.05044398347858834	-0.00412332913733349	-0.010922025474687118	-0.01811771691478012	-0.01635287239884805	-0.012701153171155213	0.013438519204876062	-0.00660485300394811	0.01770892569085904	-0.009033688154054783	0.0018530555255508614	-0.002863667792220772	0.03043486866699815	0.0016750713058342815	-0.007866850092383556	0.04541964948746548	0.02970287582718318	0.00848298192923623	0.010366372801327208	0.00790007328913804	-0.0004832859187680008	-0.013288409350921682	-0.005993839773722843	-0.002402559045169502	-0.007162973169134018	0.004027952114320742	0.006148623766951234	0.0012128672741431798	0.0017165085551458811	0.00430800866856262	-0.0034110924986575446	0.0009469776835857801	-0.0004996773053747976	0.0008486384576760176	0.0	0.0	0.0	0.0	0.0	0.0	0.0	0.0	0.0	0.0	0.0	0.0	0.0	0.0
2019.3.14.cow.nasal.2	0.2963320748384258	0.018356490042603885	0.36057517762812463	0.15601834445305585	0.02030609544392854	0.01994165904319516	0.002775424345326243	-0.07561011262487743	0.36900339183232017	0.04069037767230369	-0.10591090619796277	0.023529154497977652	0.046085503831452504	0.05340460477016769	-0.0017017462162005152	-0.004519608762117052	0.11357615969534765	-0.060660292410420036	-0.06237128608969569	0.12110538972619421	0.014994306303163039	-0.0024709350437031154	0.055859333188923256	-0.09542787736939931	-0.01311735326755162	0.01934786781838477	0.02875947944816531	-0.031244320803494364	-0.03241589929834749	-0.029145277086371112	-0.051934318757740544	-0.03905875276256841	0.011101842362819705	0.017775189323809025	0.007387126207223923	0.0022427512045100216	0.035990151343076836	-0.03280046829363231	-0.021573649930122306	0.024226751423544017	-0.005171342019334786	0.013200541414093943	-0.0095880592505677	-0.01492816744381413	-0.045403143900239744	-0.024134471039016527	-0.002673329707839733	0.006942326299108785	0.01810874448250676	0.006314946803652569	0.009524662548646923	-0.012975028178619251	-0.004703097837189491	0.005451357115096974	0.007015805870695171	-0.00879116938642629	0.008431154471227808	-0.01566211738442088	-0.005574609316002532	-3.848705652818858e-05	-0.017806204230218014	0.008694023932223224	-0.016208149756329195	0.01313132200567085	0.008435154419148275	-0.0018835221494942062	0.013158791789412786	-0.00616853434613277	-0.007997698193319946	-0.016071802548527157	-0.0012854985489547373	-0.0038442015181373657	0.0028097977446950593	0.009141591042043842	0.005809912480343998	-0.003646039124719012	-0.007541609083818904	0.006718253019206991	0.00391309181427157	0.0019300091693243082	-0.0024163202484199513	0.008288630555940153	0.004387445176491765	-0.0015222456055314915	-0.00018654847819486763	-0.0033716973645624543	0.0012846572542728138	0.004204924132616718	-0.0018235425902860113	0.0	0.0	0.0	0.0	0.0	0.0	0.0	0.0	0.0	0.0	0.0	0.0	0.0	0.0
2019.3.14.cow.nasal.3	0.4147085741180605	-0.02926703401746916	0.07590902872769324	-0.0521623003291892	-0.03238364427218214	-0.27599923537632953	-0.07511357814575584	-0.0044132384269718605	0.027874072160960564	0.018094082413021226	0.2298739549548241	-0.028988038978852833	-0.16675542853357916	-0.10716385367519615	-0.15552933066709343	0.09149407448779615	0.07314577476511328	-0.15217441886242605	-0.15208258131454253	0.11521941945754151	0.02791610119474508	0.014964252122844015	-0.12400447963470315	0.074122814823535	0.03558271532848535	0.0923976669226568	0.026825087916879785	-0.03636133710170216	0.0025427297324505755	-0.020678660394533113	0.023880280280372566	0.013044718936573484	0.01910547247394079	-0.0078531629619589	0.007457511743138599	-0.01979186032762867	-0.018987406059877095	0.033803816649324005	-0.014492713119147618	0.010347993753589935	-0.019344551881857436	0.04675813831685016	-0.02844335092820871	0.021792879005751203	0.007024423348402499	0.007301771044650569	-0.007348452626595736	0.0003110612002609627	0.03335657738434241	0.0195615606131868	-0.0028050768222221607	0.022529808416477833	0.0012906395356680406	-0.002972307411362846	-0.021352953083007543	-0.019965120006630234	-0.017880599950324875	-0.010953564858282083	-0.0030599564830542767	0.0001826514421105733	0.0023626603162725736	-0.011684071483225665	0.004406173918036361	0.008705575931100416	0.006662456859390689	0.014288918922563374	-0.005938693869309951	-0.003404059178035238	-0.0045458982940917055	0.0021980555685181037	-0.01015765438428646	-0.006105532535311531	0.0031869317798243774	-0.0025297175964659278	0.007962590622414672	0.002981115004726805	0.00450698689949086	0.0015403146417059905	-0.00022383168020618946	3.172151345129751e-05	0.000359791081926461	-0.0025304666113406364	0.0009477578495706249	-0.004098473585317641	-0.0020359342140731764	-0.0001880156721589956	-0.0008500014599405089	-0.0008839558220644203	0.00022725492960110958	0.0	0.0	0.0	0.0	0.0	0.0	0.0	0.0	0.0	0.0	0.0	0.0	0.0	0.0
2019.3.14.cow.nasal.4	0.5757746549949881	-0.020492567112046632	-0.13079356357440564	0.0838811702806611	0.008421240631407971	0.07626053895485298	-0.015451163640963193	-0.055939260252594644	0.003998659098736355	-0.004894676306012165	-0.0011125001721772963	0.010476168652811093	0.06686629894177781	0.010954854658673862	-0.016790041913980803	0.008564349417537418	0.08023907119308814	-0.02367859688571164	-0.03212022458669878	0.05324679121870691	0.017765447762702717	0.04331931203905413	0.09197019834012944	-0.08253975432429102	0.003421607432285639	-0.0037233326629454453	0.016950046570758992	-0.021637758118516478	0.001760938254471105	0.025423007854854695	-0.044860916253859975	0.02301061432121971	-0.02507930235603339	0.03764936287395825	0.002118192855682276	0.0019207268923196916	0.005688683798237586	0.02832307781753288	0.01139254260829188	0.019001316592243186	-0.046924343544688184	0.05008181943536908	-0.035212250682519104	0.006819021095136103	0.0047634621103550346	-0.016845021853265568	-0.0068596192524839296	-0.005198112333446909	-0.0023913042570124924	-0.011149891539523407	0.022744759812403405	-0.003831682473615185	0.0004963966404135496	0.020467664523280683	0.03881888379861534	0.006835244527249007	0.017320411367248403	-0.0022466204219680347	0.017900032411433474	0.013949981005259435	-0.006662891270321003	-0.005550791563163378	0.011371555516721856	-0.0030835926317887997	-0.005809376673010441	0.011036663264678328	-0.0077970204308148985	0.008838216020749216	0.0037459897706195234	0.011055305933176177	-0.0003719197495338418	0.0024660240504377267	0.0013419202359904842	-0.00880523781386232	-0.002399616660757181	0.009725261998380703	0.00309560346581136	-0.007216456852936006	-0.008750108346521193	0.00024278266854151268	0.0043544809239666514	0.0024749805144630606	-0.008786422114759695	0.005811243645003238	-0.0014484944220538377	0.003692653091911311	-0.0007016558056669158	-0.00221236138480881	0.003493086381271044	0.0	0.0	0.0	0.0	0.0	0.0	0.0	0.0	0.0	0.0	0.0	0.0	0.0	0.0
2019.3.14.cow.nasal.4.rep	0.5719701704259325	-0.034669884337738606	-0.2079164589498737	0.023799864111527208	-0.07423306675196414	0.007563581167125399	0.02570929124470627	0.01803864387345202	-0.017259384366511445	-0.0018117436788708577	-0.023518663061145608	0.03142993712860391	0.0678832892872869	-0.017203406997162767	0.02970868802815612	0.016412637307354448	-0.04837076772151083	0.015654529964944423	-0.01779216121332235	-0.0037595791389351497	0.0009882179425862246	-0.005809164667968517	-0.01584093870789993	0.009366468892525777	0.004537195382021373	-0.0010445518232681404	0.013403615106539868	-0.022292963792734946	0.00997676280361614	0.046015337132885296	-0.017662196381533546	0.06199513736051475	-0.02153978497178	0.038663666995700986	0.010701471030581795	0.009662677649185611	-0.0031116441269723205	0.016873242850771596	-0.004836779275307734	0.018992534016088376	0.0029743657971753436	0.03711128584028264	0.019893118373754615	-0.023371836185024183	-0.0005574456645587215	0.00911463043569948	0.029141538293126303	-0.009480105041692196	0.017027183139099955	0.017068353093188934	-0.03315564376426438	-0.08420504478695406	0.007428259089619315	-0.04662507756181278	-0.03164624600164882	-0.031534749670785185	-0.03542409821393921	0.002894420457558392	-0.0356365517156269	-0.017974680382563203	-0.009492265985494385	0.009382695670007867	-0.01362207560602622	-0.015058628410811572	0.02179860422839826	-0.015439508252434963	0.032572498214398886	-0.008622516691631712	-0.005965919653357176	-0.02657305503529129	0.01295200461071004	-0.005255589505272762	-0.047246505056953894	-0.011533689649713299	-0.014800856207146473	0.02706290145847255	0.004692293989977696	0.0027636455494231367	0.007715467345138774	0.0007399563555105912	0.016314404413437882	0.01259893205868187	0.030933007545001282	0.014020694612949263	-0.0019390174245902312	0.0012520399904043845	-0.002738379077563812	0.009630107029585463	-0.000846983795235896	0.0	0.0	0.0	0.0	0.0	0.0	0.0	0.0	0.0	0.0	0.0	0.0	0.0	0.0
2019.3.14.cow.nasal.5	0.5564031124440949	-0.04339303684512732	-0.13460253780133344	0.026349529525750804	-0.06871295526194056	-0.021467342511967427	0.005229697123609047	0.005050351402355895	0.061515820556386346	-7.127884769847854e-05	0.041662173304735275	0.010595077188332172	-0.06997368599550645	-0.045922307657901854	-0.036777839639901735	0.032112900923040776	0.019077683411808315	-0.002387151530413703	-0.0012866312486467587	0.005573672039982444	0.00863191099312622	0.012135126428066969	0.08452631623994501	-0.07166378350341085	-0.013320322309405401	-0.12006548210616713	-0.013725983114189728	0.09058454433537655	0.043816704766466645	0.1467911786205845	0.02577763413111897	0.10315617722219349	-0.03870317898883338	-0.010703798750305816	0.023163217384223233	0.05760344534374473	0.020128995609117063	-0.0031038208786350234	-0.03249444785705364	-0.005213791821244762	0.06690128169490896	-0.004200928086567758	0.04978565472553629	-0.025208242690786004	-0.0034485354562561895	0.018498150172171466	0.0027062878893529415	0.027709488844024167	0.040476106614122605	0.022186529024783373	-0.011559726324018443	0.0518003369920199	-0.029013237138162333	0.011024358641992488	-0.030737833438072338	0.007415265614018608	0.003623767237083741	-0.006301204775451232	0.01674789704732845	0.016229931130489286	0.02209324889666817	-0.02596806340792002	-0.0020491079207246095	0.008919911747951079	0.001400809000451058	0.003629039435156337	-0.00027317967762745385	-0.027257883695925685	0.0028070544398066727	-0.002477154082777435	-0.02736010655172819	-0.014592337899874835	-0.0038243207399102945	0.01825327869367741	0.015760334943978688	-0.023061522471047792	0.00040563996102388776	-0.0005210253435621843	-0.0003334044821637434	0.011875397563012327	-0.000988196554890206	0.0028994633169958407	-0.0037763612447239935	-0.0004796432917701622	0.0002337311352515953	0.013071054143112836	5.167748296089668e-05	0.0020178314741399876	-0.0007520935504479678	0.0	0.0	0.0	0.0	0.0	0.0	0.0	0.0	0.0	0.0	0.0	0.0	0.0	0.0
2019.3.14.cow.nasal.6	0.3066829722165874	-0.06781115540162681	0.5463893599184275	0.18959819894819646	-0.011835876419106743	0.03926401729435887	-0.003871737317354112	-0.07116646278395669	0.16083063255645333	0.01873521004003066	-0.0662180066072746	-0.0027339606721335794	0.13298080148413943	0.07299880935288745	0.028959059516030193	-0.028928438566076062	0.01751044302013203	0.016996659981902244	-0.020544653711934355	0.060386630941545005	-0.016452253003406202	-0.1625503623142902	-0.11624585507988182	0.0334593870082914	-0.007796011361584752	-0.056962067724754546	-0.035671927714556184	0.050838317202333914	-0.0073843247487027745	-0.022868619140217414	0.021281060132654656	-0.011499393131074655	0.007929485798297498	-0.011577163109226362	-0.014230380795574338	0.012387863247752382	-0.01114161534502462	0.023477621084829897	0.0014758626224499055	-0.014881242789694289	-0.01207700157218893	0.004025423297290785	-0.0012223044184045619	0.017488841956104253	0.01700189616937136	-0.0013821914944286997	0.00947788430579175	0.00443181888054291	-0.004811341725160539	0.016310696770519325	-0.0064963078664734	-0.01140756579759953	-0.0017739908511450319	0.011446584247043439	-0.022696637647100178	-0.015235466307570382	-0.030100134162938837	-0.002577738521476697	0.00414884919210223	-0.01186004790753379	0.023250020968958552	-0.034474757917282446	0.02415709719560568	-0.0027499338870955368	0.004891274878228891	0.00022411016438102243	-0.016231682497539375	0.00837813746736942	0.021324354749190297	0.015239708623703694	-0.006961801441116708	0.007278217706073573	-0.012330063535920097	-0.0007112798329026378	0.0005937455921054411	0.0016445908418428051	0.006504554243138939	-0.005403160679115939	-0.007917584318920213	-0.0010577759631343537	-0.0029921092501946096	-0.004864723178477979	-0.002840342637517655	0.01221004916578316	0.005963536773272998	0.019664450899271598	0.0017044723417629917	-0.003092931047532061	-0.0014546557117726122	0.0	0.0	0.0	0.0	0.0	0.0	0.0	0.0	0.0	0.0	0.0	0.0	0.0	0.0
2019.3.14.cow.nasal.7	0.12016660702054459	-0.07970838096625742	-0.23412675442483485	0.09588139055766852	-0.03424838992149518	-0.04695743653657476	0.017382643639014508	0.00407362070652886	0.036803561652279555	-0.075149953868488	0.023534018415264254	-0.14311345470715675	-0.060173438571414	0.0607371374787914	-0.03108189890240493	0.06901330108848307	-0.007008274090559377	-0.12924763006907494	-0.013339559201388098	-0.01106718702439935	0.014190449489536298	0.041034995759200006	0.005035554629820716	0.04199628337071949	-0.02237735417594283	0.0019278577978593691	-0.0710269605397455	0.09224505951725481	0.00461058035026484	0.011344406360371076	-0.03518975119112109	0.009284829716909512	-0.002130981168191918	0.04517237284224754	0.02834313449401584	0.016236356044575993	-0.0016062462552957465	0.0015514756455229494	0.007700586427047279	-0.05028847648995417	-0.012308777446091669	-0.0295026482869259	0.016276218732002398	-0.003170546760992526	0.014124156116282932	-0.0139435665813667	-0.0001808702981252117	-0.020477118394964	-0.028255208555928193	-0.012807628614486253	0.011148270671636854	-0.04257189452688334	0.005993399943897277	0.016546379642600067	0.04251310198106772	-0.0006090103726144198	0.0027060002194736654	0.004534566126058187	-0.00021751297354495182	0.006721624953449879	-0.014697705987561057	-0.0003211496561290649	-0.006809515738550666	-0.00802987791543136	0.010535128630922978	-0.015336369165185163	0.01885820663863861	0.000750109890012157	-0.004066197031370261	-0.020749117246358428	-0.010645692894692693	-0.006084202217081739	0.0006909983753670283	0.007892240654927064	-0.005029819270882108	0.009193590992525267	0.0011465424056064006	0.008788659732426764	-0.0029284792054265173	-0.0030843211648629103	-0.008206719368123394	0.004500117161804288	-0.012317757272775546	-0.00025705660882886533	-0.004174173718428318	-0.0109366319547279	-0.0018278458286724137	-0.0028282050255059544	0.0039180918715160775	0.0	0.0	0.0	0.0	0.0	0.0	0.0	0.0	0.0	0.0	0.0	0.0	0.0	0.0
2019.3.14.cow.nasal.8	0.3991096915201058	0.08864727544838183	0.1878576171843889	0.17579309221349634	0.01453268361620613	0.02385390865706615	-0.02123700257803163	-0.049504943086833945	-0.14722934933907383	-0.04616939773499708	0.06748457051494323	-0.1250541083206459	-0.07576572207774682	0.11604412450237009	-0.002242825497180969	-0.08437208389351565	-0.055743345880946454	0.04669211712766583	0.04472538931630783	0.005679310553957114	-0.04166129696015295	-0.06860617970043073	-0.05724780211262307	0.02472994525381711	-0.03650299643538226	-0.04866184905379579	-0.013292802480980583	0.10429504394301169	0.02461937858700361	0.002740622893925513	0.0355964210117448	-0.0438707569270348	0.03232801698739004	-0.035643336023159354	-0.0020595827016276803	-0.02611964027252475	0.030290520124371213	0.008056672220066934	-0.03902137907459815	0.010197098186013486	-0.030343484590017695	0.0864935926046552	-0.0004925601885545157	-0.02498434036993735	-0.02493989349080149	-0.036609755559338555	0.005350226224989236	-0.008436525608399265	0.02311397344651921	0.01867645113864556	0.013601483554268226	-0.0011226538925549127	0.023252610277328303	0.017108035672540996	-0.0159264248233217	0.002390323855833106	-0.007091477921784224	-0.017536001907759613	0.024193609174476282	0.010986595073926133	-0.00037827234911091316	-0.016143357083579963	6.750550184620066e-06	-0.004107020326565275	0.0035952661828242065	-0.02251861179766251	-0.0008854551727322425	-0.0011647986799345996	0.015646872533549714	0.002697460109382746	0.014679957124508433	-0.0033289787623919493	-0.00846015626721962	-0.0061158803804271435	-0.011657027944477148	0.010053164508105882	0.003171642516398986	0.003790611204889027	-0.008525745041708612	-0.009683847047169899	0.002928986502247386	-0.00028141595342892286	0.00034580347365247856	0.002011537892257552	-0.00189923933564363	-0.00346247220777805	0.0011482199762006468	0.002307913781055753	0.0002709331609717489	0.0	0.0	0.0	0.0	0.0	0.0	0.0	0.0	0.0	0.0	0.0	0.0	0.0	0.0
2019.3.14.cow.nasal.9	0.5106818714067761	-0.013321670361725125	-0.19038116420904277	0.0017840784345943487	-0.21347656434089418	-0.09382736861447682	0.06879597239682914	0.12846481106381047	0.04980332440575584	0.01176857975017464	-0.01034132342280386	0.026493648190751035	0.015027105204492451	-0.004991813204139555	0.030174854194683152	-0.007265713112656298	-0.012341097455438434	0.018528832924699975	0.01073510116468305	-0.035859344666584254	0.006005381811456009	-0.021171688911681592	-0.06515337421892972	0.0432833716491371	0.003751027682412043	0.039805029795137566	0.014605564883852888	-0.010170832118550535	-0.007991971827044744	-0.0008229206963227356	-0.020173689642609162	-0.004522404407730574	0.018169518800069673	0.04529977824030405	0.014793814230924065	-0.0010842906140304338	0.047883155209367284	-0.05680251813860945	-0.019619663414014964	0.031136184394018645	0.03340419074989017	0.011006017076876467	0.033101281266654466	-0.05942310472452908	-0.012061536017440682	-0.050206804851982784	0.048516586974524115	-0.004954647417396008	-0.0490930944308163	-0.02623520764920762	0.005243108316514519	-0.0951192955897393	0.024196264557643562	0.030808501901756036	0.011685487907368574	0.011250249401066706	0.0005922304892604422	-0.014959028617806078	0.012795866531535803	0.012851461861605963	0.004353178502533173	-0.00850413195816131	0.02699239916749586	0.023368257180331354	-0.00721325225514473	0.046068687812267285	-0.020359173213222802	-0.004414795816026528	-0.002762071598951242	0.03298532169236117	-0.03422004338896217	-0.007097341234704996	0.02116299579009479	-0.017423194279393348	0.008530701404915218	-0.01437105609785296	0.014298514682614345	0.0033606419728575685	-0.0009711751062885887	0.001953396398192381	-0.002780812334477078	-0.013135800575768262	0.0014322860323371142	-0.005184595591964675	0.0034413356069513323	0.004204228215708029	0.002531452110098037	7.496567754803084e-05	-0.0009757892843959692	0.0	0.0	0.0	0.0	0.0	0.0	0.0	0.0	0.0	0.0	0.0	0.0	0.0	0.0
2019.3.14.cow.oral.1	0.17412575665198063	-0.03956767260770536	0.230661459798819	-0.32347063694091643	0.23814908573000165	0.13621897026072974	-0.005300505995282098	0.5716247047039901	0.06350631456516823	-0.028560664256042197	0.0011668024477099997	-0.0008903551806875586	0.025961451420077265	0.011586205144747074	-0.013324721690455654	0.034405573468903175	0.025436295730551423	0.008384827806402094	-0.009496203804371493	0.011219779892106293	0.006326704167985381	-0.03665605055138926	-0.011882901941812078	-0.014207629605604665	0.008800477428461836	-0.029174025087362433	0.0074086039093694085	-0.018467828790914055	0.004941309043426855	0.00390440888091695	0.00830029855653294	0.02606323467592692	-0.0009716597741996863	-0.007537643189045568	-0.024319509978803482	-0.004804481858958053	-0.028497297789670493	0.048815309092815916	0.004028356474522166	-0.01589385999210926	-0.014837702367961867	0.012979842635761449	0.008856600409195304	-0.002639384955438241	0.011844564754589634	0.018904730692564823	8.46954819540699e-05	-0.01862193962123452	0.00453419663953347	-0.018009427990492752	-0.009131663977914508	-0.0021696142576290655	0.0022499981456764605	0.001979080703337348	-0.008254221231476674	0.0102914290601673	-0.011175286751690792	0.013015852219751555	0.010556773428590365	0.004059708715842502	0.01791551970565869	-0.005559724264010822	0.010511830973611098	-0.006030340921351143	-0.008782594897976913	0.015988129313571294	-0.015305464622876429	0.012240065879219834	0.0016173310920338997	0.010586120590603175	-0.0009708742004230461	0.00327223762563919	-0.005033205824599419	-0.0036987001522067737	-0.0052734616875977115	-0.0024566434390332773	0.004453861029031268	-0.00045834551029592734	0.001149220966918434	0.002262835717081499	0.002204807073122976	0.005339428579195901	0.0007987914417345059	-0.0031888340930475993	-0.007825300424433555	-0.0065009507036416	-0.0011656531664220404	0.00669791452104151	0.0014907033291594396	0.0	0.0	0.0	0.0	0.0	0.0	0.0	0.0	0.0	0.0	0.0	0.0	0.0	0.0
2019.3.14.cow.oral.1.rep	0.2953923516403787	-0.0014957252684775534	0.1436380294938627	-0.233556038057729	0.2928019156161945	0.131632188530967	-0.008853159320717926	0.4742126688668728	0.06220908249033309	-0.042894518315584676	0.026760531730043776	-0.051790316019647634	0.003471952631186271	0.03306203626651541	0.0051354012432466315	-0.012263147062991843	-0.01048155903813684	-0.010456827829955037	0.003706160749638546	-0.025355114357173237	-0.0023929987043178162	0.026578909275060666	-0.020836129562214787	0.023139892019697322	0.001789195754946096	0.01927133734716511	0.00906064510492438	0.0372298914088093	0.019996625256497376	0.014529265415692456	-0.005451007683931597	-0.022046824100581352	0.001127834245424153	0.018704898462836413	0.014774615312527216	0.006562187912559683	0.027055783955167095	-0.04015954720681728	-0.011279728126342179	0.021494716340307522	0.003994600262820355	0.001847497065024499	-0.013281560578757717	-0.0016203653714148487	-0.017657533115836205	-0.01942503807930003	-0.004613905335541856	0.011487411182669993	0.014861653450622401	0.018730932345097685	0.01352575304109245	0.004433602947965819	-0.009141179795669798	-0.004668589642021534	0.0077434361394950685	-0.004424117943697279	0.022609591501949577	-0.01315023146984083	-0.003790855393827451	0.0024040728642077793	-0.025749761871901318	0.008558343171594712	-0.015741791260600886	0.007336247891171622	0.011036026187243586	-0.02169581663361543	0.01890933862671061	-0.012159067293234424	-0.0014446925857787148	-0.012339989610166656	0.003290310211619238	-0.004621287822522633	0.0092823015867939	0.003390981537616523	0.003387721367452873	0.007024175740510244	-0.005651088840597172	0.002041443705430443	-0.00555635696509538	-0.005764359262574978	-0.0045749583994216915	-0.006068017685589587	-0.004349880094022161	0.0040986363253812195	0.008899575675200791	0.0060811521740018635	0.0015727100367593165	-0.006565214839708372	-0.0019978538300633487	0.0	0.0	0.0	0.0	0.0	0.0	0.0	0.0	0.0	0.0	0.0	0.0	0.0	0.0
2019.3.14.cow.oral.10	0.5082942263321893	-0.007341551332065945	-0.1376457577547393	-0.021514666777076728	0.19373851565515882	0.13321177513572383	-0.0656711776304424	-0.08723497459613185	-0.12138523353701587	0.014727481546642598	0.027824171363574752	-0.012896501937115173	0.004172817214093757	-0.010980620243674945	-0.05874510602997255	-0.03999162895114178	0.20816887638827478	0.013058032710315717	0.07309073398808727	-0.05156345341429364	0.04427334997867642	-0.04711338647977961	-0.018979982893473312	-0.00881664252898294	0.02251803741979084	0.011112630870705282	-0.027834495586244627	-0.07702038754903506	-0.04730241442635922	-0.03309956599917953	-0.011797736731747655	0.0005185314627054895	-0.011173408174963663	0.0347693706497847	-0.02077224561440288	0.011949451346584447	0.020590748644102642	-0.021690528130422448	-0.015057557910734294	0.000358990606659451	0.002732393539450402	0.0020001211342140046	0.007585746427698519	-0.011606510663511876	0.027896658287904975	0.009947122097244234	0.01016667608867632	-0.004399014340815335	-0.05085756722019187	-0.008875049764323982	-0.015913857433918717	0.0016794978853790538	0.02440932426376102	-0.03186859936029452	-0.024347540967293024	-0.03771344838956955	-0.009750686654951797	-0.002951618933685926	-0.011840390902927444	-0.011940073679552524	0.012458180077331885	0.009290730828636204	-0.0069792726542747185	-0.01889364846906059	0.007453905176297004	-0.01971407906268118	0.008917186855165675	-0.011648087167804248	-0.00036238274664322686	0.00775374226562056	-0.004828375070075745	-0.012459349662832348	0.013367834502620177	0.009383425353629954	-0.002036307423108885	-0.00547626687772853	-7.594116616017923e-05	-0.0025874216748568587	-0.003419714224781103	0.00405105059849685	-0.004106931168949087	-0.0004564018357124008	-0.00708403179553053	-0.008542014570848215	0.0005329225942978128	0.0001319835559491661	-0.003724219928385147	-0.0010356891107218616	0.0023132948613471295	0.0	0.0	0.0	0.0	0.0	0.0	0.0	0.0	0.0	0.0	0.0	0.0	0.0	0.0
2019.3.14.cow.oral.10.rep	0.5690879764932876	0.007496928265422912	-0.23772568201892652	0.0009868764598080367	0.005025059393839898	0.04934411267070732	-0.00141969948332948	0.0010879304579697882	-0.058133398964519835	-0.005691445836996964	-0.021677931628706938	0.026415393818162314	0.03938637994355074	-0.01621088756091484	-0.00785721813081082	0.008436225256547313	0.055015782574806917	0.026356943046977017	0.011763066806266181	-0.019875772889669734	0.0162449070895616	-0.03740024506708903	-0.02120536396040517	-0.005975395201643228	0.02126716636859173	0.002131010641593521	0.0029453397715625868	-0.01861213222677362	-0.0038259619925829595	-0.008311722825899417	-0.01088095226218144	0.025585216215940305	-0.007683391556806426	-0.005895865934872028	0.003121985805817583	0.0028699031902921553	-0.024705050207719403	0.009736157619859973	0.004514823139934783	-0.00590682603567676	0.014052292487006618	-0.039824172543656645	0.004009869581018618	0.03490213068319518	0.01156337252732355	0.013558007022260486	0.005493597405648756	0.011940054280854965	-0.025348522675749663	-0.008505068685301374	-0.004342838984880789	-0.004640653040757388	0.005343761781261537	-0.001220399504302339	0.008137328268321345	-0.04243748803859739	-0.024854958081742925	-0.00378945863930337	-0.020135318665477433	-0.01664037027667911	0.01646111674121218	0.0013009885943214322	0.007605456551026872	0.0027695624585421233	0.007672989467689454	-0.0036167285020588906	-0.0047257228625460085	0.026012087545406	0.009131077283919518	-0.00031743352860812786	-0.0031345668464333636	0.016345291786924638	0.008796963998609707	0.026411555111941775	0.022169873205422744	-0.012899631185753315	0.0005356949564808823	0.004860608741055847	-0.009995763417366538	0.0011145325319904262	-0.008780281421024367	0.010507144259218561	-0.01505750611360084	0.005903761771291587	-0.007302505720630034	0.012664253603023631	0.003986682814216505	0.010160376477083611	-0.0026358861716976796	0.0	0.0	0.0	0.0	0.0	0.0	0.0	0.0	0.0	0.0	0.0	0.0	0.0	0.0
2019.3.14.cow.oral.11	0.5759284605161289	-0.027208604514655486	-0.21785947773305261	0.022427957883975596	-0.10718521311852897	-0.016153539064547112	0.03172965995378159	0.04803983102865337	0.019594272875556824	0.0024065102867471713	-0.036325167011256015	0.04647270410692738	-0.008550687714286468	-0.026496050237514175	0.019596893165875606	-0.003462195437940586	-0.022919034934578576	0.057307608992235894	0.0556487062248277	-0.06083728600616845	0.00636819433815097	-0.036326191004700394	-0.0197838904343643	0.013184384187005368	0.004231467296270993	-0.0011011041452351192	-0.007536715226636819	-0.023169729626129672	-0.013449535342692649	-0.02552359989826291	0.01238673618051852	-0.02770214952474863	0.005414679664239197	-0.012904034301893654	-0.007365384062220302	-0.009014207791834742	-0.0144289470989308	-0.0018686807503103928	0.003108997567734533	-0.01797544198534492	-0.007738249227063993	-0.00039578229462258887	-0.008696539953403802	-0.0054920827806060665	-0.015334486930710968	0.0015230390469445558	-0.008618016870012242	-0.004126197208256645	0.04934680315527569	0.005859196177633273	0.0031517905949314763	0.004089672339661569	-0.019971772186242014	0.005681248750966622	0.0325172867141812	0.013068346883196365	0.015499036310888559	-0.00609749227041601	0.014707672655157204	0.018280886120419466	-0.023684150971064844	-0.0037549509302005715	-0.01683086182145313	0.009832287835869646	-0.0025654934155636567	0.013438811861647372	0.014426702699859874	-0.006632636850356495	-0.0038243293623232886	-0.008464196652184841	-0.030837635201601803	-0.024105284807207708	-0.0032859135491850942	-0.017963080414046633	0.013869042266770996	0.013099280827958108	0.014514194239790444	0.0036000365219956915	-0.014299658318223612	-0.006956551294246718	-0.0016499061976227626	-0.015721940381506577	-0.00530204845533414	-0.0090220490662745	0.0060307728815189735	0.012225024978646425	0.0034054784177810524	-0.002314505786932423	0.009986471310031149	0.0	0.0	0.0	0.0	0.0	0.0	0.0	0.0	0.0	0.0	0.0	0.0	0.0	0.0
2019.3.14.cow.oral.11.rep	0.5784035971699225	-0.024735648938285747	-0.2017060046726389	0.04478837168396682	-0.09117041869047558	0.0026351926529145854	0.02425377081439933	0.0272240026668518	0.028193560924910942	0.008326153912053052	-0.024238697042872143	0.03540293398083793	0.020941338086830956	-0.019541051292587902	0.022669996610676296	0.010129296341565766	-0.03149308580597858	0.03775935812188895	0.025978897014874235	-0.03352512799779421	-0.00313446315983818	-0.016799918428680612	-0.007539337340699663	0.005347969628082841	-0.000963289491836082	-0.0038416618809809008	-0.0023770500667914096	0.004668971131613247	-0.002076689431174501	-0.012755754991213935	0.01637433847141206	-0.025070221711879226	0.010973376951662972	-0.0038994229174324864	-0.021824855158762552	0.0008156250403282834	0.006400899496929908	0.00431233140758204	-0.0019161722873342179	-0.007550022154943045	-0.011804436437876872	0.005492595591519365	-0.005539582616474846	-0.012551660818867216	-0.009784328732078946	0.009213825840547894	-0.007307840903891758	0.00029866227353865277	0.016270283684145286	-0.0035231475793674957	0.0022765415795446835	0.03804346667702411	-0.005700978135253605	0.021569266556608773	0.0031148324153040335	0.02386685841273467	0.019008803709420864	-0.0012513694775330355	0.02109302847307929	0.008678683510433279	0.005512318847832763	-0.016359353420824098	0.016687815440028196	0.009366955057899093	-0.011967381877619452	0.025708365791213522	-0.01366084083574639	0.009744287209377272	-0.004690712968272433	0.012088203491211848	-0.006309791855937431	0.013495834165027552	-0.01108435443725526	-0.0036399904864786296	-0.009240749613992466	-0.0021734933751682214	0.0009761399744035629	-0.0025923987699551575	0.02518027132250267	0.009650124816273704	0.01249269452566812	0.01701368781245553	0.016845167622130765	-0.00023178115201274562	-0.022328264850299935	-0.041809122374962586	-0.014501318470437705	-0.0067539554193479	-0.0060097931787194145	0.0	0.0	0.0	0.0	0.0	0.0	0.0	0.0	0.0	0.0	0.0	0.0	0.0	0.0
2019.3.14.cow.oral.12	0.4311278407511108	0.11295801239420948	-0.23404032913392128	0.056034660539757544	0.026137233846312995	0.05532710588561393	0.02214997127049423	-0.04765635941289792	-0.04354550162060209	-0.03577441373367794	-0.021681300487274877	0.01036563996261681	0.027806077194513883	0.0046095318919628266	-0.012890804392242506	0.021791568691322597	0.008041364226203824	-0.013666729869093239	-0.057418829074469296	0.048923188914974325	-0.010208306663078153	0.007594825103492375	0.024906249081074326	-0.018778737168499916	0.010837337339016775	-0.033988787827655985	0.037813402220463595	0.03788017006984968	0.0468805540391046	0.023442884151005258	0.011370703350326089	-0.014315027344786763	0.0260403782615122	-0.015858549673266706	0.003665007142863137	-0.022307691043798823	-0.01961274764303569	-0.05250146114315529	0.033031935463352494	0.01805803921959275	-0.005225201107012097	-0.045434590507724734	-0.035402570639591645	0.026234184061117223	0.02139552444059128	-0.007035633955893577	0.005650610650583427	-0.029950954325808608	-0.011462713264462706	0.012795583916517934	0.007185452359051523	0.04252231025353111	0.04042464602178881	-0.00712313558059041	-0.024935375714028582	0.014472144064165048	0.011265145208962291	0.006279846477167006	0.005377673496880305	-0.0018944600334925743	-0.010503074678539288	0.029204663253090898	-0.005810758296269311	-0.0005255633732832969	0.009382148229193393	-0.003295750203371412	-0.011550566168546139	0.0021333185133123565	0.0005650524557599932	0.027217846361753364	-0.021452197037404475	-0.026750959628675096	0.028973049459088466	-0.022959236855276528	-0.008352348553693798	0.026489772534279525	0.008946294462314597	0.009271177782085771	-0.018360326637589974	-0.010696879171707828	-0.0015863757952262736	-0.003838567912066397	0.00028033062546630865	0.0015465460047877886	0.005169137286057113	0.00859957960960781	-0.0001113461598269993	0.012334467986983936	-0.0032335270718262476	0.0	0.0	0.0	0.0	0.0	0.0	0.0	0.0	0.0	0.0	0.0	0.0	0.0	0.0
2019.3.14.cow.oral.13.rep	0.06384278340516215	-0.1502810681992677	-0.014581194622942354	-0.04284771188092569	0.22551021871148053	-0.07256664994010364	0.40854663413398845	-0.08135635136426995	0.007021806832412373	0.044111220594580294	0.03646974187831562	-0.07937256405028871	-0.04924178034911059	-0.1107663460461209	0.14764306354507847	-0.12622879534992454	-0.010061024993112483	-0.011655410847106609	-0.0527861851305951	-0.03321965193048276	-0.0007378738406935121	0.030073338666460874	-0.02164437019840397	-0.016159837319158103	-0.007625143648323463	0.01628918149273171	0.0015888378338664516	0.028161713290032527	-0.013301917561872847	0.002902380839299294	0.002740620664137444	-0.018057721121824764	-0.012722907552610345	-0.005112999770582626	0.026682459293062455	0.032779547696640196	0.015742812286912572	-0.041563889299433096	-0.010804126774501118	0.01642691780565885	0.01017462775408954	-0.007613554095123632	-0.02645890323795227	0.0038573670539575997	-0.012526896544138782	0.0003591867382211432	-0.00480638678421622	0.013075563027410099	0.013923613579097029	0.013946976766255151	0.01261524744033027	-0.007497057467710401	-0.014712967455171371	-0.007147079061431025	0.015658583430476502	-0.011473797497626472	0.014430557511572479	-0.005959208290569113	-0.029947138296491937	-0.0029012487390394823	-0.019990909285220664	0.009351562789298922	-0.017499028926675694	-0.0019891473783839944	0.013030682987320956	-0.01588684399603001	0.010507622392591188	-0.0014933385878016937	0.001945986529443061	0.0019216435700857477	0.0003777771156423412	0.012861618797639108	-0.001028763366169763	-0.00845943734232794	0.007616137783914211	-0.004031957042932318	0.0007448045310065553	-0.0009846561934895655	-0.001467122098554909	-0.001859040976412407	-0.00037233734965899136	-0.01417081470453119	0.0006446142873911692	0.0024163406470841978	0.0025603776923733613	0.007983069281363785	-0.00023809043633354462	-0.008833487991538996	-8.500128079009084e-05	0.0	0.0	0.0	0.0	0.0	0.0	0.0	0.0	0.0	0.0	0.0	0.0	0.0	0.0
2019.3.14.cow.oral.14	0.5717642637142631	-0.03930929713399525	-0.23467363850263828	-0.009492932257577165	-0.14567814608630053	-0.04743617094197543	0.04415077322964047	0.07742749866196777	0.014750187154428414	0.012524792287811046	-0.04736039258164329	0.04679090248173073	0.01943879741621246	-0.015090758874331768	0.03690034383190892	-0.005964547259997286	-0.043976003168832004	0.008673952543605102	0.006489673336523289	-0.0011371579402304679	-0.017802853024645945	-0.02657286680034313	-0.006179160768829037	0.01885859199837646	-0.02189464992837306	-0.0037179931197472917	-0.0312235274224871	0.01465352525551128	-0.03189025470063711	-0.07320254371208572	0.03702111324398478	-0.08235219721523732	0.02193273570550407	-0.01990335990585682	-0.0231787779632856	0.01600829503757737	0.01213102291633801	-0.00777274951414601	-0.005126591453527807	-0.008938688529827328	-0.02536037597239909	-0.006329020770400177	-0.02067980361326949	0.01702895541938042	0.00639099328072358	-0.007696333952552103	-0.015919210161197444	0.0009498287418803727	-0.01715743108664921	0.0023777876746842977	0.014557904696284877	0.04629295271740712	0.013817604701865157	-0.0029349769940255916	-0.020048102038908475	0.0002559718836388997	0.012606431085131245	0.006146739930197725	-0.008988401644699592	-0.0014646265563165312	0.0037783800114269046	0.007479453531611768	-0.01206064201489789	-0.01124990484777249	0.009732348123132504	-0.028790907608617838	0.008340003585278156	-0.03651405051266664	-0.007801441605613421	-0.006298407032536386	0.0015007310451089465	-0.007444988364040696	0.018536896694119516	0.026277718328525126	0.0028566993025119307	-0.01674664941205291	-0.017679380988185053	0.00045828640913922957	-0.00705814320291489	0.011336877280507427	-0.0014831962534500019	0.006217599631670616	-0.005654898626223103	-0.0050248977038277	0.0037242810330928395	0.0032951004367249275	-0.0036798049771818693	0.010989808514724685	-0.00505719481099804	0.0	0.0	0.0	0.0	0.0	0.0	0.0	0.0	0.0	0.0	0.0	0.0	0.0	0.0
2019.3.14.cow.oral.15	0.322126215774886	0.03197160571951534	0.240601975005637	0.10915387850291057	0.12124739887868706	0.08156582550547402	-0.07700175105589745	-0.06569345242665305	0.04024247462884482	-0.024952504009347398	0.22052913916608455	0.14462373177702273	-0.11912615533727604	-0.239576549857	-0.015554829694678158	0.08653460969816515	-0.15284330351674105	0.12598201652572075	0.07220720805089216	-0.11474141041303182	-0.005119361652997793	-0.0002953984179174741	0.06468582959960323	-0.026538055363792612	-0.006193286338016049	-0.03526659390893864	-0.001930262067769494	-0.016306936272371297	-0.019887900717975318	-0.03713930758553984	-0.02567332397668598	-0.041362714593326855	-0.0006269505627146764	0.014280359788513056	-0.024341271301392155	0.003019693818930963	0.006703729681573545	0.012156811926460214	0.016607322744445926	0.0016262874302625525	-0.06047965933665205	0.02700481537381744	-0.040590534595630036	0.024073564320479628	-0.006725345909344085	-0.014004193849541418	-0.006299757752440937	-0.0009026544000931562	-0.011855515995704502	-0.0046082905442464284	0.01906953358826112	-0.017655057913637515	-0.007923873458382552	0.012552333263215518	0.02022700697898974	-0.01695935110061132	-0.0023881921847431226	-0.008061726261635559	0.0029599463763184046	-0.004326330787137227	0.00038761410271974465	-0.004476227727890622	0.009249253899474515	0.008281380780535998	0.004385244001050179	0.012496542006458892	-0.004648364615099663	0.002167728414155287	-0.0031048078351680083	-0.0031629025620626334	-0.005805672998285441	0.002563036066549969	-0.002018235663697502	0.00917857925963067	0.005673903750635417	-0.0016953833819055612	0.00027311188232121406	-0.0022489057804315304	0.002373112824699774	0.006894357129928256	-0.0004796006056323829	0.00963894680451049	0.000324995552732945	0.009529839849139297	0.002588906164170555	0.014476711125721435	0.003396623498957688	0.0023652254835945866	0.00012256135815405495	0.0	0.0	0.0	0.0	0.0	0.0	0.0	0.0	0.0	0.0	0.0	0.0	0.0	0.0
2019.3.14.cow.oral.16	0.4871880419778723	-0.023704154324299457	-0.10894401492297429	-0.10744471857014212	0.019542441328632098	0.06502022464787745	-0.03395448227805582	-0.06780848091695778	-0.05252675574172825	-0.016433891283594335	0.11598939081127489	-0.18086603560714515	-0.10351953246199888	0.12521207270551593	-0.040101974994508904	-0.05620194429130217	-0.16298065197776646	-0.008185317448853606	-0.021066714857967943	0.10716925251293052	-0.06247253202633906	-0.05321191288108814	-0.011443462378018715	-0.007761051792667736	-0.0343275040389	-0.09186216447376898	-0.0043747208068338535	-0.10436063141557413	-0.10287635127653294	-0.021528572725642858	-0.0018055955269369798	0.024885315440418533	-0.045425605333427634	0.028119673660987138	-0.030479270661805755	0.06127205563701104	-0.022216917317536455	-0.04068794663292156	0.06438391631673257	0.007592390164498292	0.001355807968951098	-0.034654998344171656	-0.020630525667412646	-0.021231266899543435	-0.031621008337421264	0.0357470708399729	-0.0023748139671668253	-0.0054158332273312555	0.008561597948177775	-0.010215671595959869	-0.03351414282077653	-0.01672949975947983	-0.030089370205421868	-0.019494826395219798	0.00754196965811578	0.015149591433983185	0.007060259115451779	-0.007166591636238792	-0.010269475299737325	-0.0005573604762039261	-0.010069881215663072	0.024320082654972472	-0.01093184001166182	0.0043717982729106	-0.016591003916313105	0.01579018328051963	-0.010824415483165793	0.00838542567248117	-0.011452032060302963	0.0036985361549941634	-0.009799884394114534	0.00016658383311076835	0.005181775692717891	-0.00745241670012581	-0.005590782432850141	-0.007495119920118965	0.0005375781103289485	-0.004403511330269216	0.011556903177031997	0.006996548660034967	0.0029323750188656153	0.000496312852098972	0.004234017823106009	0.002556492869908399	0.00041351607649037225	0.004596600986095923	0.000754789327468556	0.0013600386225892328	-0.004053582104544226	0.0	0.0	0.0	0.0	0.0	0.0	0.0	0.0	0.0	0.0	0.0	0.0	0.0	0.0
2019.3.14.cow.oral.17	0.2097926196081645	-0.04056873073474364	-0.1265702001531145	0.07027641601335338	0.21570714495959073	0.18178835962669587	-0.006279062534484013	-0.1102862150221195	-0.11932519233481427	-0.03578325065968742	-0.025429039350840024	0.046326381885137394	0.1522903743592536	-0.013042046637842981	0.06336840480288682	0.076199931037281	-0.10610417827704574	-0.0074624289085885144	-0.028395587772855613	-0.03318574553410905	0.04634152202342689	0.040743104860393356	-0.06129086227851396	0.013755758181507528	0.06127849378617576	0.09045805402161589	0.05029369681228691	-0.043014987889581115	-0.0012271706599808051	0.005258792519616581	-0.07829778823529415	0.029361599855866144	0.012069992567803174	0.060263815669000464	0.05324024897166742	-0.003636267659317995	0.015249704515530173	-0.02323367603498884	-0.012535713468024137	0.020782865300882785	-0.0020597556543113502	0.018882364822596493	-0.01003511116030115	-0.011615708942413728	-0.04275903992534401	-0.016344534258615925	-0.010081387196320988	0.01008092398574672	0.03642641787673219	0.03249138381768021	0.0023748960406459714	0.05962844812988236	0.018055360851356884	0.023981573325740503	-0.021900196152142323	0.005595952528596112	-0.007639127795027905	-0.019121601531235988	0.014908701239649373	0.011372441905752852	-0.0005534848486592282	-0.027079783771077108	0.004050396336492536	0.0027007154956760473	-0.0038081205684257656	-0.00963534838054115	-0.00406675680810854	-0.010986033396947138	0.006681747511931064	-0.008092792196477678	-0.008991618060558381	-0.010303998146658047	-0.017013825227719385	0.0002882329808677424	-0.009351807593297505	0.0028331854773785267	-0.0003016057758840745	0.004314640819658252	0.0028988555785150268	0.0004964007074208506	0.002951514434418412	0.0015254336120907731	0.005995999327269725	-1.8146502607175906e-05	-0.00018697145518045252	-0.001402081414125674	-0.0013908512343787204	0.002186687035484968	-0.00095672394123174	0.0	0.0	0.0	0.0	0.0	0.0	0.0	0.0	0.0	0.0	0.0	0.0	0.0	0.0
2019.3.14.cow.oral.2	0.48453149113293076	0.08676259919782167	-0.11723574650295689	0.04935069076124295	0.026354336847168182	0.060108017039179236	-0.019889620518383905	0.06557188758158142	0.09273844580939389	-0.037040955043402615	0.08780905349016703	0.014190395512638159	-0.002896036345479152	0.011076175461691174	0.002480564591833633	-0.01513956958552417	0.008706653623700765	-0.020558592723251685	-0.012420879436316529	0.08206177041733953	-0.02631088648796159	0.045676141110825186	0.11953512441990703	-0.07981529191207185	-0.048669563340426866	-0.030334818644737027	-0.033734071793923535	0.11396130985057273	0.004756897276492366	-0.03489517868503654	0.004116101175654675	-0.05760946727660888	0.024528442611186196	0.012158728746222565	0.0181380677089067	0.010786269028402141	0.002137244300938379	-0.011327396000185126	0.03578053417591102	0.002572123675557406	-0.01563312293244345	-0.029919494367596212	-0.03297140315719253	0.03584249543822033	0.023063022002304003	-0.014641820767739242	0.006555986321139864	0.023567729637442126	-0.06245919906058011	0.022409018762135174	0.002984387934773508	0.011689834024243555	0.041460826717061715	-0.01197758987926503	-0.008395037730767173	-0.02096239069429591	-0.03618423321988196	0.012489339654717291	-0.03288587987873252	-0.03323352680835842	0.010334072783983298	-0.01127256336131677	0.025383159955463745	-0.012691475085936906	-0.00282951423259082	0.01665086428905807	0.006386353620710213	-0.0023893864301298266	-0.011300157565693926	-0.00562731394466282	-0.009359793181614387	0.0007640983078189466	-0.02174166278207366	-0.01311670546960021	-0.003945641593317724	0.004957980656750809	0.007624598902860229	-0.00465137636386371	0.01404734979880518	0.0038287599343288055	0.008844884980883367	-0.004304411538467503	0.015323452024950274	-0.009491840043153522	-0.0005810411935006941	-0.010891762023609287	-0.002892288767007424	-0.008872914729890007	0.003760397658689622	0.0	0.0	0.0	0.0	0.0	0.0	0.0	0.0	0.0	0.0	0.0	0.0	0.0	0.0
2019.3.14.cow.oral.3	0.4087377351980263	-0.0016906284224959178	8.062704521060949e-05	-0.21264743536192332	0.21296587732128244	-0.42245043528473464	-0.2012248479813461	-0.11352176032126131	-0.03348355056401555	0.04748371612745224	0.00019230845603979341	-0.02138242520893562	0.04846011127011828	0.0510907879888025	0.032450544421576966	-0.01278359633819089	-0.010874589540815981	0.00234901073216633	0.04073317187075311	-0.026844831361691378	-0.013531898948366239	0.00022371279636150825	0.03895102952409562	0.0019136105637379457	-0.0315195241905741	-0.04576742288727867	-0.026095464238662693	0.03809881046057886	0.001420393233105726	0.010397143301305159	0.024970265455676623	-0.012136437125165258	0.005330502998349499	0.004818437023147473	-0.01593689850645286	0.020268335957746315	0.009465788137103467	0.0032728820875955297	-0.010649536767503881	-0.0003114262221884117	-0.013954298623210779	0.01823216746100777	0.0009651442451789237	-0.017392849826495374	-0.004075413466146564	-0.005587088773054327	6.885352305916357e-05	-0.007660995646996206	0.0057293863939141265	-0.010900405990552213	0.00541633483888063	-0.003078094010098501	0.0036383940631711997	0.001993866633420708	-0.0012355002863429724	0.011637047758439531	0.013607891375031224	-0.002173341881529577	0.0109063690004085	0.007100808271212109	-0.004584958368337345	0.01547893489837482	-0.00491911953091698	-0.003617709592063377	-0.00017464590221885607	-0.004427762464519491	-0.0032355305624276916	0.007447797182913264	0.0017937620602812736	0.0007577280392662902	0.013104486087726139	0.005578105855548888	0.00642474548932913	-0.002852878565706635	-0.013476941291683968	0.0005605392980455445	-0.003323530386282251	0.0012289866722918724	-0.0010180564944661083	-0.005390707323325867	-0.001937316691392157	-0.0011106008232037023	0.0020902496698380854	0.002713503001666499	0.0026750616004953256	-0.0019927227594974573	0.0019004118571274962	0.005775017905853066	0.0035624443845367077	0.0	0.0	0.0	0.0	0.0	0.0	0.0	0.0	0.0	0.0	0.0	0.0	0.0	0.0
2019.3.14.cow.oral.3.rep	0.24328863511363305	-0.012749262402609329	0.16072425130681914	-0.2961495661394072	0.22085671170571786	-0.518489188302752	-0.20902705576135103	-0.08065262445546632	0.001827416507418621	0.06335156854873983	-0.04836703836941672	0.04134524428358104	0.1305595989996039	0.024080697858892733	0.08214893491802562	0.01065940864942604	-0.045669137891123014	0.010035757954234543	0.024591225986996895	-0.03233970851718509	0.005861296252988008	0.004973143733466829	0.04651800394702856	0.0012486493997163953	-0.015562448136658791	-0.004299148733657356	-0.019198905456043285	-0.04067784532553348	-0.011044848525907485	0.01655952768132786	-0.008442496693895123	0.019506187352185116	0.001844946775304631	0.02267981937773561	0.015603940923901839	7.818876193408804e-05	-0.0052946483462894	-0.026196567757106423	-0.0010680133461011421	-0.0007920582927757857	0.007463710300085983	-0.009423701067258147	0.0034641918919272544	0.027088451214166108	0.005815981707074011	-0.016597490410014175	0.0003718969593694302	0.005439207004799769	-0.013879779223197478	0.01233683678977815	-0.009378460892785	0.010004227438998096	0.010919041821480768	0.007376051372968992	0.017147185857802533	0.00803147267976836	-0.012768019845082938	0.01021311589864484	-0.013298824952444877	-0.015814794017089833	0.008144428716156395	-0.014372226788182448	0.005212708895428732	0.004357689150064778	0.0034101654546104315	0.0014955335900320179	-0.0019580315853068744	-0.006086348001055614	0.0038927587956145595	0.004296264326322019	-0.006144223109041058	0.0010905940609456924	-0.0058164258824748875	-0.0028410702381049223	0.015050250801544443	0.010427598298644106	0.00451552296158184	0.0027078150537214627	-0.0036510861652770594	-0.003757949276153261	-0.0007234033762650809	0.0013123095289325646	-0.0046638874342565684	-0.0023001846437369165	-0.0039503034368889795	-0.004673358392411346	0.000637046066788534	-0.0021830772498405834	-0.003479580648984574	0.0	0.0	0.0	0.0	0.0	0.0	0.0	0.0	0.0	0.0	0.0	0.0	0.0	0.0
2019.3.14.cow.oral.5	0.49767793923414094	-0.015081465248280898	-0.10416748964930048	-0.00699078951700275	0.19288731141936422	0.15369149997199325	-0.05489274279229035	-0.09236709233059102	-0.08789546640129706	0.0006389974877016785	0.022369487586377225	0.041112905843113286	0.09387615311920569	-0.039623573974130105	-0.007250771840040405	0.0069296990481817365	-0.008867420138287087	-0.039406005946460654	-0.046419425131445785	0.06853384213753172	-0.01212946211209814	0.0582108774585236	0.08683741643843501	-0.01845519739926066	-0.02126956395702262	0.03303947852753638	-0.01249716700963086	-0.03870845623153259	-0.004881025933806342	-0.03429099408448997	0.09093197998556994	-0.07073264596093566	0.03867202920858923	-0.1545238007053879	-0.028608015710304482	-0.07993363377241754	-0.013461982582882392	-0.0167540649441015	-0.04613679134350983	-0.0617267246203675	0.06531056294227974	-0.0266586172734089	0.05186174155638326	0.0006876629552014628	-0.04535789291612161	-0.00788459075277096	0.005459668744962108	0.004304544034130617	0.04214489859007021	0.004743429809569678	-0.03328735569058705	-0.06489071552982349	-0.03675419038666724	0.008363826310102521	0.0038864746435779045	0.0021021894522855276	-0.0023836119816382415	0.006248754634429372	-0.004900152119492212	0.0030796813072582665	0.0008064477759734583	-0.012515862151050541	0.00034507214388464604	0.007115919381355568	0.0017557318191647932	0.007907798324452465	0.0030961036476204666	0.009239122927056418	-0.0016846329066311846	-0.004939679365373163	-0.010201282561651382	0.0003802341610199214	-0.0009092097419292568	8.564188267845664e-05	0.0045493910099321366	0.0017838938096757882	0.0018212552548525218	0.0004629636944819703	-0.0018308815586959455	0.0005703783803021821	-0.002050603450372318	0.0019205499624737354	-0.00496258478813972	0.00052927739295271	-0.002500303553799925	-0.003395860590005396	0.0004794759547788601	7.216715906848239e-05	0.00019068522879757475	0.0	0.0	0.0	0.0	0.0	0.0	0.0	0.0	0.0	0.0	0.0	0.0	0.0	0.0
2019.3.14.cow.oral.6	0.45369070621023766	-0.06227724712448247	0.3270718357851989	0.17861346785194993	0.13259180022374914	0.1227188158498042	-0.03423190528122609	-0.15127437874035377	0.11336217515024881	0.006299395143619738	-0.0858151698798513	-0.01898465164739726	0.08536386918485461	0.03910022836064513	0.042146914449084895	0.007096474442612993	-0.08926928309893421	0.02788549893751546	0.008188846345915836	-0.042837612079511624	-0.01456223584980494	-0.02706470404005831	-0.07690704496246342	0.0879557949864756	0.012702576770201137	0.013748232431254493	-0.023666155087512946	0.019488650831477924	0.027445700138910876	0.02581217028033392	0.03158259614946986	0.045227553963768305	-0.021742727752198605	-0.0013660586925026753	0.0033588109291451825	0.015537208547879815	-0.056158622711194935	0.060729128921148956	0.027129321784302673	-0.023467194590578836	-0.01447410875830629	-0.01129114249755802	-0.01748721506301003	0.024702211567075038	0.03362403514552215	0.03603799459989066	-0.012836169002110029	-0.00543770227475762	0.02263079403183639	-0.00598417691445861	-0.008007886064077218	0.010219775809477723	-0.014564635879730146	-0.027884113488054894	0.016825851423604463	-0.011958022946802553	0.006214825326175677	0.0073859581960681025	-0.017064894206442593	0.0035602554698959733	-0.017703781512197272	0.026792216438894033	-0.018289899258765917	0.00847373991410518	0.005200055902677979	0.021898297680691698	0.015469321424043935	-0.013114374513437853	-0.028150639580546994	-0.010174249218555654	-0.023902268470182175	-0.01819959465722367	0.02275594828752087	-0.0028868960035327747	0.013319203785025222	0.0011774519946365746	0.0068602580145364685	0.005437684154651714	0.003412112749826465	0.0017161400349257172	-0.0037427513832549147	-0.00831977151395098	-0.00475864671019843	-0.019654876729562235	-0.005591243121558283	-0.01627844983471532	-0.0034823011596348454	-0.004012997515940778	0.0032438879450636202	0.0	0.0	0.0	0.0	0.0	0.0	0.0	0.0	0.0	0.0	0.0	0.0	0.0	0.0
2019.3.14.cow.oral.7	0.5238541635089584	0.01823335700252211	-0.19823351784034582	0.00814916023326673	0.10313272593283712	0.1101906330144642	-0.04122929366874161	-0.061250139571127675	-0.09031927300675473	-0.020123365885184093	0.005802356980042003	-0.0005525086074030002	0.05530142334686261	-0.009818590196450126	-0.014604042515930095	0.026893468798509033	0.005899115863290922	-0.05352246220288709	-0.052197273664761124	0.06093996679075073	-0.006851323816187097	0.004068810319698749	-0.026705597741913074	0.027724964367294384	-0.0057339835974524874	0.028919775753872518	-0.028298471783198883	0.006062385032864601	0.00214094959021311	-0.01761084950907834	-0.0010548591519555397	0.017225444056763094	-0.014727967597477977	0.00906001752409291	0.016322146232690078	-0.015588148451768653	-0.0358174586225217	0.030105676899821653	0.04404973546426809	-0.025188871767897743	-0.0013132214371042376	-0.013269444885429645	0.013613903091369494	0.00739424029795526	0.07160890165465392	0.015551329691195631	0.006140842132105394	-0.026015284590706046	-0.03152442471601632	-0.0362786890087027	0.03645737642849944	-0.005111363849803887	-0.013099687111606827	0.05797927151195807	0.06548282655991798	0.06863006817250387	0.01018133901327775	0.02399958500320944	0.03306518046721704	0.025806978648388972	0.004709104949441602	-0.012085129499216973	-0.00483163410624521	-0.010480401192172254	-0.005124468467281982	-0.022871292456956585	0.013667634329667848	-0.02228334031053593	0.02406480703925245	-0.007322511631683737	0.028526016663999784	0.008967382611429662	-0.02540421965739353	-0.001012215678186782	0.007730790449956732	-0.009170504224522183	0.002012615975647562	0.003190694756397028	-0.003914688052968204	-0.002547549419408732	0.008742607719866067	-0.007489410052374375	0.011006970201431704	0.010644036344361424	0.004975692450996669	0.012324203230109349	0.0023809278566495474	0.00046914699750485756	-0.00399231739422291	0.0	0.0	0.0	0.0	0.0	0.0	0.0	0.0	0.0	0.0	0.0	0.0	0.0	0.0
2019.3.14.cow.oral.8	0.568458124987082	-0.005437737957584777	-0.24696406240569457	0.006311782952127208	-0.02937855788636391	0.038599519581235	0.010574130833488384	-0.003981918283171439	-0.05485527331765988	-0.005134983875570776	-0.01552503128495753	0.04057682832620987	0.10706558867236828	-0.021753578169058017	0.028533546767844344	0.02424770005904305	-0.06461391370094735	0.0017335117771941587	-0.05442900764118414	0.03046233713380959	-0.011705945893139636	-0.016279510203435026	-0.030588441443565796	0.024653022092086335	0.007246052687057872	0.013685805615331505	0.012553814269525676	-0.0046626253693401575	0.020960850680907653	0.020593433139049277	0.0026065724860001574	0.027580607266755323	-0.0008570012077307923	0.010381883088840775	0.0012610536101281015	0.004875155529878494	-0.0012465063316962261	0.023768354658439506	-0.011516325224792463	0.018739887664113237	0.004554455352952419	0.008178530193307129	0.007512036892955726	-0.00359048802404259	0.014133480576167	-0.008144727718801485	-0.001111675255219003	0.0038488533599274873	-0.026626270549607905	0.006633507596863925	-0.004482445737593887	-0.011255563953046513	0.008965171656114993	-0.029102510622846252	-0.027450493600573327	-0.008273182923367152	-0.0005801389035935339	0.011851135083415964	-0.0028935253730122045	-0.009599529736468328	0.019493051050149816	-0.00496402711326156	0.007295945266479363	0.001922752906322092	-0.006035424726286732	0.003618932175867868	-0.008934681233039284	-0.006290513390073488	-0.015281905961261943	0.0012767146266711494	0.01492734165833326	0.008921864285421046	0.012554444499331796	0.013013874003879534	0.005862628201629855	-0.020664246106925292	-0.024176145270682767	-0.015336083009111741	0.006882431692828253	0.008650763174205352	-0.010021711164113104	0.005397717041114955	-0.02671847699432515	-0.006454278781356382	-0.0013827949288080143	-0.00019892474229594277	0.0037940717753801386	-0.01965474787461964	0.004153950756616929	0.0	0.0	0.0	0.0	0.0	0.0	0.0	0.0	0.0	0.0	0.0	0.0	0.0	0.0
2019.3.14.cow.oral.9	0.2725947685071679	0.27703340810461663	-0.15813672476415472	0.024241269858029893	0.07694607743607312	0.10087247735143752	-0.02625449162822252	-0.062162974035850506	-0.08073352298791892	0.15880193215322705	0.061119587053023026	-0.0026475337259048194	0.039530791110861344	0.016987006626929778	0.018930294096348756	-0.023584500638591965	0.007700142708098081	-0.05687474308683561	-0.044812686534208	-0.006905061090425063	-0.046348072508045464	0.044838336670276584	-0.023029123936838886	0.0703593847884727	-0.052234633439436094	0.0015689218301900907	0.016197751919390484	0.03136172026297034	0.008679884542113468	0.0002815028568934141	0.014657409751519255	-0.046128627074072816	0.006982866788393562	0.0375038267601518	-0.06361396736896235	0.0417211465877992	0.0784120176845387	0.025593933211275538	-0.05032860012371723	0.03841686757971775	-0.019865586675896104	0.03584041820339463	0.022502762930320018	-0.05489557294800923	-0.0031293039485552196	0.009800022250299916	-0.0011213496685480342	0.007769244752445802	0.0004944809323232202	-0.0288723370575785	0.007480262410030206	0.009770446223330386	-0.016205413354370285	-0.021937222096046673	-0.023225548473820686	0.011077361268839998	0.025973521876290147	0.012678488679691242	0.004689429930435438	-0.002274015408311054	0.008223142120484521	0.021277450613191407	-0.0019124617300691502	-0.004751431701941365	-0.003136811548127207	0.0013817369783168556	-0.00617291095340438	0.012180476047037257	0.0005598377225080318	-0.0023988227059560155	0.029032764435228883	0.017402641782217735	0.006264993250294713	0.018805454517089842	0.000518158114544638	-0.008898942139173813	-0.012259264458520415	-0.006417893938956842	0.0028554976866082262	0.0021743533032634555	-0.003765126415574721	0.005523389405560626	-0.005295498790679301	-0.0001581139588221815	-0.002006887703815516	-0.0007429426680314958	0.0012174184743268801	0.0017679329687700018	0.0030451806926749636	0.0	0.0	0.0	0.0	0.0	0.0	0.0	0.0	0.0	0.0	0.0	0.0	0.0	0.0
2019.3.14.cow.skin.rump.1	-0.30144464479317784	0.20799407279582396	-0.02687264616920641	0.024674701448784427	-0.01417392861805114	0.004328662230507492	0.02937092084976964	-0.003958833516361452	0.005459794749190555	-0.008969582483856802	-0.01741027431024256	-0.018153169920323408	0.020653543776476845	-0.012384329588093285	-0.03193638910781507	0.008534343375539174	0.027862245546718917	0.018671192432143387	-0.04237766850749048	-0.03487226421901924	0.004025703247972699	0.027264453476211654	-0.0032308974774713705	0.0013565961839970045	-0.0033626631329856703	-0.040698106447494865	0.035176102623983733	0.011012055116816565	0.03283951949815653	0.00701546306130484	0.022312056941824105	-0.051881798156261955	0.020861029347322257	0.06421221199553206	-0.027084399729334886	-0.024994733854252067	-0.006305401319514785	-0.01932904951895922	0.011198507533416637	-0.012410488208068272	-0.021929047033849475	0.004315744270682546	0.007727561124199982	-0.019975081678210077	-0.013269166977409126	0.0803173016139965	0.0056675855362548185	0.04755948536711893	0.029670904363581337	0.020160992233416424	0.00040043437410690374	0.000497434089317269	0.019190543831485437	0.016091915314330234	0.01875538724677317	0.025603300591029315	-0.07134548188039475	0.038993200991772684	-0.05926305249977817	-0.006462386376772613	-0.03566564500583484	-0.0017183683547836216	-0.020585848531053965	0.04118866485596775	-0.036180583615406554	0.030186007650392057	0.01876641668917673	-0.04570350533207251	0.02606016786661409	0.041379801078497355	0.03443865999052988	0.012960934301667068	-0.002929424520488138	-0.003807780227105591	0.010446005085492188	-0.010512207493535528	0.0075792569764490695	-0.010952342276587628	-0.012587442145983911	0.0056323989173892	-0.011154864651734892	-0.003969357611120255	-0.0007987216767681553	0.0004569856360682245	-0.012698608463439471	0.0010248287282687476	0.008734151681361836	0.002027343941442734	0.0007211276546304283	0.0	0.0	0.0	0.0	0.0	0.0	0.0	0.0	0.0	0.0	0.0	0.0	0.0	0.0
2019.3.14.cow.skin.rump.10	-0.2714759097743652	0.24003495379240306	-0.013523514863015425	0.014474173768092048	0.0016352867128432969	-0.01595905899635969	0.032927132247856615	-0.008482519571206331	0.008605291487505108	-0.11352371932106134	-0.0019487197551657882	0.05908428285176477	0.006643891958357932	-0.0033129702353827733	-0.005554805256932481	-0.02276415595928627	0.023666241054753862	-0.033730966413336005	-0.011800174945956738	-0.019741381780400875	-0.04296399935527771	0.03088833936627073	-0.02625937866387472	0.034069596918125604	0.0068835519893955255	-0.062020494905868036	0.006739230780828743	-0.0139435442661535	0.025197687258806833	0.007449353242652115	-0.046406480621066865	-0.0032742241611217675	-0.012113786740636472	-0.020535717425653573	0.0012327277587831909	0.010096776312937957	0.039355641302764956	0.02216068900766587	0.01442049560504325	-0.04496338047050421	-0.029957858914992495	-0.006107288049965879	-0.011725528562387547	-0.02180119137104987	-0.04328253173918926	-0.047533608677070634	-0.004260146476619897	-0.06420031451037062	0.03160629895866149	-0.014093671383232295	-0.04440728502278091	0.015974447636670445	0.053479499863939545	0.007653555362886129	0.020893871827679995	0.04471893544527351	-0.008222727121761994	-0.030211633569529234	-0.08864093847875695	0.008439153618236692	0.051769891078126115	-0.010444926839669555	-0.015556100008491638	-0.04029625727568479	-0.03336928057283884	0.017349925273568566	0.008634933297779764	0.04188009816762094	0.00845972586340148	-0.010077806458622978	0.006619067100145648	-0.04041726574141513	-0.002679052606879783	0.013425641733778092	0.015900487060093928	-0.010861983144313803	-0.007289578256686983	0.007296520294399791	0.008336905061947323	-0.0079846956982768	0.004659236538672545	-0.004987329058769504	-0.009719665324754014	-0.0025424901217440776	-0.0006452914642425612	0.0017227696732422494	0.004099455571367223	-0.0008518920374794445	-0.00030574040063499467	0.0	0.0	0.0	0.0	0.0	0.0	0.0	0.0	0.0	0.0	0.0	0.0	0.0	0.0
2019.3.14.cow.skin.rump.11	-0.27081170034466484	0.22309714684179907	-0.009479453647048606	0.001653007888936316	0.006905371520935128	-0.04554592703760972	0.020723911629429322	-0.010328831676037155	0.009439028768947354	-0.1368004101295573	0.006393119395976962	0.0021572941001976043	-0.00567313513832354	0.009044025342240442	-0.05137080510686685	-0.04917617520991123	-0.03553651162693698	0.042076639059943854	-0.011188261519126422	0.026296446992862495	0.016716985077984258	-0.011185238177152524	0.00843262682682247	-0.02522645247059263	0.020210959233279563	0.028341286277102713	-0.015078588342385953	-0.019907491847423582	0.022799494036107083	-0.027739383795847446	0.012281537597138827	0.03317976083339528	0.024211744495861946	0.011450018428610752	0.003126079789208005	-0.008673497648757227	-0.05457633515099231	0.04318393341389207	-0.01110071240837234	-0.02255614560100179	-0.05009130478875252	0.004153414036997723	0.031802079110937354	-0.0915168273990356	-0.02608459875354256	-0.059792022598638805	0.06790082381141731	0.05448718868265373	-0.03543092308978383	-0.007839248754639986	-0.04686657978961569	0.049338885903626874	-0.020483816678695043	0.06427715231803162	-0.011113981754675	-0.0535956768819724	0.03507295369530413	0.08268183336255334	-0.017113364782826455	-0.012955799530170163	-0.026083032574410785	0.0051816207888035065	-0.027406571177712714	-0.01443956623982216	0.004438205604146574	-0.009210108758187464	-0.011669894266797598	-0.0016536839329612436	-0.012094491769460187	-0.013402517136773078	-0.010242342000517756	0.0032351699683690364	0.0037064527631499185	-0.013414003446243621	-0.004373979873693419	0.0020778996667128826	0.006473200133190788	-0.0091301364688131	0.002735065632860732	-0.000536245413519416	0.011177229607492567	-0.008048399999523548	-0.012222571945996718	0.0014205541029729885	-0.0020312266069302896	0.0018552791053182108	0.0025607349113277397	0.0012745045353282406	-0.0009768270290015976	0.0	0.0	0.0	0.0	0.0	0.0	0.0	0.0	0.0	0.0	0.0	0.0	0.0	0.0
2019.3.14.cow.skin.rump.12	-0.1922035415477689	0.2631904226104454	0.007840330431960937	0.010068573831863799	0.00911623247771775	-0.02239840296508777	0.023744409633844773	-0.001597826965521592	0.02389800078158021	-0.17518914029474167	-0.026139036913626693	0.10191931731226822	0.006919731334768022	-0.0148231279246082	-0.027804133447600132	-0.10538663991999332	-0.006241318261250289	-0.031163724904221677	-0.013721836782126042	0.007088214165404379	-0.03576881046455128	0.021544509144222037	-0.024887862029093526	0.059681042477988576	-0.030244817418824545	-0.020680842598762458	-0.036308854895468874	-0.046490380816290755	-0.015360465143269405	0.09433134687754725	-0.04533704063749301	-0.023215654624719355	-0.06267201996721142	0.0004657786803854934	-0.05837284701918911	-0.04461294354000113	0.08896233554600777	-0.08958473262258625	0.036683010942002124	-0.03298894302924035	0.003009944149417798	0.02430418863438788	-0.014955954894474958	0.060380565163717995	0.06007234502067738	0.004380903269511074	0.05651557908020924	-0.026750766163451917	0.006666597599287895	-0.001373971662929129	-0.015508384784733289	0.01816909706504381	-0.03533243693336465	0.027555262824450203	-0.023223271649780483	-0.03415892277309324	-0.04039851423122334	0.001650152126389795	0.039128326180137	0.007406392366980221	-0.03433206610491743	-0.014281004823090672	-0.014589453387082854	0.008800749464720453	0.013169570753309606	0.008880832619757702	0.006008709864293333	0.021543297493968255	0.018692044329530456	-0.027268542267207305	0.001553728771207085	0.011252465195335532	0.020783168425930153	-0.0006450788435727365	-0.007562059812407113	-0.007757383949110711	0.0003584529070607548	-0.00580706135732451	-0.0035860124450009887	0.007336635517464935	-0.0006380462692663561	0.0009280296568185118	-0.0020657366515333692	0.004955341419182091	-0.0014799066815913515	-0.011482535716397364	-0.0014484185477798112	-0.0013207740875318245	0.00015997084545072332	0.0	0.0	0.0	0.0	0.0	0.0	0.0	0.0	0.0	0.0	0.0	0.0	0.0	0.0
2019.3.14.cow.skin.rump.13	-0.19380823328637645	0.38489285596518813	0.037665158538366224	-0.032185922184986476	-0.017125086445171123	0.04032160923455413	0.03338049764047618	0.01965675019984683	-0.0061915605219386004	0.09741360607198092	-0.001601474780467146	0.05022997901828319	-0.006870987430161206	0.0022195235390939237	0.01065201254966482	-0.02266180945390162	-0.040075460233976845	-0.0809375106504175	0.03609351511628968	-0.0024496820597801894	-0.03430408985632797	-0.006896959093361188	0.0040880071441310875	0.01626116013423021	-0.032633406398556664	-0.033817888335738906	0.021077244317022945	-0.03237797498396147	-0.045973868112356875	-0.029225829266654686	-0.001150183609724539	0.03873055969665651	0.0008368026925084155	-0.05579889876452965	0.036076137212742235	-0.0031025422891392098	-0.006179023969741245	0.004167702917880761	-0.0008826125863814271	0.005425584480768699	0.04305948943152476	0.03776817752768681	0.006974433227673595	0.026557540680382696	-0.006083957877040739	0.014531732434437979	0.00030452809223263053	0.024191527559512385	-0.025242733681867673	-0.12922736834772122	0.0390101295988316	0.03371888795474545	0.024606481565191	0.020117228337655203	-0.03168069822264645	-0.018218658753748472	0.006695067960443968	-0.029702794269036156	-0.041356328294289514	-0.0015333617299778779	0.017561041723755312	-0.018615015179859543	-0.05040656470108584	0.0171603647270678	0.018534046423129277	-0.014758742538710942	-0.0018025425491834891	-0.025196213848665907	0.01700456329267122	0.011349864567440308	-0.026495439580995334	0.012135125915406659	-0.00810775197349877	-0.00016557480039653357	-0.003305098601926066	-0.0005618169981516231	0.017147609023724496	0.013616805286394832	-0.00837416041654075	-0.004180031090902179	0.011182079236808157	-0.010392882911441467	0.020995911218644556	0.001852716584863457	-0.004455691738841081	-0.004385663198618699	-6.804700157439764e-05	-0.005297078858927599	0.0024994229142409237	0.0	0.0	0.0	0.0	0.0	0.0	0.0	0.0	0.0	0.0	0.0	0.0	0.0	0.0
2019.3.14.cow.skin.rump.14	-0.24552025440616224	0.3017346403995612	-0.0021484003793478266	0.0009418562978992065	0.00047348749992920635	-0.010302279285602062	0.05533652361450631	-0.002058819676919283	0.0018632016378636914	-0.06891475787387935	-0.00020938587026786808	0.02038176868767475	0.011525163388077903	0.011324190713266026	0.0004316890349844757	0.052808943515349614	0.00022154642999902424	-0.026208737338680246	0.033846069495993	0.02498449217165743	0.01251877706317582	-0.02578696059279134	0.033499800445751744	0.044522284989600966	0.01095652644934247	-0.0012976062556957807	-0.0620183469540119	-0.018483076818668454	-0.04867957499537879	-0.01095631895648514	-0.0032790156909058947	0.03770231079953186	-0.03620057726992888	-0.040944181239906154	0.006743979164087502	0.003740809329461441	0.009166920829730809	0.005977720705730997	-0.048899780488390845	-0.025674254412591174	-0.019506433823874257	-0.028092428999328716	0.0014759080348497532	0.0018807828531815162	0.03723528214301625	-0.06323017959907669	-0.038807263685408065	-0.02198902854010375	-0.018773119453479883	0.033031372083681815	0.04420109516003575	0.005099810402532701	0.016646973635810285	-0.07187241565523164	-0.0364107290762462	-0.016692307401119773	0.04022070337650566	0.02799013005984452	0.017228198219747012	0.01769052793398755	-0.017113430207130593	-0.02175215542074323	-0.02520253517819766	0.06513925375597926	-0.042293535665810594	0.019357426825560523	0.03353946949433541	0.007318888279073113	-0.014283344443004551	0.026050295384572666	0.015041978346385534	-0.004768918312543285	-0.01887508082805742	-0.028772984781543918	0.010287642286877768	-0.019121021116830055	-0.013712935796016677	-0.0019256167446512452	0.012322040794166142	-0.019612645840345496	0.002849678590714319	0.0021774552680731726	0.005866761564435678	0.016585608739297382	-0.004467884178046953	0.005247494314384647	0.008460563247243464	0.0023857496399180165	0.0008101790099932238	0.0	0.0	0.0	0.0	0.0	0.0	0.0	0.0	0.0	0.0	0.0	0.0	0.0	0.0
2019.3.14.cow.skin.rump.15	-0.2895995097230951	0.2600059076073772	-0.016711488371631302	0.012766523160968166	-0.020004437946863542	0.0015978847697078551	0.0015089463909979013	0.0066526898119938244	0.0034042348167880997	0.014728512029900668	-0.010240997174722759	0.0146057512448763	0.020344858073127945	-0.008726972686337714	-0.04129454053922229	-0.013834263278681204	-0.009272962483047126	-0.015448817613904289	-0.004242953839761821	0.005159271442093362	0.016335659320150672	0.010448505722699687	0.010049056390003521	0.012422922954822571	0.009417366159740228	-0.014653638888431875	-0.0030115495035794005	0.023721192672849688	0.012622807890216563	-0.016022991823688687	0.029274432891359736	-0.0004141942705536029	-0.048942820611331504	0.01685521467463736	-0.03990828053835828	-0.018393992523055798	0.013457639894082581	0.021182390707281767	-0.032961051254611455	0.02839064692448044	-0.0233280650064017	-0.03764554461886721	0.02953041412256333	-0.011870676222032578	0.013314748268371547	-0.006827663651615412	0.03211737588162392	-0.009870165965905437	0.027066905224874097	-0.0333729414693793	-0.021358631383058168	0.024010270323604286	0.026566216781548295	-0.05567237530932786	0.03268370759792227	-0.006580312729408779	0.006198093487589272	-0.011019215475772875	-0.004939325784175119	0.024166754478230947	-0.07044258667790283	0.019301199121951187	0.05987617323539534	0.018514314494168953	0.003670705162715674	-0.04122754945251567	-0.03159083325949942	0.019796032741887327	0.00832593479737704	0.016859879475873175	-0.020822770304382492	0.006067935253108479	-0.017592333662507342	0.03528727701246476	0.04837212914801974	0.03491475996541461	0.0194880622736711	0.01435838298360949	0.005406454197859224	0.01123108005067848	0.010283534215072302	0.004830227539876411	0.002934372158991032	0.01149016539832541	0.0010380071403396365	-0.0010560668666754096	0.0035980692448058633	-0.004134102845898315	-0.0005891956448542898	0.0	0.0	0.0	0.0	0.0	0.0	0.0	0.0	0.0	0.0	0.0	0.0	0.0	0.0
2019.3.14.cow.skin.rump.16	-0.22398718528393946	0.2557872403154342	-0.00622891174113767	0.012759196552510356	0.023325890280535583	-0.031609545996932636	0.06666792053481305	-0.007640941222795069	0.02157657224156355	-0.12992626744968155	-0.014666575224833988	0.028259093684976918	0.019499239706249984	-0.043214570387696535	-0.0244645626390655	-0.07768405600026625	-0.03410308099783404	-0.039296997739886964	0.039660452971903196	0.03504085844133776	0.06283232385966833	-0.009292551421533568	0.002097277873460748	0.01102222764054859	0.01729858606166029	0.033090186381288106	-0.04905735031064806	-0.0008963062815606145	0.012780952441441422	0.0031562318845537395	0.03913941440633245	0.0013990648270517006	0.012098569374593107	-0.0038736763636380883	-0.0003244099241804626	0.0205894379087386	0.01501819531905501	-0.0061528846386207005	0.04780738698424574	0.04590841905336741	0.03077640045674976	0.026268298449636483	0.023247450249342126	-0.013502727817203441	-0.04368325811325996	-0.006296124714782043	-0.07082215312047012	0.0320490008905186	-0.06303671151958389	-0.009066864158063275	-0.0012876948165676122	0.014268890349287121	-0.06961973590554552	-0.05980451913114422	0.044808949473346064	-0.02755486500247061	-0.022609984704462124	-0.029482871048658425	0.021990321065466042	0.027892215880186606	0.016842039103766006	-0.01870286478937755	0.01254891863057017	-0.02785009691446234	-0.00039289360557173193	0.027245798349240347	0.0015795360249910519	-0.020542859547216647	0.0017123225607995624	0.017700155659503412	0.03448447765217325	-0.03692841257409136	-0.006702686721167484	0.014368208929960127	-0.008186543975478956	0.02461514307800662	0.019901165933564884	-0.0007019640991559626	-0.016953269266337164	-0.002541720211999544	0.008999558340558133	-0.007110421121228923	-0.012328092679578333	-0.0053712152596001594	-0.015407294504421876	-0.005943111617612973	0.0009172244898466115	0.0045960953430107645	-0.002162105863704764	0.0	0.0	0.0	0.0	0.0	0.0	0.0	0.0	0.0	0.0	0.0	0.0	0.0	0.0
2019.3.14.cow.skin.rump.18	-0.2770788474651574	0.22632370182303585	-0.020181956543188453	0.02420225692807845	0.0012767365019166698	-0.014125549633958154	0.03857246015332859	-0.006204984393312519	0.013697441426150926	-0.12524329346871713	-0.0012400157100932103	0.0360019110860995	0.00346781838827335	0.010249442831737399	-0.008676208083764613	-0.012970875223510906	0.005431909019835265	-0.013324534393118814	-0.01062510470337129	-0.004635256429394649	0.004459869514658443	-0.000804790526465915	0.003624953229298785	0.022653387233932044	0.0011389277459644103	-0.021354869774878903	-0.020073624360410564	-0.02273935338588951	0.03725620732306524	0.024803255201587646	-0.020989346139971086	-0.012748198936831772	0.010356243291454683	0.01670504874121119	-0.025185033191385087	-0.01766748998421255	0.008725112525989637	-0.014998868147264734	-0.016857512690826235	-0.010850169707136557	-0.030129988212094293	-0.023778276562536643	-0.02523957635714983	-0.01784491760521959	0.015815117080533216	0.04802501616445618	0.006016115337024333	0.006979465099950553	-0.003550484164750427	0.03714943298529112	-0.009968771049640154	-0.020600537112100317	-0.050142157767537825	0.03248145461516143	0.006790497605110113	-0.0023333430370706103	0.02759969572322667	-0.03325514744177689	-0.023103371926949102	0.014199903151505273	0.09547502542026383	0.009939697450891048	0.013990745962368078	0.04235893882668913	0.028660489108648057	-0.05656952531587037	-0.01117106217180795	-0.013638601935300991	-0.04089500519272844	0.03297542903765405	0.012503736403057294	0.025257817350714227	0.007408409178037205	-0.025464144737246706	0.024086457645484866	0.025204001028632773	-0.011989229767429865	0.009106244166903732	0.01282151477526144	-0.011264992329778937	0.01415151162830262	0.002021098735542282	0.007174914786411846	-0.01420701571295198	-0.0005878736344741395	0.004967487373174941	-0.006257318770645076	-2.3142879441471147e-05	0.0008143156275075736	0.0	0.0	0.0	0.0	0.0	0.0	0.0	0.0	0.0	0.0	0.0	0.0	0.0	0.0
2019.3.14.cow.skin.rump.19	-0.2983681822549464	0.22765614230024375	-0.022748693017442808	0.02393452476526822	-0.011459985308079545	-0.0019127878566288338	0.023896474861171458	-0.002461105825591122	0.007001530072436495	-0.11753872821231016	-0.0024510943677182413	0.014351286960074988	0.004495482756958581	-0.0003488976039777428	0.020569999592512947	0.012568894239913055	0.02418364364503828	0.006235150785436127	0.0004579201715846155	0.0060178272957347135	-0.0233709417299562	-0.0037087665312089324	0.0005417240608133118	0.017955969697762295	-0.01248354621270826	-0.005410439497828199	-0.014524948871571975	-0.015841779545927675	-0.014188230884878262	0.0026295083435976634	0.015048258414050891	0.008110296067300495	0.012892484225995234	-0.0010470700771577793	0.021623687963428027	-0.0009778774941394271	0.0028106239770087104	-0.009136653728356623	-0.029822723205961226	-0.031464499564648606	0.007685375571639017	0.07309016904984912	0.022943430501528216	0.022705856660250153	-0.0050008271120082215	0.030774395848796973	0.0006604360670747469	0.030542128789051586	-0.016455764411321138	-0.014017543482500516	-0.010984733723794406	0.02507945604317915	0.009087067673143	0.00641483362612192	0.0005831424496930305	0.01967832266464468	0.017459991126227873	-0.01261763664261073	0.013340203713367195	-0.025381923259327435	0.015623730691265115	0.10141148815830066	0.03986121036009676	-0.00207130443044602	0.007712574364117445	0.05488479480728796	0.014102408688485365	-0.0019278199548156876	-0.01655737219514294	-0.017148090329411367	-0.014148797858050767	0.01151731330474203	-0.051459640158225226	-0.013239044682010776	0.005598625644184366	-0.0006246177840224339	-0.01941300651236606	0.018767445081633787	-0.032207239293428044	-0.009868828473810643	-0.024978661765058124	0.007105035579733715	-0.007378883371664777	0.010481535085248635	0.014759775330640651	0.0003200718934380525	-0.004874851678117235	-0.0018718172137763033	-0.001127822198938842	0.0	0.0	0.0	0.0	0.0	0.0	0.0	0.0	0.0	0.0	0.0	0.0	0.0	0.0
2019.3.14.cow.skin.rump.2	-0.23297964882136776	0.2660990148749236	-0.007646072131598781	-0.0019385099185655202	0.02828341023984654	-0.09406219398312446	-0.01796770199034783	-0.020166652429651103	0.013570401096460478	-0.09117580984200101	0.0018944218441228598	0.043339172765228626	0.013501349259756244	-0.006781637405076137	-0.03522733068098895	-0.03522358113043956	0.0107365862764921	0.011602463748513486	-0.02590377556204924	0.0013156517812779312	-0.013200294758961893	0.03064862451133022	-0.04888784020398028	0.011298016332211254	-0.004285735478169716	-0.0032595825118077997	0.039970381868311325	0.017159805038541896	0.03441675909529634	0.011633691298373742	-0.03813081439630948	-0.015495484422718576	-0.03865871191431042	0.019188497565863893	-0.05347580046218557	-0.027676540275546068	-0.010638899252919165	0.04050071059473464	-0.0235635583380911	0.004177084569411625	-0.017946979583925025	-0.03914979613911028	-0.02512341639862007	0.0298501809532272	-0.031370364587824585	0.03814863322380028	-0.025264663021867643	0.07834581884950662	-0.007162300468719094	0.017751669815203226	0.012213180998640836	-0.059287678960327626	-0.0005466587849668966	-0.01760684823928099	0.006606824157531382	0.0023654921032509406	0.05306102103415242	0.0064771006379134724	0.0315054114514523	-0.03449876684517485	0.01762153823026054	-0.0023576897248278198	-0.0068353452604207	-0.012808360655677392	-0.037507378963540255	-0.04452937083470045	0.019873905242183257	0.013267632655153804	0.029904953713718988	0.016290591579356604	-0.046735501023073674	-0.023160527074535815	-0.016102292964294895	0.016618909962006663	-0.03331298770404841	-0.034560819586581276	0.013930691267376257	0.009079920482519852	0.002356455825098571	0.013539541741608303	-0.009806460579748547	-0.014393385544681996	0.0031354495406979016	0.004258323103590496	0.005862814154535546	-0.008091712724507481	-0.006726563031532316	0.0012195308951735882	-0.0017283971872862087	0.0	0.0	0.0	0.0	0.0	0.0	0.0	0.0	0.0	0.0	0.0	0.0	0.0	0.0
2019.3.14.cow.skin.rump.20	-0.2934572602099883	0.21694225124128683	-0.023091647932818263	0.024725678935569317	-0.015964284654902766	-0.0024720312496122813	0.023715910145353198	-0.0014158386806387424	0.013037000052242226	-0.10549706014786278	-0.0012588360265802904	-0.0124475947590831	0.005439011490565306	-0.01450921370533603	0.038136110349119755	0.05206699939081886	0.03667424567826399	0.002082756319757169	0.03996043026195937	0.029623638650741912	-0.012219652174877641	0.006377012022934323	0.00972894124808229	0.024296174685704483	-0.0353027851509275	-0.00311563397539415	-0.015387043478104448	-0.012269927307405445	0.018947957398396137	-0.0159624192499465	0.022035027092169035	0.02827059284367199	0.03449898284935849	0.0014979459388745966	0.04229700386030926	0.022835887900191438	0.024301401063396774	-0.003892496346710545	0.018549263151347938	-0.02420198996612112	-0.011724288865339752	0.022287242544934645	0.010733187555904565	0.042581958109940754	-0.01721728318747435	0.024657576244711918	0.02976077025670399	0.011110001522935275	0.035138782603784856	-0.05437352607018271	-0.051699164391833675	-0.016952445627103116	0.04100854513964399	-0.030309010818812043	0.03297300680148131	0.017714986232411262	0.03364803200284294	-0.01802643849513725	0.03965825616838483	-0.07564048956714856	-0.019832749360288664	-0.05172949380974954	-0.0016550389614127135	0.02225556004581132	-0.010482455883915399	-0.01745752544498639	-0.030820581341695522	-0.03602228567108127	-0.01728063456492633	-0.011050833250881837	0.01852282574389816	-0.013116500353228052	0.016695742838945385	-0.003157221212273923	-0.018009763186168426	0.017992199826373106	-0.007199883363685251	-0.022954637943430577	0.014457568965624841	-0.0019622271068810222	-0.017059698593336056	0.021755430656789525	0.0014989641030271979	-0.01808827191086099	0.008212910097635718	0.010205903719693045	0.005906229020147962	0.0009166456427962469	0.0001235945746318906	0.0	0.0	0.0	0.0	0.0	0.0	0.0	0.0	0.0	0.0	0.0	0.0	0.0	0.0
2019.3.14.cow.skin.rump.3	-0.20556112584844768	0.3235591864640601	0.03244210881324861	-0.04136798858325531	-0.027963528575579544	0.007682223303227721	0.005651903229322268	0.013254776986590788	-0.008057629564777576	0.11000026800487682	0.005036316826423551	0.058969726066539586	-0.019120728980585713	0.007767626933708898	-0.03927341640678495	-0.06746604129454588	-0.046009114912352454	-0.010317244615071663	0.015304662268035731	0.020495228066384198	0.026967709707322186	-0.0751677362887056	0.0543849060664321	-0.04420792351117899	0.06644087148445631	0.14962024919480446	-0.1225148171487196	-0.03191308239964663	0.04442970502817768	0.10093267008504031	0.03698589190143751	-0.03808873758118317	0.04375421444421229	-0.007122210527383937	-0.05652179847732772	0.07354268631354031	-0.02866191048994336	0.05408865313332995	0.06554278650735723	0.017300885366757657	0.03205591691479259	0.0283547317362313	0.02084635738516794	0.01611467700445524	-0.01328718350594601	0.01187056681252829	0.05050399248524461	-0.02000210163263426	-0.01347485294710218	0.037812395885257484	0.027243794727694764	-0.0028847407366119292	0.021375725407292042	0.023778654563406908	-0.009848919877604168	0.02515906390868491	0.008191106723432038	-0.04285711696510752	-0.02900110218793081	0.0045101014382270274	-0.025510897148412346	0.001063062681167059	0.003915009465028989	0.004523177074575223	-0.03491955086168727	-0.015707212534997492	0.013245665880508968	0.0114009759779826	-0.015348520562703121	-0.00738304198275908	-0.004450479722089389	0.00732984999771753	0.0040534928044327415	0.008259523558571345	-0.010281794786152383	-0.011906848184515859	0.003835962273817515	-0.0006536791051474766	0.0020758453476374767	-0.003337129832891041	-0.004638597777421786	0.003419016154058674	0.00937429237697403	-0.0035163709159429	0.011083310819905368	0.006928358477767023	-0.0023260710745625856	-0.0007143194903542897	0.0008104797761531616	0.0	0.0	0.0	0.0	0.0	0.0	0.0	0.0	0.0	0.0	0.0	0.0	0.0	0.0
2019.3.14.cow.skin.rump.4	-0.27224177120611015	0.2900817315647431	-0.0077238629153032435	0.006519494810090443	-0.01349397387774022	-0.0010035551502107375	0.023946765569567763	0.001105716368811785	0.00404223791274505	-0.015784760219471068	-0.0003544990111887515	0.04222336030779515	0.006850539940017012	-0.003664987175225022	-0.002029729799867271	-0.014364552064675832	0.004469566788266846	-0.005938622995664125	0.00766447174914852	0.009759680703196107	-0.0019699483599371396	-0.006724219634985154	0.00866332402100267	0.015493247759225288	0.03773107796534214	0.02575455196513069	-0.004039724575149257	0.007205435888662949	-0.016220703462874353	-0.0049324650206819575	0.04067414891464821	0.03809295512281008	-0.038805585383633	-0.024441077790255016	0.030435742362105632	0.04668940495663113	0.009256957126406081	0.008974677794180243	-0.009763018642186082	0.00499966653528947	0.009154350819068747	0.013080061366203523	-0.026073317954833832	-0.04994716601381602	-0.041674728191103134	0.004793791153581528	-0.02447549421183426	-0.061370112359762634	0.01746334300997153	0.001723949190306658	0.033956050030115106	0.016402323601918605	-0.0036400358627540004	-0.012010457398888003	0.04581613784605535	0.02114721904642675	-0.015657955687852606	0.06013234544717235	-0.00482426720440595	-0.04306910815932928	0.009595250931149924	-0.014057962235178467	0.030685158527158283	0.008992522215019325	0.08127163823204926	0.006230358147181399	0.05266138636550423	0.03814212209089106	0.023994374225823328	0.024767222778820108	-0.020606544747476214	0.024943911993723953	0.017665615862772606	-0.0029324069061799725	-0.021535563403462108	0.001854519115875657	-0.004576898265450313	-0.020954656272829	0.0002181567893101412	0.018091917036691746	-0.007027824312942349	0.003439465183664077	0.006776806585443519	-0.01376695452440139	0.0051724486651415795	0.005435368545939528	-0.0031268497732869056	0.0013251443193001606	-0.0016253217403195206	0.0	0.0	0.0	0.0	0.0	0.0	0.0	0.0	0.0	0.0	0.0	0.0	0.0	0.0
2019.3.14.cow.skin.rump.5	-0.2808225320964031	0.13324609902208112	-0.03467053185400399	0.02772884775025408	0.0025146200751014237	-0.019150895431278913	-0.025516025100951887	-0.004743367120855275	0.004842277656469871	-0.07807817201307174	-0.0024201272143414064	-0.052213613700960136	0.00930925045861773	-0.025749594947592463	0.03368287007234147	0.01105079890270578	0.013161315129261827	0.07285190122058824	-0.009581928753650302	0.00987296100772031	0.08038520931971621	-0.0019782181201363548	-0.0096401229062308	-0.02288085310899985	-0.023284198807152053	0.0019803036526254074	0.023620475996951894	0.06528110923880885	-0.018898415968323572	-0.10178038642030973	0.01913210219119803	0.07662918680433266	-0.004161188965000659	-0.020547860798243757	0.06166884822279673	-0.035171109284884754	-0.013064158645170874	-0.03874167222074594	0.026208148513371384	0.080807499153164	0.01296245463486712	0.08390783444739822	0.013367161765077809	0.08020133347486212	0.01935194248640121	-0.020176612617519685	0.050211855356930325	-0.03587801018923006	-0.014136389369038405	0.03258415139631885	-0.024028716941422085	-0.015973772843164966	-0.06936751275871192	-0.009010523121177231	-0.027529026438125194	0.06117056274570095	0.03059213094370986	0.01879718096402904	-0.04509314876873884	0.014254464864959085	0.0014272737759339605	0.008481654320117249	-0.004605929432613308	0.001190847172742973	-0.032291116933552695	-0.010758985427903406	0.0016405320880936837	0.008787991950700562	0.006079480006026624	0.009572786238038205	-0.003847562765656735	0.006085652727934883	0.012022444436881217	0.02273798506935861	0.0046266705380801	-0.0029815016898094297	-0.003759691369349809	-0.0024408117468293607	0.0016241569260746311	0.020201189872530886	-0.0017844242331758475	-0.0020975870014343025	0.003407304079776869	-0.0008823360537553035	0.00032099509521664314	-0.004999069866529337	-0.001311294334082854	0.0014276249575440427	0.0016433279202697263	0.0	0.0	0.0	0.0	0.0	0.0	0.0	0.0	0.0	0.0	0.0	0.0	0.0	0.0
2019.3.14.cow.skin.rump.6	-0.2575334335883065	0.1916959255158993	-0.0062428909929817394	-0.02978266694839378	0.05694090425039441	-0.14831260650689024	0.0030797444090705176	-0.032707493831991924	0.007186692864086944	-0.11043463498383659	0.005855353933443721	0.0055880053918995025	0.05906781874373464	0.016910366869086185	0.008068689588530078	0.030221591371350134	-0.016415672880878817	-0.014909814031873001	0.06202254238363028	0.014796970651526771	0.022196297233867023	0.002037701992009003	0.0015885596628054733	-0.06572405643522772	0.02843778296608549	-0.03295920543801142	0.07813406757585865	0.04184695147828337	0.025743678695062364	-0.04001575768038111	0.027783404537703563	-0.023006053946153567	0.082014695848772	0.023117318944674854	0.041837530258098374	-0.07385793357305608	-0.02206293187267661	0.010613926820503274	0.01801607976630739	0.004193757343830498	0.013467965672878435	-0.025716283680363827	-0.01367711804732934	-0.07358079482435144	0.018313325888875177	0.07346505051754458	0.026156406850200806	-0.06226659796082843	0.012204042432603215	-0.040770185178623325	0.04166315989280584	-0.0035065484958737717	-0.01515301812393981	-0.01227842409137311	-0.025160396743775685	-0.04817471973729215	-0.02752864076905169	-0.02259526054528429	0.029936511899045195	0.036738933168231874	-0.0106065865234917	0.020385101354462545	-0.00040152953849648706	0.0026682993443851483	-0.012819828178409138	0.006481979247104474	0.010119788329828438	0.022000399231958498	-0.01791990384049562	-0.014277516859498532	0.006565557754128253	-0.023468684667428713	-0.00029952016157870555	0.01199066573082332	-0.014559446059942038	-0.02358715049447334	-0.011080148347107997	-0.004168160446278376	0.010835357598534327	0.011667979536640826	0.00405975587195919	-0.00018973416984478618	0.010760394905834912	-0.007566854899157497	0.0055642630084811705	0.01844917547192594	-0.006703078940564807	-0.006120408685457255	0.0007627290745541318	0.0	0.0	0.0	0.0	0.0	0.0	0.0	0.0	0.0	0.0	0.0	0.0	0.0	0.0
2019.3.14.cow.skin.rump.7	-0.21473001456015028	0.2970299742714169	0.008233882778460584	-0.012946275719535537	0.017071132352286036	0.023096430169722237	0.007141167291428765	0.02856500686133172	-0.0060398820148652495	0.06985334395243266	0.011985357383678548	0.0514008521210324	0.011279502720817814	-0.008689687944960804	-0.03112824959603642	-0.007743808343194604	-0.04304571852610259	-0.05387499886753183	0.021907222775564776	-0.02410395444820996	-0.0035690356182336218	-0.013744342956873878	0.03673210453872899	0.009806412573243248	0.019657048396509117	0.05498312975809694	-0.045550809258681324	0.08027988709748202	-0.08608362288090675	-0.11298566557384739	-0.0486176043478678	0.021747322883013367	-0.04866556227702911	-0.02322366580026116	0.09454815644795082	0.08995407461165739	0.00742852609903776	0.01969218406214017	-0.035474366382215294	-0.012986651315814805	0.002516065294899405	-0.04362606444389794	0.028946100755845763	0.00337920700787985	0.004611558971206877	0.025214259728486264	0.010482798831067336	0.025027073669725786	0.024495403312658186	0.04486221881231384	-0.048301986454861175	-0.00492731602989578	0.008263281637484937	0.04909812765418959	0.011976240096173141	-0.022159256163019843	-0.05097040362212396	-0.029388016267268332	0.037915738790675196	0.009760613680572041	0.0063031505450152365	0.039192235554350925	-0.004265171693372359	0.017357136058745577	-0.004436161042665955	-0.00545755862714284	-0.022935247997614868	0.01312336353273149	0.02056932343968716	0.0012367009650888863	0.022956938202405484	-0.01616582809853552	0.015315786932278504	-0.003231487323205782	-0.004097144706023402	-0.010445534118802382	-0.002647297016029629	0.0013204023950520122	0.009440414084309583	0.0005324798658901409	-0.008425827269230081	-0.009075275920151768	0.005410688808776509	0.0032173894242575876	-0.004148368328098273	-0.003555083755556124	-0.0024113439392075336	0.002049126230730779	0.0003985035597750365	0.0	0.0	0.0	0.0	0.0	0.0	0.0	0.0	0.0	0.0	0.0	0.0	0.0	0.0
2019.3.14.cow.skin.rump.8	-0.25773120671788957	0.26110672568147036	-0.007930712437516545	0.003276857112167014	0.014652235982651113	-0.04351326069305634	0.004014338578903589	-0.01000058688755471	0.010899496396563586	-0.11736021814113151	0.000829422910826387	0.057884463312257495	-0.009141345745997266	0.005456402478374952	0.00877784903241198	-0.033991208067483916	0.0392882558480059	-4.426386269270685e-05	-0.017567029614254496	-0.027712454560000866	-0.042652006863223825	-0.013639837400407159	0.006497808942940732	0.027364156449559095	0.009836906830918467	-0.026612526322695857	0.035574594823715895	-0.01400698764296748	-0.02037176431431124	0.01401318307328269	-0.03289689508598416	-0.01001740883869973	-0.005452091774901142	-0.027133214475450886	-0.008567672434626278	0.012204632565276123	-0.06417206534247279	0.04066182924281592	0.010485238313607459	0.02557667544221822	0.028383339570508717	-0.021939979223138662	-0.0009626061823117515	0.014908304728121258	0.006424022911607137	-0.013449598885843966	-0.028186468420881957	0.04461092328250387	0.0032309109464690442	0.020945427314002573	0.045948828540532276	-0.047591922375246024	0.025387799805952096	0.019834949668589476	-0.06179700690798994	0.0720424407573957	0.005355378048176229	-0.0018136488413746435	-0.0008014837039428626	0.010884698124246797	-0.03989809743749179	0.018639870128274047	-0.006357769481690472	-0.019889842669957546	0.08145685064458608	0.021287663359250256	-0.03038655812527017	-0.011845895578033661	-0.007838080145041311	0.0011161279286573368	0.02939080580968575	-0.02764155268742813	0.01375479746235962	0.0024318570645051286	0.0009259694848894876	0.0018474966780742236	0.010821098917634466	0.00412599269107788	0.022570018323501126	0.011493747820591446	0.012298664176769933	0.01665776488473892	-0.0134933110429098	0.008897965528765804	-0.0035123662733466455	0.0022283011970630176	0.0028344922287042618	-0.0031262993886566	0.001551483429535867	0.0	0.0	0.0	0.0	0.0	0.0	0.0	0.0	0.0	0.0	0.0	0.0	0.0	0.0
2019.3.14.cow.skin.rump.8.rep	-0.2675378217283646	0.25721535378121246	-0.013120298510188758	0.011106591113750553	0.008607630145744003	-0.03008904394532261	0.011197426948077559	-0.0073615362285840945	0.009820142660093123	-0.10508850569645323	-0.004774995124963001	0.05633797005310299	0.011824681791265805	-0.0004347819259551342	-0.006308718265175586	-0.03913399829403678	0.009892167090506596	-0.021153331558876047	0.005679296319840428	-0.006281143181250345	-0.015038294116678789	0.0063928138989788105	-0.010630051048132758	0.026247897590992518	-0.007625003434074095	-0.012626644133388567	0.029523032761637782	-0.009690676602558079	-0.017408533710251726	-0.0024881676108110214	-0.0006347598521659837	0.00892235360502088	-0.022209380778386377	-0.02712861615608217	0.02365038988516863	0.043547840355378294	-0.002113496100388062	-0.0010447739115976619	-0.03660187168833021	0.011247844359935975	0.003034262230906367	-0.024177726126257012	-0.009421388527955127	-0.0011523396654435022	0.005951897452029931	0.004635390946730053	-0.05869525801645372	-0.021570722156613847	0.03189293109175015	0.017066115150599442	0.028622269862470108	-0.030800928815981864	0.018535744177754648	-0.006838813932600511	0.0003668535045466617	-0.019250520611256074	-0.005231431473379611	0.0309144532080136	-0.01985348733480595	0.045059804477752416	-0.010149785403866348	-0.013416482417656325	0.044233426072841746	-0.06465561977851766	-0.04753556609969157	0.0017481625889047678	-0.04055427245414093	-0.04868164428763973	-0.017342806813579862	-0.04130071590951125	-0.022521982649888687	0.05996156003221662	0.022375952223342592	-0.00880691521400208	-0.0068290423880498176	-0.0026992032141651165	-0.00018831720800400304	-0.011189431804051096	-0.020317827819601224	-0.008613800620022814	0.0012156880637730163	-0.0020187482276517814	0.014337666776959855	-0.0055094040437081515	0.002492859817443139	0.0011587541369838055	-0.0007441984759212088	0.003243689705741649	-7.583337996261191e-05	0.0	0.0	0.0	0.0	0.0	0.0	0.0	0.0	0.0	0.0	0.0	0.0	0.0	0.0
2019.3.14.cow.skin.rump.9	-0.2966438329611536	0.11630440280670255	-0.028058390973210365	0.019017342242624226	-0.00868842444763838	-0.009218378580544641	-0.0434750741355625	-0.008580389097282889	0.01130996226303357	-0.11051527352774215	0.021050033008834106	-0.076883133581436	-0.027252182648134775	0.04170109497846419	-0.0011222728826951773	-0.03232220200662798	-0.043302842806322475	0.08304307716652658	-0.04990574668169786	0.014164252932094822	-0.021348206526686262	0.02965712408429663	-0.0029481459845797564	-0.05472122949281868	0.006047910484224131	-0.0001833036366583266	0.06481856364931644	-0.023217741573476915	-0.09295774211082057	-0.032658883043979466	-0.007315590133298865	0.0012396971209586213	-0.008295435329588307	0.025203627315283028	-0.038640253243919266	0.006633928989855775	-0.08629733524229695	-0.005125125344865738	0.0390688743145726	0.02496344197769885	0.03463434111025265	-0.03584302309152621	0.03264203066236132	-0.03545179828495488	-0.018563986675558284	-0.0324699310127823	0.029500628097316996	-0.009783775676456666	0.010729905374158155	0.02366563587235574	0.03876996319589542	0.014079421889905474	0.035262291544612565	-0.005672739122384192	-0.018704024728630447	0.010051932480697813	-0.024167859137739695	-0.04354044299122552	0.04448050830529937	-0.02252896144953091	0.022380669539528324	-0.03603481482430568	-0.001973170948889916	0.011525452958672178	-0.005702861589230312	-0.015207188936304135	0.02934705508937624	-0.004774954410163043	0.008655684413513063	-0.008584778701369271	-0.0037267874794381602	0.02958246132453372	-0.009541252657938577	0.016517686072937507	0.024778619263201202	0.013866744082310502	-0.013362596967518115	0.006958354218142142	-0.023643278697914553	-0.0124285200999896	-0.011308843138784498	0.005265042140051067	-0.01587098246346003	-0.010045026640452934	-0.005101891486960024	-0.012918359311741859	-0.0008607853040605111	-0.0014080586529468097	0.0029868901133699513	0.0	0.0	0.0	0.0	0.0	0.0	0.0	0.0	0.0	0.0	0.0	0.0	0.0	0.0
2019.3.14.cow.udder.1	-0.28199635550643937	0.24067616573174294	-0.010705933218276736	0.005340830399303751	-0.04267122048021231	0.03920851237974701	-0.00470583957149473	0.008089130534002075	-0.007542826214133052	0.1637372926628784	-0.028105431052677342	-0.04064710056325843	0.027381324463932277	-0.03193515827597006	-0.02437309336099759	0.040096780000479997	0.013639913721869044	-0.009416429199751927	-0.017317801838028755	-0.046396333252702524	0.024403972664750896	0.028464083581914407	-0.018166926111857978	-0.0045433707292068925	-0.011924893333467681	-0.03361377313730569	0.010059904177279144	0.03302589797206643	-0.023227026770821568	-0.01613992727953959	0.04475210263514515	0.019494806877521077	-0.00848974648834106	0.05019147278597675	-0.042178095559945714	-0.004283698581165446	-0.012981209591093402	-0.022864926983631132	0.04390029243116034	-0.007893566679440377	0.015318389999792714	0.020919599534656386	-0.015309723283251492	0.03598365660664429	-0.03906155438428383	-0.0020657351442287006	-0.011972348769239966	0.06395701090951705	-0.00501530124276792	-0.02572998600649079	0.014476546297086241	-0.01683520992416409	0.019883093459488976	-0.0009119314256738939	-0.017807337167235617	0.01340545692594645	-0.018922745225452488	0.043879723361742035	-0.003272562798680404	0.06464812646513633	0.03361238093557916	-0.016337614885096573	0.028689500646557457	0.04976741501453894	0.0064282315730019675	-0.02235397393542814	0.0037580486525256294	0.0452508024117342	-0.029132461859666815	-0.06636985358316254	-0.0013539486076620203	-0.021462045989829603	0.008899098151749283	-0.017358400042463154	-0.006272796455765837	0.01313160766890331	-0.0016631961785568636	-0.019842334787659382	-0.005814914062594948	-0.00691367971508642	-0.0061350261994581375	-0.011106179885962564	-0.008722160679947574	1.735419598322792e-05	-0.0013932484562189263	-0.0013403713923551533	0.0030658924141764594	0.002840509066549448	-0.0029576095843779366	0.0	0.0	0.0	0.0	0.0	0.0	0.0	0.0	0.0	0.0	0.0	0.0	0.0	0.0
2019.3.14.cow.udder.10	-0.26163598904256063	0.21999222464699056	-0.004111930707666743	-0.011979010134314197	-0.035560757324059576	-0.015989102188060815	-0.07524980283777587	0.010954718083333953	-0.004214423488474441	0.13135024024471073	-0.035347425259382385	-0.06675267101827971	0.02100660128641961	-0.055102515673036666	-0.028641436142733456	0.042984549694630884	0.047847484073169466	0.08519591771151942	-0.04428703304324747	0.004884119937366501	-0.04425373675468993	0.06882911443459142	-0.05198966943749751	-0.006164471728953765	0.03759278775609502	-0.023366724726298256	-0.01643472318651753	-0.012001111913619918	0.055471852050840084	0.01877629950211771	-0.012259136891802497	-0.07275864601602379	-0.004550665935575532	0.00014245158849734304	0.05421769447928556	0.04233657076697782	0.020401984068205193	0.04196399437509008	0.07034933788659489	-0.006250037152289225	-0.027777936715392654	-0.06862117436704818	0.0030126544032480903	0.06174892378349418	-0.06225425906298317	-0.06628296263083627	0.05771991048757518	-0.029500064449769343	0.026283574582048802	-0.03656271486007453	-0.024552676058229216	-0.004456238590293576	-0.03180996935000564	-0.029949850643435135	-0.02935433095913059	-0.015026577666126492	-0.004512983807596121	0.0018824334627113506	0.037345776677035716	0.03905616520286377	0.019701007353461697	0.029182836089186516	0.001871024502372863	-0.01905467438675147	0.017721451953511574	0.004016166784851386	0.016365707070753303	-0.041545972612566574	0.008622372401598492	0.027514821454926952	-0.002243949181769373	0.016232293997972543	-0.013977966222796996	-0.01855639311147694	-0.005869626808572565	-0.0076754509435265975	-0.008321581949339971	-0.011554668319117662	0.0014719012577421192	0.004281324891550683	0.0009122632610882086	-0.005738132087431911	-0.001781559896145554	0.0038023150981324628	-0.0031016891902404535	-0.0003638557151255897	-0.0001776953101201723	-0.0011920199938779358	0.0004595263366276824	0.0	0.0	0.0	0.0	0.0	0.0	0.0	0.0	0.0	0.0	0.0	0.0	0.0	0.0
2019.3.14.cow.udder.12	-0.2640992963466603	0.2574403918541954	-0.0007662716306971059	-0.006618465663798656	-0.03259451372813545	0.041365764742739716	0.03154424863647125	0.0075233906936607396	-0.013415131216894355	0.19158268163593423	-0.011030666736733192	0.004240217769247015	0.009060467504780276	-0.009776620240254582	-0.0001474416365984247	0.028468740592732952	-0.00806297943996111	-0.09274447441612127	0.039370638501219996	-0.043720330233136255	0.02319992372381393	-0.013252660513580846	0.005105361916720234	0.009593941488120176	0.009983929436663496	-0.010001349431365719	0.03747947282012934	0.0523311760389121	-0.01857048366827682	-0.0002651344167408916	-0.008205378088071424	0.040509733180526655	0.007341248936155097	0.006727496616648363	-0.02902814133692313	0.011732118019527255	-0.006789786432404118	-0.04304388453211123	0.044178675914661944	-0.03283384382256974	0.030599854835407846	-0.003095750244996028	-0.07702388741716444	0.007724677666440636	-0.029571097374875448	0.016644662501836938	-0.0200463308707708	-0.05293859295219181	0.016351793576071486	0.010317146587075584	-0.025636591154214364	-0.03360863444360186	-0.013329488862481366	0.06188051370369361	-0.04343651786067492	-0.034756502747146	0.03769987267812638	0.03692387048472048	0.023216399998579954	-0.05034162799176213	-0.021383721284112193	-0.007911855125246373	0.020439382105267377	-0.018447838813736243	-0.025103353784688094	0.011954337602084619	0.009139991255673663	-0.004670633197200736	-0.02254031922034366	0.030964320403932804	0.015657174949744005	-0.004093189413300288	-0.010953704551692901	0.02688186393540078	0.0009147424995760994	0.015370841517358761	-3.921081702452817e-05	0.025356816802904154	-0.018609004086545474	-0.013826874178648078	0.022374135423570158	0.006863886454744891	-0.016158762688975502	0.0005768148254006745	-0.007261226022901167	0.0005888647071877671	-0.00022805600926079994	-0.002296578594962562	0.0004972183105098349	0.0	0.0	0.0	0.0	0.0	0.0	0.0	0.0	0.0	0.0	0.0	0.0	0.0	0.0
2019.3.14.cow.udder.13	-0.29247984862227644	0.21595799077034628	-0.019980257058805993	0.003782821311878448	-0.03139646693732205	0.03636902357834107	0.018378592789906632	-0.0003368507120007694	-0.0021159360014176756	0.09640695554187804	-0.005065503001727467	-0.021852709438481346	0.021939130182267078	0.0021197221905689466	-0.03846200201717099	0.027868638884119307	-0.030725584658085853	-0.03061854577067158	0.014872059739013128	-0.03284358595028144	0.06927392323341616	0.0004203972101848672	-0.0007129961108380106	-0.044688749123786176	-0.003547859555570381	0.021074880934763462	-0.03404142949016646	0.021645477587725382	0.022634004662199465	0.014549086250077668	0.0013885291081500034	-0.009752452051189261	0.02875129747622295	0.014499879570249435	0.01686834529898761	0.01290077434640309	-0.0011422778832545003	0.008987690161477914	-0.07523747880325421	0.02970213164685025	-0.06062206567282394	-0.06048843290864016	-0.047994806529038	-0.021461425415288855	0.04192265844872276	0.0026459899181357073	0.034268585588950545	0.021655603258541184	0.005214582485096293	-0.029259726688897023	0.034438062775577934	-0.01710553057093294	-0.08110857767155284	-0.029024688614093387	-0.024066096361000034	0.04999359514235857	-0.023925477876515385	-0.025671942759833144	0.003115053933613568	-0.05307990075705209	0.009130355095694029	-0.024216645316248876	-0.04749590918503087	-0.03122690955876828	-0.010348974229160469	0.03605835399404088	-0.01671513697107385	0.02400318698830285	0.015790621952196476	-0.02981010055525919	-0.015086675615190125	0.00996021719554374	0.005881790585416918	-0.01958514132951514	0.019106650015086105	0.020913133866591594	-0.0030723756016112296	0.0031548709372171907	-0.0110791468062784	-0.006461898125289344	-0.0018853940670175394	0.007527206017210441	-0.007906535745291505	0.0008526969571198954	-0.0011541874389641247	-0.0012080105375195012	0.0006965944987532562	0.0022592934358413503	-0.003670389619288254	0.0	0.0	0.0	0.0	0.0	0.0	0.0	0.0	0.0	0.0	0.0	0.0	0.0	0.0
2019.3.14.cow.udder.14	-0.22610926329556322	0.25246110769492375	0.014320817626302277	-0.02347490964413735	-0.033566146876968496	0.03947594429044513	0.03965251539254789	5.854025350150052e-05	-0.018008641788754273	0.10689934806947275	0.037961386023958134	-0.1394794919229142	-0.05767672867826977	0.11153422235115558	-0.024380617695396897	0.02395753381615984	-0.12861358426233516	0.038264440305718406	0.026077699598850892	0.039782755359812	0.044271041052948205	-0.08682986244656789	0.03960661297671783	-0.03141292736552106	0.01664004712650388	-0.017245827583220907	0.014955611560178753	-0.10993549425577577	-0.0144666728636228	0.0333276608228096	-0.05153060419588326	-0.03245705492009237	0.03584743923640623	0.02198433764263784	0.059275081379443685	-0.061074597174914876	0.07172226475346871	0.018697504505906924	-0.10503909737036493	-0.009792977287580046	0.005622442115503941	-0.026393002415609695	0.024169901714775635	0.06864441494912403	0.020780835310547127	0.021503712969990794	0.009872361138499583	0.00761550357320607	-0.008619630206129493	0.01525952019580276	0.012537110754774695	0.014216591201426397	0.006307536185656356	0.014832517034301175	0.0032245718112096514	0.011392524112020566	-0.0035214554720860536	0.03498628484789974	-0.01099009810187343	0.020379722963192296	-0.005285596961648562	-0.013696903695878426	0.03789226820156006	-0.027345569513979193	0.010466885035253119	-0.0025824826235953348	0.024886635550666933	-0.005753977680249812	-0.007401774565875268	0.009889544944730889	0.004745666422607389	-0.03005162604890984	0.002663177030097698	0.006087393071401377	-0.0007360429894488218	0.002265975990470276	0.0039829429891829055	0.0008924446937237805	-0.001556098789142613	0.0027101675830360815	-0.0018369289914715295	0.002060462319280848	-0.0032205223239354067	-0.017876914875373556	0.0030439985432559238	-0.003749858702624225	-0.0024005801795260974	0.0001740612687932791	0.0007439473548463545	0.0	0.0	0.0	0.0	0.0	0.0	0.0	0.0	0.0	0.0	0.0	0.0	0.0	0.0
2019.3.14.cow.udder.15	-0.28373476385676005	0.19999048882343948	-0.013721630211924032	0.009590728873248982	-0.03417673804716088	0.01696016118400112	-0.0011694589747852134	0.015517413734035403	-0.0001666980364213606	0.03812002594747813	-0.01994025933177551	-0.09050598157437466	0.005205481423578749	-0.010900923293740816	-0.06721378234127832	-0.03479015335702222	-0.058285471817576866	0.06992220161623	-0.005708631094132167	0.038718893803196014	0.06451908314030641	-0.04773565667823709	0.03814828005814881	-0.05101408249941711	0.046281467391890506	0.05186993707154146	-0.052713528730493696	-0.03174823039863944	0.07492585029796292	0.034688323355934025	0.040209649436920014	0.01578717313133949	0.05003070522391594	0.008217135893812472	0.018312400174742026	-0.018353874736716416	-0.027479093340457696	-0.09670214445660713	-0.008541554594431495	-0.02193445526174881	-0.00480572980870062	0.033213437024596795	-0.06477429845883925	-0.01964619079216053	0.015651983885979118	-0.012922060768053655	-0.0818573060225677	-0.03347992665213695	0.009446324890790388	-0.00778563956155283	-0.029167004874488665	-0.02258947203506938	0.0505358142597602	-0.015371772537346909	0.0071941285606905644	0.006268515944859073	-0.017788131628838015	0.013205168561952082	0.024488328897117155	-0.0031672853769362836	0.025653948792555826	0.031049253503740847	-0.0306836642816023	0.008113908854497049	0.016244869901901215	-0.019934503672475134	-0.04347007939369545	-0.01339086835088084	0.028029195563527433	-0.013764332027853468	-0.014533575107368546	0.007868389486279229	-0.010122774374729929	0.007672638135965289	0.010531876221604163	-0.01557451936184613	-0.007821994496167151	0.00235799370556625	0.01610107467774643	0.014904837346506206	-0.0045026330678327895	-0.01121698060991075	-0.006552565636860455	0.017012045325611427	-0.013186048340459675	-0.005863887808159038	0.0031216987767153956	-0.0021054332123713305	0.0018796384477775007	0.0	0.0	0.0	0.0	0.0	0.0	0.0	0.0	0.0	0.0	0.0	0.0	0.0	0.0
2019.3.14.cow.udder.19	-0.2965804394042829	0.16847375615700874	-0.021977704211005252	0.026003106497090592	-0.04359838934070647	0.03586440790025488	-0.040292483274848134	0.006899124196580536	0.004025348076492016	-0.005035050154546656	0.014565394073878976	-0.05276674806098474	-0.031141739404933352	0.014274873784017008	0.1457176430256715	0.1129589043545301	0.08692293364300913	0.09986563909468624	-0.045579316082414695	0.0023239325760552234	-0.04097419083960517	0.03891390670703258	-0.026040667949027815	0.0051352792452139945	-0.06587730891305095	0.006220284792770243	0.00359976243788987	-0.02492680543168551	-0.014079818080964888	0.025407156223723616	0.03454992078772821	0.007420967922333209	0.0446677469703177	0.019341680896570797	-0.014781482234154118	0.014667003598433355	-0.0031014458728966174	-0.0003578940601934595	-0.039961149413163984	-0.010603840996374604	-0.001173760031090903	0.005282562762157784	0.004850174012574851	0.014988383823707601	0.005332838051477206	-0.016853926649764116	-0.001020487755108243	-0.013390948239324029	-0.018135319605388372	0.032071197662082024	-0.004380562974883373	0.00832144127890046	-0.013011300026582883	0.004553696665706343	0.0276721324025735	0.00041087162940904977	-0.02425914265711936	0.004739398954789066	0.024702933967237443	-0.0047015436991597204	0.01248028300421727	0.027772895861009006	-0.025155989063769073	-0.0019732031234417796	0.011368496290062676	0.007025511346907805	0.005397712518298321	0.007589819229029742	-0.01652979405203136	-0.009671518834074036	-0.0112217521747039	0.007955606695153635	0.018199206801806582	0.05315347673372138	-0.008961464795981856	-0.013943849469738189	0.04927333438863013	-0.0013347206701107696	0.014106059048301285	-0.047258236000411735	0.00867103373829639	0.0019977063589818986	0.021204365761180018	-0.0005114418831972022	-0.019218760003945592	0.008958270329978832	0.004765597906932428	-0.0028170634305764914	-0.0005159230162490652	0.0	0.0	0.0	0.0	0.0	0.0	0.0	0.0	0.0	0.0	0.0	0.0	0.0	0.0
2019.3.14.cow.udder.20	-0.27471013608631933	0.20596498875952057	-0.006909652295905285	0.013876699251962258	-0.05182747248577418	0.04446146324410539	-0.060422369214827604	0.012927134654122426	0.003144704316869154	0.019459343535591662	0.014939179730688422	-0.019205790531835642	-0.03821431236855513	-0.003027770675368877	0.15485002367283904	0.05564807965173162	0.09342604735906625	0.08410245942295314	-0.04920555351262835	-0.0050421968871371915	-0.07263135151319561	0.03641008491561177	-0.03227131235555705	0.002341860529057206	-0.08872423480842935	0.02636857920241024	0.028492520160328858	-0.030251491023121045	-0.0484141992040443	0.054223905179944444	0.07657897384219556	0.023048455503652168	0.02404675980586605	0.004843930789075807	-0.04078405231489856	0.040970298813793236	-0.0026025675660275175	0.02427344022498178	-0.03218101583118005	0.03597965697221724	0.03072287928059903	-0.012139565749357846	-0.0022019255489195795	0.01707676832679303	0.00934884389819307	-0.02381748784703574	-0.03541169523488869	-0.0344268888630261	-0.016641899405096354	0.0034364268899800313	0.015852396228852504	0.007055331373175887	-0.01981158462443349	0.037946059122913524	0.03452595722820847	-0.037250362913631235	-0.04065715444118045	0.009706484118226028	-0.0034985468069059803	-0.011280076836089767	-0.018588071384980538	-0.004159780200191599	-0.018739141520600203	-0.0010089301663247143	-0.023801295334961295	-0.0193945541998641	-0.03410127858679102	0.007553306171511183	0.0035482813825245475	0.008217334408919415	0.007041609408946965	-0.03792025340879786	-0.020889562888585286	-0.03363807019988317	0.01071930443460396	0.007881625632682503	-0.028380234463443232	0.010877336264670774	0.00330241657761785	0.030037902248116616	0.005501194237867801	-0.006299939205278346	-0.003837750258103497	-0.005542416296863849	0.020395583427450032	-0.004736178401801013	-0.01161214971865068	0.0013761464084953404	-0.00026243308561419966	0.0	0.0	0.0	0.0	0.0	0.0	0.0	0.0	0.0	0.0	0.0	0.0	0.0	0.0
2019.3.14.cow.udder.4	-0.2835216823826817	0.2470723082331983	-0.012544231778834429	0.008177111146167879	-0.024149566955898243	0.019443228125453207	0.005247779551920729	0.00794452619321505	-0.00526102022236839	0.08679030630227504	-0.0017966883617827982	-0.02471288483664148	0.0024141450439759604	0.013462219876842017	0.013937115152713028	0.030394566336029515	0.011179650210325012	0.02852750846918993	-0.053117086447999895	-0.03283624824449655	-0.017354608466357134	0.017296991154056335	0.011002150653435495	-0.007213174046661532	-0.008304299390349247	-0.02870386829581797	0.019529025833525563	0.008433238087980771	-0.011060900409248115	-0.006978581302953758	0.029243853827848634	-0.028312240193165167	0.05458821320652504	0.03920359144848046	0.017262592368240102	-0.0017546737280710347	-0.05010461784731382	-0.012480955403120761	0.008813811701519078	0.03482075446360111	0.013444198374094043	0.008966244137981945	0.02915006417475406	0.008755290660075002	0.06541219338934381	0.04376520821028118	-0.004571870620346392	0.004191210246589865	0.013734508903888843	0.03152549735448196	-0.054368395123062276	0.002323897131851139	0.024968191498627668	-0.004491535358991599	0.04223031040321413	-0.06093110741417883	0.08677007348318296	-0.04367009277060375	-0.019028156724812964	0.037513183137225244	0.0017066261772084503	-0.05524414974378543	-0.005771362901931843	-0.02736837973288338	0.037653855644051645	0.0370431780839744	0.017215630651926293	0.019121921304379504	0.0216245855868556	-0.001034282441904381	0.003811454158871997	0.017522203291623017	0.005611601850548927	-0.020822297962651684	-0.010824882226239264	-0.013959111835416043	-0.0015966113582621614	0.0049340650946978655	0.004455962662876804	4.030519265816222e-05	-0.0005977293760723477	0.006927075834541305	-0.011717892059006486	0.01948962477206296	0.005409216789573988	-0.005569054611794698	0.0055396604977523715	0.002195688858072892	-0.0007474283273951843	0.0	0.0	0.0	0.0	0.0	0.0	0.0	0.0	0.0	0.0	0.0	0.0	0.0	0.0
2019.3.14.cow.udder.5	-0.16841411889979274	0.3479496190445873	0.04999313389520659	-0.05017088702061687	-0.041415886786744995	0.04962391679376143	0.03716318449378272	0.019175941968433596	-0.02116849113560745	0.26867105201732594	-0.008867706367731884	0.04265416560064941	-0.025446482425986395	0.0037964899053278376	0.030980341148020295	0.021957669160198784	0.0024776911151010482	-0.11580166196725265	0.028841350133593183	-0.027891848150091502	-0.017758559596892327	-0.017158412943917206	-0.0004427070860003734	0.031059040275965115	-0.020056778357482315	-0.09980704138483981	0.03527699146085149	-0.03021374015041479	0.03345253977763706	-0.004169533748735969	-0.04338573924019771	0.02240814644548918	-0.05007993133340689	-0.03971493672802619	-0.003440003258957164	-0.11955552272775992	-0.051570948293840194	-0.01568311524129718	0.057726924029691457	-0.016203097116502307	-0.024896106407369847	0.03551479495113927	0.03334707769478801	-0.05493399741456301	0.021663893655203496	-0.06310035628248514	0.0007537609591398451	0.016835147332143828	-0.022775143844957543	0.0727240085840884	0.0067834437680823955	0.014582480259920476	-0.015142884967041463	-0.023368623667361265	0.045558061041658646	0.004964599937477682	-0.024184437467167922	-0.029002508353449575	0.014027030320522686	-0.022947289262625226	-0.0027663314796734476	0.017257124331976896	-0.0016379169810962692	-0.015344193966168353	-0.003609757164770214	-0.006533750883079485	-0.008194359407016225	-0.023571810041575676	-0.006996623345255054	-0.007629498655337381	-0.008342381350623098	0.0030215057200893656	0.0043394844358325925	-0.00156325078487849	-0.007430467401585333	-0.005258921321404693	-0.00500741128528927	-0.010075570005885392	0.010563335165970763	0.008201493737621354	-0.009421253750936137	0.001556166975787832	0.004341795296768774	-0.008718935357306452	0.008681393308928644	0.0023247275061332355	-0.005061729332597526	-0.0003265248814870899	0.00019778442219684997	0.0	0.0	0.0	0.0	0.0	0.0	0.0	0.0	0.0	0.0	0.0	0.0	0.0	0.0
2019.3.14.cow.udder.9	-0.25098618384077903	0.15004875485611696	-0.004106244239631025	-0.023635904112754152	-0.01113786213639345	-0.0721929882577762	-0.10757598828354513	-0.003126659561263323	-0.01078838568817562	0.04418412706790581	0.015610114692711629	-0.07474628281284361	-0.009458571773944473	0.045061487427106965	0.029579711709656432	0.07105756563314271	-0.006391254314444772	0.14064837471399128	-0.060925713444117714	0.014918832949942753	-0.019985994094426713	-0.015488577262098796	-0.028943175426490213	-0.09626964077218268	0.057850616802018306	0.11998764049521865	0.06736070859281078	0.08631142639252726	0.025507108603126875	-0.04009886782738032	-0.10893172418452571	-0.0267884082925451	-0.09439025849143902	-0.08614532105041461	-0.08887908806677158	0.015454193112909789	0.06777364837929699	-0.007795051032202047	0.02245077890234468	-0.04048001740153398	0.017888823784717126	0.015080096545144906	0.023687329419655498	-0.04648310554129531	0.05321711683752062	0.03614597976839814	-0.038963855884258776	-0.0066943754977185155	-0.02882750640416367	-0.01990708140248704	-0.03683150378639423	0.012718073236044706	-0.007630939759486404	-0.012880140398656892	-0.007193508648323321	0.014912621156008912	0.0066116622404228985	-0.003911972781102055	-0.013142330833861205	-0.0025443977595930108	-0.003697559617956715	-0.014364847839301895	-0.003201596750558556	0.003366252247330534	0.00831831404338865	0.01217833877633362	0.004492962081572473	-0.020484126090319524	-0.014181799579331023	-0.011702673102325969	-0.00904242248416349	-0.010504849213783626	0.005070745535756531	-0.013826584085763155	-0.0008085496862183389	0.011181351827846698	0.0039218286605530546	-0.0011813822729249699	-0.004488433937781069	0.0008446066300512212	0.0007145026750562552	-0.0008645015705456012	0.003317690063139843	0.0013635865016114557	-0.0011710955404000158	0.006901726025984905	-0.001865725141958772	-0.0010200221409094685	-0.00030373725622268635	0.0	0.0	0.0	0.0	0.0	0.0	0.0	0.0	0.0	0.0	0.0	0.0	0.0	0.0
PC1.3	0.1478101835609839	-0.09447856274451545	0.2582329213509437	-0.6204887989903475	-0.27220405339576154	0.19494013057739773	0.0035079410548929132	-0.21506142799817804	0.023038365012590163	-0.06274747224150885	0.030280989185801716	0.0006955544702367084	0.024524502291760317	-0.010438665267584425	-0.0011791249377679624	-0.0012445383386987102	0.011580650822144507	-0.0023016411488911625	0.0016469261652938233	-0.014946184862501865	0.006234712547580394	0.007118907048581442	-0.002930820327020809	0.003117871913388659	0.0006040206108397484	0.010696673208644541	0.00443604385584915	0.03419465272769737	0.010684019869364845	0.000999736277024765	-0.0035610969968966483	-0.012748076568399675	0.0031971487963442036	0.003558212166449848	0.011762021506332473	-0.005379884520723639	0.0002874451156731649	-0.003534115749724521	-0.004446801665696445	-0.0008325108840604382	-0.0008454661625294613	0.0048615219073414925	-0.0015428293105737088	-2.0356154971602946e-05	-0.000994521508647297	-0.007775457187496963	-0.0037902904411191	0.00018737938994813218	0.0035203937329861415	0.0021692269607219102	0.002719500678064666	0.0006060650636776915	0.007861818209312676	-0.0027791173671026233	0.002593304952607503	-0.004064770669818102	0.0034176533218944812	0.0002220522349153436	-0.0003577057294703483	0.0034167033055400933	-0.005498044335218872	0.00190206413736415	-0.0022472993416867374	-0.0016602398944129367	-0.0013652879871629139	-0.0024409466329782	0.0033686718867818413	-0.003718924180775246	-0.004113387896093489	-0.0011518527009999938	0.0025870730630235396	-0.006720146517125991	-0.0031011792839894235	0.0018544650830113383	0.0009300209545557145	0.0014510891304257783	-0.0009033267793244102	-0.005097800312448438	-0.0022677741162836942	-0.006736021385690733	0.0022466123863038225	0.0015158738125896538	-0.002124428551792338	0.0009574896773512831	0.006365029744349436	0.005136749446079915	0.004176620490885022	-0.010934676863772414	-0.017196630096582056	0.0	0.0	0.0	0.0	0.0	0.0	0.0	0.0	0.0	0.0	0.0	0.0	0.0	0.0
PC1.4	0.1468729941953656	-0.09458060869214487	0.2573021007472906	-0.6181973012205207	-0.2711865991001264	0.19557703773686544	0.004167520590940729	-0.21519193109983917	0.024294756140962406	-0.062455584347232244	0.028682984243403112	-0.0005211007554260589	0.026176396958980688	-0.008633018492690575	0.002079558588858888	0.0012689206596184235	0.013591704641730958	-0.0029594968024201527	0.001920306234026591	-0.017924736998620988	0.00666860136731736	0.011196039025647525	-0.006487495286224136	0.006142141187084773	-0.0004191132109030114	0.008071136145611352	0.0020717384972298537	0.034188137419382106	0.010647504450889975	0.004051734652535761	-0.004091047336268855	-0.0053609915343305874	0.006584425038378959	0.0036241432796287137	0.004931627808977963	-0.0024868541445290963	0.0042026358221326655	-0.0022645234232221765	-0.00659434051107129	0.005042026069108166	-0.003454256619750936	-0.0012022553626605031	-0.003359642231352015	0.0011941767759995495	-0.0006549880591084086	-0.000662066656769034	-0.00019960522189537805	0.0024569097352240454	-0.0006689464624381287	0.0002597055334434038	0.004406588465765501	0.0023320000336770966	0.0006186648117434057	0.0027711630169526534	0.0015347153568249221	0.0012777859450397262	0.0008879354732354537	-0.002268052708017128	0.0017678560997794047	-0.0008990917614985416	-0.00045334995706642673	0.0008148808838616397	0.002314081156511989	0.0004249369448848678	0.004781861933565159	-0.005198342357979037	0.003211704022533627	0.004569313347090869	0.004779022683066961	0.0003164664695019858	0.000545452433845749	0.007910535056058259	0.0033827897892594818	-0.003092267758421533	-0.003273154813057138	0.0019360903420813612	0.0012598477533203988	0.007051734873262994	0.0015077647467461085	0.004274941358007622	-0.00264102958153016	-0.0030417994256311345	0.0011215935981778256	-0.001528726543413758	-0.007303753510439774	-0.00835870183347861	-0.0039699479718806035	0.010864614200384612	0.01786161140688829	0.0	0.0	0.0	0.0	0.0	0.0	0.0	0.0	0.0	0.0	0.0	0.0	0.0	0.0

Biplot	0	0

Site constraints	0	0
