Eigvals	105
11.690225617316973	4.9831468657104825	2.931759189742403	1.5857734277678253	1.213604504197854	1.1648766149791365	1.1069475194517517	0.8101860922395485	0.7398554245661376	0.6909595124964294	0.6505599242390835	0.5958442145273529	0.582393260935922	0.5186371983851916	0.4952214552325763	0.4753696605675026	0.44899137110958076	0.41930444615227336	0.4131638114326446	0.39126630162103493	0.3796230206181356	0.33625324393705347	0.3236523494803246	0.3181052916615654	0.29506910727673663	0.28788902245483405	0.26994354857017333	0.2663317121449307	0.25693985921285645	0.25305794419257577	0.22847276835561622	0.21639359846738057	0.20601477933233478	0.1936391321106157	0.1853827960355852	0.1805638017188447	0.1646380124460731	0.1603689355642051	0.1551513936354755	0.14471069523532606	0.1434100596430046	0.13766301911176235	0.13172283206225008	0.1276600131012305	0.12587097183255572	0.11316434145665485	0.10927705110319699	0.10525901721269729	0.10039784721368811	0.09747169275316472	0.09056499048899158	0.08733252320768212	0.08570104082858673	0.07918329200971166	0.07137965881998462	0.06957363572480901	0.06472413112178016	0.060605933250979876	0.053896002046455116	0.0484150137368943	0.04670663595917632	0.04179815503613157	0.03864332840592086	0.03495053952201238	0.03244646659627193	0.027775625024831302	0.023092784447252435	0.019425076409702674	0.019089935975188238	0.015027611053183593	0.012067611215704432	0.009385588639588244	0.0067763563335959676	0.004539737488939127	0.0016302034397594756	0.0006012591085574059	0.0	0.0	0.0	0.0	0.0	0.0	0.0	0.0	0.0	0.0	0.0	0.0	0.0	0.0	0.0	0.0	0.0	0.0	0.0	0.0	0.0	0.0	0.0	0.0	0.0	0.0	0.0	0.0	0.0

Proportion explained	105
0.29999924027404695	0.12787950573619872	0.07523597562448385	0.0406947512520553	0.031144003646362287	0.029893529085450586	0.028406929492177147	0.020791319184842828	0.018986465492478233	0.017731679062035866	0.016694928687720188	0.01529079228506094	0.01494560854006861	0.013309474991050459	0.012708570835203289	0.012199126149313186	0.011522195946581847	0.010760358217798227	0.010602774796314881	0.01004083215102964	0.009742037622206105	0.008629065085909935	0.008305695898048212	0.008163345084141004	0.007572181317034206	0.007387923111744891	0.006927399191335598	0.0068347108019890445	0.0065936933198102446	0.006494074065655944	0.005863159461051035	0.00555317897750554	0.005286833574313049	0.00496924477098699	0.004757367376055682	0.004633700418613427	0.004225006451619436	0.004115451695094058	0.003981557049605077	0.0037136236759894733	0.0036802462457889962	0.003532763395616894	0.0033803239423269914	0.0032760622589706524	0.0032301511671756137	0.0029040685419124516	0.0028043113438106036	0.00270119895282649	0.002576449666175815	0.0025013575213517526	0.002324114968480773	0.002241162101671508	0.0021992943490488307	0.0020320332748858883	0.0018317733222612308	0.0017854264360499437	0.001660976511451478	0.0015552936723873477	0.001383100737063098	0.0012424454252970485	0.0011986043522336453	0.0010726409537486947	0.0009916805323469421	0.0008969147086639558	0.0008326541888156351	0.0007127891863132946	0.000592616260521588	0.0004984940715381665	0.0004898935638122497	0.00038564455868249044	0.00030968386027307386	0.000240856725402313	0.00017389756352466262	0.00011650055715844448	4.18349319704768e-05	1.5429751459020255e-05	0.0	0.0	0.0	0.0	0.0	0.0	0.0	0.0	0.0	0.0	0.0	0.0	0.0	0.0	0.0	0.0	0.0	0.0	0.0	0.0	0.0	0.0	0.0	0.0	0.0	0.0	0.0	0.0	0.0

Species	0	0

Site	105	105
108136	0.5285127469974107	0.19245544074376233	0.010459631521405405	-0.027529652955636304	-0.09702116382652871	-0.019102130754267088	-0.04976125961742217	0.004056304824577359	0.039806957765775926	0.08218201758304024	-0.010240900887656466	0.004492375008908468	-0.004944497918147039	0.012446317802047566	-0.013011658754673734	0.01394976683365123	0.0018040319872304853	-0.001287252748250428	-0.029958508615496322	-0.017744424910758894	-0.0281420493343659	0.006770830487602534	-0.007382437014758577	-0.015635414020249736	0.0049010599226996495	-0.00826070567369135	0.027629008291264877	-0.004341228673011919	0.003790794506369987	0.008075989117419705	-0.013333731552431703	0.010351138319197843	-0.0010028553480069822	-0.035855103438462016	0.02597797120921691	-0.030188033784884997	-0.00232636540289913	0.04309348390088111	-0.007283002213883733	0.006230287704698344	-0.005040575186977562	-0.019889297391557578	-0.032143234714520415	-0.0326224589059963	-0.014084752760777192	-0.010231088008774435	-0.0021701118419557293	0.009076816226625683	0.004106722756178502	0.01599447837479866	0.00890514084221633	-0.01089385485932412	-0.012345494839783672	-0.01556215002969559	0.00726541739842665	-0.018225489380608684	-0.024929250022752633	0.010736014551878168	0.0064287251657803475	-0.017617947847596908	0.015850746963338023	0.0011498164528645845	-0.01791357380315749	0.011129778456416033	0.021232658156766566	0.008430915582796383	-0.02296223224744898	0.02347608798048381	-0.022235327933540657	0.03970224580336605	-0.006861154254398851	-0.0031455068689580333	0.022316977328931946	-0.004236211314226781	0.004239388905483733	-0.0006372339659859154	-0.0	0.0	0.0	0.0	0.0	0.0	0.0	0.0	0.0	0.0	0.0	0.0	0.0	0.0	0.0	0.0	0.0	0.0	0.0	0.0	0.0	0.0	0.0	0.0	0.0	0.0	0.0	0.0	0.0
108137	-0.04969054500988599	-0.3749622183825369	-0.0950664928406531	-0.2311821655718342	-0.1667754537948968	0.1746225842394608	0.040607501830293456	0.00046386340624833495	-0.16924332604652034	0.06242920483348603	-0.06961561993938054	-0.1432166522372715	-0.011936200833903732	-0.19208802958856364	-0.03987763880007932	0.05985699773957335	0.01692590972146977	-0.1382705398361975	-0.1070067612867007	0.03484941492972911	0.051029087309691634	-0.046736481003135696	-0.023749413293235332	0.05675604891978008	0.0296662845768458	0.012545271833055075	-0.01751023717014906	-0.03374284152502321	-0.011029864569424359	-0.025251389114026964	-0.05590860058969674	0.0005183118101834901	0.010329837797795775	0.013012772867099807	0.012933814622847054	-0.02610803330346311	-0.012176025152467268	0.00906231765278026	0.02183878512086682	0.035628020820355905	0.03535622709531201	-0.00430440630709217	0.011336590125266126	0.046778040709636995	-0.016487234628253775	0.013181478223357046	0.022528858471536017	0.026084044159629678	-0.014439910737095727	-0.023205968183309028	0.06810196176339119	0.002169872398104824	0.007919733736423542	-0.0049387829178549735	0.011102572077933526	-0.015846932879300963	-0.021171831837696057	0.010954717980311807	-0.029674624731224945	-0.019434689225666636	-0.01419690819676175	-0.0012121968802736038	0.007024584290970005	-0.019818481038276176	0.0015903068839047657	0.0017563354816396656	0.002928025330780911	-0.0034429423173228274	-0.009590727676437774	0.0011528830984435176	0.004154496264683864	-0.0004557323609694285	0.0033336904411650405	0.00016817966440672985	-0.0018059105219994087	-0.00020540313344107695	-0.0	0.0	0.0	0.0	0.0	0.0	0.0	0.0	0.0	0.0	0.0	0.0	0.0	0.0	0.0	0.0	0.0	0.0	0.0	0.0	0.0	0.0	0.0	0.0	0.0	0.0	0.0	0.0	0.0
108148	0.5131687478903548	0.12413727543743906	0.04215878688740315	-0.021721667155651367	0.045085324202200995	-0.021775632589215287	0.016496936202906334	0.02545153587346737	-0.1222750510640764	-0.14631813746998176	0.10128542125642712	-0.008101981883701738	0.07577664270312559	-0.01761975402461137	0.0747446194698782	0.01364775660871855	-0.005615667935947547	-0.007600372729712368	0.06568287711722998	0.014148261221996378	-0.01937553441469449	-0.058848651128747854	-0.016488846708388204	-0.012216256211624178	0.018109694184013266	0.01996757005191315	-0.01915865085911588	0.016806398153144764	0.03610893418918495	0.04588156120580644	0.07990776021086267	-0.04220995433193507	0.023269339341475948	-0.031980888020258766	0.0589263349251786	-0.07014640242184064	-0.0010022664051309725	0.01762778750469053	0.017870410974434356	0.009159779177389405	-0.041027356812223886	0.00765979823538432	0.026615435547705728	0.0231538596498837	0.02000040054040318	-0.03614719600011831	-0.018108163284869725	0.025052228535474126	-0.021005215371387064	0.022190980851593912	-0.017225733184048138	-0.0068836081592968555	-0.04733075824022949	0.03971542015623433	-0.0038461293597732995	-0.0011668786340618483	-0.026772173733792877	0.011580242579944685	0.028902135438382725	-0.005651049186931762	-0.014439181222906858	0.014057873266607573	0.018276892233402797	0.0041113394734591194	-0.01048409168191825	-0.014719749392880092	0.0006297509326796298	0.002118444487707884	-0.021147347997147924	0.01615508061678163	-0.007028315435142146	0.0017678820939600133	-0.005889567097960602	0.01618142299036596	0.0024589303035070617	0.006343026888911771	-0.0	0.0	0.0	0.0	0.0	0.0	0.0	0.0	0.0	0.0	0.0	0.0	0.0	0.0	0.0	0.0	0.0	0.0	0.0	0.0	0.0	0.0	0.0	0.0	0.0	0.0	0.0	0.0	0.0
108149	0.06248884514786128	-0.41840988990812444	-0.17468509806395893	0.1823858674002488	-0.13982780984568358	0.0819941508922064	-0.2081342101224182	0.13710010301937942	-0.037337471341391655	0.052493258805890106	0.13754411089722202	0.007197653834710646	-0.003276225911874919	-0.17314104807389644	-0.09633119784118475	-0.17577436955110864	0.07287551133028355	0.06395080080060242	-0.015000214370692188	-0.13335280091787324	-0.052090934871491176	0.05724713942435248	-0.03468539016180855	-0.0632223321720072	-0.14192992523400935	0.020009091404886936	0.05034522559337535	0.023245539356477184	0.052454951047685563	0.06124608180600391	-0.014867721869892483	0.021485994533126884	-0.006230538336071314	0.010775630832497836	0.011357622815392397	-0.001858731967112188	-0.03660434910391033	0.01086043505149685	-0.041921515961559686	0.007319153555561837	-0.023134235578559426	-0.03633796004806488	-0.009648358009859198	-0.011727544640876345	0.017361823667436535	0.0014563365801799225	0.006258767589702522	0.0186060413026851	-0.004867524351061435	0.00013472771764076258	0.0015569175076448952	0.002600669124290721	-0.0010652699281516113	0.0005938054443439149	-0.008125262040823152	0.0032317805238672756	-0.008177210694512126	0.0027055999016190714	0.005603496867857434	-0.0032692713188690525	-0.011327876146242696	0.007385228421658154	-0.011456299530272017	0.011158205292825553	-0.013794468856143062	-0.01320353042770853	0.007044124900404142	0.0008488875642018922	-0.005234739349133455	-0.005298852360864897	-0.0003647572734417648	0.0015448407781514517	-0.0025945815783984354	0.005996242961670449	-0.0004607946894342027	0.0002926073655075681	-0.0	0.0	0.0	0.0	0.0	0.0	0.0	0.0	0.0	0.0	0.0	0.0	0.0	0.0	0.0	0.0	0.0	0.0	0.0	0.0	0.0	0.0	0.0	0.0	0.0	0.0	0.0	0.0	0.0
108150	-0.27817979881710725	-0.04629010902665018	0.26996559745457893	-0.01271517071319976	-0.11720049758313952	0.13432934003436145	0.00037539617825825837	-0.15575333000586664	-0.14507291764071875	0.030928975318961497	-0.09603423866837796	-0.09491764382274501	0.06750140829029751	-0.059728427498344026	0.0718438359816337	0.02337902718303832	-0.005074213169603577	-0.1765870585734999	-0.017480514637416754	0.06949681409533717	-0.019375964394652827	0.12470478698287399	-0.05716264367344226	0.016717296877805623	-0.08087432766127958	-0.04517653399826665	-0.000643468697508073	0.015723683916016657	0.0834801247188923	0.03618735953011476	-0.0015526186415765575	-0.05584440326915896	0.0038195650540890315	0.07593988619149675	-0.00611039678999137	0.02211613231756861	-0.0023689860213281407	0.013265162872834918	0.010718691333633366	0.006398418528073955	-0.03232535658170709	0.037504136603654814	-0.0545475188767281	0.024660402353007066	0.012397224339570231	-0.014858781611211973	0.016487372263663917	0.0237075751869952	0.011678167151178219	0.01941388574904741	0.0034397458002562932	0.018025162765300955	0.0031742893584808638	0.016688115556584695	-0.0055857725914971994	-0.015898324141504484	-0.002823251024278136	0.0030629923013627725	0.0035940723264016976	-0.02926826640814571	0.023231746105583262	-0.0166331255025237	-0.01299399052380084	-0.009296244520287277	0.03144536322665551	0.0033786828004578546	-0.010425305614096488	0.002105365245513462	0.006252305423491226	-0.007131105429687545	0.015481995185721473	-0.005183609305051631	-0.0062827450383957295	0.007141379511510048	0.0013117585209033342	0.001768342304956537	-0.0	0.0	0.0	0.0	0.0	0.0	0.0	0.0	0.0	0.0	0.0	0.0	0.0	0.0	0.0	0.0	0.0	0.0	0.0	0.0	0.0	0.0	0.0	0.0	0.0	0.0	0.0	0.0	0.0
108151	-0.28181170753022355	0.11721965859211178	0.10947277344806229	0.1969365983548555	-0.034936649861392076	-0.017744157987207257	0.005378081969534938	-0.047114159669503296	0.030278063479274683	0.042904467768129895	-0.09754662410985415	0.037089394656550194	0.15234276769894217	-0.04120202167558491	0.14257886380533208	-0.14032531200744566	-0.048122729581922534	0.039615808410802714	0.014363221169615168	-0.05559224443450546	0.12827213528027487	0.0019689218581109644	-0.10708446222688557	0.0699360407853355	0.13995100520081388	0.019674857106345454	0.05873904201437141	0.06555428827240037	0.10660000099036854	0.046384522845252296	-0.013492360628300705	0.04837728956813817	0.07516159714512917	0.022216826160239917	-0.005464399338987115	0.06889755106708509	0.03862168737694049	0.0103699278349667	-0.0657064088706398	-0.06991808145077769	-0.04190388752770843	0.01184570956660672	0.03156579823895622	0.05645390756346723	-0.06134844863608096	0.020524644836684522	0.02688097436289973	0.02680623657192721	-0.07003434343274023	-0.05399418556451563	-0.0008322539369426946	-0.002018072330531292	0.024064277478607215	-0.010899747373006165	0.010055705125560832	0.0620245706447003	-0.00042363047139696024	-0.0044716771200675985	-0.006791115152520008	-0.013972456009986669	-0.035460980134695466	-0.0036871613490319054	-0.02482900843860268	-0.004628664446739374	0.009951012090199548	-0.01525892346197935	-0.011709350169616321	0.019779565356957723	0.009229862984298507	0.009653143253637943	-0.002844890937280425	0.0038525991126485692	-0.0015124887201225692	-0.0015494197192624768	0.001507001659643915	-0.0011243695275785534	-0.0	0.0	0.0	0.0	0.0	0.0	0.0	0.0	0.0	0.0	0.0	0.0	0.0	0.0	0.0	0.0	0.0	0.0	0.0	0.0	0.0	0.0	0.0	0.0	0.0	0.0	0.0	0.0	0.0
108154	0.5183441717247633	0.20657578161378648	0.031357592824293595	-0.0364716958729235	-0.07109390871758196	0.008249918286356713	0.015045015315462323	0.0005947938342305616	-0.0026791102554159104	-0.07739958390561974	-0.009940381500719287	-0.02369665634739206	0.01147055304240217	0.025320634585473203	-0.01645531410857523	-0.015749737795904245	0.0019773382831370914	-0.014821214762584186	-0.004750724187173283	0.012750457353253268	-0.010951857933980695	0.00468982859969892	-0.01953918458886648	-0.003699931368844193	0.002578257593877458	-0.04365459319938609	0.028693364818676056	-0.0016666714856980517	-0.04217240893687212	-0.04524422250896527	-0.03792679920063545	0.020456441607884946	-0.038607482759018506	-0.05842227898897707	-0.013183070116902895	0.05374453035470217	-0.012529454082794982	-0.037878057072944955	0.009519977580381558	-0.0067371352732902715	-0.04464601740148157	0.03569849396559119	0.03168211588123456	0.008300795319773202	0.023296155095067963	0.033034487463690636	-0.040832347853122175	-0.009002352005211767	0.023760084919642252	-0.029433143007216302	-0.020260138877548413	0.029100909663128522	0.009523402415252782	-0.018125946345461722	0.01051153648472639	-0.01068319435414941	0.014471205749894038	0.011622863354739717	0.006225320990075971	0.006960113595116466	-0.005077090777343395	-0.01024448915762043	-0.012830289692890972	0.006244937508001235	0.036080743681440625	-0.030017644288150635	-0.003993138266864043	0.015248187328092508	-0.04009192629155211	0.005321752562149728	-0.0009114344021061472	0.0017115853723317532	-0.002392973032520311	0.0017132555493336542	-0.007320516558093433	-0.001975659452038512	-0.0	0.0	0.0	0.0	0.0	0.0	0.0	0.0	0.0	0.0	0.0	0.0	0.0	0.0	0.0	0.0	0.0	0.0	0.0	0.0	0.0	0.0	0.0	0.0	0.0	0.0	0.0	0.0	0.0
108155	-0.06344651886057023	-0.2670573961434576	-0.01629115964977575	-0.32613451648209957	-0.07136697205282456	-0.027188602828026227	0.2041215056567047	0.1049834847541058	-0.12405503778671523	-0.05730838238824592	-0.2180941346170791	0.06728622891235457	-0.10497855682765518	-0.09548123217458246	0.023536242102896652	0.03634863674579168	0.12560924621035727	0.23340190999334293	-0.04033811332266816	0.009750921404765384	0.03328482814321768	0.011557615922162624	-0.04820043110980825	-0.05039277134075057	-0.04631103518151147	0.05149250156444657	0.03923975578565305	-0.014860265814489411	-0.03754140364436569	0.03631545238614366	0.036531238381681944	-0.022490914030470068	-0.01676225609535629	0.031083372176669302	-0.05320948697059491	0.026243011186750174	0.001915125651009542	0.023108519662096882	-0.029290829137813872	-0.05340860669081218	-0.04134276362985724	0.03879158997733927	0.015544428001824647	-0.010120418181816323	0.0042775839704356925	0.0012912811163915384	0.008862602364203345	0.0037158225860452546	-0.0015939270239861737	0.040027724668414304	-0.04309667898717369	0.032667392259362334	-0.04933743741664462	-0.0009523261108311263	0.05198264958332003	-0.03633236959367789	-0.011471577076163681	-0.030395979672122937	-0.01018042314025934	-0.028613167702558555	-0.02828831772608769	-0.0008546853330966325	0.023206434742647428	0.0025736397436774377	-0.005245073274808548	-0.016995517462879858	-0.016574925939504614	0.01008174950616416	-0.0017993780053421878	-0.01444978135967248	-0.0045691407991032195	-0.0076329169069924395	0.004138475579162678	0.0007783043225581343	0.004373299770179209	0.001776095409284679	-0.0	0.0	0.0	0.0	0.0	0.0	0.0	0.0	0.0	0.0	0.0	0.0	0.0	0.0	0.0	0.0	0.0	0.0	0.0	0.0	0.0	0.0	0.0	0.0	0.0	0.0	0.0	0.0	0.0
108156	-0.3153275039713112	0.012644670066003097	0.26804570074510403	0.041336246156523766	-0.050104171514825865	0.014704773446348487	-0.009948326923773457	-0.10588407663355322	-0.0308700155844882	0.030896556862808403	-0.029387110848227913	-0.051979341137223856	0.05190378413349656	-0.06010759850605143	0.001198956492674456	-0.024312777205032998	-0.03208021631715015	-0.004472427724076485	0.0021096465142531086	0.019250331630696994	0.027495506911447583	-0.07289182864959369	0.034714735354090226	-0.09299432198803159	-0.011439762341287482	-0.10257616118873644	-0.09121283646480187	0.03566613212561155	-0.04527734275193649	0.07753625220011168	0.03652068485984811	-0.06159236283863933	-0.020875880737667947	-0.019568540875658014	0.07065334377281145	0.12568711448074382	0.022017410052805397	0.07621581945925504	-0.04241007428895571	-0.027386976693825137	-0.032722478111079145	-0.0710455972125136	-0.016553370058292816	0.006748885972545729	-0.09232078918500253	-0.016945291459955648	-0.07342018242399194	-0.01965653651299926	0.05477833422543678	-0.021871100724676636	-0.020537137901060865	-0.016782318771730177	0.024283711185479808	0.03684774327513757	-0.02465233703544316	-0.05263968225975563	0.04026429705238928	-0.03625592531495716	-0.011990576363700734	-0.0015414057478608386	-0.0034691784726808214	0.027969700011472143	0.0049280351986176005	-0.0033142152327798697	-0.02287137678145762	-0.01668053277191754	0.0073843941477468485	0.0012922239702742276	0.013779408344864208	-0.003852224144044818	-0.007780346735018946	-0.0018861249256497935	0.008164739300983359	0.0036027592812826305	-0.0033772015383553627	-0.0013415774686441088	-0.0	0.0	0.0	0.0	0.0	0.0	0.0	0.0	0.0	0.0	0.0	0.0	0.0	0.0	0.0	0.0	0.0	0.0	0.0	0.0	0.0	0.0	0.0	0.0	0.0	0.0	0.0	0.0	0.0
108157	-0.26395977822820044	0.20279377187667366	-0.1550498591360073	0.1813924311661439	-0.09680437108974536	-0.06862913643402063	0.12367921322596387	0.06170477104311656	0.018813333421248038	0.008915160361018236	-0.06718911047714131	0.0652420931339686	-0.002882666302009535	0.05248471628829148	-0.025764382215470855	0.06556815071957228	-0.053678687910808404	-0.00065488959336317	0.015612432733450319	-0.05667846558802229	0.06660780034515566	-0.04444652190176345	-0.19203775290578032	-0.06174722717360304	-0.10347329916605597	-0.022868769630831315	-0.07913490841074773	0.04524218597455428	-0.08087793141730841	-0.07077267909700545	-0.07858628130304868	0.0772870313382835	0.07917950517016399	0.03270605856971487	0.07770677435271946	-0.038216287101342075	0.07453834716281332	-0.024231118285164235	-0.03159298839510967	0.054466095576499424	-0.019661937668333938	-0.0600132225234794	0.05499918757148772	0.04224191741280146	-0.04537144836008066	-0.0021960038270635376	0.026350327565424207	0.02403442056055362	0.024574403184452646	0.037464769614878275	-0.0072230943609163396	0.02759697588366511	-0.012770663357883709	0.021140817796305746	-0.033739101548886444	-0.02652291197310181	-0.028355345247185387	0.04981685533147443	-0.012477435300536839	-0.007308988307837125	0.022571410814062966	-0.0008722019558660528	0.029912157335877904	0.026581871880206345	0.0082815275330532	0.011107636262242917	-0.012911886666402573	-0.00425142259988881	0.0022582208018117654	0.012261496152466465	-0.0024641821325363535	-0.004547425282808705	-0.004019920769480462	-0.001991424734282011	-0.0033364004121223647	0.0011341459413694163	-0.0	0.0	0.0	0.0	0.0	0.0	0.0	0.0	0.0	0.0	0.0	0.0	0.0	0.0	0.0	0.0	0.0	0.0	0.0	0.0	0.0	0.0	0.0	0.0	0.0	0.0	0.0	0.0	0.0
108160	0.5341854315538148	0.2132143838493224	0.05135055423206953	-0.07600890273782199	-0.0680231405976376	-0.045780322677524	-0.0852354491181588	0.000563396617863911	-0.0772070854687756	-0.10160087179550886	-0.010163271557327326	0.03164843546075459	0.007202398602763623	-0.006674058430685646	0.015117499803869845	-0.031210973549699005	-0.03530247951953563	-0.013094116072969252	0.020179789988621726	0.015581307942954902	-0.028737730165043624	-0.060471336998290035	-0.004838253579210901	0.004826062885345106	0.004673165663574593	0.04722327590415895	-0.022835356439484415	0.015691142195579454	0.05685487303930147	0.042768607350487015	0.030980698386957998	-0.04126246741860499	0.03600843524239191	-0.0023537194780230562	0.04448870634930017	-0.039597437441467535	0.038333818149442554	0.007102308459834783	0.021453104478044206	0.019907680897587182	0.02855767659002085	-0.005133343492342527	0.039450288244206294	0.0034986696164950445	0.01922606508217004	-0.0035458986010005237	0.00982504786660473	-0.0059972966021193275	0.002234042437910428	-0.03261786780355742	-0.013368070357549503	0.005431076376514182	0.015655114926507414	0.013020545245706455	-0.0007277164768040123	-0.009124237939691327	0.03585519907415221	-0.00264343100111588	-0.005534721385340441	-0.011098537049508162	-0.004813759110542728	-0.028120566012696968	0.00496948561875183	0.02075598980830478	0.004129342152527704	-0.00931808304068278	-0.005731631802430865	0.008335067102050392	-0.003636463351101784	-0.03443229490162585	0.01964963557178593	0.01047659052314299	0.0017755768592482002	-0.008856125539259236	-0.006198151821722152	-0.0024939539998982178	-0.0	0.0	0.0	0.0	0.0	0.0	0.0	0.0	0.0	0.0	0.0	0.0	0.0	0.0	0.0	0.0	0.0	0.0	0.0	0.0	0.0	0.0	0.0	0.0	0.0	0.0	0.0	0.0	0.0
108161	0.04273729130450935	-0.4072680643460731	-0.1510731008223442	-0.03855749611258105	-0.040251504493814705	0.1977220857686738	0.16192572843053613	0.13297197523363682	0.12334351184494488	0.07488333032357433	0.05882553404450625	0.13700188649247366	0.042480159643578194	-0.13887688106548216	-0.031141474752307625	-0.03159176565456036	-0.06989978105123547	-0.017683793814202053	-0.08183748548558094	-0.018957631297191187	-0.15309210741197393	-0.0527870494334877	-0.0592587201684512	-0.012687035593191186	-0.011868245283397258	-0.06885293835912563	-0.0032774065859943074	0.02986205285482803	0.10388040509206263	-0.055058189254574987	-0.036762132554022324	-0.01626345702756735	-0.01381118075002706	-0.008391158620108323	0.008255746363043867	-0.0019403511025213051	-0.007109245468976313	-0.016466216698481563	0.02880901395037131	-0.006057034876170061	0.007916769104137907	-0.008934511571485539	0.05799197317202462	-0.00031460343271831403	0.016117691877425386	-0.023633982275488165	-0.028552096304896912	-0.023224628946428294	-0.02170492172181891	-0.029264022952409655	0.0023400574014916	0.00014395815353307476	-0.00819854032618553	-0.001108953228771691	-0.003056326159131957	-0.026294797477456708	0.026531151196413486	-0.007194180474562176	-0.008396827101886587	0.03570084296451895	-0.01451524990302509	-0.013872101134911744	0.012276176705032902	-0.02074896178901378	0.017820992987745834	0.002331668916504902	0.00312787049701966	-0.005378391007523333	0.004414948042825992	-0.009617578051465684	0.016325456387979973	0.01136145570479332	0.0010277465177427848	-0.0068799966191731635	0.0026459636013418083	0.0010800266720879513	-0.0	0.0	0.0	0.0	0.0	0.0	0.0	0.0	0.0	0.0	0.0	0.0	0.0	0.0	0.0	0.0	0.0	0.0	0.0	0.0	0.0	0.0	0.0	0.0	0.0	0.0	0.0	0.0	0.0
108162	-0.2287669522021585	-0.13408494173964738	0.3232191330996769	0.049695881114642806	-0.03372631272747605	0.1557265452727263	0.03443345109000723	-0.07352919587726962	-0.17335223090247018	-0.03257924554942334	-0.056521769691576386	-0.06843488567331268	-0.06496554938006817	0.04547581781508563	0.0318079168311001	0.04862661700144898	-0.05954236923660196	-0.07703083688398273	-0.05329369870347959	-0.042790412126773605	0.008662105247556028	0.09538121011737885	0.05077208029203623	-0.02538372769413489	0.007608330501232657	0.04150259475434616	-0.021077417570690125	0.026229837436422595	0.045384031378909805	-0.03191822700318594	-0.013324963427621654	0.0551214156251335	-0.03707958234910225	-0.07682201334122057	-0.04743295589547609	-0.056893326211390274	0.045742578963200824	0.017507287615981134	0.0037024752012555107	0.031737403570976826	-0.02491195055951464	0.009680488050241791	0.03178079122511305	-0.025333639890566455	0.00632200099802834	0.05059674688893295	-0.029948428417428865	0.01462351610283297	-0.03752348081485306	0.02898206898919966	-0.030716140374351195	-0.001311050699445687	-0.027995860473885963	0.018527164528299535	0.02171514423570512	0.023498117565065743	-0.010558811070651269	-0.040098934781927074	0.03195748261423434	-0.0012492688226150594	0.0006363513823232869	0.050492775035911056	-0.010130864983369292	-0.008621542709245589	-0.021088790041185457	-0.009458245190790238	-0.0013538004685384696	0.0030902323520160565	0.0022208321305912625	0.02615030443590323	-0.005741647412373325	-0.0029554368689566762	-0.011648868454093658	-0.008051723960983177	-0.006172108234597242	-0.0026044114215791592	-0.0	0.0	0.0	0.0	0.0	0.0	0.0	0.0	0.0	0.0	0.0	0.0	0.0	0.0	0.0	0.0	0.0	0.0	0.0	0.0	0.0	0.0	0.0	0.0	0.0	0.0	0.0	0.0	0.0
108163	-0.2920011936738747	0.16257936036768145	-0.00022038058900777647	0.1516072563412558	-0.0953567671719081	0.027388154167082582	0.0795444987730891	-0.13004993127605613	-0.030853337077881057	0.026234463418829793	0.01481614941260925	0.0610942767474189	-0.01564911646844393	0.07492074992685446	0.12962216767036064	-0.0926593616609358	0.06101931804664646	-0.013574550799505763	-0.08632523533751697	-0.05278163073029852	-0.08892783069063243	-0.011419365968112436	0.08411123778639552	-0.03707518948269893	0.0021697626356548924	-0.1058412235658338	0.1296882013970816	-0.04151006588491953	-0.08364424879131639	0.014794434334988772	-0.01972239331831046	0.00020132035623553297	0.0002532498767576928	0.03710270276328243	0.003719013267962866	-0.023959771953086177	0.12419880909759362	0.06927603915052323	0.0805855785829653	-0.027828490281515635	-0.02738453692045289	-0.051636495077669486	0.05116586039193085	0.019389405787692365	0.04324499062685477	-0.016901754660050432	-0.03506937426038647	-0.034519606686111245	0.02617280202138251	0.026579548059149458	0.08381142369578326	0.03971584511525832	-0.033874569050858394	0.005716199303636182	0.010144278057298515	0.022064000354465478	-0.039972434833355684	-0.0030856889590157414	-0.008569679775353372	0.004887546168813614	-0.012230502392586766	-0.021491988761657265	-0.02822619158513003	0.025858697442479966	-0.010226675570586041	0.021177176113219915	0.025109176877908437	0.02287708513243958	-0.010874904726174719	-0.010983266457834318	-0.005366960489362889	-0.0010450387775716888	-0.007273715256228021	-0.00363066825701258	0.0018497134752917894	0.001121478796348468	-0.0	0.0	0.0	0.0	0.0	0.0	0.0	0.0	0.0	0.0	0.0	0.0	0.0	0.0	0.0	0.0	0.0	0.0	0.0	0.0	0.0	0.0	0.0	0.0	0.0	0.0	0.0	0.0	0.0
108166	0.5424451027107834	0.2315208086576586	0.03491107701587284	-0.057261010374121214	-0.08283175697801665	-0.01816717203973415	-0.06821678081858638	-0.004524608295319711	-0.01741983526087047	-0.031139593681148603	-0.04302481125450725	-0.004816771286659724	-0.009811204530216867	0.028214445982508	-0.008612579538296267	-0.03769146993960931	-0.010013279902006119	0.0020055622354810615	0.002236277902597908	0.02539335381043301	-0.007724446036453413	-0.02533506271199199	-0.023551649639594652	0.008529900625084873	-0.013499511533681108	-0.014290822191046887	0.008132194409609984	-0.006453812468025387	0.020821352255754145	0.004273885743625213	-0.008786515945754534	-0.0036087873968294183	-0.005902001260818206	-0.005221286421370666	-8.472715625995633e-05	0.0019457666458865034	-0.012017670554228027	0.006228328425491745	-0.012977406460872894	0.006723880346748287	0.0005775889757811285	0.00495546140621248	0.017153133169955932	-0.0031816410170882924	0.01479270510857831	-0.0007191032273186327	-0.006513876415293336	-0.019080921402165895	-0.01567167108145737	-0.01650932103251622	0.004756048220884157	-0.0049476060524759205	0.005340216736553725	0.007999043026683444	-0.029461210049154973	0.012136909671668424	-0.017396512043202677	0.029481608188089627	-0.0185481652774252	0.005802460607370526	-0.0046646529611495255	0.025826030825385843	0.00012376203598212394	-0.05021260117943733	-0.01198326091797283	0.022289185982550048	-0.006697348172471526	-0.0061182158425043326	0.03548724005737948	0.015470099711777483	0.01966594380473787	0.0005567847027086713	-0.002676573850002626	-0.0026128332227384125	-0.0142182614616742	0.0053506095440374705	-0.0	0.0	0.0	0.0	0.0	0.0	0.0	0.0	0.0	0.0	0.0	0.0	0.0	0.0	0.0	0.0	0.0	0.0	0.0	0.0	0.0	0.0	0.0	0.0	0.0	0.0	0.0	0.0	0.0
108167	-0.05092365030845028	-0.44504868251403934	-0.07161955999598407	-0.10246128766414103	-0.09605457553979889	0.03515884840569053	0.07526317439664139	-0.025594964622436114	0.053958688673557506	-0.03419240206425876	-0.01217358309537609	0.193371733891259	0.02945545165589624	0.14758938236653163	0.029611819460078282	0.07989777041309945	-0.17212976248024398	-0.03338552306237917	0.06780949450862281	0.030438451626009198	-0.05722429789647224	0.014957204109887538	-0.007888791595336349	-0.00827809873471709	0.0546951572354962	-0.033186626396078105	0.03231827772188703	0.0031585101294153975	-0.05334006987329974	0.020919891472542404	0.015764290670615203	0.01151528366519478	0.009569890307645827	0.05397214837191888	-0.021092740100203008	0.030189287552344332	-0.030809649277746133	0.01264147759847866	-0.016244651908375398	0.017203326003847188	0.02481172449238431	0.05176945860076098	-0.01888603597243261	-0.021735211297159423	-0.031740157636006114	0.008833091347452781	0.043253968975477085	-0.035105919634824824	-0.005686398796925042	-0.04477978863039226	0.02861702309888895	-0.04440238031831601	-0.005000022546887743	-0.00618295836977125	-0.02614359520120388	0.015350959395642978	-0.04273703571166168	-0.015053946949184617	-0.05140587139227749	-0.004603953738757549	-0.004992226060395402	0.002653002977418144	-0.020949757133480056	-0.005075851599297556	-0.006577663905719651	-0.011524874407883908	0.0010584354065449686	-0.008712490350400188	-0.023136338687387577	-0.005709276833667833	-0.009588289035569122	0.0016119544040478569	-0.004342162515022402	0.008200423026461545	-0.003121161165176005	-0.0010197304900069909	-0.0	0.0	0.0	0.0	0.0	0.0	0.0	0.0	0.0	0.0	0.0	0.0	0.0	0.0	0.0	0.0	0.0	0.0	0.0	0.0	0.0	0.0	0.0	0.0	0.0	0.0	0.0	0.0	0.0
108168	-0.34409849562305345	0.1403673445226125	-0.013238081643240232	0.006385198348152463	0.05879354333383757	0.05100405884580371	-0.09511786467928593	-0.04690578691873842	-0.004717046136603319	-0.006297868746197496	0.003713363272124754	0.05674912586282849	0.009822349196526145	0.025114497683453887	0.06557725071273679	-0.05483372254301305	0.038062136323709736	-0.0705616378588805	-0.025065966696502073	-0.05175886979991608	0.047872223620573855	-0.08163762837820761	-0.04262685925184848	-0.21303961618930126	0.08641464336599915	0.03855137377664507	0.0016539466123037568	-0.10727047589956043	0.010159104144385585	-0.047093977085346295	0.006134223849092945	0.06595137764044509	0.031667045166185015	0.09905246425507906	0.08083259536980392	0.04607752469493117	-0.005006158638816357	-0.019440600416217063	0.06277184129594365	-0.05737192339564089	-0.012547155318068152	0.04785446123825992	-0.03870493945261365	-0.0390425336422172	0.07792720169291312	-0.0037362468634469514	0.01752518382129072	0.002512097802417284	0.0007004982626168753	0.04008358478544153	-0.011345476919491043	-0.03791782668289584	-0.01764133891158187	0.00038810795298751714	-0.03008028781546442	-0.00965554096431136	0.05333685303366364	-0.022470522063305107	0.008594294250658585	-0.014032873359123944	0.017962436962302687	-0.011680102742464532	-0.0029130440420066417	-0.03484526354035851	-0.014254836015679324	-0.01871042788276565	0.013194356473425529	-0.02157318763581957	-0.009315122025329685	0.01038830358423635	0.01252391606547279	-0.013945175900393174	-0.00028355701036784366	-0.009683520950714224	0.0020029665451613177	-0.00021043963505440206	-0.0	0.0	0.0	0.0	0.0	0.0	0.0	0.0	0.0	0.0	0.0	0.0	0.0	0.0	0.0	0.0	0.0	0.0	0.0	0.0	0.0	0.0	0.0	0.0	0.0	0.0	0.0	0.0	0.0
108169	-0.2604326081760807	0.19484529536651757	-0.10068531356331184	0.19791332395866065	-0.14888626673366695	-0.08605038924845256	0.14597007785267135	0.016838487814321443	0.001951897505547772	0.05650567338298845	-0.11075989768189755	-0.008425691021837087	0.12307426141225022	-0.06662304364904836	0.04549599063727071	-0.07665513443669449	-0.0097378769600682	-0.022364308730471086	0.010836563714773198	0.04245429126401035	0.060654408246005355	0.04369587165203381	-0.030550634692393035	-0.0215857941923308	0.005060628310081374	0.0664142159496814	0.10906475001305478	0.024529901671098458	0.03467181757965489	-0.16593904917715305	0.05876288526563086	-0.07093918521983815	0.04300417350451757	-0.00926211025673997	0.02769480905574495	-0.10804974008326729	-0.018156317983217075	-0.04583558374148852	-0.050538289789733196	0.01412336183674702	-0.04985382338334795	0.006342838646994269	-0.07335504998455589	-0.026046210588013482	0.02143922048895308	0.020168634159449552	-0.0033954426027870536	-0.0677808206793952	0.10624276472867619	-0.00469220329995638	0.011629908436083141	0.009925078119781362	0.04368204530258221	-0.008648136726055057	0.025780272086176458	-0.0128753566388115	-0.014911026826440408	-0.05877133171720403	-0.013743561200989182	0.009134343268204883	-0.003901904406975635	0.019410528995996115	0.02891851680355749	-0.002182644020153284	-0.00341805723080884	0.001742038203520264	0.02355358146078549	-0.01289558926796889	-0.008837873088103416	0.0033393746674401604	-0.00019289332687605693	0.007832703032122516	0.00577521473723553	0.002694377114426523	-0.0016739905196216254	-0.0019204044222688721	-0.0	0.0	0.0	0.0	0.0	0.0	0.0	0.0	0.0	0.0	0.0	0.0	0.0	0.0	0.0	0.0	0.0	0.0	0.0	0.0	0.0	0.0	0.0	0.0	0.0	0.0	0.0	0.0	0.0
108173	0.3345417609129082	-0.24473861354078247	0.0640194378569971	0.1638279428580623	-0.08434226046772186	0.10227279346289705	-0.11847076412998739	-0.09634481991506898	-0.0204036600076847	0.0796943241569281	0.09729078410192363	0.03265667916809659	0.012799038567721759	-0.042255110816427854	-0.030166799265032775	0.1506355622748599	0.03126509175895343	0.020602080514988602	0.010897909897651282	0.06934769131877203	0.03814479375183667	-0.06613641600297193	-0.0350068827239772	0.09584551268638239	0.07700307895931095	-0.05181911451021255	-0.026520965531654794	-0.0018078017211468087	-0.05272891829274458	-0.035900165902298824	0.024285492332750278	-0.024373607005006428	-0.009544651520208636	0.05089453421267958	0.01810063847676041	-0.03511169610465995	-0.010367081476061383	-0.018284238977537514	0.025040968378704922	-0.003666124099989224	0.04483619908753209	-0.021543816432950055	-0.004535937463874388	0.05945388294208439	0.02295689411374506	-0.02583601790672826	0.01726329935185096	0.017083979255946666	-0.01678117061236685	0.0032212321518377764	-0.012164929294198826	-0.007822327683333024	0.0012306141713455743	0.028311454406971887	0.04826333695432093	0.0009543353377525425	0.031816688990978496	-0.018555292437678936	-0.02358899360629942	-0.02530790216375128	-0.006064081890890712	-0.00758610051041339	0.012920779241358732	0.006395029509807496	-0.030297796209896536	-0.013732355246132854	0.017753653150100277	0.009298004487846893	-0.002384407369546944	0.004309155821680137	-0.004214885975047658	-0.0018130347178644183	-0.004067086552394606	0.0005071996471707764	0.001366817219071652	0.0010269805643436634	-0.0	0.0	0.0	0.0	0.0	0.0	0.0	0.0	0.0	0.0	0.0	0.0	0.0	0.0	0.0	0.0	0.0	0.0	0.0	0.0	0.0	0.0	0.0	0.0	0.0	0.0	0.0	0.0	0.0
108174	-0.3540099547257841	0.06196402972663442	0.21117917011413084	0.05517983957910452	0.00613528415659536	-0.017937708596375633	-0.03146656728001535	-0.03326624857423034	0.06592184629754683	-0.011629782073488169	0.041464589745201993	0.038770774420938986	-0.03062640647871171	-0.02090239946450066	-0.010665360376808743	-0.02826626145600452	0.07577766081628981	-0.011840928033024514	0.045237935443932155	0.08194581336778654	-0.06890554758700637	-0.014341712814488752	0.011300378940033252	-0.04979772156617935	0.018341694482673053	0.08512553188961264	-0.00918025899121421	-0.07176019274853652	-0.013283915818537086	-0.008595104429907905	-0.020854090905149454	-0.07056366952616577	-0.04196486066124234	-0.0098459862408652	-0.008033957292511653	0.007822074237179656	-0.022170420524866046	-0.0038471353076801195	0.014205184776400698	0.025391987974346462	0.016820189522494707	0.026858999579286762	0.002565665467383618	0.032219221363168106	-0.03900839085991155	-0.02052605734641795	0.07249737402048138	0.02781985444177989	0.017546677625841004	0.03906037052818433	-0.0545625809241866	0.06062747591068118	-0.018594364052551212	-0.04411598417454263	-0.09307101009781148	0.05343685943229603	0.004513293329595153	-0.023117886571940967	-0.08251047661042046	0.0010233599261217688	-0.055441427892787665	0.024848204721970708	0.012158399686573574	0.021933346460999627	0.01632103308685215	0.01130308295313246	-0.01214968979117827	0.001537820402090446	-0.024186088904203207	0.01154129313838888	0.007876884450288684	0.006881221632268835	-0.008423611235712487	-0.0032847420963132493	-0.00033025148308116914	0.0021108689630038677	-0.0	0.0	0.0	0.0	0.0	0.0	0.0	0.0	0.0	0.0	0.0	0.0	0.0	0.0	0.0	0.0	0.0	0.0	0.0	0.0	0.0	0.0	0.0	0.0	0.0	0.0	0.0	0.0	0.0
108175	-0.29502161019386197	0.22521697379024402	-0.17980351530025632	0.09247190281667535	0.029066884102476157	0.0036696098500303225	-0.007358400197331768	-0.003250043003943878	-0.03794050066481162	0.040684035709814735	0.05766755449275015	0.02608138105921616	-0.23392336989810844	-0.043214799313153265	0.12489366138117686	-0.10750093243533734	-0.1204187005763778	0.008706580375292974	0.05587069046426938	0.06966989140537537	0.08975591227822106	-0.021108814903154423	-0.01942370783423972	-0.014900986373622095	0.004856328337052815	0.004419115446601113	0.1269141279211168	-0.05221937622870426	-0.024879309833410645	-0.06396645435832848	0.010384273677052636	-0.063560336109455	-0.06509112047179363	-0.015268018151862418	-0.03180431116929377	-0.030988972983829494	-0.03703258548534612	0.0077414858464708155	0.05692987782130248	-0.0033717684347057963	0.04167324599969993	0.01655215858946947	0.03674359732092252	-0.010024551010841844	-0.022027945631742506	-0.02510354341446728	-0.014747617598197576	0.01855131117355061	-0.053596236965213054	0.0010691172667059558	-0.012451315037661424	-0.04192391441921586	0.01396486607998925	0.00755544766816385	-0.02006616076500509	-0.06346773165820913	-0.04949940639151021	0.007042347828961893	0.006513995571204784	0.019822592470313986	0.0004856130688556542	-0.008755612702991631	-0.01855397790327292	0.027380569541679056	-0.01639713551221759	-0.04503894019209432	-0.020548653869556507	-0.0202407531758445	0.026860026247650402	0.006343321778319894	0.011707111134698281	0.003996468801997069	0.0002110080863187824	-0.0002339017707320853	0.00011141346585396472	0.0004495934542582731	-0.0	0.0	0.0	0.0	0.0	0.0	0.0	0.0	0.0	0.0	0.0	0.0	0.0	0.0	0.0	0.0	0.0	0.0	0.0	0.0	0.0	0.0	0.0	0.0	0.0	0.0	0.0	0.0	0.0
108180	-0.23990312527504146	-0.0819104057871351	0.297791394975316	0.09846926372293402	-0.007761895590779659	-0.05090647380918945	-0.0432593100981922	0.08371517112756544	0.09015968647682984	-0.05251356603275081	0.014847990196347116	0.00945241586970287	-0.04826240107687578	0.0891687746893226	0.005424035707693094	0.09086940580554949	0.015475323971529878	-0.019758712847937572	0.03041039167084629	-0.10318736164980262	-0.019048330393421777	0.03037368514890668	-0.18602271924450398	0.02630042932943247	-0.10636983868747679	-0.008497625013095802	-0.013307671529513298	-0.08080883261812982	-0.010059263751221102	0.03624387232352035	-0.09535057027840865	-0.1182919217602314	0.08112504297759672	-0.08214242122023045	-0.021399034583796966	-0.043220971877346324	0.060691820305148476	-0.03323860774814447	0.07674900636680311	-0.09683812077009527	0.03042537507202637	0.011300251092342154	-0.02936059531936366	0.0026527699874124458	-0.027768613524757967	-0.0009329702870458641	0.006859885923802806	-0.03718464414647162	-0.04198361067931657	-0.0341648120708771	-0.02324836637897678	-0.01874545983042647	-0.01763179412067086	-0.006799268556504805	0.034186583404113624	-0.018186644306736333	0.01157036681131549	-0.04791547468692069	-0.0038609026047430623	0.017964733422242838	0.009661372408968217	-0.012494705575677703	-0.004537454960881028	-0.03789604233933226	0.006866630158841681	0.014612027217654706	0.0006594148614371657	0.0025313611154805316	-0.0012734201802587833	-0.009689084045056423	-0.005066941130813357	-0.004123401191022859	0.0013720253899986456	0.004291536817384766	-0.0008739333842719724	0.0003293115979349256	-0.0	0.0	0.0	0.0	0.0	0.0	0.0	0.0	0.0	0.0	0.0	0.0	0.0	0.0	0.0	0.0	0.0	0.0	0.0	0.0	0.0	0.0	0.0	0.0	0.0	0.0	0.0	0.0	0.0
108181	-0.330986640525523	0.1937714558155175	-0.12936687857116144	0.01698784792333543	0.048324569723444684	-0.0023273780976991744	-0.025456487682334068	-0.03297858363554463	-6.17635657373515e-05	0.041649452718454404	0.01593411244042972	-0.012320438412549416	-0.07949636035829287	-0.08208506268712565	0.1433057970354108	-0.09463231960162743	-0.09011505497975598	-0.04354363627066977	-0.03489053694187651	0.046856283638443436	-0.0482892368620514	-0.007624696503946781	0.01635153651644061	0.006100241674372436	0.0319396868225889	-0.013267319722297334	-0.13135550653644423	0.014634771902467775	-0.10571647826001535	0.07459389973108248	0.03556128377904181	-0.045260328375886553	-0.07586317736906306	-0.014711727196202253	0.0022809282361518518	-0.02989940512171806	0.048098914303906365	-0.037561730024612286	-0.1223309854839158	-0.07264031165648889	-0.0028084074162730405	-0.05879563917667812	0.00850809984299213	-0.02259431995348	0.10899414711110648	0.030645123569525732	0.004913176955009948	0.0159944973624346	-0.02507877206617801	-0.03712447449868796	-3.210209311350969e-05	0.02100475107637628	-0.04752401636291602	-0.024840172608482917	0.027023791336069854	0.050218479044425134	0.032290016404153604	-0.018018797316455636	-0.014552836766827984	0.015125126141510693	0.029650238948148645	-0.021423016839639052	0.03971750147167189	-0.0012195479976503268	0.008957168054162638	0.014948090789726599	-0.01741947808935565	-0.02544257553151864	-0.0034808568845290894	0.011164562830142959	-0.0005866061530181138	0.007307209188243442	9.351037044353775e-05	0.0029280974760460287	-0.0008213890625672692	0.002158047069752615	-0.0	0.0	0.0	0.0	0.0	0.0	0.0	0.0	0.0	0.0	0.0	0.0	0.0	0.0	0.0	0.0	0.0	0.0	0.0	0.0	0.0	0.0	0.0	0.0	0.0	0.0	0.0	0.0	0.0
108184	0.390937407877808	0.06641349560855064	-0.0036124103870341946	0.06045656789341193	0.1331804236488562	0.153105892627093	0.15075687400676238	-0.025429939964486854	0.16444532370479453	-0.15313636934135738	-0.024384541404461606	-0.07408186495252186	-0.02829825954772348	-0.036075248239610426	0.004389311139972299	-0.07404569193169047	0.040177178205642934	0.02097698770646858	0.004015305891538439	0.0035334056503003534	0.16905230104364277	0.11244851147777815	0.09130858430961825	0.01928933661104368	-0.07946672552444169	-0.06971758167960485	-0.0866510075958318	-0.07555349276265673	0.015395737979150087	-0.02012009233863129	0.06618912237535148	-0.0008561001506466498	0.07402825163536303	0.14036335211020937	-0.013065313958060152	-0.024024973848195172	-0.0023179932814670757	0.025096053853592853	-0.013269356244113328	-0.0310024476821171	0.13666345941147015	-0.02071370724138297	0.016929164742535124	0.037151885855576494	-0.005827322106743077	0.07671821604217322	-0.0005473028260265326	-0.05963868356766975	-0.00021576755531574327	0.008087419980669695	-0.008862077487403197	0.032246791868029125	0.013649384814802748	-0.01451038381819289	-0.011727923633684278	-0.02002376901632059	0.012159122433549859	0.014938611018297672	0.017884439008800178	0.022562408480599407	-0.006017405536558759	0.00273794321579426	-0.002817808855722255	-0.0049872268153355395	0.01646595664121781	-0.016157547765378182	-0.0035775350710385177	0.00020306009058667897	-0.01317628652578272	0.004537251662893772	-0.010645487790057081	0.011702399038459713	-0.009278737955582428	0.0014128053672902955	0.0012506464292386086	0.0005239949263633332	-0.0	0.0	0.0	0.0	0.0	0.0	0.0	0.0	0.0	0.0	0.0	0.0	0.0	0.0	0.0	0.0	0.0	0.0	0.0	0.0	0.0	0.0	0.0	0.0	0.0	0.0	0.0	0.0	0.0
108185	-0.02072152762815026	-0.3297721319805849	-0.11393628097550873	-0.1833099604387107	0.0913258073680111	-0.09894671813426478	0.1382603702835145	-0.13157172676358098	-0.10252499552024297	0.09449719541270515	-0.14527784541214472	-0.2581755875904666	0.01761427689294857	0.13994400432198215	-0.06873044623846994	-0.11586722536282455	-0.12259093939401663	0.022964916716338026	0.17393711762373576	-0.07271308128717553	-0.1320924152687085	0.06141559537080042	-0.005984554070550586	-0.08319750758645264	0.016469331682884246	0.015044130962269895	-0.0147791282147792	0.04309910885989836	0.019618548251775957	-0.020989375808942497	-0.002729815621351268	-0.013136546691263429	-0.03006666546340583	0.00981667890153868	0.034224244319525074	0.003411091286104959	0.0326272281340419	-0.042134558082229615	0.04411569920335285	-0.007946273457098623	0.04260854568954504	-0.04199475539129762	0.0320366129305977	0.02179440480879163	0.006070986876673572	-0.016591230506784294	-0.006903803346074387	0.0009850415758262782	-0.012129702687153758	-0.003891033493358468	-0.040405319533189106	-0.008704580175003298	0.026309675074470747	0.013563728837182026	-0.010339281447192943	0.013884863119526736	-0.005007212070203666	-0.002314835618395441	0.004545677150584389	0.0045042295720817685	-0.004466068672453183	0.01637473304467623	-0.007292276061667993	-0.0039623952127755425	0.006342182960850097	0.0037133845150485968	0.005732426952707754	-0.0019931947884714286	-0.016165486073067344	-0.009033004005448632	0.00023291306317207007	0.0016775753514086747	-0.0013648276273374802	0.00899522835033158	0.0033706235763607756	8.263569748151595e-06	-0.0	0.0	0.0	0.0	0.0	0.0	0.0	0.0	0.0	0.0	0.0	0.0	0.0	0.0	0.0	0.0	0.0	0.0	0.0	0.0	0.0	0.0	0.0	0.0	0.0	0.0	0.0	0.0	0.0
108186	-0.2987193325858894	-0.07334054043923628	0.28172966190703175	-0.19763412173860712	-0.07251726749662582	0.0887242103433682	0.06024238709505039	-0.028598949816040966	-0.027883831106396882	0.026938123424951613	-0.023746807010562525	-0.0833628054208278	-0.002253335371603475	-0.07028032111512625	0.043364687167419834	0.01585119355292467	0.045630639121357154	0.05653125769057964	-0.006805389957646683	0.015951112301454646	0.019811311575040114	-0.028648037111039783	0.021444198169069204	0.0015296540336377524	-0.0028345419569495126	0.025419145125865548	0.05297322751706024	0.06113280099572732	-0.07929254744278434	0.033307896076840676	0.03385382811630929	0.0316966665627326	0.07343505019235569	-0.05810780321861775	0.03132492037729305	0.02176852816819672	-0.09350290657639794	-0.022671798774166863	0.017612670500572806	-0.045878241917700034	0.055847843227919844	-0.04140053073572713	0.05696938032320865	-0.03975099367054127	-0.002915197933446545	-0.04534319848071688	-0.02927378584262064	0.016768631166204667	0.013250254976469327	-0.001642211211007828	-0.009710548212414773	-0.0279365486999624	0.025401351229344744	-0.014863114004583648	0.030311586683198256	0.0033345010804564164	0.0007219196559968142	0.04413275988823113	-0.044643122114533765	0.016207590369317935	0.035956476726049125	-0.01233968740568722	-0.02314872971518069	-0.006413056931473718	-0.010352222849201174	0.017373263154028904	0.013184206543586574	0.0010034550967401882	-0.023181267627201393	0.022068729506768754	-0.005881623179324194	0.011964333505180976	-0.008828112183685542	-0.008898898075913233	-0.0011739028245891252	-0.0010865876170891812	-0.0	0.0	0.0	0.0	0.0	0.0	0.0	0.0	0.0	0.0	0.0	0.0	0.0	0.0	0.0	0.0	0.0	0.0	0.0	0.0	0.0	0.0	0.0	0.0	0.0	0.0	0.0	0.0	0.0
108187	-0.2708072894965974	0.23742694898753877	-0.17168846174769703	0.18478218215072423	-0.06659522459645159	-0.1004158506385171	0.09112887189144003	0.137562829522979	0.009904621102044986	-0.019907499253677935	0.003107203251497581	-0.05106588304237282	-0.10581158877085386	-0.025734665082277144	-0.13523766001614682	0.13443595370480088	0.013929554677089676	-0.07200759384582105	0.0727727987035451	0.030010325311609545	-0.04134738423882643	0.026762858851291458	0.05975204771205747	-0.04010985371534627	0.06214342216515185	-0.060234612032266946	-0.016041548104663024	0.029965801033828742	0.014476890824754812	0.10134785038544568	-0.007464746877603203	0.04669103856489774	0.02067259889870638	0.03483633389361178	-0.007838130039050532	0.052517768630428494	0.049593502494230834	0.025942227182969717	-0.005144417182231835	-0.025387826977439132	-0.017716220357617534	0.025067388677810738	0.007592734367065921	0.021614203708275465	0.01107396567068987	-0.019623679761670395	-0.028775014738994888	0.023209038360771525	0.014633371976950995	0.024612948264559717	0.01587347409822685	-0.03150719413774467	0.0761602442598124	-0.028984931664906403	0.016176236044933227	-0.027105254834269357	-0.018119422797468768	-0.0237078524150499	0.00019278316322143696	0.024834193366564828	-0.03522630684934025	0.008775219799575056	0.010332942530202492	-0.008744208514097448	-0.007716764542416099	-0.006463116484095652	-0.02612556295839332	-0.006821570890075763	-0.0176647519295484	0.019856744460934418	0.025076561014888154	0.00879520607465667	0.00623477663766429	-0.007817119870495713	0.006713419043837842	-0.0005785215143634258	-0.0	0.0	0.0	0.0	0.0	0.0	0.0	0.0	0.0	0.0	0.0	0.0	0.0	0.0	0.0	0.0	0.0	0.0	0.0	0.0	0.0	0.0	0.0	0.0	0.0	0.0	0.0	0.0	0.0
108190	0.5199787563751593	0.23488733437045797	0.017737544014274565	-0.03754335915471414	-0.10128560638472334	-0.03663651924525935	0.015155665334219567	0.0039184806599999265	-0.027531342269790978	-0.083189330102554	-0.0019353851115127619	-0.020981893085483937	0.01751518886850436	0.03730494741253706	-0.029176301493820216	-0.023826471970112045	0.008647786298066699	-0.007526150503446662	-0.010578337643275608	-0.003400174199987971	0.0018103401770684581	-0.006442900957542485	-0.016087753847173484	0.0066370859689887166	-0.016730549079925282	-0.04348443689409203	0.01298392776882928	-0.010257278386689448	-0.005554731926268871	-0.020988166240020728	0.012299458768778295	0.004014720783070655	-0.014415906809150546	-0.025428331269780745	0.02295559198408997	-0.0159426319611245	0.007498238742343323	-0.0045328151992491995	-0.0007228117091651436	-0.013962410592984652	0.01726255245081357	0.013382485944418814	0.042102769485353436	0.024733172970176832	0.02105744544233551	0.03883680680370672	-0.009782577858337008	-0.021752982894561124	0.017984966944831746	-0.012033900996325963	-0.03334700596010694	0.026591276373199576	0.043102450333717006	-0.031043138303577356	-0.0017660149419575913	0.00920659096464009	-0.007982302124158227	0.0046162968311022545	-0.009869160406205396	-0.009426579749265807	0.009597178839757763	0.003974523587604019	-0.014237566407112132	0.002196782738145227	-0.024898049951473596	0.009557372559542846	-0.004356242985492329	-0.00729445488071374	0.022489884182497078	-0.014957105236264378	0.010368569517709057	-0.019830810020454094	-0.001810096523238395	-0.0091045697606245	0.008179949395933616	-0.00118966197512419	-0.0	0.0	0.0	0.0	0.0	0.0	0.0	0.0	0.0	0.0	0.0	0.0	0.0	0.0	0.0	0.0	0.0	0.0	0.0	0.0	0.0	0.0	0.0	0.0	0.0	0.0	0.0	0.0	0.0
108191	-0.045079563913230064	-0.42244608531295047	-0.007717376621085526	0.17351829750836956	-0.14721097688277396	0.14129524635930624	-0.11525415471580105	-0.07058386430859165	-0.09833616762174642	-0.06765713620046689	0.059559295775700384	0.050297317821134904	0.0013574135964851987	0.06405320984957165	-0.16016952739343332	-0.03985281488295727	0.014407199051075745	-0.023157307621627137	0.008461412707337718	0.036263854250134786	0.07036104466473508	-0.011080076743760683	-0.06761910061550946	0.07201692333415508	0.06067518711182079	0.012683628564234401	-0.042445187502410504	-0.003706424667814104	-0.08110777007106647	-0.057719330405260734	0.10360437474853218	-0.030679735972296018	-0.006735163754946019	0.006160008228312862	-0.058486183181600315	0.012122862675090239	0.011049481058428482	-0.019006956892783824	0.03316376934842779	-0.0012271298862885662	-0.08317664745426714	-0.04782235873763863	0.07518692439299361	-0.05533687634269841	-0.01895307238915304	-0.05034418976484305	-0.056670355006225366	-0.09189367660160598	-0.026614434386546718	-0.008396263395703516	-0.025929818473488787	0.009174321163265232	0.009668458045657545	-0.043938195415396966	-0.028722260978070714	0.011044851224206887	0.011456929553821193	0.0013621501329406478	0.02661015183907438	0.007383931534983507	-0.022205066226108964	0.009496277191937498	-0.0005625872574401377	0.0055194657462647205	0.006266958568039845	0.014653173954433909	-0.028633193990756978	-0.00580173266516804	-0.0070904317043596985	-0.009786255256823102	-0.0004830563412729953	-0.007876258239047015	0.0056000229468332365	-4.9781483261818966e-05	0.002814150646371414	0.0005198699542016762	-0.0	0.0	0.0	0.0	0.0	0.0	0.0	0.0	0.0	0.0	0.0	0.0	0.0	0.0	0.0	0.0	0.0	0.0	0.0	0.0	0.0	0.0	0.0	0.0	0.0	0.0	0.0	0.0	0.0
108192	-0.2499171806236096	-0.05322600155721412	0.28388368059214036	-0.057570404667181274	0.14250767430859354	-0.21210651765838776	-0.05437153232978649	-0.02903585353520637	0.01937706251702708	0.0008846376687318734	0.08076278520738245	0.07837737064593836	-0.015598637038801101	-0.039690122543676896	-0.16843652182755267	-0.051089659179381755	0.0007079904017570839	-0.13268642884724083	-0.016497202063648832	0.014865253610278384	0.03382723571804873	0.0277464562020808	0.06861898327734615	0.026584920025990014	-0.11530411996588105	0.05413909275419633	0.04302755834098678	-0.006699260704849172	-0.07283006786541088	-0.008981079806304611	-0.032347604388405275	0.0008456573435705783	-0.009124506948371068	-0.024652398998819127	0.04851614383236761	0.009725479410127951	-0.020038692190113245	-0.008964471475373945	0.006293923835284524	-0.12657631557314086	0.04635925313014399	0.008614413739744009	-0.01844335859465307	0.03841668251595508	0.010017386480767587	-0.05542415871594054	-0.0043697548459379785	-0.02527782771129217	0.005099417774186422	-0.00232870541685485	0.035106824187084475	0.009409134307587275	0.005248148129965595	-0.005170543856703909	0.012302292040787543	0.002203681061453524	-0.024000212707730218	-0.023842112618262582	0.004458902741679829	-0.025850131739581877	-0.017286017922730438	-0.010105098067089646	-0.0013877870841592292	0.0012479285316052682	-0.006882627278268641	-0.0006183238670957938	-0.014960008112596172	0.008342673980736362	0.008021552253142352	0.02086828472106947	0.005452961786793384	-0.000295761184618454	-0.0036172197930625137	0.015682966131746714	-0.004247621179094598	-0.0022174695779086985	-0.0	0.0	0.0	0.0	0.0	0.0	0.0	0.0	0.0	0.0	0.0	0.0	0.0	0.0	0.0	0.0	0.0	0.0	0.0	0.0	0.0	0.0	0.0	0.0	0.0	0.0	0.0	0.0	0.0
108193	-0.2731227532888156	0.14571140650733286	-0.07003151159354193	0.03598396551596451	-0.23141073879481874	-0.09215004850255647	0.2574724055244181	-0.0684902956833313	0.054530541788975054	0.06010749419729409	0.12896813081199998	-0.07500127194195623	0.028005257006632846	0.0163444407087833	-0.051198919714548645	-0.018361496976453683	0.01093287440778256	0.030236294377384784	-0.027369056492534877	-0.03165573456187508	0.0027959376415777194	-0.0536691681112697	0.08038954864090425	-0.019105548274852082	0.05396848346307425	0.0904750918587301	0.007153272510646698	0.05306863099207078	0.07000135829005451	0.007004560111753266	-0.005674050402736912	-0.009172872781025363	0.060015891202729356	0.033852757262636896	-0.09575510183375137	0.06153488742715915	0.005387581193854604	0.05553743587794863	0.02441705746539148	-0.003320899482065123	0.001233576767354457	0.038936070167420914	0.03879007137694213	-0.020156058303103283	0.01449371549522558	-0.02086481673993987	0.07086991046782588	0.010478065229382875	0.029128126647912134	0.013741298084553152	0.013470431709088525	-0.0011247723009744958	-0.03245634925367651	-0.042052840145129854	0.023806565876671956	-0.02472390741257699	0.03509536765763063	0.02432149974162313	0.008703618468925459	0.05027745433461182	0.009164225293652866	-0.003295759833064533	0.0013273932566332555	-0.01452726371183781	-0.022247082567766575	0.02392513262414188	0.0005634747671835143	0.004469043011233475	0.014134609157630495	-0.005185142271590995	-0.004546944731593609	-0.00421817363426464	0.004717250120381843	0.014508826681657209	-0.007568399846655318	0.004606409438058712	-0.0	0.0	0.0	0.0	0.0	0.0	0.0	0.0	0.0	0.0	0.0	0.0	0.0	0.0	0.0	0.0	0.0	0.0	0.0	0.0	0.0	0.0	0.0	0.0	0.0	0.0	0.0	0.0	0.0
108196	0.5219305943175464	0.21102138509422308	0.033168138569565506	-0.05628566640372732	-0.07979608437891922	-0.02101229670861271	-0.09996024622611438	-0.018058970813843344	0.04213392057743842	0.07494611785740471	-0.06659032245944989	-0.0010495049033971211	-0.03160324364390602	0.040394679783101406	-0.0036242241550315593	-0.0007821304784357008	-0.0004982966970766258	0.006675089390561873	-0.016029142437133017	0.02720421216843182	0.01818248932790546	-0.010523166197379964	0.004646902246045513	0.015012407194222402	0.0003765659329476648	-0.0034504592575895876	-0.006437962122233138	-0.01728450620292451	0.030756843289212098	-0.00021910156156568501	-0.0007996661731448608	-0.008456599921464617	0.019615631526169255	0.0024012663485268606	-0.010653574899010013	-0.008297576320397671	0.016255246415749745	0.009272311728570262	-0.005151571950800321	0.0026865498250816366	-0.000590848588602623	-0.03855715553561169	-0.018210748819410098	-0.04692606542986377	-0.025832879662169413	-0.0444442456150412	0.0032418116387040617	0.010654530531444011	-0.03202161242830401	0.047873946086774664	0.012990795963295694	-0.024998158992729287	-0.015718615126433112	-0.0010208082195332336	0.010845153128214411	0.009060462076020506	0.004838926982823698	-0.011509999323557198	0.00837190552539596	0.010191566303771422	0.006590069217446198	-0.005524352721295458	-0.000768108357389221	0.0393984105922096	0.02292450323737989	-0.027391440766186558	0.006019741974712691	-0.009237208308919312	-0.0107495396469593	-0.017705659520203094	-0.0017945805689586311	0.02738759386574731	0.007449436804413977	0.002344134598817066	-0.010737954442069866	-0.0023688687791874226	-0.0	0.0	0.0	0.0	0.0	0.0	0.0	0.0	0.0	0.0	0.0	0.0	0.0	0.0	0.0	0.0	0.0	0.0	0.0	0.0	0.0	0.0	0.0	0.0	0.0	0.0	0.0	0.0	0.0
108197	0.3089919510278647	-0.2983865377036315	-0.09613446949769065	0.13419541333977453	0.042746198473274134	0.1079843385303196	0.020691968263356918	-0.1533960069074672	0.23191303446170228	-0.1276090060947273	-0.019777259846729327	0.011282454833539662	-0.019110311303460158	-0.08425965506279262	0.06436703952351491	0.0813792241763289	-0.06406001774843634	-0.017532160828022073	0.0034353335397719633	-0.050572672132966824	-0.04576553121524031	-0.010818606435277352	0.053702024565605494	-0.06727966733406683	0.04043830409160843	0.03336774660697678	0.045712796556715875	0.04775087718017774	0.015098716188221945	0.0031474503830228235	-0.04131598976070586	0.018297321056444174	-0.025840694474424695	-0.030679645061358486	-0.010350066444025759	-0.04011999978817898	-0.019189649061536956	0.004002326605864428	-0.010094254324067506	-0.03974388577894358	0.019017697417368827	-0.041866827960044	-0.02764646405775784	0.02929588534614	-0.01812798195982946	-0.06459672218000881	0.02941249993824328	-0.004374769993380639	0.0035417227355717764	0.0194741094727125	0.01039333336478152	-0.0021998704612319325	0.015535318587723916	0.018816502176398284	-0.009486006140244386	-0.006368877117303029	0.004401863387333561	-0.01111070686872152	0.037236247771229664	-0.012907029243469486	0.012739635229489982	-0.0041180896398187485	-0.00369036208972126	0.008880625094719813	0.015278328631474025	0.011491009496375264	-0.014315557464721292	0.006219744760165408	0.011093871305237219	-0.0025249236785286383	0.0006932049855598982	0.008014408490678604	0.001496674205588206	-0.008089826249542546	0.0019474812526480627	0.000271739787785179	-0.0	0.0	0.0	0.0	0.0	0.0	0.0	0.0	0.0	0.0	0.0	0.0	0.0	0.0	0.0	0.0	0.0	0.0	0.0	0.0	0.0	0.0	0.0	0.0	0.0	0.0	0.0	0.0	0.0
108198	-0.2903418629818909	-0.037322844105206594	0.3281825859689649	0.04411216577320715	0.014239138240161415	-0.03625982551130031	-0.07464537955741696	0.03197695142485757	0.0656530795669096	-0.03368824676295518	0.028009259576668614	-0.023389372064468547	-0.06196851910174489	0.027190628982448797	0.0523765432039211	-0.07990198091830529	0.11598449197332536	-0.023568414478895683	-0.058950517835849044	-0.04299031069557889	-0.07209257015625847	-0.016883053172829322	-0.010035173792513697	0.005961407135858202	0.04772314023449475	-0.0360239108097891	-0.037131401995130354	0.12797913886146975	-0.018506442801820108	0.003627379988183682	0.04777584766461621	0.012327253406114173	-0.01435497783008585	-0.012226083216639155	-0.08066110886706618	-0.037877734562653045	0.02643236517636417	-0.020013893625469095	-0.06002831164765481	-0.02534818815919811	0.030688113320869292	0.0567810095740873	0.055739570320926614	-0.0332494962977745	-0.018963985736274266	-0.019624847904534348	0.06582829020894002	-0.057629279889231264	0.01586417660881524	-0.007997410635250647	0.05007430197129213	-0.0453630172505535	-4.5664274743795526e-05	0.04133721736723687	-0.005752997441762742	-0.04723496452498321	0.0017644840003562725	0.055335551395982265	-0.005423741643586308	-0.06062987169239842	-0.014708296690145319	0.019129831662518377	0.013814046116766537	0.016568529847832702	0.029090537535221554	-0.014324275936393542	0.0168580657869767	-0.04011911279616903	-0.004284322154199397	-0.002297805453867429	0.002360420795708346	-0.014822936145886296	-0.0034998307808458804	0.004181527115895786	0.00034926143681045805	-0.0030556881256896835	-0.0	0.0	0.0	0.0	0.0	0.0	0.0	0.0	0.0	0.0	0.0	0.0	0.0	0.0	0.0	0.0	0.0	0.0	0.0	0.0	0.0	0.0	0.0	0.0	0.0	0.0	0.0	0.0	0.0
108199	-0.3132424494677675	0.22836781628400182	-0.1593842775545727	0.04465328002867063	-0.0014500171484716302	-0.004265173302654186	0.00910392290905568	-0.02578132768551241	0.022697152919281403	-0.00848845340120735	0.05758314117089685	-0.039596576657077436	0.1144898521609898	0.054821039740274774	-0.046193931864260344	0.043592245980168635	-0.0259010325651745	0.0444141955895157	-0.18337046260717493	0.05928070013906309	-0.03125343338790992	0.08527856776362057	-0.021880043514811282	-0.04391134398222329	0.043982418175342285	0.0021852041686303398	-0.025770880665080254	0.013106978012349916	-0.07967306679906737	0.10400502219676873	-0.03914374177931442	0.04679894601418804	0.0004963881310613485	0.0379840204584245	-0.0009659074995458205	-0.08116989040162198	-0.02651261092943762	-0.08229032156781044	-0.026756179538212597	-0.005702542590888921	-0.005533072006590273	-0.014758240474577078	0.0721571531128093	-0.05423152265901602	0.01730964271292236	-0.0065767545022118274	0.04818582433328774	0.015843432032887437	-0.024982424635910324	-0.0024201455328738547	-0.06271403870144988	-0.004957083596054981	0.03288467324347619	-0.03500867446911515	-0.03258409515198635	-0.04637710227005779	-0.05266344933883612	-0.03714325333264863	-0.005119951963305031	-0.0037319852660594767	0.03299289780269476	-0.00979294905577173	-0.001012650143207504	-0.026591085909211703	-0.00482658785163636	-0.02911654575595852	0.018516617620341756	0.034972710998990034	0.012530719409195307	-0.005110192276308766	-0.004317123842238358	0.008470780802837974	0.004103561614155742	0.0058615303383607415	-0.000730824140673953	-0.0011088316681083035	-0.0	0.0	0.0	0.0	0.0	0.0	0.0	0.0	0.0	0.0	0.0	0.0	0.0	0.0	0.0	0.0	0.0	0.0	0.0	0.0	0.0	0.0	0.0	0.0	0.0	0.0	0.0	0.0	0.0
108203	0.21378638298167396	-0.3309468658144077	-0.10644256591538039	-0.11791298506680638	-0.04917780741713687	0.0344457662788459	0.1086354367023329	-0.058197767417225287	0.05107690508517109	-0.015690770360582987	0.0031920178433185262	0.09152023985759623	-0.002649132017585723	-0.14341576637925255	-0.036606178895550706	0.0210670245929162	-0.11650955919281666	0.015557076876492947	-0.026318322997377627	0.005948137200251384	-0.06519948443761561	0.05274065558293791	-0.009950964230788506	0.0073203067809388105	0.13907243756377896	-0.03560050558198732	-0.06244500465015733	-0.06960869964166627	0.0015309312756204866	-0.07387672948264894	-0.06614008225738535	0.03972337355961617	0.002280666838341076	0.029564612975060422	-0.05799005825053684	-0.03932779802890213	0.03842516711863923	0.005770772268202329	0.04610643698645486	-0.01754621120004465	0.04381287824764972	-0.03717871482098737	-0.04774069362887641	-0.00509889862780791	0.0033415405528577718	-0.02488610837089153	0.000409977635858043	0.015746089023059278	0.062438493303292174	-0.035358632268050104	-0.05005448499388791	0.005038088867272881	-0.0019845252290408076	0.006951012709216231	0.007668160059855487	0.022451948103893418	0.014469331778968498	0.011521537177901935	0.011289580266534831	-0.025341865082298905	-0.006249298030957113	0.020126707443737075	0.004933443135297997	0.023222391069745305	-0.025628699410812302	-0.0012967818457822711	-0.005563477408515895	-0.0015295977193266756	0.011203389915125579	0.011578373491125666	-0.015554574452363043	-0.013033679868445655	0.0020658913696799566	0.0037899859577871183	-0.0014160798304687376	-0.0015995422737495873	-0.0	0.0	0.0	0.0	0.0	0.0	0.0	0.0	0.0	0.0	0.0	0.0	0.0	0.0	0.0	0.0	0.0	0.0	0.0	0.0	0.0	0.0	0.0	0.0	0.0	0.0	0.0	0.0	0.0
108204	-0.23627295339158266	-0.10667131673458011	0.35747559908091947	0.010476087578928508	-0.01818331015210133	0.013313094769000602	-0.05104635442893712	-0.0006784670209617465	0.03506262344444703	-0.02328301346292681	0.09664980104624195	-0.04476209806159599	-0.039920217480532524	0.06920240802992869	-0.07232869860032132	0.014990406458300892	0.012144438642864313	0.10745755640344493	0.07120097711467557	0.04245354579023081	0.0698746511265056	-0.019545457407877036	0.05693567587059234	0.07389512636832685	0.01832081388692866	0.045943326150856334	0.02722908819679092	0.16407728023275936	0.05502793581021969	-0.08390381652053017	-0.019322954771704908	0.06233496246083998	-0.13120976290413902	-0.0036855070933757873	0.07691852195254709	-0.05787373443578179	0.08982663032093313	-0.02708199748534523	-0.014104091239126646	-0.016477249886241215	0.01641201853797159	-0.013322371153103679	-0.06349589178833674	0.009874820173406572	0.026189524116673076	0.00860851562482009	0.02398516273269542	-0.0237188976996185	-0.0005913847328210824	0.024004074959655803	-0.01752597000358285	-0.01650125478438592	-0.04963564588328365	-0.013247120020628863	-0.0032055783897595547	-0.03411402235553067	0.02331413991569544	0.017846191291488456	-0.04043798811534616	0.04167385761293836	-0.021602142119275705	-0.0058856056950672185	-0.008156530060969043	-0.020788138377775742	0.0052062919084953484	-0.013130053936920226	0.011177493293424242	0.02625276678398629	0.010961896013992063	-0.0016729218472289146	-0.0025737913591245185	-0.00023358945015612912	0.002068936277913082	-0.004791578647318872	0.0031166195049656706	-0.0007043767124620318	-0.0	0.0	0.0	0.0	0.0	0.0	0.0	0.0	0.0	0.0	0.0	0.0	0.0	0.0	0.0	0.0	0.0	0.0	0.0	0.0	0.0	0.0	0.0	0.0	0.0	0.0	0.0	0.0	0.0
108205	-0.32593355317195455	0.181335555307433	-0.10464025510111893	-0.046128048489377904	0.04462123544882939	0.04832569041337337	-0.08115921874718098	-0.050241637560746434	0.013735871899504272	-0.0020334775740112753	0.0928287985149987	-0.04028391283002735	0.021107639357030923	0.018509693366732295	0.0334991702977393	-0.06154189534343221	0.05260800001823806	0.01958289736496728	-0.05186239201899661	0.19401126283688136	-0.03763211610649025	0.010529128509069452	0.04317979362958276	-0.10656693211971138	-0.06294262662120635	-0.00699453668648899	0.0895154001178838	-0.06820893943767085	-0.000418265481695991	0.04598715450745246	-0.006341194982558795	0.14418182035254362	0.014543924888149323	0.011235693789585477	-0.03836787951181133	-0.02638520843038638	0.06614690531785777	0.009235327042447797	0.04298291512801665	0.04712907079360966	-0.012986862359991564	0.03861679455471072	-0.0523885116688799	0.04011787595346433	-0.04818990020710401	-0.05418180149196295	-0.03459418408193228	-0.026373703459418037	-0.0778507946783131	-0.030572210481451673	-0.03213553352693112	0.027012616476200367	0.03307812560595621	0.022542052150266216	0.03233798556722997	-0.005950282227715119	0.03245453969258348	0.02529066892462645	-0.027813750793650845	-0.0023569796651212397	0.0010790536597399794	0.029598865107220016	0.052265507846440074	-0.015005695836350592	0.023579381631685062	0.014839003887565903	-0.006732696569345723	-0.006228597654671434	0.010245832311232862	-0.008729493975725457	-0.024389831458199018	0.0029534306907817672	0.004465535509587458	0.002639320718071316	-0.0014209639797430798	-0.0020653440173016117	-0.0	0.0	0.0	0.0	0.0	0.0	0.0	0.0	0.0	0.0	0.0	0.0	0.0	0.0	0.0	0.0	0.0	0.0	0.0	0.0	0.0	0.0	0.0	0.0	0.0	0.0	0.0	0.0	0.0
108209	0.15205139327822842	-0.4499028782861766	-0.208403141177127	0.1258800647060007	0.13116137166877959	-0.2560166748603134	-0.037852556456790164	-0.15500338284392517	-0.048083110069858465	0.04067654949255797	-0.044138329490557744	0.004061894170021404	-0.014419865030932467	-0.034254970420017475	0.10185308607698706	0.18542052224026223	0.011191876775516115	0.08565768998421082	-0.029959101292536792	0.022422991326758197	0.016878924400793024	-0.012316775107010075	0.030248545326602837	-0.05273520486668818	-0.005286384202127606	-0.025533595814340105	0.01808665308140144	0.00207798991243352	0.0486023994534199	-0.03240329273135393	-0.014569076464227561	0.01959809438319281	-0.029071896656697443	-0.031457682286346655	-0.05276628275967285	0.004605896330153614	0.018144742597625912	-0.015556857013267844	-0.031165450144402345	-0.04641123149329927	0.012489763944725805	0.04573820855641199	0.016340897340906817	0.0060730039046471	0.0035819721020375526	-0.002108513503534775	0.002652792503565505	-0.030950861718096512	0.011811487996394912	0.02711428267386964	-0.021157685137309597	0.0016336165476557917	0.016102110050294712	0.019410949508443503	-0.010088388438909524	0.03164800383039533	-0.015857713561440622	0.007981501522612275	0.01741522242661412	-0.009740355316323385	0.019720718212362577	-0.009917055961816128	-0.017700448927594984	-0.002842808938835093	0.015241533196363184	0.012891245578998204	-0.0014494580392017422	-0.004775503423004403	-0.011747188963489114	-0.005276815061148468	0.007153036080878257	0.002659536277369821	0.009915303810071531	0.004947872582082241	-0.0002523438923416591	-0.0010675969242783692	-0.0	0.0	0.0	0.0	0.0	0.0	0.0	0.0	0.0	0.0	0.0	0.0	0.0	0.0	0.0	0.0	0.0	0.0	0.0	0.0	0.0	0.0	0.0	0.0	0.0	0.0	0.0	0.0	0.0
108210	-0.2655540451644954	-0.02900672457547716	0.30507671699245825	0.14473217749781497	0.07332499459225877	-0.18284145432105503	-0.011734903725081071	-0.07450326951173321	-0.08470445341130027	-0.020521897435135456	-0.024456126691355034	0.16995607579830135	-0.07606553918604736	-0.00047598686658980905	-0.023737710970578172	-0.024438075839700694	-0.039823873329423665	0.00928255213813517	-0.09472582402343485	-0.01420101683909992	-0.026465870918703734	0.08717512193630945	0.02812573386439839	0.013995940703446253	0.03356957967588865	-0.02726621156952256	-0.05897035079926027	-0.06051118822949321	-0.029839416355212815	-0.029832683758895147	0.030290666444467696	0.002348305994436439	-0.03414780325970884	0.024829518084376563	-0.022735620145322072	0.007470733858222755	-0.07928532329756599	0.043396384080052045	-0.028435958916353424	0.07066141041650896	-0.008274347635388795	-0.01780256265839296	0.01818453078268576	-0.004280539917106933	-0.03334779494286965	0.003029930853501192	0.004260604097808916	0.04464338166763302	0.004602463580287424	-0.01156200896182004	-0.03629055470340316	0.012849848202526604	-0.008570778718432533	0.01549285017114693	0.01896534413720492	-0.04542629125124875	0.025572818628881826	-0.00710853472193022	-0.013196617954828493	0.004603886099959472	0.014957350673695725	0.011742179174346612	-0.04283142781570088	-0.009999771128584868	0.02413839826869618	0.017638941580858408	0.0426322077871939	0.008899042578966081	0.0032809215937814606	-0.005619791445236047	0.01093289680422142	0.00959728833604016	-0.00041574595048012275	-0.0024320940758211593	0.0039047239584946	0.0024400864887096953	-0.0	0.0	0.0	0.0	0.0	0.0	0.0	0.0	0.0	0.0	0.0	0.0	0.0	0.0	0.0	0.0	0.0	0.0	0.0	0.0	0.0	0.0	0.0	0.0	0.0	0.0	0.0	0.0	0.0
108211	-0.3041300864709383	0.1803505219330417	-0.2476055232858668	-0.16097353343446721	0.027302512235079342	0.04911619203032335	0.008099357602991063	-0.05756955108209629	0.03295628326388884	0.007921962794649105	0.11396364924141339	-0.01273973516754403	-0.033095955916501336	0.01605514202705633	-0.008729918937779297	-0.005038423350873799	-0.023850653904160933	0.0384607964345893	-0.04414590347961383	0.07341069932724298	0.021443545746207403	0.08105196491912826	-0.1439794493323638	0.019634093507141917	0.05267172345262486	-0.037412048007457156	0.09663408103708344	-0.038649796125426496	0.028491137358782146	0.026695894791136866	0.028428838229164144	0.02845706064163184	-0.04998682705044762	-0.0337646741944791	0.11030466807754438	0.04427558278209832	0.012088361933591949	0.0128403648368193	-0.043951288733486575	0.046767195001773926	0.0453958968562452	-0.014060931719604564	-0.004525839341336264	0.0016862233235035494	0.005381671600463072	0.01966146109721366	0.02068468064001114	-0.02137193506324515	0.035478230451998626	-0.0012353314473933766	-0.005251792904465917	-0.028278390380245457	-0.042951150070178926	-0.024218159879263526	0.06491115989456223	-0.02324364494255293	0.029247537402965915	0.012304949944997182	0.006851128407351984	0.010987666286303417	0.01977833085115089	0.03426459256626397	-0.03740320277234862	0.011727490003815115	0.012301202501854989	0.0297290867366361	-0.042071855730299854	-0.0041590058968034175	-0.01827204507272579	-0.007789410769146826	0.017633355231016286	-0.009764098098986873	-0.010663267037238092	0.010544979981355753	0.0006154151220864529	-0.002694777349523512	-0.0	0.0	0.0	0.0	0.0	0.0	0.0	0.0	0.0	0.0	0.0	0.0	0.0	0.0	0.0	0.0	0.0	0.0	0.0	0.0	0.0	0.0	0.0	0.0	0.0	0.0	0.0	0.0	0.0
108215	0.490021158292058	0.09946820108220437	0.08897153837991628	-0.0666750455298756	0.061502226815708605	-0.16616932681651153	-0.05847330592233356	-0.014225269470289306	-0.016323540682635494	0.0800710867559654	-0.043441668732419315	0.11109269707200184	-0.06115340952643729	-0.021757760451558323	-0.12698743895686038	-0.10434064154854952	-0.026000125978351316	-0.06320851397365032	-0.05724264197734199	-0.028741560211082852	0.015043636213496305	0.040243796065065146	0.04964744371107019	0.022080084621471804	-0.024463949618819602	0.035722629738017146	-0.002981402858329584	0.005779713472603075	-0.024281598822215197	-0.007588584362027811	-0.025730441904148454	0.018968700994264568	-0.02241565607006867	-0.016000413074203395	0.028021389230998922	0.03904477251083113	0.019230333911749487	-0.05633716392784432	0.0025201779144772337	0.03823869125674889	-0.023069909199257742	0.006182570017654908	-0.00566793329815465	0.02835808233034884	-0.008568385994640947	0.0036636739355344174	0.040863067536365365	-0.01625957905016339	0.011841540782107194	-0.0005459761773689403	0.015159657098082953	0.01679226909551604	0.026364583560177495	0.012517562510684654	0.003494333892932114	-0.023793631757968794	0.028866828080424407	0.015246659209137259	-0.0013598050015748257	-0.03559489303890846	0.01731472361500242	-0.014489019915803656	-0.00508459941935286	-0.0006335856489533673	-0.018857533402361647	0.01276285066888856	-0.007428600861441544	0.00791170904720928	-0.0030729577383354074	0.003580089334722467	0.0017140355448100211	0.005913185898487986	0.006662007554906665	0.00014816844034311989	0.0020300326516992815	0.002546498399956801	-0.0	0.0	0.0	0.0	0.0	0.0	0.0	0.0	0.0	0.0	0.0	0.0	0.0	0.0	0.0	0.0	0.0	0.0	0.0	0.0	0.0	0.0	0.0	0.0	0.0	0.0	0.0	0.0	0.0
108216	-0.25141901643050113	-0.09019575972861811	0.319859860376606	0.012699102307999796	0.03335705743838906	-0.032495201879728	-0.019968191499644673	0.05832644105909769	-0.013109598090867394	0.04203991285863841	0.0052212446954825265	-0.061233830036056223	0.044235743186055484	-0.030477454490878676	-0.10365509757038945	-0.045861751473056246	-0.18866171793180747	0.00014794832939994145	0.0005545546901005783	-0.006784775466866009	0.09829895611206751	-0.15249352979736186	0.020303661871003565	-0.09400866015346458	-0.0591528416452113	-0.10691646931685052	0.08391264408023864	0.03610860562337366	-0.013576513735489196	0.02135860544536124	0.04864233047125409	-0.04172516880596263	-0.033906070838723455	-0.0021187156529438953	-0.09156478733283575	-0.011078989748834233	0.01787798709688698	0.002250324434643943	0.017803571258241106	0.06027473237772839	0.0251078387200796	0.03835363058733546	-0.030793907418971492	0.013486858717097554	-0.02586267409335486	0.04356114517079263	0.011314054999517225	-0.013081830595499966	0.026516388052577267	0.00017764641365189713	-0.030462147327208366	-0.048238434601839617	-0.008983048084875277	-0.013147984169257916	0.0035185695779483333	0.04629301536306904	-0.005060152478989555	0.0070977440887116765	0.009637687476080445	-0.008704072073917376	0.059141816390149995	-0.02993738201642097	0.034464868010698924	-9.446798066175361e-05	-0.009025685139221558	-0.006808613987862233	-0.01521478291208273	0.016488306202727863	-0.019680113772608466	-0.008308049108179933	-0.0038210604023584385	-0.00046825140784334713	-0.0008725677031213921	-0.00505055714225231	0.0016538619212654088	0.004201803302078949	-0.0	0.0	0.0	0.0	0.0	0.0	0.0	0.0	0.0	0.0	0.0	0.0	0.0	0.0	0.0	0.0	0.0	0.0	0.0	0.0	0.0	0.0	0.0	0.0	0.0	0.0	0.0	0.0	0.0
108217	-0.27307369283559163	0.21685339961669373	-0.15770616531643905	0.14763138720056254	-0.123179714989733	-0.11181001535919775	0.1537002460611731	0.056791613929474245	0.051029160829809295	0.01832542837127678	0.0793092162110704	-0.07769427150709161	-0.08157347976940452	0.0126322377335986	-0.02319776403627448	0.03848230788531716	-0.05045705633846039	0.011727764015919075	-0.04632148115766853	0.035449111173809285	0.04273705140710031	0.07908729234377375	-0.08790927075561325	0.013247821105956901	0.030873415056394335	0.15478193058564058	0.020310710694088407	-0.07278596134136191	0.04094199438742034	-0.010424218773087583	0.00528007795880346	-0.09848730328028665	-0.08047068835236344	-0.06920573328418367	-0.005810436102200489	0.08478128736478231	0.0022709032057416805	0.07171786561952569	-0.004287918582625316	0.005920011971496422	0.048911056683152494	-0.04750541330359058	0.015609279232194693	0.08230369946529409	0.026025641162603502	0.007460456141807415	-0.023537699889381338	-0.006896784862165423	-0.02716305039739834	-0.0015821050486833136	0.03127477950529774	-0.0178847635392357	-0.020057721710326274	-0.005808365675694593	-0.03995513260061098	0.003076499758611928	0.014911388901584404	0.02808004648015093	0.021180032343113782	-0.05764337152955052	0.019408249576825198	0.009727930911472685	0.017872154598205955	-0.011386262860720866	0.0025411008793043244	-0.011822446999820555	0.034310602590672534	0.004915941666231387	-0.006644922853977189	-0.005001346186942302	-0.01974397897628142	0.006485274720429795	0.00619825829962315	-0.007003061910663728	0.0018671361096365357	0.0002478298031444995	-0.0	0.0	0.0	0.0	0.0	0.0	0.0	0.0	0.0	0.0	0.0	0.0	0.0	0.0	0.0	0.0	0.0	0.0	0.0	0.0	0.0	0.0	0.0	0.0	0.0	0.0	0.0	0.0	0.0
108220	0.47738136022940114	0.2259284800022513	-0.015903432710686848	0.0030015380542658533	-0.10186585823608399	-0.08411737704057051	0.09800304638179586	0.03364482139915573	-0.11663531836593548	-0.17124938859548888	0.13295208122161065	-0.03592891247669883	0.05089940183530914	-0.003385584662028983	-0.009012943501000388	0.031135748950067235	0.005957827903835637	-0.015988998794391727	-0.00012092238898200999	-0.0202910136056525	-0.011120273194324327	-0.04261283496797615	0.005869268492929395	0.005546388462763666	0.018315279539237967	-0.00483708305391419	-0.012655997805497591	0.04273925328918077	0.045647961001950434	0.053485063936160746	0.04457972009555986	-0.024021293205493975	0.04157473183479121	0.050127262433791384	0.02724186174785559	-0.04681628265685707	0.0013036195868840125	0.014402797755242953	0.02662120183080936	0.0011908305466548945	0.06151645696685926	-0.01470308689020119	-0.010292223019826748	-0.002500041536922807	-0.010219548405448788	-0.043247075647575864	0.034232136650479146	0.010546418458066042	-0.0060709011341671245	-0.0040360488383438175	-0.007581789170031916	-0.023939231789765928	0.00916565961670149	0.021710431738885427	0.020235553145182383	0.014344968295803041	0.014165964105435946	-0.028179211676207884	-0.0012805474868539633	0.007816631326776232	-0.005375810572815496	0.004821962573092785	0.007207380626443934	0.027662082884914764	0.012734250695269355	-0.0024762943311916804	0.01012707230364993	0.01233330962280658	-0.007438121222338594	0.006058565009257944	0.006098661705542018	-0.006761696686122241	0.0038652624999520394	-0.002409231637244477	-0.0014437123752441044	-0.0012320831140908712	-0.0	0.0	0.0	0.0	0.0	0.0	0.0	0.0	0.0	0.0	0.0	0.0	0.0	0.0	0.0	0.0	0.0	0.0	0.0	0.0	0.0	0.0	0.0	0.0	0.0	0.0	0.0	0.0	0.0
108221	0.3251342574352132	-0.11225820855067668	-0.028354232948131133	0.05246880981610029	0.2906884759717704	-0.1641702621023085	0.08616611610109212	0.017921729352778824	-0.15455118596922138	0.23432734171709227	0.08942157762069491	0.028614001770467544	0.057656326158569464	-0.04879855924357558	0.06341969408219869	0.08673596215127803	0.10022078900762826	-0.06199115004636348	-0.05466882956179701	0.026167885540899914	0.06105736310008516	0.013340824820479125	0.03150987081502805	0.041209518280318	-0.05656395420659016	0.01794768050828118	-0.0019218726436705008	-0.008073390905239416	0.025971649077053394	-0.06135910137837303	-0.05649476710235423	-0.009631459461798803	0.017738686843195274	0.0013246717612405716	0.003030720140043833	0.09669204845942729	0.12407613775893943	-0.039178937948548535	-0.001706208389806027	0.045157312642819705	0.0408403243790145	-0.011889824920227703	0.038549179446426836	-0.09649810841961606	0.026146000544785435	-0.0014022309387435082	0.013953131400714039	-0.015298013726405584	0.018657105997866356	-0.0512953907055192	-0.023193306835799	-0.022160760116326114	0.02058366505731811	0.004477838368205929	-0.012678664367395112	-0.0019059952243478356	-0.00209180357366158	-0.00029614395903309845	0.0016209043053463889	0.008389297239693972	-0.028777238496641065	0.0026195726517869947	-0.010353909393819758	0.0027365799491907068	-0.006320978772818695	-0.014315568711312333	-0.011768689119019533	-0.004403219820764841	0.0028706776848430814	0.0015997073407936256	-0.018674319606106667	0.0034122240819917282	-0.007934512873727793	-0.005414261173119648	0.00031342839710287015	0.0032467572421186483	-0.0	0.0	0.0	0.0	0.0	0.0	0.0	0.0	0.0	0.0	0.0	0.0	0.0	0.0	0.0	0.0	0.0	0.0	0.0	0.0	0.0	0.0	0.0	0.0	0.0	0.0	0.0	0.0	0.0
108222	-0.3167744793943147	-0.023067399151901178	0.24430154260385872	-0.07811183527853495	-0.04166574631445295	-0.06106543249313312	0.04041982385411859	-0.09509167179650219	0.07019661438960349	0.04499982821389121	0.03830962170045746	0.0694203758474421	0.04620317258201883	-0.028482826157118397	0.0135980625324327	-0.06046081202603993	-0.022077402164140735	0.01055886358757797	0.02103005627895873	-0.03300550691287707	0.023917122015155598	0.016227620007385937	0.012827073486951593	0.013581569817538714	0.06765380717839532	-0.07049150364545473	-0.032699980061431405	-0.004636014413970119	-0.03998641317283258	0.04573437894639688	0.0027344933081054176	-0.09709702781655315	0.026608868457116158	-0.024917131256808344	0.08435576782460519	0.09366612324403409	-0.060603879212747076	-0.056621601113481204	0.05658762182758801	0.06136866755037334	0.02178722091650778	0.03227816754343857	-0.020453666337438146	-0.02390907972390673	0.07245585160530156	-0.011414068372338878	0.03322626966770566	-0.028090716253474833	-0.004428240318208836	0.04135877093267235	-0.01242269168608751	0.044889233815368995	0.021244578544607894	0.01400743680789917	0.05793430032540705	0.03323282860732137	-0.0831068831764126	0.04345393819774995	0.024770414407426666	0.012797506905799201	-0.019994007748911892	0.022535015692937723	0.037379196422282726	4.727754671680585e-05	0.022437888954579866	-0.01033466099394053	-0.004426320075569635	0.007871064828124486	0.030986736983845468	-0.010068788680877556	-0.005918356507297429	0.0044824169629116995	0.006339086085910886	-0.006059690782793062	0.0014934110360546986	-0.001808811407929307	-0.0	0.0	0.0	0.0	0.0	0.0	0.0	0.0	0.0	0.0	0.0	0.0	0.0	0.0	0.0	0.0	0.0	0.0	0.0	0.0	0.0	0.0	0.0	0.0	0.0	0.0	0.0	0.0	0.0
108223	-0.26326081310354177	0.2460427561534829	-0.23132551879723798	0.15456949905598047	-0.09083888955950101	-0.09946555522677511	0.14096982878429898	0.07278737051232934	0.007338467076300407	0.010458636709506067	0.07681431604897648	-0.029042505470869825	-0.15528592031976882	0.028529119126386907	-0.0405311835106905	0.06293783382700531	-0.05945489572735318	-0.018440273808421163	-0.029706989415028827	-0.053524480321116355	0.06286942087946179	-0.06429663735953103	0.012005263238035187	0.017134414023666205	-0.04523926536433026	0.025262839497409914	0.005297605816052934	0.04793018177323237	-0.0313532642609521	0.06420611619626876	0.005023677512087683	0.0318836995853994	-0.05539871112161876	0.08151168661657011	0.0157701075300917	-0.02142722601029226	-0.03519380140557043	-0.06285337850075735	0.013598034085635024	0.03134546167275542	0.01687403637222177	0.012805494600207627	-0.033429599474987706	-0.03434055996600374	-0.0779262096754853	-0.004431198617462661	-0.058467200953567625	0.0036961211360019503	0.009897438504300504	-0.032746263354095695	-0.03252232070172801	0.020989605725793076	-0.028003498184937522	0.037062095419556434	0.06599149965999807	0.06612838075217055	-0.0068302531311371165	-0.019248202852428776	0.0170011517464225	-0.02499802581458919	-0.04871035492068095	-0.004989774110576858	-0.022318566996808665	-0.016217085260116754	0.026132013132543066	0.02242689736012803	0.027289869744618223	-0.023648024413156915	0.004292005327383312	-0.00012575431153580828	0.01019662185545909	0.004059769879811397	-0.0030612805054241613	-0.005368924580757187	-0.0004426953002835214	0.0013421075282140772	-0.0	0.0	0.0	0.0	0.0	0.0	0.0	0.0	0.0	0.0	0.0	0.0	0.0	0.0	0.0	0.0	0.0	0.0	0.0	0.0	0.0	0.0	0.0	0.0	0.0	0.0	0.0	0.0	0.0
108233	0.2815969676912305	-0.17668286884627304	0.12548967233674607	0.2054386655491526	0.21279286630096125	0.2337597773722833	0.15261815905478637	-0.03232283682792853	0.1153821410576658	0.08870014177926669	0.11505212346131745	0.06444393020881603	0.020707845685008948	-0.10317822513683128	-0.017598853813494294	0.0578089276219349	-0.012319190403192634	0.06242967651671451	0.02344489007785186	-0.07667522773480963	0.001975186952069931	0.06525194827682114	0.0010683747982625428	-0.0765280460668764	-0.09915548053875797	0.0030834531651332364	0.017798889359994765	0.04671943753414771	0.028664549734888346	0.04485745287861489	0.0705894262138553	-0.01650218520532009	-0.020057549693481204	0.015751392650115714	0.02420668498660829	-0.008840080567183566	-0.024759622501564216	0.034318269220656936	-0.04300272671220309	0.01332517929583138	-0.028263099568029963	0.0038572122803418292	0.002141296434685779	-0.016596896915519712	0.016048580775935475	-0.015423574943415808	-0.009468849869985928	-0.015116377524712251	-0.012482334303289775	0.019345761486173504	-0.007033950532474624	-0.014461613672967914	-0.0015272771429243276	0.002586358283296214	-0.01234051711799098	0.012158243665752497	-0.025391788837478294	0.016098170802162894	-0.018705082076922435	-0.017422555470756898	-0.0018606662036732588	0.006925152286461052	-0.008674959382009228	-0.023395646019961306	-0.011315533296356732	0.013030942849195256	-0.013056116146248522	-0.00014446744479820338	-0.009082700700908863	-0.0023375990221974	-0.001462803718307466	-0.0018743827809989413	-0.001490560466899945	-0.0035291407649457136	-0.0012812558613259023	-0.00013212646380824885	-0.0	0.0	0.0	0.0	0.0	0.0	0.0	0.0	0.0	0.0	0.0	0.0	0.0	0.0	0.0	0.0	0.0	0.0	0.0	0.0	0.0	0.0	0.0	0.0	0.0	0.0	0.0	0.0	0.0
108234	-0.24137402084891885	-0.10666271725150867	0.3769986881218804	0.08905663412911304	-0.036990141454714735	-0.024110178643980615	0.020338637524529753	0.012072303965558221	-0.136121511681841	-0.023930249663133098	-0.08753780753024966	0.05405056336804223	-0.11324017543169453	0.004613952699804157	0.04334117396942545	0.03665145152588802	0.041123947412356705	0.15419249529954185	-0.06971213099061148	0.02903657352820209	0.02176076620843088	0.045997856495378533	0.0012248517775061932	-0.014070742701025794	0.036402220089698414	-0.07170699247574648	-0.016439234551589604	0.047608123201755746	-0.009571247719126848	-0.0006100300715283944	-0.04006545205579921	0.010299817414348149	-0.016933076509815962	0.0473612860592037	0.051225557318114345	-0.02246768082772586	-0.00538199568737832	-0.0002210520517934909	0.041988455601165695	0.03817459874725337	-0.00778029082605624	-0.06343551193638661	-0.09653806348783592	0.034115470397866145	0.03016325783369531	0.04243714063038676	0.01427294460966561	0.033253082449723255	-0.03165911951164739	-0.02383864502191771	0.02420662374176935	-0.01527351710641343	0.006441788830607854	0.002054968778180368	-0.04573369628081765	0.002996271099165921	-0.01079178325651765	0.015444613701089158	0.022855166088246073	0.03189718544192217	-0.029566743653296947	-0.04616412206456271	-0.006438137469318559	8.398595934125286e-05	-0.006433555993346886	0.0050074554298287725	-0.022328281485610797	-0.020542327887440096	-0.00240095507188279	-0.008065954738589594	0.002243934629189341	-0.0015625573163860695	0.011626989208441709	0.00751750999980158	-0.0029202104026671677	-0.00026781830681460564	-0.0	0.0	0.0	0.0	0.0	0.0	0.0	0.0	0.0	0.0	0.0	0.0	0.0	0.0	0.0	0.0	0.0	0.0	0.0	0.0	0.0	0.0	0.0	0.0	0.0	0.0	0.0	0.0	0.0
108235	-0.27401310035616805	0.21201022209372578	-0.22756405387912887	0.05459057545455479	-0.16112141990591106	-0.027836098719179064	0.2007190601271129	-0.028208741681281315	-0.049383968850203935	0.04705830057283549	0.10136000425921834	-0.02468800325461845	-0.11278592741231021	0.051867221306835964	-0.04253132694041819	0.06017359606298049	0.017789196267194468	-0.009866174620882618	-0.04154163307281497	-0.07050469453219568	0.003636789976599913	0.02036913528715696	0.0652938773737974	0.023305059977166188	0.008127093782913309	0.04102844184737543	-0.08570241473458964	0.052371691100864745	0.05852752029742868	0.04416917559038979	0.005860219845564394	-0.031206722966743077	0.04144736877342838	-0.008482699339633186	-0.053289422279508544	0.028105611847221632	-0.053976528755527504	-0.05545723496120933	0.024578185629804423	-0.0037529600266368993	-0.028287004664252425	0.004767602416931318	-0.07473297138859276	-0.0206623806207781	0.0475940952424163	0.01085466697531425	-0.038336360542529105	-0.03941498804380979	-0.03324445890068109	-0.010207203695386937	0.013142491650254159	0.04536561593661084	-0.01119220069836751	0.06103133901556139	-0.06026844168267192	0.000549736025928482	0.00860526643925247	0.012064575587927055	-0.03296450484274411	-0.0015553694759802474	0.031163495209062787	-0.013392436986889801	-0.0006853353852336673	0.015200890967450486	-0.003269456763038475	-0.013221471565269084	-0.02595906315632176	0.016957468186435877	-0.0037789960227705695	-0.0021188738510884734	-0.0004946174401313227	-0.01756371140528062	-0.00747475021294758	0.00014699441418342858	0.0002237866684491854	-0.006600757147681805	-0.0	0.0	0.0	0.0	0.0	0.0	0.0	0.0	0.0	0.0	0.0	0.0	0.0	0.0	0.0	0.0	0.0	0.0	0.0	0.0	0.0	0.0	0.0	0.0	0.0	0.0	0.0	0.0	0.0
108238	0.4417936826738044	0.04037351637203426	0.038162960926524464	0.04733115122851114	0.15663405740554692	0.10864183164497603	0.1340822076837387	0.0020491755952217585	0.07126637608906602	-0.15467504217166686	0.005115031798152023	-0.057539953699307325	-0.017322100460138483	-0.035743670521292494	0.00769469694417272	-0.0649493987162437	-0.010335445866496217	0.019833758423419248	0.03618582402798828	-0.031064391123881704	0.06577896500870928	0.09437422454892429	0.06292595066742424	-0.02960130874204019	-0.03430090747069914	0.027024715825684827	-0.07075098785163869	-0.057867965161975184	0.027040834124808222	-0.022123461259191395	0.04972102642985545	-0.032190321492518846	-0.0033968054461735227	-0.02463651736446112	0.008371734669970097	0.04388665307352292	0.0728704631595152	-0.07219383767989174	0.033977814583429446	0.0495832712707882	-0.04948633321067698	-0.026807523944978873	0.010934974741180895	-0.04719877886791083	-0.05828303914649747	-0.028030258094488	0.05929271095479378	0.04850001456145251	-0.038660141526906854	0.038352107399959603	0.040958881631463946	-0.03837220611640229	-0.0017623626791478627	-0.028246167455443342	0.03626429611047592	0.02279787367593859	-0.007722412677250414	-0.029216828016932473	-0.049066216238613396	-0.021867762360675905	0.02453161668388734	-0.010193756565842543	-0.011328890635259338	0.017962208698494467	-0.01629860747568089	0.02306539723863191	0.004282658540293036	-0.008766105678982377	0.011858694384674783	-0.008352090797240686	0.007275510063708794	-0.011653962439535731	0.012499166378982681	-0.002839268887139543	0.00010080646876386836	-0.0032917074217494054	-0.0	0.0	0.0	0.0	0.0	0.0	0.0	0.0	0.0	0.0	0.0	0.0	0.0	0.0	0.0	0.0	0.0	0.0	0.0	0.0	0.0	0.0	0.0	0.0	0.0	0.0	0.0	0.0	0.0
108239	0.04989988730635765	-0.4837348382926886	-0.2851569321707399	0.16979615553554647	-0.11027418186140514	-0.09789656999894156	-0.19891692408200523	-0.07392353392904442	0.0333000756034403	-0.13324565814929906	-0.011109116451242965	-0.0797950459973698	-0.03177999826078474	-0.024657499490483886	0.007185031349072064	-0.04131935059575563	0.09318800989449214	-0.036116369302219606	-0.061877266429657865	0.0833001595679342	0.036712898294013876	-0.05995768554142135	0.005320989623036744	0.036523777387210944	-0.027590713916876005	-0.031025566515325783	0.0477265190181875	0.021234412512123595	0.03798842454236226	0.031675371713313805	-0.049367812064166045	-0.022116591447355824	0.04395940885340818	-0.06212058700038709	-0.0035312449240916042	0.0523944862010317	0.028745777951435406	-0.03080061248429808	-0.038678688410877606	-0.01851537415636014	0.038375994750302296	0.006047932800814477	-0.010893030866879748	0.009978675198593365	0.02571997206738674	0.008095565653130162	-0.01800128089360765	0.061599151661426835	0.03672778986652787	0.05424235371727817	-0.07730970906245523	0.019162915502470877	0.015128961535356708	0.020497992839117143	-0.025303678325571326	0.02132846656868674	-0.010668933168626913	0.009131090422306962	-0.01003970748500193	0.02733466398124741	0.0218886572288855	0.0001405795471699244	-0.02413788558624353	0.011012332409589293	-0.001768726990174336	0.0024458677948632677	0.018372929640945033	-0.016920853487376958	-0.001946267383014247	-0.01727155386816581	0.0034260280807908456	-0.0029054145562689396	3.355744172625492e-05	0.002764149335785529	0.0006710106776760395	-0.0009753377602499521	-0.0	0.0	0.0	0.0	0.0	0.0	0.0	0.0	0.0	0.0	0.0	0.0	0.0	0.0	0.0	0.0	0.0	0.0	0.0	0.0	0.0	0.0	0.0	0.0	0.0	0.0	0.0	0.0	0.0
108240	-0.2933019461715934	-0.0025770899147643128	0.18755539177309985	-0.0220566911293712	0.011122480278402961	-0.09838518099162318	-0.06143153162278033	0.13332195545309514	0.09510317501544069	-0.043557960331716744	0.010778181814997278	-0.07680897739125388	-0.07337956201076387	-0.03812969383436141	0.08556896152601232	-0.05553289139930782	0.14759039634137827	-0.014469047392258318	-0.034071804981011804	0.05525763405771096	-0.09531197171021122	-0.00021138805810744303	0.0006061583432162616	-0.07460058875158943	0.06331633084694295	0.03361732494788416	-0.1522920021302061	0.02586491924126454	0.057601055767900554	-0.09339505804032353	-0.0920060139069307	0.0009653402545813827	0.01235815404107591	0.03720296296129784	0.04890160066364254	-0.0029920737163113597	-0.06525986779433038	0.020917950946639886	-0.013970900873917412	0.06347770898824383	-0.0038478327902722025	0.056957241233386885	0.03921915716526697	0.04783759193568651	-0.02563487983735255	-0.0032255187454589256	-0.09063957477591573	-0.06336259422115151	0.007451034055998191	0.009895913869438744	-0.02373809788860189	-0.083386622267765	-0.008118335245172385	-0.04724311870587398	0.02223317904368482	0.03507890005146262	-0.030025468045181698	-0.020415712010198483	0.014198579564261713	-0.009308464039018709	0.011232284666256151	-0.041967093221833056	-0.00864133202280522	0.02351005153760725	-0.005275590922757546	0.016633445570812883	-0.010679814711471463	0.017021195030433162	0.009857531143111341	-0.0034417755484473186	-0.012027081096242941	-0.0010776058990511154	-0.006171673187972085	0.004345882854115726	-0.00146728764306387	0.000225178587675274	-0.0	0.0	0.0	0.0	0.0	0.0	0.0	0.0	0.0	0.0	0.0	0.0	0.0	0.0	0.0	0.0	0.0	0.0	0.0	0.0	0.0	0.0	0.0	0.0	0.0	0.0	0.0	0.0	0.0
108241	-0.3032539634411973	0.16083939696653393	-0.12610809879628365	0.001530408246229502	-0.12343107924466447	0.028041214576333347	0.13731839966974288	-0.07360378181965593	-0.05529734358928442	0.047219574008688016	-0.05370880993967042	0.016967589194460616	0.10394222752622827	-0.007084065779007238	-0.07805344613199443	0.009060353095350925	0.09916429323977102	-0.06734976224146767	0.03971504059605153	-0.007785192333525175	-0.10136780651959691	0.006842481563477306	0.09772238155442634	-0.014087099625268702	-0.004870353260883054	-0.028902881398114037	0.033876502417139624	-0.10206705301081558	0.03802519441986867	-0.02956656281988873	0.04530026996947851	0.017990695931827474	-0.014810407729107501	-0.04333919799334957	0.07067799915521672	-0.018555356519703765	-0.03199294492785688	-0.045372927449804264	-0.024387348137149063	-0.10542677816111799	-0.0009302615054728585	-0.007350746353289185	-0.03931162553971856	-0.05386121725960044	-0.10000155149207389	0.08381026298807005	0.01749493200948552	-0.0011792134934179635	-0.04878744512004824	-0.05106795019210019	-0.05799770407660614	-0.03118927382945367	-0.04102830545735459	-0.0035673498991182304	-0.01641450216593768	-0.007796344031617224	-0.01108111756262238	0.07208918936418682	0.024278264911944222	-0.013569443749127358	-0.016328198628793766	-0.03508814035891027	0.013151327061144859	0.03229135665184175	-0.01516179403417809	0.013042232740582084	0.011881496377639458	0.003213051559163539	0.0014301469294732522	-0.0029007308727348764	0.004176848623048139	6.124833292442193e-06	0.00243946380445696	-0.003934078899510486	0.0009395484118177168	0.0021682691203608133	-0.0	0.0	0.0	0.0	0.0	0.0	0.0	0.0	0.0	0.0	0.0	0.0	0.0	0.0	0.0	0.0	0.0	0.0	0.0	0.0	0.0	0.0	0.0	0.0	0.0	0.0	0.0	0.0	0.0
108244	0.5352221137265817	0.1132352288459548	0.052674861852623586	-0.05421048496187695	-0.04346088669363155	-0.00422601191412703	-0.0670329066253316	0.02445809891795484	0.008827544345697854	0.013699758941248624	-0.023027267959202843	0.056257584305033935	-0.02069982093510117	-0.06099303435700432	-0.028619679878378636	-0.05194282579793153	-0.07572247555054987	0.02535004790422677	-0.008383817236687505	-0.05545974677424978	-0.08486349422902488	0.02157939993917424	-0.005235619882019495	-0.08277786168864376	-0.027069229802471385	0.01498619655978746	0.007888068462317715	0.018311864535836015	0.04928291443675194	0.03058876643061027	-0.020356439307946846	0.008565847085480296	-0.04058842733577781	-0.01692957896773808	0.0001255552753797291	0.007124989941510718	-0.024630146085092522	-0.0302257024173876	0.038864286850581166	0.015067463214423753	-0.028732468607369555	-0.04531061619631659	-0.024045032518408976	0.026273343417477377	0.007637802179648131	0.024900059497310077	0.008019830751069492	0.01214861471827376	-0.006451734807581336	-0.011160993203568205	0.011504574671701724	0.00983531948811853	0.028710648631564438	-0.040645381668351736	0.007255803011095721	0.003995237098971571	-0.005305243195675356	0.0029150035475213566	0.002700447651387203	0.02873763314578613	-0.011375594470251844	0.0071213870209955515	-0.012001503367792371	-0.002548148822968681	0.004565998661307244	-0.01734713486807543	0.02020545847806786	-0.02419564755675114	-0.0013511234169253186	0.0018117118135279906	-0.021954119154395695	-0.01582955639940503	-0.0128753470745611	0.004167146617951106	-0.006289806221394861	-0.0010330009833462311	-0.0	0.0	0.0	0.0	0.0	0.0	0.0	0.0	0.0	0.0	0.0	0.0	0.0	0.0	0.0	0.0	0.0	0.0	0.0	0.0	0.0	0.0	0.0	0.0	0.0	0.0	0.0	0.0	0.0
108245	0.07292271142603071	-0.4985916265385064	-0.2511849019555754	0.1418325358884993	-0.00313476914776978	-0.23278681791141348	-0.10746858181207661	-0.10894245668280159	-0.09059047773522864	-0.09318753950413791	-0.10338120347974898	-0.06595622072294138	-0.05390113910637672	0.052887459336450456	-0.04850080109343397	-0.07370100936128811	-0.007779425999327836	0.10117251308358463	0.011204029295989312	-0.005316150329681432	0.007057241163124058	-0.007316762194622849	-0.00016545733121678556	-0.02089222554642172	-0.0036448524245526843	-0.020119366915598878	-0.018436969753150016	-0.05092470883757529	0.02915581840114037	0.03453840346188313	-0.00329358610226567	0.01802726633753925	-0.005803877810673182	-0.011623188344641959	-0.017049304671521597	-0.03727106996437615	-0.046812971579116194	-0.019191862673530406	0.005197934163136685	-0.01291168572943479	-0.03055233163229191	-0.024581158905750994	-0.009413442633363734	0.005153823387055951	0.009649160637752341	-0.028953299195252642	0.034177571664529116	-0.017798870349183638	0.03121490382105211	-0.010725385680686162	0.05414862532835115	-0.009005267091092246	0.01718859291389369	-0.04872895498052549	0.0356308378391852	0.001971658518237298	0.03544455623050016	0.02665440212904594	0.002596383827400684	-0.026384644428618743	-0.006579788609351004	-0.0161621721165564	0.020786560790381322	-0.0098083090679036	0.0020226678129504207	-0.007801762413070108	-0.015805642059255127	0.014082684990073804	0.019551446113560907	0.016473796165530557	-0.003849063167460178	0.00542629247455111	-0.009187973911417941	-0.016107819988342383	-0.0018479435502962629	0.0007063996927614582	-0.0	0.0	0.0	0.0	0.0	0.0	0.0	0.0	0.0	0.0	0.0	0.0	0.0	0.0	0.0	0.0	0.0	0.0	0.0	0.0	0.0	0.0	0.0	0.0	0.0	0.0	0.0	0.0	0.0
108246	-0.2729544135939025	-0.020817853911036185	0.33591665081746325	0.09257194911421204	-0.04601757194880054	0.012095362386230862	-0.055444665939503535	-0.02356979978442784	0.06001044988474102	-0.015919839620729997	0.07394075310177299	-0.015562938886743212	0.035397092604067586	0.0237033620834632	-0.03233928143259898	0.05971125702486843	0.06296565213394195	0.09424190826599393	0.14081537605630642	0.08744634051390093	-0.020951279969788072	-0.06847283868635609	0.08728265813511729	0.08888412712195141	-0.01350719794872875	0.01779508481792286	0.06026469810686574	-0.016876767440586252	0.10009455866501883	-0.03598946160238699	-0.034750240435152735	0.06597612088035539	0.015189909564652191	0.05964741090118505	0.03411095361719956	0.038602958880251836	-0.041722910647580866	-0.007961275033767735	0.028657965648519627	-0.004052564416321103	-0.014577071732778817	-0.07612445225923367	0.05320300553853754	-0.0298622942099978	0.04192391347276841	0.022497003198846385	-0.0007636411411439947	0.04048274556278429	-0.013848033190419624	-0.07067990119876773	0.014553504055956238	0.04422972872893109	-0.006274319015914685	-0.028673901186500074	-0.003096582352244258	-0.0246221533338213	-0.04561628908841549	-0.05975927859274606	0.035544841023159426	-0.056870213603356076	0.051191420315146126	0.021950698581438007	0.025087036075532042	0.0032299120065450437	0.012259801721795296	0.011681122613137885	-0.00837127110426383	-0.02450358500895048	-0.01184589688448489	-0.009197732009393585	0.002023844728173725	-0.004096869718400019	0.0009815699665747869	-0.0011840965750249568	-0.0014132936643063685	0.001008786434672148	-0.0	0.0	0.0	0.0	0.0	0.0	0.0	0.0	0.0	0.0	0.0	0.0	0.0	0.0	0.0	0.0	0.0	0.0	0.0	0.0	0.0	0.0	0.0	0.0	0.0	0.0	0.0	0.0	0.0
108247	-0.28418428529627815	0.09303873213667621	-0.04039737002556195	-0.07420448189419668	0.02604304237342164	0.17621684859411801	-0.0043791216172963535	-0.2349738711204641	-0.08488476315109876	0.027176688664197767	0.05432801618784466	0.17701215232033177	0.015494410211648714	0.1270302675861689	-0.006472823555110138	-0.01684650109230165	0.10143324836187861	0.04491123122014054	0.05337178088793638	-0.03477940911880704	-0.024943333502554933	0.02174632573040681	0.03963379209967347	-0.022920252212932198	0.011587879579037839	-0.027988735622443008	0.026911084180181545	0.0045917609725845574	0.056687338906765035	0.07482182465714136	-0.04252513572874766	-0.034078271861842264	0.11071155804570318	-0.11042462086362859	-0.08645868233511647	-0.016327472531678332	-0.012636374839397679	-0.09280061955118504	-0.04240347152680148	0.0813514344771641	0.07081458814437842	-0.030618662342778234	0.014313351059991876	0.0676474587606946	-0.016063775063186188	0.052839446563422425	-0.038356901283710845	0.004305294991638581	0.03658371916328218	0.028960419670168557	0.01923213683394278	-0.035167528856480855	-0.033051006648100865	-0.005414862288839635	0.0035871690623751956	-0.030795793565857297	0.018631301281777	-0.03676617378673325	0.007926473579849555	-0.005662619786581853	-0.02295660046248411	-0.007307298161246939	0.021446632687611315	-0.0015690469160660736	-0.0036028221393201183	-0.0008737716942949441	-0.004030880701252914	-0.01263214106722247	0.008568607948144898	0.016407194750374027	0.007512853094697605	0.004380152635893215	0.0037730453586010708	-0.004202489125317625	0.001576880922476346	0.0015877582861254297	-0.0	0.0	0.0	0.0	0.0	0.0	0.0	0.0	0.0	0.0	0.0	0.0	0.0	0.0	0.0	0.0	0.0	0.0	0.0	0.0	0.0	0.0	0.0	0.0	0.0	0.0	0.0	0.0	0.0
108250	0.53042247931926	0.22611448247660204	0.034421740172124446	-0.0620440797236278	-0.09735027338500736	-0.015967242592556725	-0.08617683277179358	-0.013268666151589033	0.027846791665529325	0.02053273416022746	-0.07225223623718088	-0.004960192855923363	-0.034180779436784305	0.032800351995069456	-0.019994309790917757	-0.024602003387430703	-0.0002261928219090717	0.004846598720653359	-0.017789330616928556	0.027502883835330106	0.01187057222682111	-0.009995722558343365	-0.006411706328956189	0.011584471683817835	-0.01712369380743551	-0.02185143468393115	-2.9755603453053212e-05	-0.01993594210022557	0.018777623729456634	-0.010044274744965007	-0.012799030624818492	-0.009836758166409425	0.004434853539173531	0.005259254344641703	-0.01547885118464261	0.02074912434527147	-0.0031436513047629626	-0.014608011042917146	-0.0025322529335832155	-0.0004985265753065168	0.015219097218969737	-0.027131820723875624	-0.00114994710793301	-0.032336563490969285	-0.007438657677561718	-0.013558120057726185	-0.0016315396074263486	-0.007386895867302083	-0.02763871917368784	0.0026966383205046882	0.012853798133046117	-0.011219848494988471	0.01882320585794238	-0.014842350180588647	0.01845999184550144	0.014160215439821024	0.0088599630672284	-0.004766516489830663	-0.025485294749120615	0.01885885424052366	0.00351211559762096	0.006554521758577889	0.0007596327805985188	0.005597207725857778	0.029400684890649263	-0.025928087961108338	0.0232500621610266	0.008169961654639566	0.0018044348590446255	0.012377586992822666	0.00311344283818157	-0.039823890736015645	-0.0031301508035391844	0.0014096711987116198	0.00790472696074653	0.005769401740202559	-0.0	0.0	0.0	0.0	0.0	0.0	0.0	0.0	0.0	0.0	0.0	0.0	0.0	0.0	0.0	0.0	0.0	0.0	0.0	0.0	0.0	0.0	0.0	0.0	0.0	0.0	0.0	0.0	0.0
108251	0.13560529147155637	-0.44525550179227064	-0.20140067651139149	0.15169383895390537	0.1426716152227629	0.022913954977521325	0.06200774129370738	-0.08681183301879249	0.1410922812844276	-0.14788316512721297	-0.05972670570154387	-0.027045545784212036	-0.04647628436934791	-0.012040279483393302	0.015870783681460804	0.02472015167726318	0.004284501550894672	-0.03303109261215146	-0.08969480363621514	0.06183394258126108	0.062439378121227095	-0.07500736654683475	0.05936102319980929	0.01910147933641306	0.033868407550051764	0.032526346609288055	-0.03248331501646124	-0.005711459996842903	0.03276683941677432	0.034323976567202374	0.0214207882048373	-0.02221717940845595	0.022277194431017864	-0.08811171371193655	0.0803295479101419	-0.025286625521848082	0.030209303998471777	0.00472082784833449	0.044843343544167004	0.04161805027362907	-0.06727330597176116	0.035998563890504716	-0.004790779195183574	-0.023530233487944037	-0.0017519263825813006	0.04521511730157585	-0.030770099397171954	-0.0014720471580394261	-0.019738246907382698	-0.014092491852115538	0.023797730859511694	0.002691410003397278	0.007289101941476485	-0.006918842015006131	0.005760499328051637	-0.01942500864224476	-0.029518844558427224	0.034623126654056174	-0.011572277292591216	-0.0024526369217947137	-0.006312398273190474	-0.004299676603141648	0.008028282154628122	-0.03260100041316316	0.009733550384587532	-0.009828144076436897	0.01502612712179495	0.0007924420812849558	-0.015159382587024341	0.00991114709296888	0.008383637665994542	-0.0067692945382537475	-0.003937737757214467	0.011653825430233312	0.00013460100849420087	0.0032140200950459387	-0.0	0.0	0.0	0.0	0.0	0.0	0.0	0.0	0.0	0.0	0.0	0.0	0.0	0.0	0.0	0.0	0.0	0.0	0.0	0.0	0.0	0.0	0.0	0.0	0.0	0.0	0.0	0.0	0.0
108252	-0.2353503601748443	-0.03933017603860374	-0.020804239852639135	-0.10412614320929871	0.1442894775233218	-0.1377181471562304	-0.1544035869344739	-0.014505162275258216	0.19148529536223685	-0.15638249740842236	0.010112438688017313	-0.12104036030537937	-0.01815960114121217	0.05906415491842156	0.007832068739068668	0.080783163461904	-0.015469676874989794	-0.045642987649941284	-0.10925279283465567	0.056933372501294384	-0.19065803576856874	0.030498339595236054	-0.12036384059464855	-0.012958694828635473	-0.060181559417605654	0.005001922121536457	0.048163051133113276	0.09500515733192977	-0.016682877186633947	-0.07387737334373407	0.15990814210348825	-0.010110247210787973	0.07732347594403793	0.04477376675793851	-0.03283969215101036	0.06537428274612389	0.009601490185046163	-0.007422326269878415	0.036186027455944215	0.002623571993329687	0.01651308822259962	-0.03841179747350404	-0.03349635856677307	-0.03681073959497334	0.0035480994676383533	0.059104209867363144	-0.02345356072441292	0.06850037199577529	0.031275375449299016	-0.0235881563013871	0.0265199687382251	0.011954635864365537	-0.04302016248424074	-0.006867580795459586	-0.001114397162301257	0.006497428284842486	-0.00856306070264222	0.006074822110321178	3.702219206708654e-05	-0.011100637364434366	-0.03455946218171583	0.009016332999427232	-0.0048052757896903	0.0016073185443432928	-0.020716311438936357	-0.01881007887395065	-0.011068346091581624	0.010416930865660937	0.01894122594898902	0.005099249664571582	-0.0039753022678562155	0.004612592453929929	0.007976236677325567	-0.007104952213257972	-0.0008924274947373403	0.0010799022603265103	-0.0	0.0	0.0	0.0	0.0	0.0	0.0	0.0	0.0	0.0	0.0	0.0	0.0	0.0	0.0	0.0	0.0	0.0	0.0	0.0	0.0	0.0	0.0	0.0	0.0	0.0	0.0	0.0	0.0
108253	-0.26347151120858686	0.1472694704276348	-0.2322893597333795	-0.14213698469921682	0.06941041154764002	0.07463922699267161	-0.015509995805273069	-0.05297147550096843	-0.03052702358400274	0.03206094607604661	0.09255587562384704	0.04231245901959204	-0.22733559065956935	-0.0410811612945348	0.08876783094888575	-0.07001965135349802	-0.04230560991494962	-0.018659173516851566	0.12064238314486286	0.11959227565992162	0.003367864129411592	0.04181837386716791	-0.056842410435166	0.061989710690261	-0.036953232935395174	-0.09313631763074949	-0.020720396038248844	0.09125204280359835	0.030035178894404647	-0.01858683354197119	0.002044611116551624	-0.0036579432387487897	-0.0021283743141643227	-0.03582869787473591	0.01971216605616755	-0.024227728558817396	-0.030166917521108897	0.030354454175195424	-0.0015403009601087628	-0.025395722253814697	0.002978410932997769	0.05099257649821917	0.024339954754390186	-0.07449635937827512	-0.04681629669415927	0.01437327074069874	0.03771371025147885	0.05097701365241635	0.01608327204709572	0.02777262762645053	0.0280546066514622	0.028556307199440766	0.07467919222620048	-0.0020248680962441095	-0.03469574498390911	-0.0027325637565305794	0.024838566198341298	-0.03218847480240114	0.04608955715914399	-0.0038178342363756057	-0.023856378686936425	-0.03099479404922109	0.02604558649441084	-0.014085916101026238	-0.011938046742327813	0.03618576002936681	0.018314787085560502	0.030093508250860598	-0.011384658007447354	-0.005156571853781037	-0.020220859007985047	-0.01659506993463522	-0.002502916153085294	-0.002321615530638293	-0.0024328769225778857	-3.916285901534572e-05	-0.0	0.0	0.0	0.0	0.0	0.0	0.0	0.0	0.0	0.0	0.0	0.0	0.0	0.0	0.0	0.0	0.0	0.0	0.0	0.0	0.0	0.0	0.0	0.0	0.0	0.0	0.0	0.0	0.0
108256	0.5379016856198385	0.21038992052695513	0.04052841305154264	-0.06501094431989227	-0.06048612850277139	-0.010260497802059666	-0.07258168092909821	0.004233240253562908	-0.037772845122683626	-0.05806824657370755	-0.018278144455351926	0.015937074295368787	0.003442528281957955	0.00599370027138247	0.004543636961048507	-0.03790625644197528	-0.02888170842944607	-0.010639021795555577	0.016188783098896292	0.01639635859259871	-0.025120747611438347	-0.036444031029735036	-0.016411743066644016	0.012221131059956243	0.0034795259566105167	0.020965213595875342	-0.007768437136558029	0.004155498117777762	0.025919838409920643	0.027734305028420204	0.00262026566715251	-0.010404827634319352	0.01083391552568287	-0.007217042454072081	0.01346121404383534	-0.008499135250031629	0.0019314062215394325	0.004044120230561868	-0.00564914455248968	0.016442057863698813	-0.0022403234052638427	0.019892626455313034	0.014353178512460684	0.011935344424889176	0.01785794345761972	0.008003381961285319	-0.0028765921873225376	0.0012452228103106181	-0.0007212879778845367	-0.024617992738397175	0.0040381571898295485	-0.0026098025999218505	-0.005863929992090297	0.007924433861694894	-0.023276689582180494	-0.00674992457521551	-0.02148948576869356	0.008529594007025342	-0.013996920356545043	0.015006196780113992	-0.009420405413017032	-0.011006108517472303	-0.00658193597700001	-0.026153206525881857	-0.019534742690563323	0.03235535242451276	0.009100398376917153	-0.027235570082427548	0.005269216765580625	0.010540405317136653	-0.03145006698511238	0.015266388485560839	0.020056138967104387	0.009034407472314113	0.01747044840625874	-0.0045659293092924925	-0.0	0.0	0.0	0.0	0.0	0.0	0.0	0.0	0.0	0.0	0.0	0.0	0.0	0.0	0.0	0.0	0.0	0.0	0.0	0.0	0.0	0.0	0.0	0.0	0.0	0.0	0.0	0.0	0.0
108257	0.4013262459462307	0.01645110120524467	0.05513395733878315	-0.05805639919590467	0.1228143894525131	-0.21010594188858334	0.08460830521420915	0.029317199913275308	-0.2730556138502653	-0.2097857660429801	0.07004124222792782	0.15771574055473075	0.04152624774786713	-0.04314578161208532	0.0029372381127068694	-0.04924544484006202	-0.08819059158589308	0.0024173149029551636	-0.018692686760853776	0.022428706173510112	-0.01943659666623105	0.013117931917683307	0.02110574282021988	0.0015681268931033953	-0.023079247369080458	0.057670239502935594	-0.0026718084235680508	-0.03123341202715466	0.03868598189748128	0.032067535606015975	-0.002796032259892685	0.024455154360571007	0.04026307271790388	0.00727038843523013	0.01581302424792168	-0.03093136644365722	0.01088896191279605	0.07124618560219137	-0.0282117136788612	-0.012152838180228723	0.01999164955585396	0.028091754491948222	0.00292992480779871	-0.023086365131799003	0.01612173376517168	-0.013376928476597943	-0.01649735491871698	-0.011271544699295494	0.037059556785227016	-0.03753813044821971	0.0025033106608130244	-0.01217344218857436	-0.02853308527053526	0.001368898304361474	-0.023987825194303876	-0.0005178370054951754	-0.009983361279687474	0.003297087753012788	0.0046000152827428776	0.010108540764012238	0.0003237952746562139	0.004760064662876729	-0.0010971145440070616	-0.011357766964468304	0.015860879836934925	0.005072622259394116	-0.008053635936501427	0.003985792501587633	0.002887781986263282	-0.00409543867352621	0.001423646708529578	0.0002982854225276357	0.002694271801620728	-0.005892335633795573	-0.0020637793700365526	-0.0020072975546386665	-0.0	0.0	0.0	0.0	0.0	0.0	0.0	0.0	0.0	0.0	0.0	0.0	0.0	0.0	0.0	0.0	0.0	0.0	0.0	0.0	0.0	0.0	0.0	0.0	0.0	0.0	0.0	0.0	0.0
108258	-0.22951495019802604	-0.13078184223368985	0.1387993716258274	-0.3484754028032458	0.006846938585356232	-0.17774451798602356	0.057234558587187116	0.048347999197146434	0.1361422954702044	0.0032466379031283452	0.017703138168126582	-0.03704842728373704	-0.02869333688694211	-0.1126094819745165	-0.023848408642762314	-0.06958787014644531	0.1044545250735066	-0.003992366739692564	0.03759819965826104	-0.01594576161132186	0.05411282944175422	-0.022327191993514017	-0.07319918359054509	0.045676736107579136	0.011191502576754709	-0.06890885295851994	0.010516006320518537	0.021872927388270732	0.0125832609502439	0.08171941669702197	-0.031726076838583604	-0.0266981854249241	-0.024309436145884884	0.04287239339917164	-0.06752013390063386	-0.05013514787150536	0.04744945972489602	0.004963887647087078	0.09042121488301993	0.025756382155745314	-0.07222521061066234	0.008173887106980528	0.006902668050896855	-0.01642584280414855	0.012767926025685395	0.05235846369860235	0.032125597512664326	-0.03286663177239137	-0.01522474881055209	-0.015657215534304884	-0.019972899811412467	0.008894457464169806	0.0004907840772449981	0.016421675447592883	-0.041163907707064795	0.00573303506138014	0.023321460845094538	0.0012340705563185159	0.030782301809800523	-0.002243144511404561	0.029264686900056288	0.031117765683299693	-0.021706722328678874	0.01638992586513593	-0.007854772058540805	0.014067805453956833	0.018673536009797317	-0.005349116098788415	-0.003629767050689933	0.02823848369841251	0.013793826727757868	0.021706015640076418	0.001826999430118497	-0.005833752828284039	0.0017343088194266723	-0.001986463031066882	-0.0	0.0	0.0	0.0	0.0	0.0	0.0	0.0	0.0	0.0	0.0	0.0	0.0	0.0	0.0	0.0	0.0	0.0	0.0	0.0	0.0	0.0	0.0	0.0	0.0	0.0	0.0	0.0	0.0
108259	-0.24287229385244014	0.1497351353512776	-0.2647629142410349	-0.16558074454593058	0.13172793753758782	0.12440408036064929	-0.12230298737121173	-0.01965649992875082	-0.02070114483216699	-0.0413043997927113	0.03336097358911008	0.050275626939945584	0.13643575111013403	0.12062047167448985	-0.11757270828779552	0.030673561008289673	0.05223554573218457	0.08878549649924398	-0.09919780316000024	0.0335540096033939	0.10565806838043222	0.08321168700530583	-0.015612524540164027	-0.0809817748767454	0.02440484432848488	-0.01763692714376919	0.0006390034656975606	0.08254510811899199	0.022943600281451856	0.0058332860738404	-0.127475589787299	-0.11022011661155348	-0.03605461886007204	0.03384810261840672	0.059054266428646904	-0.050179819200348336	-0.04470694602569154	0.009620757059019254	0.016325010853337617	-0.03759602123796446	-1.3149810844755677e-05	0.03352630219811624	0.008171994068041463	-0.05275446090619025	-0.0018196820506399638	0.016043518238592094	-0.036550854836988333	0.004029054150839417	-0.011811761246100037	-0.007940057020386223	0.06687649092927837	-0.00574293537032813	0.02503163552650445	0.03170300829350001	-0.0029496684752315793	0.051614676790904555	0.037392855815998584	0.007379463162120917	-0.011109625874847347	-0.01586409498543798	0.0010356472939486512	0.03760164847594045	-0.00833773836358945	0.02396138551959652	-0.012827261164787601	-0.0051973374628340036	-0.005572770134833462	-0.003874382790287787	-0.006363536198860858	-0.00814302212701468	-0.00531113494639221	0.008443901327969345	0.006453146568286466	-0.002926667736355019	0.0010601463977238407	0.0047679418835643896	-0.0	0.0	0.0	0.0	0.0	0.0	0.0	0.0	0.0	0.0	0.0	0.0	0.0	0.0	0.0	0.0	0.0	0.0	0.0	0.0	0.0	0.0	0.0	0.0	0.0	0.0	0.0	0.0	0.0
108263	-0.00912027663850337	-0.4436796391565645	-0.15027797347176786	-0.09642630093524411	-0.2330824427393044	0.0796357408609047	-0.11581459449186492	0.08529479994042863	-0.03198134709136114	0.05601519094999812	0.10526390058535624	-0.05706161023645556	0.041285196644824516	-0.003962210307013935	0.028090697547594065	-0.0416600478243502	0.03946169208064246	-0.0025806275718208292	0.09222836010600964	-0.01486101369431331	0.02347560321941744	0.07076814644780033	0.032776110995072875	0.014264568760946979	0.053976437732462385	0.03464309219648084	-0.054307933620365775	-0.048085887591303264	-0.08298677508251688	-0.01886242795287499	0.04167927810871957	-0.004959014691965893	0.041016223012203666	-0.00811408909242676	0.07139187795323362	-0.0007542136939084448	0.04728862059609978	-0.0025666296511319456	0.007430409075863038	-0.020338325121476018	-0.008210869364293214	0.04179123740409685	-0.02510470893915388	-0.026989997803372634	-0.04853563572975846	-0.014725213948574758	0.015154947763298404	0.012956491665023846	0.01717914760576803	0.05224924047000809	0.00762954859687597	0.0017945368166775147	-0.04654849602872825	0.027870835900192452	-0.011346009404209968	-0.012786588859425234	-0.005103782331000663	-0.006002258999495318	0.03753027283988646	0.017210367045873025	0.012367407209983885	0.004504484094277116	-0.01825089270282661	-0.020376105290950037	0.027639703379519005	-0.00063402736520959	-0.007834973674404583	-0.005254573508509042	0.013929891034618022	0.004378576016203226	-0.011470622578181607	0.012159154977530874	0.0017719408417815458	-0.00883610346805589	-0.0029471603104297196	0.001007015510685419	-0.0	0.0	0.0	0.0	0.0	0.0	0.0	0.0	0.0	0.0	0.0	0.0	0.0	0.0	0.0	0.0	0.0	0.0	0.0	0.0	0.0	0.0	0.0	0.0	0.0	0.0	0.0	0.0	0.0
108264	-0.0961743737247554	-0.3125390870968793	-0.21865212174105722	-0.2284684790801373	-0.14148649275315667	-0.11249864079839526	0.05974966635180119	-0.056931463718114035	0.1614617871352239	-0.11376182844950468	-0.13130440571685859	0.06390978737150624	0.05207508861912851	0.10711589808846657	0.1676006442345406	0.1078541353671455	0.04697921742478145	-0.06728699928658034	0.07733946597320945	-0.04472374652102863	0.058066779813113076	-0.10137713222809003	0.04806988123407669	-0.014003611588757145	-0.10938060912952637	0.015094663750826916	0.009034533206572626	-0.01024439289267918	0.004511215611543545	0.0360921699816515	-0.03206732606093973	-0.03461291358880244	-0.10046101439629075	0.020376968182303324	0.049816567828482435	0.026782665064703847	-0.029829356554186153	0.02525000942555623	-0.05074424480420339	0.05978534364600564	-0.016969348759926763	-0.023194759389684426	0.009630542480439323	-0.01725825727179256	0.011787092617225863	-0.010587416237552659	0.01813417772400028	-0.03484193792056487	-0.038530616822663066	-0.03614803093227411	0.0061280450727709684	0.012083278496330452	0.008885778970961303	0.0007238245268892361	2.1814759327024742e-06	-0.036620726888729464	0.023923569821752536	-0.023813418415684046	-0.0019168391350110603	0.01417787176799771	-0.00632018452321097	0.0042175825296033136	-0.002322756928317872	0.01905525226528837	-0.01572404600757595	0.006136918439981689	-0.0007683350651315461	0.006449495376664453	0.01362762392612123	0.012786831320807705	-0.006527744136381711	-0.0013625780143802393	-0.00646515478251647	-0.00042857382386878034	-0.0013583429845361835	-0.0009862046324872799	-0.0	0.0	0.0	0.0	0.0	0.0	0.0	0.0	0.0	0.0	0.0	0.0	0.0	0.0	0.0	0.0	0.0	0.0	0.0	0.0	0.0	0.0	0.0	0.0	0.0	0.0	0.0	0.0	0.0
108265	-0.25258922401749884	0.12528967685498205	-0.28445758799021015	-0.23531817593561252	0.11907654367032355	0.15260286470467344	-0.07621741238306758	-0.03204847013265467	-0.06904128889224352	-0.006850015947249512	0.02315020091193815	0.03084241571960844	-0.06950631640563062	0.02755805722520756	0.03256552199980131	0.010293122001820445	-0.033865369209541446	0.09151047870480254	-0.019273803529774675	-0.18236253791798246	-0.004505722889666914	-0.05216525272383501	0.018887344373684653	0.1398283135229862	-0.032803186878797866	-0.036249967032931915	0.04921144392338642	0.010632548762320233	-0.008551750519581843	-0.03137377913863363	0.05482790297859176	-0.0011580060797373242	0.05418409780324298	0.0575977414664888	0.03528001681187861	0.05240795282155707	0.04225411975123352	-0.03994757319437376	-0.02621291128823707	0.04417629620373771	-0.013954426928810408	0.034594142668341044	-0.049542875211417876	0.03983905015343158	0.034349647485966875	-0.07067398065609908	-0.041073076451466184	-0.015958960600688597	-0.007426687312758564	0.010533280038404145	-0.04795372444479262	-0.014171514966397097	0.00490612096546314	-0.07625388072539543	-0.04383759681127419	0.004305998536635403	0.01323898479557582	0.001476613051294393	0.014003833444844878	-0.05096062732592919	0.002067020205479569	-0.013113282393427848	-0.0006233884355210878	-0.006588918280709013	0.00780513652107095	0.0009949444529500624	0.027294847573388698	0.005841356543946818	0.0019533464856875946	0.014914907900104952	0.0013658101942763394	0.005241543910578791	0.0010843640236585352	0.008099240847570681	-0.003435545438405932	-0.000990891963828496	-0.0	0.0	0.0	0.0	0.0	0.0	0.0	0.0	0.0	0.0	0.0	0.0	0.0	0.0	0.0	0.0	0.0	0.0	0.0	0.0	0.0	0.0	0.0	0.0	0.0	0.0	0.0	0.0	0.0
108274	0.4831440151684871	0.19736867772650485	0.01945993045572103	-0.036545495361189714	-0.09621311864081396	0.042723341253340694	-0.0812451658898064	-0.03076766444614847	0.1420499271351861	0.10633444960135872	-0.15693956820953725	-0.04024954963043144	-0.09309771647446662	0.09205250626916095	-0.0748367269829519	-0.04076899992594995	0.001845106442936746	0.03335652560799789	-0.04761893419997192	0.03679607730908951	0.0515956263393769	0.021719834183871956	0.012351613054242075	0.027969464048493695	-0.02958659133577632	-0.06771644278486907	-0.010564365076054048	-0.04985226819941276	0.03999838051400998	-0.015101636890224006	0.005704466427368967	0.014193769041927522	0.007110669354271954	0.0258902604695944	-0.03433906359345785	-0.02119480342384118	-0.03758166687475087	0.023462776566232246	-0.04168938256742248	-0.03814327836031404	0.00546433414479676	-0.0001560962995453123	0.023253365847531213	0.019854044323071304	0.036731722766837116	-0.027677140999347295	-0.014915374050240625	-0.015553763170211345	0.0038773117081693357	0.0103298269764084	-0.02487175442115279	-0.00035922758034263397	-0.02712265329824368	0.018936482099001704	-0.006402612085591058	0.021097931715555504	-0.024811235263549804	0.003198573982902842	0.001975768565585677	0.011250439015254373	-0.026201735181506744	0.020508539963984142	-0.0048355760955782	-0.011985657357200563	-0.030900497865867738	0.012776407964245643	0.00603374042089814	-0.0056667546552763735	-0.0036961448156599417	0.006097971718782359	0.004258809508759443	-0.008604296257615832	0.012518485402852537	0.001215684821628803	-0.006706537399825133	-0.0005708407350884523	-0.0	0.0	0.0	0.0	0.0	0.0	0.0	0.0	0.0	0.0	0.0	0.0	0.0	0.0	0.0	0.0	0.0	0.0	0.0	0.0	0.0	0.0	0.0	0.0	0.0	0.0	0.0	0.0	0.0
108275	0.008718156532033334	-0.4480360074374287	-0.13620077070221817	0.11024458858365788	-0.23879553688417346	0.06150381452354736	-0.21367114615603816	0.21610586372847695	0.018069578983551094	-0.03406061448159376	0.09906553300143747	0.022345820162802652	0.04654887703403476	0.11639493038766915	0.060499214120893104	-0.10392168262748887	-0.030227118731901804	-0.0473131819795338	0.05465017865678783	-0.042305454921435545	0.04526133434225727	0.07310429653116798	0.061422566947416934	0.008315098849707114	-0.034641561999493004	0.0055430618573810864	-0.0037888471237377585	-0.018130794321621808	-0.037576343904382	0.018687106455638546	-0.035500917368391886	0.02396440329550167	-0.01457082808109312	0.023061041813063263	-0.02603002437609215	0.03971596309381397	0.020689240852281215	0.04263399513439812	-0.02447231756731339	0.0344732888325632	0.04699232223662858	0.051932018884548375	-0.00695639960049159	-0.012584797993558472	0.0386110104384373	0.053999215718348315	0.002867086415489604	0.03225921028801877	0.012229536432310116	-0.03933625118491634	-0.021566297795854852	-0.014603449403392492	-0.006031839977490324	0.02924706587964944	0.02543483227342295	-0.006714051367794242	-0.01876561906715549	-0.010929380061692582	-0.02344285230298843	-0.014976395677332452	0.004849275466513511	-0.009644122647107964	0.014960588093426406	0.01630715511862139	-0.017836651818581337	0.005788182732864753	-0.0007816395256778508	0.01237701380587042	-0.0031652089306941477	0.009520406700216902	0.0007291638191951478	-0.005003353239315861	0.005084805247912094	-0.0012189168819182112	0.00035385725383340537	-0.0003446899567217	-0.0	0.0	0.0	0.0	0.0	0.0	0.0	0.0	0.0	0.0	0.0	0.0	0.0	0.0	0.0	0.0	0.0	0.0	0.0	0.0	0.0	0.0	0.0	0.0	0.0	0.0	0.0	0.0	0.0
108276	-0.14282618872431643	-0.20894443590906805	0.036987170896390247	-0.2757077892304219	0.07157552673157436	-0.2854603433320213	0.11166706059546609	-0.09554003621726065	0.13627451229867646	0.0018828235641195688	0.044058740424615474	0.10562266064661271	0.04451026297074452	-0.03158403188454109	-0.09248708920674698	-0.07432459233034457	-0.04254358120047159	-0.09696018843856545	-0.008178728686881473	-0.0315512486738844	0.01630502587733398	0.050791029370104386	0.018214613659635292	0.08446207301448745	0.019572850170745344	0.027789083118420186	0.04981821913816104	0.048785867018242994	-0.026305698693633497	-0.06847150321153332	-0.010537434309259621	0.04937108812949293	0.06942510515486675	0.024830522714147894	0.013515006812909406	-0.016631836302486776	-0.01884863430747321	0.014683357723801485	-0.06657649319379938	-0.0010479500677483353	-0.035807618015370135	0.003603759755719082	0.024514524111716066	0.044707130104775575	-0.0064137957735893696	-0.005684473963124276	-0.06138124614125104	0.04211127656348308	-0.08316744366608768	0.06325215739217517	-0.0013764156290438365	0.00041744816200224057	-0.015100376707719822	0.047386636753861656	0.008285745916737752	0.004537471937773519	0.009125268077560013	-0.018394216776488826	-0.003290768362416257	0.030839406291608484	0.01868357941498787	-0.008146692883904988	0.021711312856314554	0.0012826137448941459	-0.012572761439743126	-0.011936056424064718	-0.0020460591855705574	-0.018156951926940074	-0.014750882370188787	-0.014748528109295141	-0.002260949849199402	-0.013963834006066581	0.0006733133112153017	-0.008476299914230146	0.0011418812913360356	0.0014012937996186754	-0.0	0.0	0.0	0.0	0.0	0.0	0.0	0.0	0.0	0.0	0.0	0.0	0.0	0.0	0.0	0.0	0.0	0.0	0.0	0.0	0.0	0.0	0.0	0.0	0.0	0.0	0.0	0.0	0.0
108277	-0.28613805490646615	0.16343961764679366	-0.16387246389956603	-0.044556668278830314	0.16486170560351837	0.06738174101412217	-0.15469746011889712	-0.015074122561293066	-0.037318916722678674	-0.056782552468340956	-0.05250185479206795	0.11808185806352026	0.0339343740640605	0.0730171072025681	-0.08598475924591559	-0.027778648651660562	0.15051722093341577	-0.01863374402534308	-0.012120379827669335	-0.15248365028349056	0.09782196812344068	-0.04550054534718443	-0.06639650942042472	-0.08145614603833264	0.09350138261299908	0.02648391824284218	-0.04926245426458969	0.036571853157834254	0.06408679671981168	-0.09397529916765769	0.0827891654643203	-0.0020426980777293632	-0.07940429004137942	-0.026618559036303984	-0.06112198829408078	0.026554608301430846	-0.0036611414996199306	0.06343204350732577	0.039073954181079645	-0.010508271504894402	0.05116880606262031	-0.02342912142193981	-0.01059216653439734	-0.004675927697479694	-0.03218424542680456	-0.03179743160951216	0.0043370762213477305	0.05387932861896	0.011868816559037043	-0.04476763144291042	-0.009517110423245602	0.06950537746217667	0.01959456982414588	0.03505521190935899	0.02918863386907904	-0.010217175466873521	-0.04733939012107474	0.0001334022654351624	-0.005535963554757253	0.028787479264246928	0.03227897817293429	-0.031105589920488282	0.016908828778473578	-0.017042153273276385	0.005810009776575698	0.017414552966908962	-0.006430707951504228	0.0007129032128090312	-0.006686566151075686	0.008678399943260327	-0.0010758846126934357	0.00613210518749313	-0.00703285748179672	0.006747611957632294	-0.0014506007740939474	-0.001999443459835183	-0.0	0.0	0.0	0.0	0.0	0.0	0.0	0.0	0.0	0.0	0.0	0.0	0.0	0.0	0.0	0.0	0.0	0.0	0.0	0.0	0.0	0.0	0.0	0.0	0.0	0.0	0.0	0.0	0.0
108280	0.5123293843888572	0.2261514021959214	-0.009156390648869575	0.00303176562289799	-0.1088030770788567	-0.04573487170402341	0.04863856424013274	0.014635965258866452	0.004634300773649497	-0.006100751807640757	0.04567394270529965	-0.057304690301304126	-0.0001333812165215839	0.04762827749616182	-0.037957072837559204	0.044984719262444614	0.0267489880126587	-0.006368020323450068	-0.025936130331695065	-0.025696923844470875	0.008173935919944517	0.01031289353504362	0.013127550896071054	0.002365484765410785	0.017035212084882727	-0.029698034326299447	0.005474259488102652	0.022305144625481013	-0.022217341057470478	0.011099922003962275	0.008958642635096372	0.016866819147264477	-0.01837924824596216	-0.00021354586090086775	-0.017802731084384422	0.017629629378710637	-0.023170445685379622	-0.043323739458898926	0.010686549755650908	-0.015679648130388232	-0.05023782953369276	0.026173159689085266	-0.022048856016533384	0.028985942426294656	-0.02026284376303603	-0.008432146671806893	0.03459427554927025	0.022269834880375174	0.02030968776883749	0.013861600143910604	0.007940781044644133	0.00557622243458617	0.01694422621523181	-0.008861689899070114	0.010225650802972032	-0.016762893956984843	0.015065083728739244	-0.030196555153994935	0.011188701967824823	-0.00788009764383952	0.004339272841807453	-0.02239675988138047	-0.03757532548211933	0.009962237939750698	-0.0021980828160926744	-0.0075401467729097485	-0.02062506000953892	-0.03930534583460051	0.005283321444080518	-0.0034068360827718006	-0.034089411798392	0.0134858817302033	-0.018012375761118114	0.0052024607310833275	0.002531279158252562	0.005624532406063035	-0.0	0.0	0.0	0.0	0.0	0.0	0.0	0.0	0.0	0.0	0.0	0.0	0.0	0.0	0.0	0.0	0.0	0.0	0.0	0.0	0.0	0.0	0.0	0.0	0.0	0.0	0.0	0.0	0.0
108281	-0.08893150433136554	-0.30440756766423965	0.0744836368602174	-0.18711539720880618	-0.057291066588411384	0.09417519820308992	0.08127707733025531	0.3884802241677071	-0.07164431239281646	0.02547793440329731	-0.06492080342708077	0.046079857915727655	-0.000290168447710879	0.19558819075631093	0.12269476657766021	0.0005074058931955577	-0.029619982559850953	-0.019363699948510435	-0.061627275136577904	0.059551906580740346	0.0161251368204802	0.052980057005696524	0.10204706689165476	-0.056496786261246136	-0.016581622402762224	0.03860947445686049	0.01498569183460902	0.04213525873737246	0.015100818667429633	-0.048101659720713286	0.053798946348679676	0.0058966454534319715	-0.0008767874046027756	-0.014382335387434388	-0.005762220010605816	0.027167482942479965	0.0042937147056836475	-0.059943514103327294	0.007073429652446789	-0.04204493255266363	0.027085134773281366	-0.06337454657440868	0.026525852538529304	0.0481510475030845	0.0033413884542721787	-0.030141119862194157	-0.0005307078857070175	0.013474772818878484	0.005754418142975639	0.01709513252736996	0.013502340386090153	0.007113295282264974	0.050918915850727824	0.017669775246694937	-0.01605428309861572	0.02241638809543329	0.013746290664243325	0.010009470743862572	0.015897680161958097	-0.01011802577194979	0.0039014414929455805	0.005562935588221333	0.005028155555289067	-0.01459116247249709	0.01627307039560781	0.01267647952116149	-2.0086088835336467e-05	0.0021583931427306725	0.00481601525638669	-0.002725738738725934	0.013804724698200776	0.0043694984290460715	0.001489543641304403	0.0016460472481920343	0.0021732756383824768	0.001967185820550483	-0.0	0.0	0.0	0.0	0.0	0.0	0.0	0.0	0.0	0.0	0.0	0.0	0.0	0.0	0.0	0.0	0.0	0.0	0.0	0.0	0.0	0.0	0.0	0.0	0.0	0.0	0.0	0.0	0.0
108282	-0.3025630558663017	0.009528140271839946	0.05590922241214807	-0.15960190357355275	0.04694445900735352	0.19468856491960426	-0.05724917782270924	-0.1539493802638396	-0.08472420243391666	-0.027564756686430148	0.04634007465217132	-0.04327161406591196	0.019292774582306285	0.07323709619525616	-0.083261370047895	0.1190002703933461	-0.0340001116497965	-0.18193389897808016	-0.013830025820543127	-0.03570610307487562	0.06889148960745545	-0.017485773399377444	-0.05028912474519111	-0.049556544563699845	-0.0936489456286569	0.05878670549500776	-0.03551257648365375	0.006764296238370195	0.014155522875350235	-0.0006183324765869953	-0.02018420042320192	0.039333162239595064	-0.040940644776262636	0.014392072119754034	-0.03751987206928133	-0.0029540673440639703	-0.00895863425773022	0.06812777895853174	-0.050562558197928535	-0.014461852030153799	-0.037841795119815856	0.008097327536421877	0.012389666761180692	0.02224293787224953	0.051709080796721194	-0.000622575474524972	0.04337869677273249	-0.001999344829804482	-0.00040336309703850647	0.009267571734195314	-0.01035378049944081	-0.016756453155057145	0.007169636700977934	-0.06722292349550194	0.022813837532464368	0.009053354327633243	-0.023328398586660058	0.01788598255345436	0.028271491318731117	0.0244423527480583	-0.03661652976702884	-0.013827852617648101	0.010209956394348055	0.033530733635701686	0.007628183198076446	-0.003403636814089807	0.022861086033472464	-0.0117764828817849	0.00863822411227392	-0.013783783891570001	-0.0007015977871467816	0.006756588458607534	0.007092799677226875	-0.005536837908015056	0.002834483251946058	-0.001444016308651169	-0.0	0.0	0.0	0.0	0.0	0.0	0.0	0.0	0.0	0.0	0.0	0.0	0.0	0.0	0.0	0.0	0.0	0.0	0.0	0.0	0.0	0.0	0.0	0.0	0.0	0.0	0.0	0.0	0.0
108283	-0.32528598482310783	0.16523366795200395	-0.21761281256289622	-0.14595239614665564	0.09398397729471128	0.1111994642416777	-0.06840027141185545	-0.005154050579248329	-0.02768048860289473	0.008087910790114986	0.05624463799968394	0.03074761818376807	-0.08357790635596168	-0.013865387757145534	-0.011257319391711724	0.0002496973468612649	0.048005544433687854	0.05527294580136424	0.09278056916022674	0.07986463195667409	-0.10098375161065525	-0.016730581922584704	0.05674535932059942	0.01816333447254477	-0.031430277453255086	0.035447727790869285	-0.07281953477523304	0.0028333166029682077	-0.005162136507567523	-0.010043974159990861	-0.048644953100787154	-0.03639976111117003	0.01347457150399632	0.02104398356488618	0.0017030451033942706	0.0014554812853429947	0.05391385621826794	0.00652282951258452	-0.046390074955248474	-0.0008617506393626629	-0.04051257235454136	-0.0026444896540601475	-0.006011485259109333	0.06527228568041732	-0.08908351125541245	-0.024779245560189143	0.051421236857356084	-0.04059677222736075	0.04766427092560216	-0.0519597839977597	0.024909477279014467	0.0482797127378119	-0.02437032929911896	-0.0004247154792455438	0.02833816852952601	0.04315420610151436	-0.04438998366873732	0.01400956772083638	0.02184208569305306	0.024460238081096458	0.04896636196331773	0.007408809187615938	-0.02571584649196576	-0.030612757694968528	-0.026420038826566957	-0.05932627511946182	0.011856135024876688	-0.003954113768601165	-0.007705864864800137	-0.0024574158645673623	0.015064690817403656	-0.004860187045854362	0.0044612038976826595	-0.005463603519949254	0.002317932157380075	1.5778062162907438e-05	-0.0	0.0	0.0	0.0	0.0	0.0	0.0	0.0	0.0	0.0	0.0	0.0	0.0	0.0	0.0	0.0	0.0	0.0	0.0	0.0	0.0	0.0	0.0	0.0	0.0	0.0	0.0	0.0	0.0
108286	0.5209219728872349	0.09570251721497362	0.03007578428749507	-0.013673738584124996	-0.018369206989390624	0.041452464740438136	-0.06485887238185871	-0.007419458658449408	0.07192287332265444	0.13831911789708543	-0.0005348944258165325	0.018261368461326262	-0.008585916015855555	-0.04265204771657822	0.03957469017849723	0.07810157172612878	-0.00878798743941767	0.02921526757460056	0.0006373842963709042	-0.022480723200271138	0.0010525561088400677	0.04510270032344829	0.020781240705168912	-0.04214317519971203	0.0013848965259023042	0.03977484036309898	-0.014728982464514071	0.017632709746771197	-0.013897512981581903	-0.020324830609905878	0.043843690104089963	0.011223427744933834	-0.014033567322398842	-0.028665040660939424	0.022687439971471244	0.005794441487680536	0.039374235283503825	-0.02125973685658934	0.05581256022851661	-0.0024285993795320256	-0.01679428328720345	0.062256596598600576	0.05607954421437567	0.021418733277388198	-0.010174098098437476	0.04315920292436777	-0.029088455584242737	0.02487576519447258	-0.004379847853508751	-0.010920377675800215	-0.005858008625947631	0.032909406038657385	0.0050417492181559324	-0.002428688054683771	0.03347830393054635	-0.0029085998016571903	0.028424916106143387	0.0029207652697313697	-0.014412924359235036	-0.012269630469063786	-0.012950415130727656	-0.018102760924616816	0.025854071771001373	0.02183956209950543	-0.04206661235758725	-0.009913229626031757	0.006758975734190911	0.004387144903472226	0.004473974159793861	-0.0006751377500940238	0.02118227852195743	0.01549826143616805	-0.007825422187445153	0.011586372499779516	-0.0005240422801996994	-0.004053238054046294	-0.0	0.0	0.0	0.0	0.0	0.0	0.0	0.0	0.0	0.0	0.0	0.0	0.0	0.0	0.0	0.0	0.0	0.0	0.0	0.0	0.0	0.0	0.0	0.0	0.0	0.0	0.0	0.0	0.0
108287	0.4950476182516323	0.1509462416847929	0.037975589840671	-0.05998966831495253	-0.0719113014380014	0.003278456367572169	-0.13819572725079698	-0.02001510934493512	0.08987467934486791	0.15190652366205523	-0.1336086438903169	0.026794164567849804	-0.08273484089594615	0.03373280282901873	-0.03468803566531939	-0.014249490899643896	-0.022935715369460714	0.0006292212363175042	-0.04270395999576452	0.019575281111638802	-0.007881562161095737	-0.02248601381619581	0.010863799283215075	0.01470700540242713	0.009560115008840244	0.05751046570107351	-0.011171031504444942	-0.007322392261251171	0.030243861191688055	0.028461464927393473	-0.02440342689033782	-0.007336087599481111	0.046717380963282144	0.013628532615651697	-0.006551091476869492	-0.005089343764261702	0.020212302804224137	0.04198183736039637	-0.021078234135371705	0.00855050747040458	-0.00079214109992615	-0.034339963968676133	-0.04882963383153795	-0.07026739883357896	-0.012778376915340285	-0.027953165746974745	-0.008396356456520954	0.014039398606933795	0.014031117627291926	-0.0032912228791066433	0.006801846747161862	-0.036270922067418276	-0.027993620556494028	0.0027344543893640526	-0.017220009020773013	-0.0017641518760981212	-0.021797599354959965	-0.004073420291224988	0.018744750367245638	0.0033197732276733856	-0.003329442381674692	0.01390360912332146	0.03579789052521189	-0.01508679712794774	0.008235282854565713	0.0013259396128597228	-0.004723228839353504	0.013576598587006262	0.0014543154785914448	-0.012491658780355575	0.0042110841224519335	0.010629703168698101	-0.042566368467527586	-0.00291575327157332	0.011764730949439698	-0.002621221309434028	-0.0	0.0	0.0	0.0	0.0	0.0	0.0	0.0	0.0	0.0	0.0	0.0	0.0	0.0	0.0	0.0	0.0	0.0	0.0	0.0	0.0	0.0	0.0	0.0	0.0	0.0	0.0	0.0	0.0
108288	-0.1872533687566691	-0.0931815998921187	0.10350905267784508	-0.18049185026220968	0.09075505256435044	-0.1796660379929428	-0.053355642462275824	0.1458519815974768	0.13212378966679078	0.12534190029981648	0.17579767582067676	-0.021884351828615714	0.10764384828769154	0.06862802088476741	0.1648549449128628	0.05437704245295587	-0.021363430724522046	-0.04696849435597561	0.04150834091310502	-0.04634582924213469	0.1304071191223756	0.08715521093469662	0.03112129356047222	0.0019197721717139485	0.054105765509019715	-0.03888905616827339	-0.0323867087525972	-0.06067994924704634	0.026192128370668737	0.06926206315952894	0.0007207989989809714	0.012655363166741191	0.01776793813909424	-0.05357499875586261	-0.041924990393760964	-0.09934372556735604	-0.03252133490452133	0.036780149792807554	0.01814645352315172	0.004804120262176038	-0.059611037554331586	-0.07535545251352778	-0.0305482345858454	0.0016470587582922667	-0.015164469256190426	-0.030525518870793286	-0.03529583451576843	0.035223036805780907	0.06059292467815033	-0.0051203089560433535	-0.02350699845167227	0.029196888887864984	0.005826337770154651	-0.05824267286708477	-0.0003179645966892886	-0.013290534947766306	0.008722524246778681	0.04664380087843464	-0.0021374829741406262	-0.013336525791132123	-0.029843659125062566	-0.013471559750355558	-0.001040029649465101	-0.007725633350306419	-0.00517825502771565	-0.01514894886256662	0.0010030174582428698	-0.00823399426170462	-0.007126841785713831	-0.015064839551475128	0.010608418985506678	-0.01284684869129819	0.0018576961314484492	0.0023236980184615902	0.0005758426855226206	0.00023998662151182782	-0.0	0.0	0.0	0.0	0.0	0.0	0.0	0.0	0.0	0.0	0.0	0.0	0.0	0.0	0.0	0.0	0.0	0.0	0.0	0.0	0.0	0.0	0.0	0.0	0.0	0.0	0.0	0.0	0.0
108289	-0.3201111688496851	0.19420410279265496	-0.20767582265752887	-0.08087487284016473	0.11344160403525058	0.0766295183718877	-0.09608701735964098	-0.009854157190126533	0.0035795404437458152	-0.003616240572467428	0.027038683634816138	0.011165495438749907	0.014353221897678813	-0.021178713370538754	0.04050091606162669	0.004783868431688407	-0.03646372742351694	0.03682376274036097	0.0076397541513400875	0.02042752066859399	-0.01259254386702904	-0.007589255219154952	-0.026331813034637244	0.11938113093626485	-0.052783805515222305	0.08713864404267288	-0.04396355144599409	-0.04305051310812538	0.009286312608800579	0.026636348263688898	0.02975297176278053	0.1230691411011315	0.0027946869103823552	-0.03625013922656297	-0.020203813775722147	0.04443079197447457	-0.06211479511662807	0.037523114235182	0.09226606899034873	-0.024453239620853683	-0.0726376820736091	-0.0875470083209873	0.015028282616083579	0.02794875226732717	0.025794479157097032	0.0695589565940415	0.05985944364268517	-0.08323866688594549	0.054075070849628655	0.042842953097032795	-0.02823560142028064	-0.07609644562414412	0.032112991076202115	0.09815813569138145	0.010081513921867862	0.0234400939202716	-0.011689948548077506	-0.021234496408801935	-0.03138521475566081	0.007089693530142621	-0.013425649524702129	-0.01938621238810288	0.0038745344296603756	0.004608954927980562	0.009632997788858816	0.0005175407225564899	-0.0016367330283576884	0.0026550549938325766	0.0009386357432601016	-0.0015287151054096675	0.0009030172324983706	0.0034965259351144944	0.00020860606613560515	0.001988832832853036	-8.79913886672823e-05	0.002328339031332657	-0.0	0.0	0.0	0.0	0.0	0.0	0.0	0.0	0.0	0.0	0.0	0.0	0.0	0.0	0.0	0.0	0.0	0.0	0.0	0.0	0.0	0.0	0.0	0.0	0.0	0.0	0.0	0.0	0.0
108292	0.5319779386425192	0.08122871115629432	0.01966496652962627	0.0015589043230377255	0.03636862767843603	0.008669120370906678	-0.029256689644489915	0.009732292211251823	-0.044129566080859585	0.06194755149144517	0.1044261691340738	-0.0009276240798836885	0.070115096217529	-0.09796669624432804	0.09915941855506692	0.09371996838655966	0.03156816467323376	0.02618484265659521	0.0604198077754883	-0.04748886357579698	-0.05360488834389579	0.008914811411523112	-0.031742633645418385	-0.06718069810657318	-0.004040482800608289	0.01600026596009441	0.024811442021963906	0.04340147509324826	-0.051577284864500944	-0.022047928561653926	0.0005908621359705524	0.0035553123178025045	-0.042560921506493744	0.014441275917581643	-0.02518017378231507	0.03287271930407674	-0.034075652770778155	-0.010086947090659847	0.006980344194286214	-0.023373550909126652	0.021810624613935216	0.008547854956120277	0.0028009350334813974	0.029048861077681835	-0.005872397904079099	0.03658788243070737	-0.017055132024835377	-0.01705032954254182	-0.010114684509785369	-0.0018305286199429569	-0.000826223944159697	0.0263806929726021	0.014564264503511174	-0.003976787325400513	-0.0015720280563671213	-0.0008042912490344108	0.00822568251680121	-0.008495964979434348	0.014595830820599098	0.030005366010133122	0.014236885329598712	0.015534234884866532	0.008044653096173192	0.025355086071624188	0.04923351270423429	-0.002363235127350874	0.01171646520213563	0.00649316484249521	0.022028182718472174	0.02168841740732018	0.0023752307619974784	-0.015590615771118834	0.005604573567760883	-0.0008678544435182546	0.0017828262060860238	0.0009507565710019387	-0.0	0.0	0.0	0.0	0.0	0.0	0.0	0.0	0.0	0.0	0.0	0.0	0.0	0.0	0.0	0.0	0.0	0.0	0.0	0.0	0.0	0.0	0.0	0.0	0.0	0.0	0.0	0.0	0.0
108293	0.43469494999238933	0.025594268616228325	0.13097044112092043	0.06649895400841846	0.03793470323299123	0.21440467821115047	0.04211345433436679	-0.03133996059427171	0.13486953919381992	0.02506524784225032	-0.07439877326894867	0.028231552011719896	-0.04931665028034685	0.07515819692794665	-0.047627072047928896	-0.03637794534661541	-0.0640540113987433	-0.02446702371794452	0.01761677983737677	-0.010153614689853563	-0.029118304831225444	0.0022602344053463596	0.02151821050399323	0.019861415065116534	0.06764006728248426	0.10753179809268792	0.01891425382438118	0.04044944334866213	-0.08632288070048202	0.04591723335882706	-0.01896562048405635	0.0366570966488047	0.010559148972598879	-0.027201333189822992	0.030267810760752488	-0.009669990286086966	0.01692635884198171	0.03550014784120567	0.011365903021871128	-0.0013142040285097423	-0.01601881176684034	0.08117832954578778	-0.0017938571930567004	0.013990567638965957	0.01084063745727764	0.04446891865892166	-0.013038416406231686	-0.0003904238117570993	0.0448131600289177	-0.016591758525195118	-0.018779610336454314	0.049542044409230886	0.007274703201268206	0.011832490002666427	-0.011537902341425304	-0.023734289086170427	0.02316531744132035	-0.007737313017466822	0.02322012213816654	-0.023151279478873816	0.009584583861505385	-0.011896780691139312	-0.012845660597731838	0.008886448181943835	0.01758706792663605	-0.0014459004314181078	-0.010726417439868892	0.004475021037490172	0.017784259516983873	-0.013128940846685658	0.004092195138986965	0.0022784809657499295	0.0060217439787112	0.0012759256115079793	-7.430200345587183e-05	0.003983221254509461	-0.0	0.0	0.0	0.0	0.0	0.0	0.0	0.0	0.0	0.0	0.0	0.0	0.0	0.0	0.0	0.0	0.0	0.0	0.0	0.0	0.0	0.0	0.0	0.0	0.0	0.0	0.0	0.0	0.0
108294	-0.32049316160732777	-0.015523633093196485	0.26353930860986124	0.0030820891171921883	-0.039511433159643845	0.05443274004835034	-0.0044088622466277975	-0.0022898472361056617	0.04416877223957925	-0.000905876040999017	0.07139495071708958	-0.019113558895904336	0.010583156171480231	0.0302878471122064	-0.03880987732925193	0.05217670753909253	0.027396374832484534	0.030697778810967188	0.050819408117897986	0.049680056503664104	-0.09348235479783167	-0.046727657905233415	-0.018712410388053522	-0.022978679872128	-0.02255498529916712	0.07293553757224752	0.04245517889919557	-0.14640342738694126	-0.016941290281864047	-0.05839945522072494	0.055016765052194105	-0.08286689541970854	0.03198828881863483	0.0498343150527026	-0.04353989176547256	-0.05138357223602555	0.01781401207771544	-0.02921047042388255	-0.11538550224501354	0.059633365230124746	-0.0511215424391335	-0.008931833191567281	0.0002599192347315048	-0.008775594979706973	0.03727807390866208	-0.009369169481499604	-0.00045304181483287056	0.025060953275335092	-0.025314378522993206	-0.01251301141918989	0.015286172030429666	0.002986079421842706	0.08772401179560724	0.06466105799281821	0.021834204124760753	0.016885849218288753	0.03882937764567637	0.03563954605321817	0.021774418861478892	0.02023340079018768	-0.004050723214562617	-0.030027859154203484	-0.03975048938048501	-0.003694107095122367	-0.0038131000753840708	-0.0009263656940877165	-0.01286195809084735	0.018325222288824716	0.0025287657867236633	0.012810061350644537	-0.0007610299007293484	0.0007107966488634784	-0.0039659842629660175	0.004194201219926728	0.001037163650297954	-0.001179731710930476	-0.0	0.0	0.0	0.0	0.0	0.0	0.0	0.0	0.0	0.0	0.0	0.0	0.0	0.0	0.0	0.0	0.0	0.0	0.0	0.0	0.0	0.0	0.0	0.0	0.0	0.0	0.0	0.0	0.0
108295	-0.28503020306948995	0.19044105436746536	-0.18645894082661868	0.06765741758022074	0.11668554801759219	0.03349494267055913	-0.1278717073994442	0.11147237637589585	-0.0024488139617042846	-0.0447067000527865	-0.19070539787673427	0.02748791082539737	0.18056942311176635	-0.07491537175274737	-0.03997723727649429	0.06230661865339304	-0.0017672675966258276	-0.030966217097824707	0.05319560963263495	0.05336826482474314	-0.04711678587464441	0.15716018878968913	0.018885783355945724	0.13215295005658534	0.04197454479158219	0.005379104291700861	0.04303623570532491	0.03481659236419683	0.03991367845509179	0.07729045618908799	0.035048287013874975	-0.058247063100187325	-0.07971172810721928	0.05598079679104295	-0.040722520210955286	-0.0007399998248350436	0.039050382091951344	-0.01649066602975838	0.02756482205513966	0.0008838233333601867	-0.010147936518666516	0.02341103431106267	-0.0113485023669591	0.01513350249843091	-0.004422185954791819	-0.04677959057996678	-0.05361981570088523	-0.018752085637107164	0.011849806660772996	0.015860784625609907	-0.007599594174553982	-0.013890731915043381	-0.019850119405918243	-0.005891843600263897	-0.011057985589617795	-0.03321344536000651	-0.016115639230802146	0.010622428858218671	-0.024912204275581485	0.02141826732895601	0.029764347418629294	-0.03460988819926682	0.009345849294490916	0.020501879682206757	-0.0030539893527837584	0.016528855084703534	0.006916291561473749	-0.010334406998184512	0.011443916103313268	0.011718666346433225	-0.0059434039917130406	-0.007071629073438679	-0.007978510044015763	-0.008503908798723973	-0.0035565391472537635	0.001855501497721421	-0.0	0.0	0.0	0.0	0.0	0.0	0.0	0.0	0.0	0.0	0.0	0.0	0.0	0.0	0.0	0.0	0.0	0.0	0.0	0.0	0.0	0.0	0.0	0.0	0.0	0.0	0.0	0.0	0.0
108298	0.5276861969608502	0.1387711080771924	0.026340226582230283	-0.03143766866900621	-0.02620790947697367	-0.02176071015333674	-0.13976188922415592	-0.04152322774862716	0.06236324649977391	0.22547056936852974	-0.059673118401533255	0.012026480625432415	-0.038145799428488295	-0.005619094737756432	0.031346759416880476	0.08982405559454601	0.01894656686187893	0.02284591816489429	-0.010402642554763175	0.00363494273601242	0.017021719655412656	0.006645906115358466	0.014098993424206858	-0.009770606838506796	-0.003099270373790672	0.031410034945504914	-0.01270840410450881	-0.002541214493162379	0.004668083443500185	-0.0010414060065174933	0.02014254828182077	-0.00731952900634413	0.020595285092350778	0.02638189111140524	-0.021418871730452045	-0.002875741323428879	0.01676896923937691	0.028855016219321638	-0.01881061786746895	0.002241877310103377	0.020715287110786927	-0.00015073330169933452	-0.004995094037569191	-0.03149902067920978	-0.011989282455224617	-0.009470550365284651	0.0015840931140770106	-0.009902317367909468	-0.008797553124150832	-0.001480224864423355	0.005967205776627971	-0.030625608381261053	-0.011956487573528393	0.01221511967886026	-0.01714214922360287	0.021355060866643034	-0.012535550405398454	-0.008589222020778818	0.010394148466474629	0.00822484047545273	0.010297308144605099	0.004895412270482146	0.012131290216848263	0.0005402565105948399	0.010494279298859155	0.01803453807355285	0.0010738237344364398	0.008616683472896198	0.00022968179499975152	-0.0027982229260150194	0.015279410011099894	-0.005489039779794693	0.017808445471445774	0.007960972108004146	-0.00015040415989539928	0.0017453783517718832	-0.0	0.0	0.0	0.0	0.0	0.0	0.0	0.0	0.0	0.0	0.0	0.0	0.0	0.0	0.0	0.0	0.0	0.0	0.0	0.0	0.0	0.0	0.0	0.0	0.0	0.0	0.0	0.0	0.0
108299	0.23728312827757655	-0.42105275969862793	-0.19124011488975676	0.13840378371034315	0.11654470638810657	-0.1969379279181017	-0.08513243366198733	-0.06877503430577252	-0.11165742713642003	0.15174904234056527	0.019658041144684977	-0.08326883310012895	0.01087431969351747	0.04017030672288659	-7.914340256214976e-05	-0.003906668813751861	0.03860443856622824	0.030131089529425906	0.05332781899139916	-0.028289999921499314	-0.016898903595790753	0.04203733527881064	-0.02287340861934922	-0.0034256267351513115	0.012602719557523932	0.03726756957370079	-0.003900320466895093	0.0062417962677624814	-0.10037436790690268	0.015301798039239246	0.057708738550025625	0.01562878812690587	0.03109619162917778	0.04846161495790846	0.008970133594304115	-0.01914921025785811	-0.052939609031539284	0.027621582988183596	0.031041556777666887	0.021999617729911724	-0.00373093106122867	0.016814175430829532	-0.0011903752966824304	0.034641148500309256	-0.03793006478974127	0.061523877599006925	-0.005928157842641341	-0.01071333193177505	-0.04216196881377209	-0.012018276454433551	0.06648294506013931	-0.004142591334348251	-0.013852206995650708	-0.039673553533494485	-0.01244613758912187	-0.00664703127010689	0.017213127477236932	-0.018612363181251014	-0.007615897078042642	0.036026792747527146	0.013989486815277058	0.010340267907081157	0.023689116178139152	0.005257817784265223	0.0075601339166482045	0.007087760741343909	0.009907582934969636	0.002262656432800737	0.003445790491587653	-0.0022426888679830423	0.011555040641609744	0.000619489629752649	-0.0014610189951328124	0.005079118389422559	0.0008463273170500218	-0.00201757215803681	-0.0	0.0	0.0	0.0	0.0	0.0	0.0	0.0	0.0	0.0	0.0	0.0	0.0	0.0	0.0	0.0	0.0	0.0	0.0	0.0	0.0	0.0	0.0	0.0	0.0	0.0	0.0	0.0	0.0
108300	-0.2944142383231382	0.0491421794433338	0.11880927709656941	0.03941358716628795	0.11622692414054878	-0.03547945677906002	-0.0948957024756733	0.19571774936314978	0.013316821872854415	-0.059156897959832574	-0.11476987243929578	-0.005827489593751587	-0.10064090899323723	-0.0745502625677707	-0.08445979608968683	0.10726964484872135	0.062135861543197966	-0.0712055911375251	0.06415715859603173	-0.12245490807493445	-0.034527445072075336	0.0038799210170000556	-0.026592144276748195	-0.0046814103700606536	0.1469639068749513	-0.03177072237774153	0.0688694083119203	-0.11295592718652321	0.019119250505974048	0.09332862262943686	0.04397256904405257	0.05655294173101239	-0.03867313839568344	-0.014907766686403565	0.03861280888688779	0.006278384694909117	0.02680454790755093	-0.05974794379401505	-0.061308591288277425	0.03323756355430896	0.03997541313186505	-0.0012305916023708638	0.018275191227557507	0.00034220999865536826	0.01476188292632638	0.01419767128945903	0.01913274078352834	-0.028359171644087154	-0.00149033789471747	0.020945946732553056	0.03723833441129383	0.005935246256879608	0.020215940917396293	0.021813991423030397	-0.012869232091861698	0.005353560187325668	-0.0009626661393768296	-0.005032948645752968	0.025565045297282585	0.022204687191855088	-0.008353279437341508	0.024172444703993434	0.01759317813491904	0.0010761157984883127	-0.017293676770450753	0.0008888600063629385	0.0126373047286425	0.0158483603321823	-0.008637433263643017	-0.02131596246158682	-0.013618573624610554	-0.004503304043173772	0.0011098259561725828	0.0030791567050255306	-0.005272702628756306	0.0019139489136059278	-0.0	0.0	0.0	0.0	0.0	0.0	0.0	0.0	0.0	0.0	0.0	0.0	0.0	0.0	0.0	0.0	0.0	0.0	0.0	0.0	0.0	0.0	0.0	0.0	0.0	0.0	0.0	0.0	0.0
108301	-0.30406644146013595	0.21140664008894522	-0.19923988541781995	0.0805430433998726	0.11963754687492091	0.030184865774592375	-0.09970446244948072	0.07900463752065645	-0.04678320718177704	-0.009702451609995043	-0.08201320048211894	0.10104481746280707	-0.09804463667809347	-0.06252431439147038	-0.032293612416455175	0.04976611834124478	-0.028357351614256333	-0.047812905403751875	0.1684604879270116	-0.026443078776654593	0.009035414629881305	-0.07207781707453448	0.10567758238299146	-0.018780922699517633	0.004446003447165629	-0.011957217515017009	-0.008605279722009881	0.027531519948292553	-0.027929146673886244	-0.05313611211255152	-0.05892024661619565	-0.08674587799058062	0.0688584055508933	0.0522676972961036	-0.034631673194540025	-0.028270716804789115	-0.00573981130477504	-0.005137858982375487	0.021339413360375526	-0.058421447355060635	-0.06392025326385935	-0.012822102315181834	0.018738719422794422	0.018052254739561034	0.048475868830153195	0.05571755273494803	-0.017560119792660728	0.06702027872269777	0.0035996207780872314	0.005692120828238665	-0.016647797075610187	-0.05419885345136787	-0.006305333639644329	-0.013864916775889044	0.03374060426121999	-0.023208711619742018	0.012694093821298795	0.051933269727977516	-0.03653519298673958	-0.015953673986631195	0.00384173004903738	0.061826275434799224	-0.019368631110226152	-0.002720228957684067	0.031066549352229866	0.015624126476198628	-0.003216987323791357	0.01619442202037017	0.00954291562404621	-0.017407430452193014	-0.015052975341282214	0.002924205862986068	-0.000456117405196238	0.005541840421581537	-0.0012618770666259027	-0.0018492258289558553	-0.0	0.0	0.0	0.0	0.0	0.0	0.0	0.0	0.0	0.0	0.0	0.0	0.0	0.0	0.0	0.0	0.0	0.0	0.0	0.0	0.0	0.0	0.0	0.0	0.0	0.0	0.0	0.0	0.0
108304	0.5528700350196019	0.15267789240443977	0.04699847144683314	-0.04293765002888965	-0.021512863428871286	-0.017964827198565177	-0.08947891482158547	-0.010756996877757689	-0.005158257975575799	0.08273673708098123	0.01382155984827562	0.0013537477378135442	0.016473063712855285	-0.011507482539720545	0.0509781751548832	0.06553527720323062	0.013478203438461088	-5.94883004457521e-05	0.029342924819903724	0.00021763660729720133	-0.00936511010953245	-0.013696485942877186	-0.009552489040674681	-0.01655049461688083	0.006826649741716424	0.006467260507359977	-0.0035970884994732904	0.0029233977345627664	-0.02683456785964226	-0.003847735669819926	0.016290825271319587	-0.015286381383980502	-0.00890388766582901	0.0008130413212640569	-0.011572236641885896	0.018900960806920518	-0.019500498011918024	-0.005248249255766844	-0.006826189518605939	-0.004881275673945104	-0.010824354502585423	0.02370237926110278	0.003607125777116109	0.021050389685162645	-0.0038343564708058207	0.029691793263556584	-0.010624062320383215	-0.00955659958160336	-0.0061227258800712545	0.01306776931169447	0.007492739628435664	0.020845058084787378	-0.00855386759771007	-0.008338565750860057	0.005727509292884645	-0.0194308968529399	-0.010338377315967361	0.009101853024517709	-0.022567638340415634	-0.0025311329505108044	-0.005299641957656969	-0.022881506647886032	-0.012983565220026383	-0.03939452831926799	0.004725326977595304	0.004852062571946525	-0.007182871001610777	-0.011616086586102425	-0.02691581932186569	-0.01300617738512338	-0.018590178111259827	-0.0030495692750026763	0.004436925665107815	-0.025294694481109676	-0.005782820912040495	-0.0024842308655135563	-0.0	0.0	0.0	0.0	0.0	0.0	0.0	0.0	0.0	0.0	0.0	0.0	0.0	0.0	0.0	0.0	0.0	0.0	0.0	0.0	0.0	0.0	0.0	0.0	0.0	0.0	0.0	0.0	0.0
108305	0.4392900588721455	0.10027739378509977	0.03752555860453303	-0.0005390789824919704	0.051286460580138624	0.03775564596456505	0.047278221402796465	0.05205945454232843	-0.0894357222246491	-0.14978942200749365	0.07354124871982179	-0.01429191486351204	0.06702791794505443	-0.013090513205230891	0.05968441946615979	-0.041104297998827775	-0.0026448469338986643	-0.03745805280966394	0.06633524541102297	0.0016161471830703207	-0.06774874064091067	-0.05569080200988623	-0.05346408616159755	0.029640973773840066	0.06914279791750713	0.029337138610153173	0.021577421734532205	0.02357251616453957	-0.05930335160209505	-0.0319501883009069	-0.13217313473011374	0.014639626614478027	-0.026599858981026066	0.028012050739220244	-0.08403895552104791	0.05688672894269525	0.0016382773440381053	0.027895662169067872	-0.04658445589587768	-0.00046652910241045396	0.03118704940830122	-0.0773971139635328	-0.08925762773580288	-0.08681917029229032	-0.04063096294567066	0.0556107055961799	-0.03631338891134491	-0.05274453207819407	-0.048769467739408	0.10927144214651156	0.008903930786275086	0.04013199150317388	0.03148183771157451	-0.028098722463519063	0.022735995973976346	-0.012566147883180055	-0.008326022753340628	0.02117207661169964	-0.009538399661556535	-0.03038196518756588	0.0013762361110611035	-0.006507265594333382	0.006597942369134052	-0.021442903909508385	-0.02465912192424651	0.00219754620744639	0.004123552274513113	-0.00022117643275946768	-0.0026912278062284057	-0.0036778603746302875	0.016713514829065475	0.013441447315983302	-0.0011606210832894011	0.009213193800042763	0.00017848901360667624	0.000994101225793315	-0.0	0.0	0.0	0.0	0.0	0.0	0.0	0.0	0.0	0.0	0.0	0.0	0.0	0.0	0.0	0.0	0.0	0.0	0.0	0.0	0.0	0.0	0.0	0.0	0.0	0.0	0.0	0.0	0.0
108306	-0.24859845422664922	-0.10760890282484564	0.3041904405836338	0.03275665131474952	-0.03741594740269172	0.01598661879308545	0.04550578601541008	0.02061178948608054	-0.028094271125766037	-0.023565967171686478	0.026536903434814532	0.010597331613106168	0.01203283425546081	0.04470520797041743	-0.05302546911225532	0.08948066878140978	-0.14561884311156312	0.1786515651803339	0.06966536906875746	0.041072938754674174	-0.005989564615624467	0.013919161012291967	-0.07779204950209326	0.028767158951332254	-0.044784134287342764	-0.04089946932379341	-0.06917413002595996	-0.10723856593340801	0.07329770961388747	-0.002794915876933878	-0.014999628556598626	0.07625301362080174	0.01646018659682631	-0.03405921912275036	0.012016559818939634	0.03974082779704785	0.010627041273178744	0.01506389060870416	-0.01879221650174611	-0.051042665100314896	-0.004463577819391364	0.08640745634263643	0.005296544410578363	-0.05054500647570546	0.013618578583725319	-0.008507770398527952	-0.053956036184368214	0.015426642135068955	0.02801990755687161	0.027680993576989433	0.06100698703270379	0.02914519269497431	0.009387237865157537	0.0003140510953472437	-0.005766848849109139	0.014629788874084605	0.00595173955230872	0.026874561134955347	-0.02159824605152285	0.015622284515263096	0.020303239354450307	-0.007062601278963136	0.012605933817253275	0.03315082135654825	4.794636031882349e-05	-0.002792591902331396	0.027741234024371557	-0.01535417572064548	0.013590738401320634	0.010743060626833311	0.0038152063434639155	0.010742974950047317	-0.006305713138558512	0.0021119550013117463	0.0016581585036518564	4.534471048832174e-05	-0.0	0.0	0.0	0.0	0.0	0.0	0.0	0.0	0.0	0.0	0.0	0.0	0.0	0.0	0.0	0.0	0.0	0.0	0.0	0.0	0.0	0.0	0.0	0.0	0.0	0.0	0.0	0.0	0.0
108307	-0.30781930195111307	0.19856497223417965	-0.04316757306748386	0.16805251756648296	-0.01955846870844852	-0.0025380149328683255	-0.004904430380172656	0.049507770176918015	-0.015049444409705697	-0.027687113349404373	-0.052027042826590396	-0.01332085984623847	0.045496126634543034	0.060012381528857114	0.06708817055579128	0.022230986199869872	0.010114877683430012	0.07414405152213287	-0.13282419223750033	-0.13723056291113564	-0.13681311386905654	0.03080044001442091	0.08119480446356218	0.14259708312579034	-0.05125770119168083	-0.05925645972945567	-0.031164384120563767	0.007287874213774133	-0.051130797565168334	-0.08910187163051621	-0.010540932685329686	-0.03150018404228928	0.011150024781279239	-0.06596303997297154	0.03774145557371197	0.0039473540270056435	-0.012352018387071824	0.1111338669805701	0.01987702856038115	0.007097229936281938	-0.0049378979570729176	0.04781355158124956	-0.04270373072724432	0.008906180010335132	-0.0012401800842316653	-0.016003683735511327	0.062363955912433454	0.010455194885503352	-0.044703891967034365	-0.001658804954186838	-0.0392503464623265	-0.017910124369098397	0.06186847311150266	-0.01951615344288653	0.018883388880881716	0.0032836168267722024	0.025237025873650114	0.002927343350249207	0.015802124480221023	0.014685537031384938	0.010399006992513678	0.03588924407402368	0.026496932482824365	0.0007361003876004561	-0.013285507498770846	-0.006578119670508137	-0.01298269769326358	-0.017047652249431552	-0.02122086322983886	0.000885598494205672	0.004929739083626274	0.0029953672968786285	-0.0002645176563287712	-0.005906710610227226	0.0009802749284202866	0.001146049411697414	-0.0	0.0	0.0	0.0	0.0	0.0	0.0	0.0	0.0	0.0	0.0	0.0	0.0	0.0	0.0	0.0	0.0	0.0	0.0	0.0	0.0	0.0	0.0	0.0	0.0	0.0	0.0	0.0	0.0
108310	0.510622307862022	0.20318320264176204	-0.0026378439779568097	0.010339640909667583	-0.029958873420258623	-0.057128992246440254	0.0374746134230095	0.002061001814954311	-0.06820994903364708	-0.024828956950068228	0.10431656454532835	-0.05255956732315734	0.0810118950509869	0.001993057938557706	0.05689224738510666	0.07947798200433068	0.06305441085859496	0.011459457788090687	0.025419747174571947	-0.011565935649095003	0.013888229473182192	0.0061047905392891885	-0.03125903433831477	0.0001295838323043068	0.005927709761936641	-0.08425898099415302	0.03355548424496294	0.004616157576122692	-0.05197815734951201	-0.039498731273521534	0.028347402200981513	0.005328129608600758	-0.03687154773461985	-0.008075743240152379	-0.003097676346149825	-0.025067544928588495	-0.042866773794252425	-0.007524507742322023	-0.020206963071854676	-0.024739227445227822	-0.016078932437787137	0.020613927025791977	0.009003091797740899	0.05820248969613578	-0.0036120818281430624	-0.007552196361820053	0.022285381695458652	-0.002408675241260418	0.0027359896175838633	0.011377163359646496	0.002593755229248846	-0.017679281569405524	-0.012936033147115836	0.010402648620623933	-0.0306106777983948	0.023296921234004626	-0.010227993226717377	0.005414114936450932	0.0034520819519298614	-0.010705041111280567	0.01280196773654522	0.027919796375569073	0.0005183746239881301	-0.025593025109209543	-0.03605246950128641	0.02016325556145365	-0.006493114084271771	0.00297124244338675	0.02318334941731038	-0.019251333035951782	0.00784700116008598	0.0021818162933919098	-0.01653333620822024	-0.0013481552495639264	0.0014847081788765168	-0.0021949994059153708	-0.0	0.0	0.0	0.0	0.0	0.0	0.0	0.0	0.0	0.0	0.0	0.0	0.0	0.0	0.0	0.0	0.0	0.0	0.0	0.0	0.0	0.0	0.0	0.0	0.0	0.0	0.0	0.0	0.0
108312	-0.3148643270717642	0.12975796375231635	-0.010637201574205033	-0.015114334545038292	0.11903970813630317	0.02207644887229684	-0.1410638332420217	0.07310080971736102	0.02702815366774004	-0.020649640433444853	-0.027714375168419035	-0.1310915772191169	0.20396804967958013	-0.03813515459680291	-0.054334620823226855	0.01778273775691732	-0.15441269402950963	0.14042299398236507	-0.10829000834943275	-0.009340079821525581	-0.0031717149049325113	-0.0839989657730526	0.09875045743209122	0.030530009075855433	0.0024653088095937564	0.05635482490639093	0.0400724357715627	-0.048760492302810904	-0.0560980152849882	0.006716686192614681	-0.08264527698390405	-0.0882580349099329	-0.01481662489257751	0.035075909362503724	0.0010883683273603968	0.009446510679775305	0.0004286883270025449	0.0038147887370056444	0.003851788539781982	0.015798078250346643	0.008804004610628066	0.0013554441008325692	0.06811688500015067	-0.004791038715932316	-0.047828045017973976	0.030598152784094865	0.017855841118842995	0.019839904902596135	0.017903364160711588	0.04096551410408559	0.011400878918124423	0.009408767738817636	-0.025351885512731487	0.02660097887246417	-0.015102635706405047	-0.01455192958185407	0.011834917827528624	-0.0068127463934415915	0.0436585965899828	0.006022090220836262	-0.043199561884901615	-0.027536500271246486	0.0051616493968107595	-0.013177311137006865	0.012316158810820248	0.016873022686906564	-0.006094132904637285	-0.014315684287559803	-0.0014816839356241284	0.010783506804760635	0.0032909324620972636	-0.020090633422679447	-0.0063533943451765116	0.002224988886842215	-0.00046884514807906714	-0.00662866625239747	-0.0	0.0	0.0	0.0	0.0	0.0	0.0	0.0	0.0	0.0	0.0	0.0	0.0	0.0	0.0	0.0	0.0	0.0	0.0	0.0	0.0	0.0	0.0	0.0	0.0	0.0	0.0	0.0	0.0
108313	-0.3410146593334663	0.1855551876702786	-0.09421324292155699	-0.010781858877100118	0.06853063472078055	0.00655317548500948	-0.08084468583704633	0.05493212802752074	0.014743354075335686	0.022871397214116043	-0.05605042796205231	-0.04652819741118025	0.13782702568289726	-0.09941353323649092	0.01852463215890325	-0.044280358440681004	-0.09043235937483296	0.07709077928666483	0.017065002268693296	0.07703704482054982	0.05521382083244846	-0.07083752555349027	-0.005890340463643523	-0.05413800535430481	-0.019023845865647773	0.047283268358100025	-0.13322564804837572	0.027034008957287865	-0.05658274712722345	-0.014516668526809036	0.025297344934053178	0.05549627859931854	0.06143618803133819	-0.085652057441031	-0.064208069526755	0.01349223789517643	0.0004851236702580349	-0.048906869163213754	-0.005578691594403194	0.007514373032072874	0.03718064080031065	0.030505876182973055	-0.09058158944303178	0.03137805073253139	0.053092920531875226	-0.036016945077065654	0.001148144358116838	-0.018858772370483463	-0.06067552473520461	-0.0377228120773435	0.033179811623871756	0.020209845480988253	-0.008363062941996128	-0.001884403314146239	-0.005711295635371257	-0.056185737725220265	-0.030523493252224296	-0.01702937369797994	0.029772382248330634	0.0008951480031887633	-0.02917791953414757	0.028184884548179117	-0.051868895343512446	0.03676558436623566	-0.023055743328306656	0.03287364617897366	0.013440808413958914	0.01165104079469488	-0.018366601048849067	-0.013975624724857551	0.008988132980998815	-0.0036304296940027256	-0.0054315756667194575	-0.007990754889125306	0.0007949270100608221	0.0035150332792899235	-0.0	0.0	0.0	0.0	0.0	0.0	0.0	0.0	0.0	0.0	0.0	0.0	0.0	0.0	0.0	0.0	0.0	0.0	0.0	0.0	0.0	0.0	0.0	0.0	0.0	0.0	0.0	0.0	0.0
108592	0.21763941717426208	-0.2330518836076507	-0.06501245347469999	0.09331023175382198	0.19191421856527074	0.04718745043881496	0.11356865545309953	0.2167714043740849	-0.051040000094384586	0.1337520452869274	0.01434042736532321	0.0899101845908834	0.031063233815467356	0.13954808345571884	-0.03344588485348661	-0.046177996901171775	-0.01546389054902504	-0.08823719011027145	-0.12647252135374623	0.12696996580519662	-0.02918931272651636	-0.1633995492003253	-0.005077287015792653	0.03785313740128453	0.004552914108800259	-0.10062589581858583	-0.027799414302690423	-0.02694541959093953	0.09952221659516139	0.012951825893735346	0.06054830621873673	-0.011458576117624748	-0.013743883162323741	-0.008539793565621118	0.005341199892978541	0.01031519620303805	-0.03812617912349308	-0.023917629935407882	-0.006578174060672474	-0.03940422703898929	-0.03184537468048862	-0.0025679763704066056	-0.02156568377004567	0.04126810714001369	-0.025937218354299026	0.030804421809910863	0.033372083375002824	-0.0010385598295383053	-0.015662019200829023	0.0641773536861367	0.011648293373753716	0.02848976615856479	-0.03548782011610979	-0.02585427696917174	0.01179198388211564	-0.007474038620632633	0.0026378523062854293	-0.022387252307180694	0.013033583907371693	0.005913485431433434	0.018119666737473797	0.02141286763151452	-0.015014505015414726	0.018806222986115388	0.0017195472413224638	0.00012568841293216803	0.0010234754829527854	0.011082585551051643	0.01100120598322953	0.010301959271536345	-0.010281147967515357	0.002022670130763671	0.0005001466528207334	0.0009624846639218237	-0.000873906621856291	-0.003894276320945997	-0.0	0.0	0.0	0.0	0.0	0.0	0.0	0.0	0.0	0.0	0.0	0.0	0.0	0.0	0.0	0.0	0.0	0.0	0.0	0.0	0.0	0.0	0.0	0.0	0.0	0.0	0.0	0.0	0.0
108594	-0.29654088438281484	0.1230618013622508	-0.13853588652904356	-0.18032833818163108	-0.10087902595329655	-0.043611429086537486	0.15487139519170892	-0.030596932567103975	0.06948246776074285	0.0413690111217364	0.006432958758263059	-0.005972129245536189	0.11883812677917154	-0.058510123284514416	-0.09323154995864798	-0.03852696648999513	0.10313898124884549	0.04619877026970055	0.010438529395862099	-0.06240080281442341	-0.01396123274672689	-0.09887849388916789	0.012247859917800558	0.04634116380275422	-0.0231449087382709	-0.046877447542114294	-0.059275064523989326	-0.06489812852829756	-0.03799856239175129	-0.027064307025318545	0.06822530485719071	0.048349045027856426	-0.07659590768445525	-0.07373261800703756	-0.018320227867833175	-0.06927864386642976	0.05896820574148	0.05139765859965277	-0.009923277372045342	0.009814578759544869	0.04497718414916975	0.015807351966255025	-0.01573483130803468	-0.009704351245083844	0.020748406376922195	0.03634359522793287	-0.04715163666816423	0.061244446966891	0.005253037819415707	0.01372284945705382	0.04481960095281322	-0.0399438211079042	0.04181489088145499	-0.01461084739971659	-0.03445261801751939	0.029976002765111778	-0.02263313488161448	-0.04482003618590732	-0.027932439815958325	-0.022960772007393646	-0.0016452653483380942	-0.002381715894902763	-0.025704122956829677	-0.017981793321467095	0.04109500429439972	-0.018037529300823123	-0.014566052196757466	0.0011919903473482409	0.024503637674077355	-0.01219667421941515	-0.000789343969021972	-0.0010530155938396806	0.00035346777282528683	0.0034904296759420473	-0.0007317632372701928	0.00021689715449916644	-0.0	0.0	0.0	0.0	0.0	0.0	0.0	0.0	0.0	0.0	0.0	0.0	0.0	0.0	0.0	0.0	0.0	0.0	0.0	0.0	0.0	0.0	0.0	0.0	0.0	0.0	0.0	0.0	0.0
108597	0.455488937131343	0.1363274818789979	0.002709502832837127	0.028563357182056104	0.05824927723347508	0.0826472619162855	0.13613043453724366	0.007041175516562723	0.04468504992683619	-0.15449908630714057	0.031552091123194695	-0.08725713052660472	0.029155508540328685	-0.003312615473973164	0.013389681752122445	-0.04839552092214893	0.05659123947370724	-0.012363774645621519	0.0152283854936639	0.0032839680346809256	0.05936705012212004	0.05799375624914961	-0.0030788036643620968	0.015978523929069375	-0.008989812763650497	-0.10448755283186097	0.023992208312847183	-0.040580223647028325	-0.07902444306324355	-0.08376413171859504	-0.08266343409619314	0.0340051685742951	-0.05056969558137369	-0.02377953025217025	-0.06521172206645043	0.08871016161777733	-0.045814002467724484	-0.07297522177841761	-0.019321085541506536	0.0018813241241994161	-0.07695289890290202	0.01365332683745069	-0.013127634143078644	0.01380762117375906	0.011292288745550945	-0.048537726673655336	0.00238757159886592	0.054479432982354616	0.0311468521285212	-0.06031053751872837	0.033219990150541605	-0.0566462208260576	-0.06137281541049329	0.034583659768305394	-0.02303542635172081	0.004347569579679615	0.005690577562664335	-0.007137494907877255	0.0184667934518191	0.029229108138118035	-0.014580092700376465	0.00011875864593014716	0.036567968331021515	-0.009731409299839087	0.014131892970034882	-0.002525694934659338	0.00960728130924378	0.021010629790305033	-0.010675846735322738	-0.004108660784469014	0.009543134511576465	0.008070868620242776	0.0020846739255905924	0.002581247954909517	0.0015173249359124194	-0.0010745940549231228	-0.0	0.0	0.0	0.0	0.0	0.0	0.0	0.0	0.0	0.0	0.0	0.0	0.0	0.0	0.0	0.0	0.0	0.0	0.0	0.0	0.0	0.0	0.0	0.0	0.0	0.0	0.0	0.0	0.0
108598	0.23899418408130116	-0.19223713871274717	0.15409715602857574	0.038634873787747034	0.17125881129942588	0.19150818072087686	0.2068856482675387	0.08421981682818246	-0.023085317302588386	-0.014193758084347174	-0.07712865629470968	0.021351938717571885	-0.07439758529077427	0.010841403256105352	-0.00953628199959234	-0.006569268796698532	0.11152234534984144	-0.016295339813560964	-0.04256874619798618	0.03797704764516437	0.03858775729645834	-0.04356263193122014	-0.04064124074816726	0.04272027089171832	0.025411525636713745	0.1258219724795184	0.08852300091501218	0.025296007692451564	-0.12205853406425922	0.08572231483811496	-0.014751937790066139	0.007194655487668468	0.057153588903641424	-0.024154285186293523	0.011205857988541422	-0.011161844525390686	-0.01504996403005594	0.029089138629813726	0.0008139852778295436	0.002626771937184174	0.006030459350232792	-0.00844288901569581	-0.04617191301791874	-0.0042576914008292804	-0.010044918343496126	-0.00441730566539014	-0.009366278869937095	0.026383300747235987	0.03491024807829484	-0.04179805157688557	-0.008142613464413029	-0.025466260275959475	0.024853751529648346	-0.026852416408721668	-0.025509962231617812	0.04155434940833606	0.010425943153351078	0.005432811664020714	0.014808289042704188	0.031875561541181464	0.02846326241861152	0.008143035899629374	0.005750822552561219	0.02754363895600737	-0.006407296622691587	0.002958971032767531	0.010069174717434994	-0.010131211415679051	0.014382749333595086	-0.0029087017732923257	-0.0020531094749819626	-0.010752889559487016	-0.0009851462683654816	-0.0026234645234145568	-0.0013873634878986158	-0.0019248085910517697	-0.0	0.0	0.0	0.0	0.0	0.0	0.0	0.0	0.0	0.0	0.0	0.0	0.0	0.0	0.0	0.0	0.0	0.0	0.0	0.0	0.0	0.0	0.0	0.0	0.0	0.0	0.0	0.0	0.0
108600	-0.2799975681242782	0.13396769435827566	0.04720345111933234	0.23020856978025733	-0.06736768378867394	-0.011204086909543106	0.05167449018250729	-0.06951350020158333	0.019638847673124217	0.02699503009875481	-0.16296553737341793	0.1333664622738286	0.1295101091890881	-0.011012754774927422	0.12139792894265586	-0.06389122510165963	0.050347496270529396	-0.05575987966928535	0.05401853532315763	0.006463235697485193	-0.03973193464324717	-0.04651358939527591	-0.05104719879153242	0.10116708042129616	-0.12482139036911984	0.0841777993317662	-0.06967944338961238	0.0019499606218950519	-0.005570899538985662	0.05578135484998401	0.00374423474338748	0.06994121276730339	-0.10032300703196036	0.04331995388032393	-0.020544601939052536	-0.023946469459529836	-0.041868765681350846	-0.07074446938963541	0.07356573262404097	0.022487364424401166	0.06868201794402128	0.02764020749315259	0.024596993454695886	-0.022806922668779022	-0.013126028894727656	-0.030946859786681758	-0.03701939430860589	0.041456971611854056	0.03541180979632271	0.03765497089657919	0.027032416628144228	-0.011276708135326434	-0.013625751954743453	-0.01951693882667046	0.005553504987287943	0.020578670816743038	0.04032562321985187	0.03496463727763036	0.03594680159446263	0.0103309678089266	0.004112943480676236	0.02771433452569619	-0.008996933650247617	-0.022772239701768733	-0.025541912046180296	-0.023178360562053812	-0.018668559385118327	0.008435018043487175	-0.016787647405804653	-0.009825484279353076	-0.004118914090761485	-0.001847817261845182	0.011459938252195852	0.004662716302591727	0.0027006549382569546	-0.0016256465637890826	-0.0	0.0	0.0	0.0	0.0	0.0	0.0	0.0	0.0	0.0	0.0	0.0	0.0	0.0	0.0	0.0	0.0	0.0	0.0	0.0	0.0	0.0	0.0	0.0	0.0	0.0	0.0	0.0	0.0
108604	0.27119507445765545	-0.14103447487918727	-0.0499802123730398	0.14574977098436412	0.33072400288728876	0.06551849253799029	0.20301492154127157	0.036082986842533665	-0.01823852453441477	0.14751571009120681	-0.03642685258051407	-0.20324355164430694	0.02125510033468834	0.1523371706500881	-0.027599017978469108	-0.12380041396627525	0.07102589893112286	-0.0008215209474134233	0.0925636771026061	-0.002532802805708497	-0.06758675817870029	-0.054642744295588956	-0.08067809136004922	0.0487112061069602	0.030063936621919307	-0.030261138592357927	-0.004498318415820238	-0.028348699414318966	0.003680022493041618	0.030275282609781105	-0.05977970192088134	-0.010598301235015074	-0.009287835171140206	0.01878603005465103	0.004117712384268329	-0.030173985406556775	-0.0456113444262801	0.060070944780841545	-0.023734237987415835	0.01574568958910455	0.006871067413284415	0.01753025637348446	-0.011115745549349132	-0.012051315630787941	0.05071840304530674	-0.04371737259621298	-0.0010806585633803727	0.016967115526701694	0.007241418390328376	-0.013364216573576976	-0.026900408348624942	0.019299567588502185	-0.015413030250241367	0.04276583095004061	0.022861414787958858	-0.03107348854578499	-0.00552339101723977	-0.004968051614558261	-0.025802624773162985	-0.020346416228549487	-0.017360530466920272	-0.02077446915748643	-0.006257664759470603	0.006257206374307065	-0.004491504910151948	-0.005794911897144502	-0.00034530468033794017	-0.0051458116075885066	0.003058405477949423	0.0023785141809074713	-0.0005800991853235018	-0.0026432875765849636	0.005324502834083542	-0.006370976426525842	-0.002292788632871041	3.6702591054495544e-05	-0.0	0.0	0.0	0.0	0.0	0.0	0.0	0.0	0.0	0.0	0.0	0.0	0.0	0.0	0.0	0.0	0.0	0.0	0.0	0.0	0.0	0.0	0.0	0.0	0.0	0.0	0.0	0.0	0.0
108605	-0.3266626929784049	0.09454093099241075	0.10051795346335256	-0.04415246689539554	0.08428269499265664	0.060178152563298434	-0.14524874882665845	0.028775972316411325	-0.06990469299634194	-0.028564301462976963	-0.008977049788971526	-0.19748470690880654	-0.10438846325477204	-0.062126722092738236	0.10369260339286988	0.03946009475857275	-0.09391205111515478	-0.06169213203740867	-0.07121455795068182	-0.17992996248374696	0.01571426853456484	-0.04968410738837464	0.044894585860839664	0.05662000759769254	0.012226072014387555	-0.009460246169417728	0.04654258442725775	-0.05188333308931842	0.05966064265080143	-0.034264951363392714	-0.025328678773093197	0.04820681716861038	0.03215110149177371	-0.007098913622603825	0.012961521628325687	-0.0359480904463876	-0.06446278820254174	-0.034330299808173086	-0.021196283222173557	0.004515043761598002	0.004167798505360189	0.012624168393562925	0.024125942224872503	-0.03479075285922503	-0.04247107041374604	-0.019431882696031178	-0.01488248893708019	-0.032931802376600386	0.021525463892116778	-0.017465803450059908	0.02848118768542282	0.06187718829517968	-0.03172599936465845	0.0028981525732837145	-0.02322317959120367	-0.00255077077671877	0.01618250265076629	-0.015262530527979672	-0.0495427133278633	0.020231125415352533	0.010681524905448598	0.017180414939193006	-0.0010346102079566294	0.015106207150784956	-0.006570102022884109	-0.007343683497715822	-0.026732281046338922	0.00807717476598701	0.01007153432284144	-0.011265791457416897	-0.00801837821890538	0.0059174012360017755	0.011191451775587044	0.0016392589856123367	0.005455929964659115	0.0027963927722389386	-0.0	0.0	0.0	0.0	0.0	0.0	0.0	0.0	0.0	0.0	0.0	0.0	0.0	0.0	0.0	0.0	0.0	0.0	0.0	0.0	0.0	0.0	0.0	0.0	0.0	0.0	0.0	0.0	0.0
108606	-0.2835151395589534	0.19711197517524767	-0.14228365842920357	0.12246321519685956	0.001134949924078308	-0.017158634977281654	-0.015519032013721666	0.14932747346147787	-0.009895941381548395	-0.016766893407755803	-0.16692232607765575	0.018453635001501274	0.05507075518510065	-0.08262606189106864	-0.09389865619386921	0.08042726802166375	0.02027288807025034	-0.054378359070002893	0.13321661811477348	0.08487787965491041	0.02166243034931931	0.06403981584696153	0.041619134786194126	-0.06483751657390235	-0.012180803724683607	-0.10044394249195196	0.04566272765635405	0.06947996369794553	-0.044337680721359865	-0.040343413971223145	-0.0001978951881413356	0.043458803375165014	0.08415154304270035	-0.10716069374294693	0.006435353808011187	0.002760304048760209	-0.045021777372144904	0.08705421332967522	0.017514787498597712	0.0759535673829975	0.02947068741488408	-0.025361622411436035	0.03237220983034393	-0.0448278798602092	0.04255489622458286	-0.03072912466671313	0.046154505361648133	-0.04177563432469278	-0.04090427681633852	0.0029308029016508223	-0.007489263278965091	0.03862878599012152	-0.06765620661884095	-0.003976560636678411	-0.006275819668493131	0.05135777888340307	0.05864429306142793	-0.009277427027403305	0.0049346999887700796	-0.021504754308675413	-0.0033876701919649276	-0.035572750853002856	-0.025457026015228645	-0.01865855427780662	0.006311355856521096	-0.025694508207219056	0.006737629313371094	-0.007283708325180369	0.018549766206768438	0.003782256934733751	-0.0006241991068196736	-0.0001369529093211641	0.00043326532178431903	0.00803143933361783	0.0026832376927300515	-0.002112368514931767	-0.0	0.0	0.0	0.0	0.0	0.0	0.0	0.0	0.0	0.0	0.0	0.0	0.0	0.0	0.0	0.0	0.0	0.0	0.0	0.0	0.0	0.0	0.0	0.0	0.0	0.0	0.0	0.0	0.0

Biplot	0	0

Site constraints	0	0
