Eigvals	105
9.08024329317219	2.9148098510886506	1.918461576206536	0.9465751588715042	0.8911818526981868	0.7252091773913031	0.6016088017115817	0.5623397795030272	0.5563863543495425	0.5061272269287582	0.463655677090565	0.4627345633982833	0.4207129808280698	0.4187968882505829	0.4000870295336071	0.39485359423757266	0.3812210793293861	0.370516579268687	0.34873183126642837	0.34491166812950613	0.34039398228956713	0.3332199090248074	0.3225638240626754	0.3194828857491679	0.307979152260725	0.29711619554050117	0.29228129127926467	0.28692423105909715	0.279529304993148	0.27786766997714846	0.26552746964216095	0.26429935793999604	0.26107705396970976	0.2509071727426004	0.24637787762446306	0.2427174262786001	0.2407407980318953	0.23867539987417344	0.2313058525368899	0.22520741783122936	0.222223126187046	0.2200398486795328	0.21135377022785667	0.20967140266630957	0.2084574600103916	0.2023358911901006	0.20025965998415393	0.19943797900764548	0.19236014950705468	0.18675571647906708	0.18525689664622677	0.18147149461187295	0.1803628942856077	0.17850938109940234	0.1760809289385665	0.17342143363732915	0.1721111178514201	0.1675635641728318	0.16146443373049954	0.16108853434188278	0.1574156425160938	0.15295263343948065	0.15153802354450924	0.14371461108804068	0.1426970104526742	0.13699428745931566	0.13677874554457448	0.13347165683463005	0.1307344422317065	0.13009649164112302	0.12623669366637166	0.12460774102658147	0.12400704614500159	0.11959570979854044	0.11793722279888143	0.11628138528366892	0.11062544284191766	0.10761820084695477	0.10651139215276535	0.10452049927310492	0.10282565874226259	0.10063344642433628	0.09930850139772203	0.09589458253570371	0.09330453346184608	0.0881364051336999	0.0864985335836773	0.0857869487783205	0.08250143519669102	0.08072350931513636	0.0799176328254928	0.07577953708989779	0.07153975712363402	0.06869084072890162	0.06487970382575729	0.06178419149177786	0.05842380463520572	0.05208478099829501	0.048161709271775786	0.045967622457551496	0.033322616656026136	0.021679962040859382	0.01114899122428145	0.0	0.0

Proportion explained	105
0.25078754756870236	0.0805042321644933	0.0529860553586051	0.026143491426198033	0.024613581823734576	0.02002957687367684	0.01661585390453615	0.01553128144792482	0.015366853596635976	0.013978745051319888	0.012805721875457235	0.012780281605140581	0.011619686090517764	0.011566765464615167	0.01105001724196396	0.01090547481497427	0.010528957923230999	0.010233309972895748	0.009631636278756217	0.009526127063475444	0.009401352944996033	0.00920321197211041	0.008908901200025007	0.008823808660220924	0.00850608665473018	0.008206062284539748	0.00807252689972063	0.007924570071757233	0.007720329357862949	0.00767443660398375	0.007333612192280478	0.007299692933513705	0.007210696010839106	0.006929813716206146	0.00680471896067832	0.006703620830773166	0.0066490282681687185	0.0065919839663803	0.006388444188454026	0.00622001131342407	0.006137588061258869	0.00607728804570941	0.005837386950270348	0.005790921583512302	0.005757393660114519	0.00558832184318774	0.0055309783430728815	0.005508284308306504	0.005312801495208611	0.005158012469273709	0.005116616513461821	0.005012067366252184	0.004981448896230904	0.004930256652659168	0.0048631851500418434	0.004789732459091446	0.004753542802946904	0.004627943763618546	0.00445949167301385	0.004449109695046954	0.004347667971104669	0.004224403972006507	0.00418533381332551	0.003969258719274725	0.0039411535728036155	0.0037836498729805676	0.0037776968135248977	0.00368635821824929	0.0036107589952689306	0.003593139416264617	0.003486535525053199	0.003441545426831301	0.0034249548145178876	0.0033031179663068327	0.003257312157597741	0.0032115795250894632	0.0030553678589083245	0.0029723107402263335	0.002941741753352138	0.0028867552153661494	0.0028399453572459823	0.002779398570864604	0.0027428048692247162	0.0026485157283546805	0.0025769810751143023	0.0024342423634863097	0.002389005933580122	0.0023693526486998837	0.0022786099376251603	0.002229505342384932	0.0022072478122774565	0.0020929576057678216	0.0019758589790416265	0.0018971746604837252	0.0017919147410598876	0.0017064196808899562	0.001613609042294455	0.0014385313334101273	0.0013301798823020191	0.001269581324143793	0.0009203384799194405	0.0005987796071166988	0.0003079243668619516	0.0	0.0

Species	0	0

Site	105	105
108136	-0.4005183302166339	-0.20122875899215928	-0.08190556231741099	0.02307388127799893	0.07096579795498988	-0.09117088747666305	-0.03385364995109127	-0.06717605379851925	0.04788730095949237	0.01306272087049885	-0.007664135393310873	-0.005244653618183637	-0.07434442536392426	0.1282899043500567	0.09405288037368026	0.04671573454727674	-0.05335205975228154	0.12664821773857138	-0.04470311584332013	0.01213014743508353	0.053664350281172224	0.00048758997336611755	-0.02525796022107089	0.06325834758535007	0.02755963377605255	-0.022766750143711535	0.0005313312519016686	0.013760641952508123	-0.048729993438749335	0.030802188168626943	0.03940805617962133	-0.09185881206544391	-0.025497709832673632	-0.06630119346461202	-0.012713762650501568	0.008348158638869299	-0.025973008831673493	-0.013376173312346525	-0.005309860395615556	-0.017641661338558687	-0.06356756323115327	0.0786371273414677	0.01889184020194497	0.0784746107119026	0.006754426641687807	-0.015682372029102457	0.012514954499116946	-0.04823973682673154	0.00037205975811780334	-0.05207766494841979	0.07013860088353631	0.034386076178675666	-0.018698128476536	-0.033245860380384004	-0.02755354127658259	0.013364050002512185	-0.004433833380801152	-0.024553813928359702	0.015676540600131655	0.04400111487611049	-0.013961405391615311	-0.014669791888444233	0.013519296185679477	0.005647859052636046	-0.009019103435743747	-0.02625496406096837	0.04061356740207154	-0.01825452825026178	0.03515804707345161	0.004024860715451767	-0.02091552024063032	0.03175694207367752	-0.031372671729535874	-0.006303544802741797	0.01073831830320618	0.007866103364363174	-0.010107470292975824	0.008460083172551156	-0.016777556287958042	0.035899172928843794	-0.024978668137384245	0.007085548468202267	-0.026589205794017388	-0.001977682761541622	-0.0053128280347677186	-0.032660486301077346	-0.05012461586719115	0.007708603126109344	-0.013715071250782626	-0.0022333758918200576	-0.031390659049836275	0.015078227715008984	0.02466255981797676	-0.021956057824555206	0.00590902246237499	-0.0005174150232398906	0.010827491158963478	0.005631110442908558	-0.039251516117226014	-0.0453900750928363	-0.05377049045004836	0.049419320832170384	0.004321787816691636	-0.0	0.0
108137	-0.16459004114237477	0.2625795485568203	0.02564280628055848	-0.21892385269638986	-0.10031157183117471	-0.1525259127718481	-0.011716282331126352	0.035785640080037213	0.10874842997595456	-0.05116176662849758	0.10072199506766392	0.0129455078145415	0.017670989211166416	-0.08628737882552372	-0.016182680945778825	-0.11315215777292686	0.042192132644420725	0.04436541929031215	-0.0918870358658357	0.043808054627076126	0.033630677318438766	-0.009749133600371544	-0.106823262665084	-0.00010305349395398988	-0.05109187098138282	0.050897883763669334	0.006382764198698426	-0.10309757246566273	-0.028018126631821474	-0.07975381782835522	0.04414587178427789	0.01019921757130574	-0.024606648400716778	0.0500771490340029	0.005699363955454677	0.00453381117578568	0.044644387954744284	0.01574639854460774	-0.041031057700473966	-0.022552500087387368	0.08610400173047897	0.00982226596883852	-0.038952013601093266	-0.021383632821643937	-0.036691470061200084	0.038848123914734516	-0.04089876486491709	-0.043241226777129084	0.003873556131037576	-0.028192412587071523	-0.03128328500985832	-0.01122469943856842	-0.042633515727723746	-0.009847715096052223	-0.0817500176244267	-0.012418339901114414	0.014733569933656265	-0.07868303957968503	-0.009489040089207331	0.023959050879552548	0.058287832306898255	0.005667785394757577	0.02526376911778766	-0.012674932139887426	0.004894058196463411	-0.04905140556090438	0.03959135973334027	0.0005093895939693858	-0.011666579618734706	-0.00899431950804381	-0.005513390663700384	-0.023522543952465728	0.019029280203672783	-0.04063086145891391	-0.02283678470423325	-0.027509910784349494	0.023046679874192937	0.054488609165873315	-0.02703816836843443	0.015393238386235056	-0.0031301102012987365	0.010749549983494686	0.005288938980087582	-0.012199304333869029	-0.005533303535720645	-0.05347384327911244	-0.04514144458707208	-0.058583747723281385	-0.01856965859279479	0.003861429072408838	0.025543801569833983	0.056395800556085195	0.012339380375301356	0.026412426127837358	-0.042147595574651024	0.040374119649466855	0.0311540637880864	-0.0018456074078908513	-0.002427241956089699	-5.25073366088143e-05	0.01807353829502434	0.006890929531601463	0.009404309918293254	-0.0	0.0
108148	-0.4146138099741577	-0.19050666257949508	-0.04880878584938464	0.09516420906079621	0.04416442154426923	-0.01004055008735764	0.004488115971287103	0.022148532761909208	0.008750221018385494	-0.10302263934432647	-0.05563387663374269	0.05052078262703478	-0.13965771211895078	0.12729324823634178	0.05723382509220592	0.11746128227794381	0.0620174819745619	0.09928839652757322	-0.024202162157858274	-0.05410394009549175	0.09098861546501533	0.016319555314184112	-0.062431995930701964	-0.059626855830168794	-0.07434189957923493	0.015041539543285133	0.024420518466941092	-0.05332658852183594	-0.02340041497822968	0.003049963525320878	0.01903441205875189	-0.05900702044916253	-0.01252727611911989	0.00780121556205434	0.015799194269066976	0.02490856805827259	-0.0375394128371714	-0.0035750017850313125	0.010840517816750392	-0.03964364688138794	-0.03863786004185716	0.008675797632955095	-0.0031668004070669587	0.08963408558415044	-0.015530340935060172	0.01875474575645854	0.001023524887772815	0.007411321070215409	0.03043891313218411	-0.04337609583971365	0.0188931347429865	0.016666235883478358	-0.007839794450394703	-0.026221998045293345	-0.022517679371912704	-0.035959752131011706	0.02695022365411026	0.011767320331278456	-0.021674488435557495	-0.006484103499499561	0.009643323797729506	0.0016470973108869043	-0.023378734056006878	0.004998946638091105	0.03752630753945377	-0.015994158814723602	0.01847226777581204	-0.010836772595067871	-0.01467715175840428	0.019133504282619538	-0.051189488870812205	-0.06826068193217524	0.013973001298880175	0.035556581176286614	-0.03502928483135719	-0.02585315521234919	0.04172742918690762	0.018627876966475568	0.04905706708544154	-0.02753629701681151	-0.025307102574977033	-0.002682311712015466	0.02076962860193529	0.03101002534375982	-0.02252868117427549	0.0033766884882461407	0.006391078461360875	-0.06569178168213602	-0.021480614129542858	0.004723048192521221	-0.011101885853068283	-0.05590476190235094	0.020162916746536357	-0.019024566841799647	0.02395912104205376	0.004581707347449392	-0.0034934484004487134	-0.020590730386124703	-0.009037237654028672	0.0090690603523264	0.019535029678706003	-0.06042079138706857	-0.005169775821378541	-0.0	0.0
108149	-0.31269337651033785	0.19540710097597444	0.1463510893087902	0.11912326094036085	0.04454662674938628	-0.0864687389010748	0.0669098751487656	0.03871801016588487	-0.08975199582359576	0.011217352535000022	0.02053609207637988	-0.002196549078846736	-0.1190172705034744	0.12671630904097164	-0.056273220924787704	0.015695524087711944	-0.024047656473250505	0.008453276211447596	0.01579883326327438	0.017428900380695157	0.08914687182410895	0.041887010954300787	0.08749758220503391	-0.10724451023993255	-0.0839198397153852	-0.008755671172913636	-0.035724211316162637	-0.008038640410120201	0.031056846002198428	-0.01767478615401992	-0.004924862665382604	0.02848506712464275	0.046883859661196695	-0.08832916414706067	-0.04106624893426955	0.006970970966085804	-0.0690113321975144	-0.0957183144807728	-0.03169387796280038	0.05171175306734956	0.01550432456898312	-0.06088526877042041	0.049983128983645084	-0.0656134693632711	-0.018796694871713832	-0.06177086906170631	0.03385425344207705	-0.011196336622181573	0.006611952848057176	0.01658516083420636	0.0747519301589568	0.00310703319094189	-0.0587630819661846	0.035615517902434266	0.013517083870952306	-0.005808917354956304	0.052715652522078146	0.04525395051048659	0.042346745989376364	-0.043554219538113774	0.011803434724025943	-0.050300351679216204	0.07462908647888426	-0.010919385006498155	-0.0021369503511719074	0.012982003891586817	-0.022014926059082725	-0.03991971098739885	0.02890468545125157	-0.0028976245775893953	0.008882622220786942	0.01910708795882172	0.004580083543590619	-0.03523058034858571	-0.030661367585978896	0.024318853720829363	0.03313300662048903	0.08091547861465888	-0.019673059183698462	0.032661021034648706	-0.01981858365239251	-0.0003274060527972338	0.03204712952681651	0.022131637402782085	0.00693630409355078	0.0031338587209996972	-0.00781894448056038	-0.01838478673994394	0.03275254166056893	0.0287561197921206	0.046659140968325886	0.05384451753653029	-0.01988842061878436	0.0520701641818211	-0.011240482261829329	-0.03229656712998607	-0.01644746242755342	0.014778641139427923	0.009951051599786686	0.0159695755095249	-0.007015076676671298	0.0030937777572467825	0.00020100009155895	-0.0	0.0
108150	0.20046971636036373	0.09905018527685182	-0.22487216036881727	0.048637234110706716	-0.07281816573698764	-0.012462735835447634	0.11100668803099625	0.026036445121950916	0.02466013309349238	0.1360401034794156	0.041435925106935015	-0.0020107470800812474	0.031112893634937466	-0.035333326790952614	0.030410235070122367	0.14824852032454727	0.021124338572428434	-0.04044335892907122	-0.10905396661326766	0.03897283094228086	0.0024506271039356564	-0.12602608057148695	0.01684135904741715	-0.06043982425813759	0.003827470599226921	-0.020670278965520806	-0.053270116331078574	0.10934420946507573	0.010785432345432644	-0.07379951014777153	0.015097077903671615	-0.07382198531944738	0.039076351185059366	0.05441655261597531	0.032101333614154536	-0.0577174812170976	-0.11064779889795587	-0.05907989684060625	0.011408083798214355	-0.0047720352034666316	0.06671457466497191	-0.00978507217600226	-0.02693474971995012	0.04484738434494009	-0.08744981975378653	0.04757799040358978	-0.00629979907726936	-0.047319946680623434	-0.030494207964703264	0.050784844944669616	0.0713707639381351	-0.044884710894386	0.029300694710564814	-0.001737691061312332	0.03221745746442033	0.05873526175044143	-0.02935970075786544	-0.01395733961636289	0.012081263867958072	0.06146067435543689	0.053056527302793505	-0.0392521598819035	-0.04777682139547629	-0.028266698513783106	0.013710926709861893	0.00876043674313532	0.04134548054550503	-0.011580239984757889	0.008006641878626215	-0.009334437836656212	0.0038458917193548046	0.006801159393677019	0.006937852748143646	0.024918623202539226	-0.0396882488602053	0.0499094637779744	0.02876778795605367	-0.039367359676839006	0.021589553067598747	0.006951080836422631	0.03199386679135026	-0.002851014654368597	-0.004212892172725958	0.024897153589665075	-0.02473604496390238	-0.013179088732589701	0.010832156796409106	-0.006826313482583971	-0.024607796248510876	-0.09138391162163413	0.04135139313961762	0.013567360612602672	-0.019968011636893303	0.0097420234316828	0.011785413894814379	-0.005509681812918234	0.005822628897978833	-0.00826087340047763	0.0003201827391568194	0.01004405910690432	-0.007345612388171295	0.0010091200823697966	-0.0007824305990005845	-0.0	0.0
108151	0.2499578807414046	-0.07685177336281801	0.010997010795068683	0.12915730095633998	-0.2404704527250188	-0.04514962549262666	0.06634315397439602	-0.10942055384758602	-0.052889642628886215	-0.037891468808084784	0.07514126582294749	-0.11385595856619289	0.0014211106535885496	-0.06039862771508782	-0.0036173214785623076	0.13144172903242635	-0.13206056243681108	0.020070226723288762	-0.014087595558072345	0.03250588342724779	0.037276309591060666	0.09296088998848012	-0.015605369398696424	0.019994073156194055	0.010576137340422407	-0.09018959167309784	-0.03010104966508622	-0.041606207024332126	0.061752704097463446	0.04482359459933794	0.013967614132669625	0.09407197152504766	-0.057743860539678914	0.034071602687359	0.11587618100150703	0.11845822481275683	-0.022044296682948297	0.10189917291791072	-0.1105005184871294	0.05009539617079098	0.033807483089371884	-0.006941660867218253	-0.12235717882043481	0.03158536591466108	0.047027794898227795	-0.01535705756234363	-0.030695929633097915	0.01451937381896231	-0.05015856085226032	0.033981300378191526	0.050200569301217295	0.057374625473167094	0.07534275918290984	-0.046714879702188954	-0.028728600054871226	-0.03830592863951797	0.05087268027933695	0.047786973586999536	-0.013398121298697432	-0.04229447103482569	0.023003891457328323	-0.0299396852683734	0.005516685084747231	-0.006092074095849001	-0.06809468704954719	-0.012295170973759711	0.015628090705251795	-0.01588306546154404	0.023639439036739724	-0.007181461572963091	-0.00621274400102181	-0.04021690424567086	0.010748682213119769	0.021881774465186684	0.013463019165087041	0.00923103990745326	0.01880640453316018	0.012310287883562645	-0.01209590617211347	0.014285204662439044	0.033837484221564615	-0.004984273419692654	-0.015414467933731241	-0.0012628332318406531	-0.018090285344375904	0.017856111089523393	-0.013158655694822956	0.005153726830589494	0.0022564271303568	-0.0009376354840413739	-0.007315509403420636	0.007567916935543979	-0.0072507594996053205	-0.004125336151403316	-0.001492035048677492	0.0015277937337128602	-0.0002799299430734608	0.0004623493785355757	0.0013811904331275577	0.0003817830955976586	-0.0025980868225239113	0.001274393588990094	-0.00012476291020238164	-0.0	0.0
108154	-0.3733554509421636	-0.2537936903934625	-0.1331624946266301	-0.057977007627967744	0.00555281128729799	-0.059575039006629485	-0.06514527160141291	-0.04610820170424624	0.16844091608825848	0.08420092133960091	0.057949970202660434	-0.016758523075478746	0.03701348739828984	0.017874817185982484	-0.00474791184880297	0.006294892408856131	-0.04397760151829341	0.01290850033099465	0.07163540445216586	-0.02274200016666903	-0.0021124049716328445	-0.04415762772355736	-0.024042415094931602	-0.03924284393537343	-0.05712419855132958	-0.04875043972559837	0.008606800028718557	0.021359663702884148	0.010870384567335337	-0.02155668273679503	-0.03042302920152219	0.014115468086839623	0.005346799963615907	0.016468478002562733	0.039733482649111744	-0.031345535027617194	0.011298656767956623	0.025866719688276973	0.06170755275014745	-0.043610044911017304	-0.03683422209573229	0.012051588742091213	0.0039518999331069555	0.08976799350942316	0.03575002812923192	0.08712301513949638	-0.03559402137500706	0.03515968338172935	-0.018798106386257906	-0.09618855990265349	0.0038454782815318523	0.03846262063694081	-0.04014977596799755	-0.05412099544384758	0.03177535550759418	-0.013768385410104037	0.05324696338845625	0.05366961590146965	-0.0032578301930711556	-0.036142296633591225	-0.035614942716198715	0.023738492220884425	-0.057407958392892436	-0.03294951585187375	0.027051548145438253	0.07620508554230986	-0.035916823288454906	0.03202731851113909	0.004601707168133196	-0.033090983859550116	0.037882847377217754	-0.0024387271846316298	-0.016340565564651743	-0.02608517677733404	-0.007310227888734912	0.018450456866743264	0.014583931626628074	0.027451576672207552	0.023263828584162826	0.022086092326910875	0.015840468945846287	-0.009326937446776406	-0.0003060281213126364	0.020098160762437232	0.017811057636175204	0.03759865399067743	0.04695796361792938	0.038208007917576364	0.06427436890537772	-0.0012212208507724916	0.02712896462290882	0.06724028331605304	-0.01118011416052578	0.005532124555601559	-0.04857879295089147	0.0020323457410218906	0.034629022922190354	0.011927455146030398	-0.05257729820382634	0.029783491169721222	0.027545677822416834	0.0006432064434359583	0.007993347300239307	-0.0	0.0
108155	-0.24486828922064177	0.2462159807629153	0.07478702760899573	-0.05250545459767657	0.03893293130190412	-0.15889258011107188	-0.03096503264534268	-0.03212873577004874	0.0545305706277792	-0.12122185742626601	0.06399227753593627	0.015545378665349727	0.07145482321477879	-0.07987284815467678	0.0826659496587559	-0.01730561312839518	-0.07419979202811881	-0.05990916142660958	0.01228008671650178	-0.08570907762110008	-0.05286937841769319	0.012419630658875708	0.03655563159357545	-0.08059013491415445	-0.10578591249730589	-0.011738938180317886	0.008976744808340147	0.0344874442117052	0.0413854301132426	-0.06352186152990331	0.03874065134412963	-0.004472794974207307	-0.010815050936387429	-0.10137723358974132	0.009019807237316555	0.02999157650377303	0.03167059846574201	-0.04111621100902143	0.05864900565175255	0.018147390195545492	-0.005063868019538517	-0.014599929080697288	0.06939115485957326	0.01153537849504016	-0.012357597984349333	-0.03006586141852554	0.019388352238674935	0.07536869117300184	-0.06820140527691798	-0.00914137628242647	0.07507160728478138	0.011169334569455888	0.0670955269784192	0.04964930412831486	-0.0007891805841952971	0.04228718381628017	0.038385310986595554	-0.00606947255149134	0.028281709506992533	-0.0268937661952179	-0.051107386168742	-0.003438318403649124	0.0024026734147033465	0.021282557156544816	-0.03558143329717062	0.031371112781486285	-0.016353296411060463	0.00789107338807103	-0.014585663263694497	-0.05206109964580275	-0.004946456826491106	-0.011088033262017792	0.00015256669684933746	0.01951077512410586	0.045845806844920074	-0.008754395879909109	-0.04854125835133315	-0.0244225599017141	0.00028401402125799707	-0.03016306702667124	0.00959167071890443	0.00850895512373219	0.008061617736845841	0.0179410473440188	0.010006778858334765	0.024243895198945483	-0.02505862527590357	-0.02946235484914302	-0.08013389517131818	-0.02003570004200708	0.02484157457653327	0.0148622616891884	0.039836929866608604	-0.07119078060034599	-0.007173039310337139	0.04218884095927637	0.03015440598710948	0.009079014832923947	0.01659566318775692	0.011994800377379924	-0.028193067307311904	-0.01053108552958834	-0.0019037562133519467	-0.0	0.0
108156	0.2702189877785424	0.04383383841585211	-0.14323207007033698	0.06362392859047493	0.007281578551859699	0.01856770833222918	-0.061811017864345494	-0.025723628807774353	-0.031151622420706335	0.03430638486037911	0.09318327288615956	-0.0689047076063339	0.03167073901942188	-0.0795881497303499	0.013048758808635217	0.09829738428008819	0.019538617697835457	-0.09966149660111455	-0.11533702430910522	-0.0590067889198192	0.11640363579836879	-0.02431800493317057	-0.00893273068917772	-0.045398914921819127	0.02176901205103044	0.07182097689567156	-0.1372565436804801	-0.03599662855303987	0.032365821667291815	-0.03225710702659991	-0.040112938177400574	0.030397401295713323	0.0016756632250474026	-0.06796805855091541	0.052675230631160766	-0.08127579925749283	-0.02292971100486244	-0.054094950549611075	0.065867445529773	-0.08046014408499008	-0.05947111079858009	0.018151170582627458	-0.08095227032565398	0.011566132897167496	0.06131623844932625	-0.12634845570020037	-0.02338056074645967	-0.06901647894631417	0.02180722620564975	-0.04718049366484639	-0.03714141472575053	0.007269680011001541	0.041298134390524925	0.028717041121582052	-0.039283176571054526	-0.016748342085331342	0.006187663370132419	0.024471687336657676	-0.03846853159608288	-0.006022854961719464	-0.007480522295435234	0.0763167658287035	0.02529278588680157	0.032288096778299476	0.015952437976297914	0.02810103384885963	0.010838017622739919	0.011111767611318591	0.028649385439478946	-0.03897459371448994	-0.038753618257502995	0.08916459820581249	0.05930511287107166	0.0026893423085655294	0.012570802190694445	-0.035976605473815065	0.009624359329140192	-0.009966899120827754	-0.0015489720695706685	-0.04271412964467938	-0.04169977489870657	0.016219692261748037	-0.006437621283208411	-0.020953667371959698	0.03602185406528228	0.004165030248651846	0.002161884316014625	-0.021476396915876616	0.031160315902163387	0.019299691952887253	0.006082844386107638	-0.027163599060290065	0.012009860608481773	0.01748845888687628	-0.025332949718245113	0.0005066603037809774	0.007793009480133473	0.003864821243308938	0.0018944945353287135	-0.004895826505832204	0.0005382788567179508	0.004058078217708505	-0.0008003655647812626	-0.0	0.0
108157	0.2694215931845633	-0.1281840161209149	0.12648981711303092	0.08868151185216798	-0.21022750788045202	-0.06411397536156467	-0.004914828639033378	-0.11181561472491319	-0.06647880152705982	-0.03452075757458497	0.04966663059626138	0.01265692538605416	0.031128410460449008	-0.08679256644353789	-0.06873428066371416	0.1213966675599471	0.00315612125543205	0.09457281011947251	0.07871995323034965	0.0825555709175521	-0.03479290148300981	-0.014409846627943944	-0.04121711978004591	0.026519492348508585	-0.05317876747555735	0.013452842982130696	-0.0249665356524208	0.02087384337399694	0.009810864960824409	0.021665214536338986	0.1078168076656663	0.030092586970026945	0.023977048598185696	-0.06549392356748732	-0.03661082402691786	0.0382822874302599	-0.0262574280944776	-0.04456796616159189	0.04279039013697798	0.046988686816491716	-0.05180872411012716	0.009051342223973295	-0.06989952963643924	0.008112220190496915	-0.09407242138016422	-0.04374871121908512	-0.08889599381876499	0.05088079385662209	0.023741108902217287	-0.06779293838566974	-0.07478082901236095	-0.08152079798127843	-0.08813245878988467	0.05181945477301179	0.037492010450945974	-0.011817239680013018	-0.042341433924683425	-0.024684465078817247	0.12557143207957722	0.014042352319001234	-0.02756820302321797	0.05814714170505117	-0.03597509273237865	-0.016241110538624818	0.014416987455220815	-0.035538410804336514	0.011167867058108986	-0.023703215876004102	-0.03271847318985057	-0.008355930738147046	-0.03593555085705451	0.005954827633007946	-0.023374606183282545	-0.011811267201699439	0.03235574376568187	0.004758120256551312	-0.0453762439650642	0.0075658158175630884	0.005597581646375487	0.004066405936250942	-0.004030248005784284	-0.012666633829350868	0.07077870934551822	0.010924254098481023	0.0014800009005433194	-0.020647742914408972	0.02127920845804716	0.004621894753774888	0.019421188846860997	-0.016766056698078933	-0.02251140828110048	0.00173590342770428	-0.0028977962207908108	-0.007550243982519814	0.0008532618623501114	-0.005362453091514515	-0.0021521428433438966	-0.005148390302455647	-4.198213339199437e-05	0.0012273089947916656	0.0011397435876087157	-0.0010381478393387705	0.0014022474806875884	-0.0	0.0
108160	-0.37218736746776815	-0.26241592095412164	-0.10069323946964588	-0.0017338682887128574	0.01627085052762436	-0.04498080929023727	0.042000408816036165	0.06494852804922872	-0.16744702173886783	0.0573525825012772	-0.007824770642555016	-0.0243303161121666	-0.006684454744709713	0.007148321817279319	0.1529559211746708	-0.005155685890882363	0.10212875211924367	0.09233677818233721	0.07158488575727615	-0.0475521836310632	0.08980286098974556	0.00670367347104358	0.015634252407708597	-0.02895415865826681	-0.05957707053160836	0.05286203558964609	0.01828886484678708	-0.05987238128748917	0.036470960654874714	0.008935869314302748	0.017115443256734655	-0.007277122861598519	0.006543263800063969	0.06152568911075436	-0.006975682266447193	0.024724173444825477	-0.013945714498062926	0.030510037898229647	-0.004260512408768709	-0.0013960186804122204	0.0626981293894449	0.020136786230808543	-0.060582504087699246	-0.059118065710528266	0.024915437226141934	-0.012835484432788744	0.05957602716994882	0.07122631319459592	0.07144525983407377	0.02324843490221152	-0.01384817725860629	-0.03068805719906294	0.05065772478536363	-0.02187624614360529	-0.03575802474801016	-0.0052681962647931685	-0.062022835960649385	-0.09995042533651438	-0.007956223058722164	0.005986782484127957	-0.011180288985911826	0.020184391156850248	-0.05754011418836802	0.005506107233535073	-0.014876791865287337	0.023614355462132194	-0.037146111043148716	-0.031616191356655526	0.003884996019533102	-0.026385372262535463	-0.00057928769496627	0.06809639048520313	-0.013314941377620747	0.02008976315363244	0.017061302896582226	0.01290417168008152	-0.0043772056220890325	-0.009037123965093093	-0.05361254645538985	0.01961337018350873	-0.019891893034721404	-0.012738502925525459	-0.01625386860760483	0.010434083117047471	-0.028634310094839095	0.009763624906779152	0.017842252399157918	0.03012997003224573	-0.005462062928380524	-0.021857133410423057	0.016603573376846148	0.019573536786867213	0.013166154280849137	-0.026723021366476685	-0.04782939906720482	0.026030028571740426	-0.06570196839821826	0.0512677494724691	-0.008169764378040028	0.04352961242058756	-0.001837505524434379	0.004704454337425005	-0.005369125459903121	-0.0	0.0
108161	-0.257463813630275	0.23791150167246616	0.12937788088691476	-0.03618594461038389	-0.07954877205178082	0.029658973625715027	0.022386864102664196	0.07119067995747813	0.01038261362188214	0.1672536152008307	-0.03407763049917615	-0.0382171204504109	0.06032287158359642	-0.08084249572259188	-0.16757284414798504	-0.07349535930218068	-0.028464275923630163	0.0781728090985038	0.08965283160308207	-0.10737083655164258	-0.020694283899291906	-0.041688603323488095	-0.06770455740853369	-0.059004848594933025	-0.001497771699146253	-0.005131069877905611	-0.043910488989957676	-0.016259430154063524	-0.011244102718234549	0.07690025770795374	-0.06902270954050364	-0.006256986771913511	-0.07551700199694167	0.04066409861265835	0.04090829169519606	-0.049761778561183016	-0.053751693322574456	-0.014611712863042105	-0.03480996924321588	0.014120037667351419	0.02705026338632985	-0.01369857592735176	-0.004593039489835566	0.040033556762865734	-0.017392104976976214	-0.04082565091893692	-0.029070330772056136	0.010968673267934739	0.03422949899467959	-0.0264925597946712	-0.01366970837292214	0.016684932954524046	-0.025790421462798616	-0.03799420905007735	-0.03109203334897827	-0.009027341234757468	0.003680089454141028	-0.022146277591721577	-0.008568024454703095	0.0013228076997533274	-0.08002573864389426	-0.0024885464832471046	0.005954953432259446	-0.0001983147743330231	0.0418497889070878	-0.014820389263554648	-0.019258517760415803	-0.009586848364959173	0.0013095048605509876	0.008592927993888584	0.0043641064700062826	0.005366503137975365	-0.013006609605159748	0.018094380100557486	0.011062092305040482	0.012280840607677352	-0.007568021357773757	0.014133945151963027	-0.045621439112217194	0.02350528364760735	0.0030498086281584777	-0.049737921400202945	0.00014297047696266754	-0.008917389048834086	0.025444468974648825	0.06573356495457239	-0.023035359633787774	-0.00015338906051867214	-0.03403366809858055	-0.02778836446553342	0.04660688445751951	-0.03298386752174835	0.05193004115072537	0.05273442592911219	0.05185152818336573	0.012439732006668439	-0.012257184507750717	-0.007674568913506896	-0.02963161436271006	-0.025334573014527118	-0.04604573420568057	-0.020875511395567373	-0.00191092379709322	-0.0	0.0
108162	0.16069953646449986	0.1927735381916839	-0.18475549178461734	-0.07940694967664791	-0.020535953797852412	-0.008645168867043395	0.0998284900966623	-0.009402296451883566	0.0154907004881929	-0.0664806228732324	-0.05172436396592618	-0.072319442696035	0.12167434394544284	0.07996634376453102	0.01888064437929356	0.055576561234954316	0.02839047132524592	0.02111254741585528	0.020328359683578857	0.03163920279602935	-0.044299703409743124	-0.011461596426326817	-0.0865689065408686	0.047258002152383176	-0.09211704231830284	0.02723571867053295	0.036777387469764666	0.058049480159765965	0.02177765055236982	0.09296402487401073	0.006030756910359714	-0.04947970015433967	0.05459269130276682	-0.03622797405182452	-0.02649750628166663	-0.09847965324585271	-0.08220527807571215	0.00184192916182911	-0.012297075179057471	0.03680821842087406	0.0675552318310144	0.05562112144423114	0.026490995626066546	-0.0279850610583563	0.049631341912066036	-0.009716898121423243	0.03910204009353081	-0.05376887555736609	-0.06770249577834561	-0.06641907756171682	-0.02972329836923966	-0.06922736510080851	0.029992277919222998	0.012561170166449349	-0.015546564742334415	-0.11876082686340686	0.06645296958573678	0.023096416527906526	-0.01521504881969019	-0.04610271292479006	-0.03710697158698763	0.003212943020034214	0.007105042982954448	-0.00034177423496243334	0.04148454983683923	-0.09459010167525883	-0.027892372912013966	-0.0065891777475237485	-0.01989154950367246	0.025193477569160433	0.01888773008127982	0.02317988122034501	0.03161829102003723	0.007993587847261887	0.05760188605513241	-0.009251590806067076	0.03659199247898405	0.0007135598257715911	0.012055649074389682	0.003560273467920111	0.002657081176739613	-0.015310279925382995	-0.06348126274127133	0.04467496855994243	-0.00508661304870297	0.0008628996037342649	-0.005418569844889323	0.04736996960129368	-0.045273228985336235	0.015373201833729786	-0.03384302624581138	0.015190063735480683	-0.02308413861914097	0.011162687354923597	-0.008514197998893797	-0.00956592732058735	0.016244253157716666	0.011201122580547368	0.02504662743682451	0.01736757960466559	0.0037468386449040405	-0.004467339022466707	0.0017879846856571604	-0.0	0.0
108163	0.2779857567457582	0.009424922639441767	-0.013377745324078602	-0.04814656401827568	0.034780948060714266	0.04166870039612273	0.1653701431095378	-0.07886325074435203	0.06715764124637968	-0.005295716275800069	-0.10577767193911039	-0.08819165261571954	0.051251941669151764	0.02341799426898144	0.024495185071595794	-0.03344258811036893	-0.053062693435092685	-0.055552052433868626	-0.002502681827045585	-0.004786150887845836	0.10573816481931134	0.03710566061610032	0.03068745446553571	0.03379686997970844	-0.13291925721546002	0.06865717831417205	0.02876802077128413	0.05763083627741387	-0.08280437503800765	0.04688150500172301	-0.024840894704761814	0.012255575915502	0.0025158035621486103	0.009889932926458548	-0.05323673861333111	0.031009662856844332	-0.0337557543441503	0.021365109961716682	-0.034600394386020306	-0.05667612945795408	-0.02394823131102999	-0.020192396844384678	-0.027794553448701725	-0.025060979748275838	-0.03781149986905629	-0.02503302442114913	-0.04751048938013015	-0.009299834979284534	0.012266020804497282	-0.002841814906803799	-0.06027846876529563	-0.0352416467244564	0.017300724723111477	-0.03402066035779647	0.04672603990485748	0.015838166495703656	0.004616369236604179	-0.016360545024878055	0.008033965103151238	0.008310965345250056	0.047057694059803305	-0.011804451447994302	0.0018284472714701673	0.04649093898838516	0.004343166343572949	0.03714626691314487	-0.011731263768725757	0.04386371271028012	-0.04328745545969529	-0.011055918283702688	-0.013049715005436351	0.049441349989874296	-0.02621358394552369	-0.038370072751304544	-0.06355249120576036	-0.015211329286106768	0.03498570282524049	0.009199380820150321	0.05754626295688704	0.05698010300308223	0.03833781834194359	0.021423842428561587	0.03792574869627177	-0.08785172293623236	-0.0038842206879224715	0.09591417562125786	-0.05776826990007933	-0.023319365145041397	-0.013945183671451025	0.0029019060737843455	-0.01989263512170101	0.011349750435793872	-0.029319985805818873	-0.046438776040444135	0.005396401690898484	0.007070875996722792	-0.0014150336147595085	0.008468443768275389	-0.007980691369170595	-0.004976217370214856	-0.015783404229593023	-0.0027769118217988976	0.00309448365756546	-0.0	0.0
108166	-0.3295590918218259	-0.28580542308552703	-0.11886816013105563	-0.08417564054557604	-0.08411363001554402	0.0697449849672973	0.08540795975777947	0.08243225981582168	-0.18477428679204308	-0.055651100229355904	0.011003957465985748	0.08008842110213532	0.08846502081675327	-0.0036982081593217872	-0.12274032312025815	-0.04145900477577159	0.010349128068973612	-0.10547029007043444	-0.07571333917745308	0.045779763660659466	-0.012268306004775218	0.07396387464112847	-0.014657805426445335	-0.016240310553238407	-0.0213745818135547	0.014274682155722385	0.03944551228395587	0.018144929811472876	0.03327375597227043	0.035087706424563415	-0.01071677444183973	-0.007724566337840301	-0.09401532054010082	-0.0035667662137493453	0.0037684254002264945	-0.07222879504081528	-0.036996208053168396	-0.05365942418353781	0.08122226376494912	0.002308236988910519	0.006194486953075644	0.07964158381510208	0.001973824742773212	0.016630286998141067	0.044212867278099775	0.09301721889585828	-0.025298214558934776	0.07117876718583614	-0.08052088259156699	-0.027263746814556136	0.08657754550813906	0.010254217957627342	-0.03785401603399843	-0.018571933213469834	-0.0021647078359882826	0.003864348781139518	-0.045530777319985755	0.06804100004480562	0.06279202128418257	0.005822390793847588	0.06359979818920379	0.00932537867808234	0.05874576442929906	0.041551055206100564	-0.031290148948586595	0.007501905257131632	0.004258806336192779	-0.039072464910538375	0.010865302829968348	0.061104679869098365	0.004302970082015879	0.018413552167730524	-0.004702279752747754	-0.028923084692382032	0.002474031657280216	-0.034324992013523986	0.002659479066948956	-0.018087818587048998	-0.0005547061257032014	-0.006086512044785432	0.006306597252245942	-0.015385586372284713	0.00380162462865997	-0.04332414388092896	-0.003947982358549637	-0.003352884098488626	-0.04232483591463848	-0.011867705649297913	0.028340853571586413	-0.016227923834885635	-0.024881669395549724	-0.011758775122011747	0.04292832740451004	0.0067058380316710525	0.008034209428765317	0.03349741400100297	-0.03248743395804621	0.02411104327682801	-0.008467343380959948	0.02075071687832526	0.015109267911360129	-0.0056897913373584	0.003604696464339228	-0.0	0.0
108167	-0.16536992598519654	0.3235273988327358	0.10038942559215919	-0.15279785465791584	-0.09342068453549868	-0.029595925735701106	-0.06359587485793472	0.003182618630454662	-0.012540385058081941	0.11005380826967393	-0.011792907451302431	0.006023981478980602	-0.01059355928778302	0.009411528225027308	-0.06158256207523996	-0.026474484155646558	-0.032280276057162736	0.05525949743928928	-0.0151423533324612	-0.057903311223942475	-0.06883262305826329	0.0437176348994851	-0.06223867318715832	-0.048526305924220005	-0.04021647116402133	-0.051552121468595044	-0.02998048580742672	-0.06542214776485117	-0.013543395010139245	0.11178328780871405	-0.05815870148149	-0.015018641514578624	0.03857273863289796	0.08613605525736136	-0.01689620452790392	-0.011818457158829026	-0.10478213929959387	0.02446350966412548	0.009200726147244355	-0.011839427673186012	-0.09523434220742424	-0.02909536933169814	0.04676493266378848	0.030379782060125947	-0.03111784661787773	-0.07075432003825113	0.019440249497575942	0.011807953413560657	0.06786649987280767	-0.009997721047455544	0.012855390710350086	0.02770512464259015	0.027155886797806898	-0.026621910822499595	0.07102327287774969	-0.009714648120701363	-0.0018591963085998352	0.03701395710550989	0.01500966468038418	0.05985320619044454	0.006118143170621341	0.019954266716163824	0.010167929636257473	0.006046518263329347	-0.007297179353840792	0.08160574236858643	0.020810504086407954	-0.026317774403284044	0.011977138565496743	0.014747258313042442	-0.01897266346502542	-0.025615904664087644	0.003966332846404343	-0.0013762789382878093	-0.006114554857999464	-0.008229504603218871	-0.016003789789024392	-0.03933162939315101	-0.012931870136079061	-0.03651730146700868	0.0388818470541298	-0.0014237992845121234	-0.025024348970403714	-0.021610625102100097	-0.02903138256645273	-0.06790327200405889	-0.018677682725704425	-0.015616020673745824	-0.017948482695547715	-0.008102295716348863	-0.05045611820250566	0.022538347718124813	-0.032861229032273925	-0.028121273064464342	-0.05874938846441997	-0.033687365372298037	0.0013030333954650902	0.045488531737409243	0.043517048327579126	-0.013380789500728747	0.023291344338556674	-0.0016978556943327207	-0.0025427331389828002	-0.0	0.0
108168	0.3031917166738537	-0.002053969876781196	-0.045229999593610036	0.017324001642238872	0.0739979059757798	0.02412439642406229	0.050898906578046625	-0.0617424013178681	0.014758633244908993	0.06470938232363842	-0.045379021501454335	0.02245538889002255	0.006817024370898822	0.001973067937698436	-0.019450822958349778	0.023043620167348792	0.06209480140246735	-0.05442925263695017	-0.0655927980816202	-0.006616335853620336	0.019421402279584325	-0.07521248141144242	0.010541016153364115	0.16890486143207198	-0.09771330891872665	-0.008381102131799191	-0.04799717001888906	-0.05520394477407563	0.06236391813596645	0.07442209861089012	0.06957060410361068	0.13653295866970958	0.04652599205737017	-0.08274856512677413	0.004853745043915303	-0.027700135697664188	-0.04836851935865098	-0.01472347120114474	0.009226096167298733	0.043615908317396514	0.009747820369380525	-0.03480888090898942	0.05694505979633582	0.05632065690821978	0.03061790699714847	0.08546096946657042	-0.03047000566242291	0.012310537731313997	0.015000786141176467	0.08478503396605777	-0.006613768446859999	0.019457144064453757	0.05426554181661881	-0.0127890937282903	-0.03964484437315961	0.0008952767251650018	0.026992682984611438	-0.01498782956912993	-0.016535666971115543	-0.022805564247827356	-0.02342163283741069	-0.02645428761251949	-0.024376427185040107	0.0009356276469750408	0.08020518267814042	0.043729225176207205	0.007249100178785112	-0.013073689808481413	-0.044898287733480285	0.040990892697685584	0.00010698737789875417	-0.025333729539018728	-0.05956056172150197	-0.05641780812125826	-0.017981153675654567	-0.013788625763035838	-0.016690016993398945	-0.04660036110205624	-0.10053093657056501	0.04500480799979047	-0.016329831691773898	0.019430787136446862	0.01649124141094593	0.0023986081413723127	-0.010580650995418713	-0.03635857835673503	0.015737248509853172	-0.03238319156868801	0.007887856167951781	0.03040286331993511	0.022594926287441867	-0.03384320812874887	0.03553700616784244	-0.015515762218238591	-0.014328142116061947	-0.015213441818013717	0.020133609319756756	0.00809051533614291	-0.005356290001791834	-0.0030146430375468276	-0.001353286990224235	-0.0019900399707091583	0.0010980457399185194	-0.0	0.0
108169	0.27521416142300525	-0.14598206422653864	0.1370319225149377	0.10105622136511744	-0.1584401060447353	-0.044152369525947636	-0.03936797606845796	-0.14984027864595129	-0.0683017693358954	-0.026806850437446413	0.055985227104023066	-0.03329642857902147	0.012799449170779846	-0.030916057455292002	-0.08435436927559352	0.01016253735331736	0.021431911871259604	0.1006904037253373	0.013256575968461333	0.00014722288556436925	-0.05970339716707722	0.04137775544542093	-0.0032801648824192565	0.02694647598830715	-0.054683828225717296	0.0452658626803209	-0.036579068443105704	-0.029447792597562264	-0.06874474484861048	0.00648684794333073	-0.15435584514130452	0.017076299463647495	0.051844935087800054	0.012443476040582976	-0.017496402403673568	0.03370792826716402	0.06007334594075107	-0.06036798670874157	0.012755694745198855	-0.1450268712497463	0.026396846302138913	0.025453702732853297	0.07911273801031714	0.04449249787604162	0.07058004840588732	0.038948047058724566	0.11391563637055027	-0.020226463766797934	-0.06552245584400776	0.09843960393333738	0.001672656774621815	-0.10518812791200244	-0.0463965694931052	-0.004604513349675587	-0.023410676710631375	0.06531353361753141	-0.0019170163372373879	-0.021697063238119922	-0.007015990141937916	-0.08353317050141205	-0.024002332257724388	-0.0404806764880746	-0.055737107715317084	0.011001682716722236	0.03217255002804163	-0.0018220980161551949	0.060711443147463344	-0.04354894123393107	0.0468110862767472	-0.009270680744800011	-0.0002750003376105128	0.011235973761167518	0.0032788384639761813	0.0030120922598503366	-0.027307611968356883	-0.0297150457774109	-0.0010363435314931567	0.022333405317029348	0.0075511891324418655	-0.03578878004452494	0.003049305338363014	-0.018866723911301456	-0.009671030040428208	-0.03021001993065397	-0.005135933031567425	0.005561258976147936	0.0069957093447612344	0.0016228211493849781	-0.009050216490248234	-0.011221311622962572	-0.007671986770849294	0.005486038761887603	-0.003052743029114895	-0.00522904073529987	-0.003426477088496691	-0.008252516796114091	0.0066133112578459574	-0.0005495350710337357	-0.001600028119773195	0.000839358202409681	-0.002666940116469679	0.0014734841046367725	-0.000521091420494302	-0.0	0.0
108173	-0.2786960975814051	0.19591866197946284	0.11725619344037781	0.024480685338504882	-0.033882766191400834	-0.029028374074550844	0.07318777657160319	0.030309002073250105	-0.1283984538690952	0.07351141842584351	-0.15701228461220207	-0.08968233383178117	-0.10723103151851275	-0.11438764855599372	-0.025735305270695407	-0.04368449190425317	0.0012853643965085586	-0.07999037067001157	0.017970008308927324	-0.03288003005169429	-0.03300941942229959	0.013137640128722703	-0.10560423574761632	0.031205188082738356	0.041279533089448796	0.08015660792820946	-0.038764324111149315	-0.013278294476564709	-0.09034051123609298	-0.08375161951283133	0.12690424536915107	-0.0735589533478091	-0.0759632082819036	-0.11296104558646247	0.012570837378714571	0.04608521597084459	0.001697644634351738	-0.024582772447315854	-0.10849228020372188	0.017520814360328076	-0.008872026553544726	-0.00660077735909778	-0.029991036335901996	0.0461824579763027	0.04937588386445478	0.0773345818955388	0.07020256992006686	0.009324793633629464	-0.029663122406039265	-0.04851440126006259	0.05487165950958327	-0.022923233940917883	-0.029062570934778813	-0.024869949619159976	0.06571626742087373	0.047267825309011434	0.027181253901164344	0.01722579425652226	-0.006443531350900718	-0.03729661933183501	-0.004584542186827781	0.03674326480897984	-0.05196679923422136	-0.005940427877656437	0.03342516979854302	0.025317650519597303	-0.03794673848965026	0.04721473230808615	-0.009992670982803115	-0.009550967686760921	0.004665191107889566	0.021417530428940634	0.01645949007746348	0.01904507177837897	-0.0025237332645615166	0.012403978910838375	0.014094305538903397	-0.012161108522871163	-0.013200686509255438	0.018993647317659155	-0.03776288924891296	0.0029460953934011616	-0.01841466711131397	-0.02070013352410839	-0.0008959195045159151	-0.011921778501833232	0.005624887722549245	0.015393744026503273	0.011329702180736105	-0.008141037931462824	-0.005816839402452448	-0.014424676398499422	-0.029334987163697316	-0.004390687403839245	-0.040002853150424705	0.0044464837285868855	-0.012212429184051066	-0.027460667444385557	0.038174445534867055	-0.02635257602268305	0.013891864416656746	-0.0019742902813877482	0.0030183124468576893	-0.0	0.0
108174	0.317385159263012	0.06067169444520622	-0.14205712134639117	0.027393592842712075	0.07824505743761864	0.030044562434485965	0.04812967718274525	0.00917663341804243	0.026863881923661948	0.06116540954510613	0.03700181318393323	0.048277627856883054	-0.002558262187214273	0.02967122039036809	-0.0545144813710879	-0.024143267291484624	0.04118067760052354	-0.05291574921865147	-0.006615256128203929	-0.008763963334421303	0.017814395500842076	-0.03880658162704366	-0.00755775607689222	0.031155020870588548	-0.07602630838867418	0.03384260664789307	-0.04008736944794705	-0.007746854708564782	-0.06908878412177041	-0.00618766709588746	0.02906921594074827	-0.07660302672331011	-0.011341361412162843	0.005606446742170782	-0.06213427891839518	0.0892728595166885	-0.014094206739802934	0.04874868962813734	0.01754590508672107	0.003329278951503877	0.021640176449337186	-0.013942031833958922	0.03242113036823068	-0.0479056179607346	0.12369651991457487	0.00939097527052651	-0.023640174352248834	-0.020124891342388946	-0.015173596698964002	0.01401376712113994	-0.003115335335773389	0.06302910697002018	0.018742277433214816	0.06128034868208786	-0.0429804865399905	-0.009562288680762322	0.007527033331144461	-0.0033440323798468864	0.04787088339382251	0.07359247374325588	-0.013636220772267888	0.04076228034526302	-0.03572233857907641	-0.05390313841793643	-0.017128531718757792	-0.04541008816514409	-0.07370155616175432	-0.020179090509014706	0.09827849744184965	-0.014325885375553122	-0.046671649744875164	-0.06146435043335774	0.023754535877089367	-0.018093367750783695	0.030494590060331932	-0.036398701665715925	-0.02214645956372064	0.0650815428920559	0.021150149850468966	0.01267487332752316	0.0764353360777807	-0.0498436727486565	-0.01770893856449133	-0.034964824121356625	0.04145641361176564	-0.013268807625008691	0.0208013394980928	-0.008509878604421369	0.04268318464080833	-0.0478330978634365	0.033461559515379165	-0.01874973300934515	0.009993683165439086	-0.05223731900789808	0.002033117937989996	-0.04235068711798435	-0.013387076659840976	-0.0011168722982656072	0.007977640427278474	-0.006286562650258143	-0.0057505008111398545	-0.0032273946755769695	0.0012758488672487923	-0.0	0.0
108175	0.3203622269221374	-0.14540466880673408	0.14165287490052203	0.018144690007750174	-0.08774371989714351	-0.036973869922365336	0.08182951958691279	-0.013756134104920067	0.048809400422995364	0.009013131629959675	-0.04675372530744594	0.05116570909908285	-0.05994746189412614	-0.010750414064807545	0.07829263105422322	-0.054400637858004045	-0.009985717391317386	-0.02357224064746024	-0.04889324388520377	-0.07952263462520005	-0.04869069416646952	0.06066991110599217	0.06744389072088845	0.06965734150670365	0.015001127548151777	-0.006206683063015536	-0.0038514267742696708	-0.04772969526489558	-0.05157670405765797	-0.06060657019860706	-0.12735509368868178	0.02133673415613775	0.008044609680044161	-0.06056017324451908	-0.04250305472328506	0.0044412212054247635	-0.07955890357195068	-0.05313526302703797	0.02492882427888358	-0.03686508275676955	0.057558782634765694	-0.03917916123015945	-0.03490893879368764	-0.007476041991931167	-0.011758692331896494	0.07083579883848444	-0.06396643341674987	0.02042773560488089	0.052297682079348186	0.000137294486826302	-0.03445082483117802	0.08734790765810901	0.051231959937354375	-0.06310038571580973	0.0685821874468702	0.009090509508113173	0.06051517258370547	-0.05468152955738519	0.018013648169469765	-0.02852845763533194	-0.04741166715751274	0.0942657489487766	0.02194097715106868	0.015112960450293398	-0.03770145706526066	-0.04722638793357451	0.0011869175580450514	-0.06103936366690536	0.0179404584067548	0.06334502614622846	-0.03480091250672889	0.013749396523098577	-0.002069322366691601	-0.05978891161311976	0.018853863675723392	0.08039827237274469	-0.0017224728674498564	0.011473852394491627	0.058760859771165436	-0.031764819023975696	-0.021061428976933607	0.034432253962533584	-0.0192746958867604	0.030070982299582143	0.021069955313787095	-0.025662980162504217	-0.0066227714000132495	0.043560466554491854	-0.03004459821979935	-0.021236051037265318	0.0075481325420259865	0.004185477866796023	0.004784090282856799	0.019058704231170488	0.00942489092203805	0.017184069373053366	-0.006737715006992498	-0.008936634688002737	0.0036206518456105164	0.004415067559212214	0.008388293432216665	-0.0002777728417215876	5.077280360577513e-05	-0.0	0.0
108180	0.20844136983940795	0.10478206870322111	-0.2188693678289818	0.10752069459436196	-0.041291309619915686	0.021783454732788365	-0.0041505305883450215	0.012968356286981961	-0.018537878302725103	0.05446996054992087	-0.09670933991324414	-0.05483376147356872	-0.0017856407223585643	0.03265568585770811	-0.005722527515178188	0.013502289729359232	-0.12223800519288974	-0.013732733601003938	-0.0076842355394793	-0.03832383538189393	-0.04121934439483704	-0.019075485732867936	0.10827018921903146	0.07201779733219142	-0.002464966106851254	0.009831666824963304	0.11336741787838286	-0.09286264712164094	-0.11259397843543592	-0.00455516343667207	0.12576485549729585	0.006617699536616079	-0.05069869508558239	0.09275597622996506	0.048209397280182295	-0.09923856473268648	0.06701842489777247	-0.08063481402868738	0.013371935936480476	-0.04025693923220526	-0.013019283569905223	0.05119438676293852	-0.0336488888277893	0.0023487703212637704	-0.030427215592822802	-0.009371402144003478	0.035300081579706474	0.03269392929321651	0.06487922369450236	0.050682816339914075	-0.0012072489129013346	-0.025573961768121486	0.003424333243393584	0.09355743654917217	-0.026503683024619015	-0.09853200386098669	0.06950710864713933	0.030981549502129366	0.008329357235526809	0.0023294192508793964	-0.046911750678301244	-0.06978909186914148	-0.02261381714804812	-0.07765051142621457	-0.05792373039831623	0.047673479071001064	0.017249849955800003	0.014144599616741142	0.021958562216547312	0.02181783327882023	0.007059352899014699	0.01621830526317228	-0.03397865294730546	-0.03388425537131706	0.023802850480490818	0.011586902184666542	-0.00907688460043045	0.023793375557249006	0.036986063221670286	-0.032373973997410564	-0.01570076427707379	-0.004473296172614068	0.01856967904838138	-0.01689680510379419	0.035109729096145965	-0.012845882805782478	-0.005086812043540181	-0.022245855994606593	-0.020915205156087555	-0.02030510096429305	-0.005273214897711333	-0.0029999013124161647	0.005865220589210534	0.020322918480351414	-0.01597953233765113	0.018813352299599864	-0.006214311465285937	0.0035384930415299624	-0.0013366516600579136	-0.0002518789783349998	0.006964993695578442	0.0003151201526401722	9.20975613051733e-06	-0.0	0.0
108181	0.32497828909581983	-0.12426588625154109	0.14025309221276536	0.006724480336486505	0.01771118783159571	0.0015850836201337626	0.020635210715594987	-0.0016892068951450208	0.025214402123328077	0.03330711641122191	-0.022342350325654462	0.039998913042763526	0.009291179057182467	0.05509567410860438	0.009602185394049183	-0.038229319314688724	0.02933569263439346	-0.04256290032329316	-0.02234607038058252	-0.019330549357894508	0.003601580042349181	-0.013633322314330398	-0.010808235043237267	0.027649883867872743	0.03855026961613041	0.06785470325286665	0.036071297868822884	0.001584469676906869	0.024062812724261855	0.07705526154692328	0.002601708540131479	-0.1205308513228101	0.11531841249445443	-0.03979435252344147	0.08501938934283602	0.04718392438543504	0.0646191315171067	0.04847974397461822	0.0001007866620483021	0.07823352688480885	0.04173219271437145	-0.058126196291356576	0.02661116664582384	0.005746676289769267	-0.0411445936033409	0.006833143154037255	-0.07251143949693789	0.10202971729265072	0.020302843601829507	-0.012818597309226007	0.0007286286324548607	-0.05654123662293228	-0.039005271716746746	-0.011037556568665471	-0.1298384473669992	0.0362284006037701	0.0792538556740233	0.046439881637235676	0.07021064894383423	0.030764310908851417	-0.042210769896723	0.019031064963421426	0.022600180177104544	-0.028593117505466607	-0.04574716114188913	0.03351429308719451	0.057155157960255505	-0.026488681205205436	-0.006889157846685583	-0.03804523032358291	0.01453670312609729	0.045900407471919154	0.060211635544104754	0.02645365385052975	-0.09299911049804441	0.025780993872139422	0.0483586120618254	-0.017425553780254257	-0.014388781184529315	-0.036120424970322744	0.01199638977843352	0.01825634416356273	-0.05908650508387096	-0.02423616150350067	0.029120788574273488	0.012577689841440446	0.01875842573934955	0.01295874860063282	-0.003715781178651177	0.0026744423094315407	-0.028783403253098486	-0.0059496247182957785	0.02219765625968559	0.010063171683153444	-0.012785798333397215	-0.005690275679404846	-0.003109909720690348	-0.0022678505816650916	0.0014800888309383716	-0.006377768277674443	-0.00030872227773076356	-0.0023142004065066593	0.00047254384851000484	-0.0	0.0
108184	-0.38155594006113913	-0.34565024721128423	-0.18215837242507937	-0.10227850094504373	-0.03924656205947624	-0.004537539098655489	-0.04608425119148308	0.028558497107990143	-0.0475814672129301	0.049583181342348084	0.03415184094185942	0.06150313340083205	0.1008183533265181	0.024440599385121466	-0.02491395507888129	-0.005880199624444174	0.028274719494367828	-0.049062055147456554	0.026018622436826448	-0.000976209160757641	-0.00308614451005919	0.06593612163568839	0.013494612970082288	-0.03815284121049359	-0.05895947066435384	0.03317277531525299	0.020731438992380516	-0.03972841800331167	0.024851892986440135	0.00027289716278633695	-0.015592126907453199	0.004412172985334185	0.006183604965803518	0.04615465331743187	0.012277262287968388	0.0143650237833056	-0.04441925359967718	0.003347801348357897	-0.01165395931246552	0.009418442311631418	0.0016462091562382934	0.047298862007165335	-0.01667280977089378	0.032958316127833946	-0.0342384687246769	0.04111445820900966	0.03502664470709046	0.08698766282198485	0.025571835429907513	-0.02213246632540733	-0.035311456868582135	0.018199735472665745	0.04956330470301388	0.029278030037555955	-0.025003178699546637	0.0396929708645212	-0.03924800157483198	-0.003758562006302831	-0.018252317787832636	-0.04699987980020166	-0.017018500414632026	0.0028765815725401702	-0.025283336869099296	-0.022471251321750492	0.003178710297670905	-0.011199588514691921	-0.005820986635133495	0.06758856325626307	0.02090928416697529	-0.02087603413927666	-0.051276875193385474	0.002380037189934874	-0.013274976214620414	0.004801940477772951	-0.017704168650812813	0.018801040178682806	-0.015607072511276913	0.004792311880977509	0.026864396304486924	-0.0038691317931760327	0.03781910939230028	0.04735248289563952	0.0015634556405963497	0.022559101753167735	0.007330725212325888	-0.004849009718785367	0.0013500983599210562	-0.048175461095465624	-0.02543705991473461	0.06417821649250707	0.010013400192486229	-0.004556557148402878	-0.0254253211802624	0.046256691551226296	0.01217367527810871	-0.06257653327298018	-0.0010521567323493258	-0.06746516800257206	0.06505861712080409	0.008652340012001556	-0.036969317305066765	0.019273494004555677	0.025376969122505387	-0.0	0.0
108185	-0.1737184227688804	0.27474802918309393	0.07933966999438652	-0.1100038429275917	0.024470327253602073	-0.23473443879313832	0.06442174021512347	-0.030490650490623803	0.0026294920225457897	-0.16656292050653163	0.19922241953884776	0.036658327683992215	-0.027114841488257654	0.057360321781817894	0.10684157237792109	-0.053506996048519155	-0.05408658578929517	-0.038578211575226645	-0.09511945727961767	0.03358070791677515	-0.10035468660753352	0.007791926984438068	-0.02830061534930519	-0.03070643273769021	-0.04616856418724678	-0.030762980020974214	0.0009191401679117472	-0.0007328606610424673	-0.0552478462780966	0.041843312726684755	0.09423105683251148	0.049385248028799816	0.02076340737727925	-0.0016920767438157159	-0.01363797034802613	-0.02353479987967638	0.00826572103700841	0.04623857312895555	-0.011400204992959795	-0.03919896084373923	0.06851575414388152	-0.04466407677857573	0.0045559757423156415	0.034653186869441056	-0.004448749649588822	-0.0074448544800134004	0.007304793233701786	0.03650755569087708	0.04290337886250938	0.011543620391615297	-0.020114951932007005	-0.004159886905270132	-0.011077817114773795	-0.019499156471307788	0.030637718880588957	-0.010297665219303972	-0.025754734954988017	-0.02534218963606725	-0.043185389838013184	-0.012037697995351327	-0.020291434111613806	0.006382246190073482	-0.02810776270396377	-0.0006390691879633538	0.014095109160267521	0.06686410586150268	-0.0010110787243652573	-0.005768535897047628	0.014332850448726274	-0.0006319220555124084	0.048160157610834475	0.06357316484189446	0.021027818202455854	-0.005294539006314967	0.027707855604987404	0.004328441299583099	0.017271632578423176	-0.026470212627763518	0.0433182756277973	0.02252328544423198	0.012628711215048837	-0.05104181502850965	-0.016032476318686414	0.0012621105983436135	-0.006502008212089634	0.005350803915751629	0.011779994493622659	-0.010816573973568389	0.06722394065511922	-0.01126950581949686	-0.025754231407409053	-0.062440966360648546	0.008409653645824418	0.03830798754042284	0.0587608883726958	-0.03380193117305108	-0.039056379357868085	-0.0071689799854616175	-0.005201101481123754	-0.011649963110978427	0.0009939090700203258	0.001748991869407389	-0.0039782258800750946	-0.0	0.0
108186	0.2567088040124097	0.08459765671157277	-0.22426081486980978	-0.003465220623673689	0.059112322067158905	-0.01956487467659131	0.007798881425971372	0.00015418843918757312	0.027208950396563743	-0.051873772678199565	0.04753525538314697	-0.022935722949621425	-0.024931896612318347	-0.02736486276853199	-0.052683001119563394	-0.012628241650643177	0.06103199302057668	0.015403029123940471	0.08137001663492215	0.011247481074226087	0.017772502851562417	0.11157882752093884	0.00600213649758969	0.05428450283078626	0.11018830446377957	-0.05587109740585413	0.007839242317972719	0.015675117867679684	-0.00636911555171659	-0.050366235891747414	0.07806726055438455	0.0005502119880858889	0.00948955253006767	0.039636449554995366	-0.0011001222427187713	0.005526581588260423	-0.01357047657953835	-0.05246284778955854	0.11020053550220124	0.044945322657646725	0.0835815405630254	-0.028096638875217295	0.041667965130634116	0.015557966719452004	-0.02767297067202491	-0.0187714145762913	0.0819878200364205	-0.02380880903364142	0.01909151541068225	-0.05088821283380145	-0.0012984947130583971	0.03196306324673173	-0.00596571312725796	-0.02770224790061644	0.020147404488169342	-0.05000398553197185	0.029636970335989353	0.0008001391029647591	0.009465705773263545	-0.01813406277139444	0.06380314414455183	0.02829559241175106	-0.03686872503127003	0.03023132852011134	0.011241475813606077	-0.013939332290724788	0.019255781963174422	-0.01836339959979888	0.03890647931472157	-0.0317810997886844	-0.05756864174870609	-0.012414298496031585	0.024826330657592346	-0.05107089044911294	-0.019329999165202432	0.10229186617655857	-0.026925582401931852	-0.04658594480852545	-0.04450099348388409	-0.02062891523648318	-0.009628438629367877	-0.0642315284809432	-0.024818329666738952	-0.09105844253225283	-0.0354855306977602	0.05557416215194578	0.04208371804716082	-0.039487306507107224	-0.019196658315208726	0.05268118758888062	-0.009036971005581535	0.01845258513004716	-0.009338298544265546	-0.009076152989832983	0.014417078771166776	-0.0019071162558513515	0.007780428792458461	0.0004363047189374246	-0.013286940221773014	-0.003178282620255033	-0.006448560097579985	-0.003774037782816196	0.0009437122053293201	-0.0	0.0
108187	0.3139937290962945	-0.12616712115171805	0.09531692280120016	0.08290729445200067	-0.13928718753382036	-0.048234939150180546	0.04353236473379466	-0.020655104802755005	0.013593171986061223	0.04156502146342386	0.00936747817450714	0.10739137390160684	0.012026648486721228	0.023404345875479397	0.02329839643825596	0.0033970377396812324	0.020332921504773907	0.050670526831102104	-0.01453105051084466	-0.04667988548198022	-0.07037989094068652	0.021347589910389264	0.027384065079359483	-0.04179086385613498	0.06421731066135423	0.07630160662743325	0.04783516478738418	0.08240900637409848	-0.042418580051047546	-0.0931785913178659	0.03150736766765667	-0.002249949749358046	0.041349876749976394	0.04726660579430794	0.02243882874682689	-0.13146126093025756	0.020847492313197817	0.01600623294400106	-0.03603538742753082	0.0829617797993494	-0.06845642105394814	-0.07102711273071505	-0.022747559441204924	0.015235334963904052	0.08328389374442062	-0.024460369507002838	0.03570284253453732	0.03940872235861378	-0.013364378961741034	0.00905458950811508	0.03871929416368895	0.02027084384676418	0.03299412011704686	-0.03409885913477254	-0.027088501586162855	-0.10780936198010717	-0.04599187417475648	-0.031159485566282476	-0.0024288226220431355	-0.023723457413054243	4.335969544040977e-05	0.01071268301934268	0.05687603313959217	0.06493158584986067	0.07432924723867394	-0.00851207488213969	-0.014939786941534715	-0.026366383633932712	-0.021983831182739798	-0.10600332033126897	0.025012327870922363	-0.04251194011834921	-0.01834346015046055	-0.036672402139102084	-0.049352116918048	-0.027403189353237063	-0.0483567558734315	0.03408117713051121	0.04910580261995957	0.034598233025635125	0.00598521183669991	0.04800968723781228	0.006066059862906927	-0.03606652547977114	-0.0408141104372838	-0.01073925205321018	0.00937774283012976	0.0206319330875816	-0.001180606991695633	-0.01850707577983279	7.680549842617054e-05	-0.005379569150729701	0.034674372949229815	0.008996779385719942	-0.007082234913822454	-0.015710170007593602	0.004708517773198741	0.004593832386251271	0.014318186962894776	-0.014722548599678044	-0.0009286086291089131	0.0028146530245519875	4.774639680221189e-05	-0.0	0.0
108190	-0.3739415359795498	-0.31897036059305794	-0.15972283531866407	-0.09497358162196448	-0.009545067853508553	-0.0731920178293482	-0.03166098190380172	0.006072696691879976	-0.07502409957062924	0.0828630837640003	0.020895707661755705	0.026846554672515326	0.14500276693620395	-0.0042493777518028695	-0.04001735734667196	-0.07822834566147183	-0.02686456768321525	-0.048964829803658155	-0.015808854821589727	0.054604730539378046	-0.04111362995052289	0.0551580797897382	0.05174460134872961	0.058888635624452505	0.03314439548322951	0.005354830218476004	-0.025641449693370736	0.006561581335732913	-0.003373947212989626	0.003374379644692455	0.00635100799924536	0.00023732012479642543	0.028741057450375942	-0.016729511681122952	-0.03948902229705015	0.03222558338947072	-0.028663324815321363	-0.029310064164336635	-0.08966513126329054	0.036613277288354514	-0.019126890119993807	0.0228139420526447	-0.015607286494553077	-0.043145879651847505	-0.03870667286424308	-0.06579197754852724	0.062336110529109326	-0.003196430542359101	0.02595957848393552	0.023521333233600998	0.002889099320958356	0.029652828194469048	0.02515061615761058	0.03164259018848003	-0.03444220147097438	0.0306553181149323	-0.020874813663811376	-0.022114464297024884	0.0057221868545124085	0.0013151681210933205	-0.00811796156317459	-0.031054538026469614	0.006809262291910369	0.022545088914784964	0.0026010754992418224	-0.022391464034459654	-0.03199375905868479	-0.03797067440499642	0.017089848986071358	-0.009272030379231244	0.015651794610808952	0.04439292158416702	-0.018944563216557152	-0.008757611931424736	-0.0021604645169028985	0.02382850456132144	0.018478154567301525	-0.015815577246874418	0.028360524802910222	0.00011726201853796918	-0.01763028586848019	-0.022730495628654736	-0.019748698909151496	0.05615377141767672	-0.010338181076285667	0.01848356008051791	-0.021211323065511153	-0.017253822608700106	0.02791798162523823	-0.009389937994220986	-0.018884293121926073	0.011519739748984282	0.012179305299151007	-0.029980185245174103	-0.034501055508444255	-0.024250078712827732	0.0643189529526295	-0.051199151304933896	-0.055521726640532267	-0.053388842458464245	0.03607908545540271	-0.03191050212485535	-0.02333118108639291	-0.0	0.0
108191	-0.12956295475152904	0.2923227256350941	0.06869931462628573	-0.17187026101116204	-0.11539511682757414	0.06772495034594912	-0.0240608427662893	-0.04945579940166271	-0.07214079047881457	0.17128647920793386	0.09361999252949353	-0.04590892363011333	-0.11995676283349359	0.11216417437203104	-0.01086720824868343	0.06046653422573121	0.07130905117676978	-0.06471576644314447	-0.018266615155798447	-0.06415633030709131	0.022659063032479977	0.02088592557002499	-0.010389255618418572	0.10672658789294887	0.04493767534462835	-0.045231722081617506	0.02442545668635992	0.07692150328018817	-0.010533691675631831	-0.03592882488690554	0.005841878122799663	0.020183623375639392	0.06506591904955258	0.04114295192867667	-0.021649672469859722	0.019334922187221108	0.06137392699679491	-0.032982968014944575	-0.005468721792681623	-0.013861286398757451	-0.09106106770098459	0.03566621088678374	-0.0025619705131103994	-0.03375104049588514	-0.030300320105736956	-0.007807602200604005	-0.04189400237484664	0.052315201157711634	-0.11025479543718117	-0.024059029621151726	-0.04905369754921303	0.03919314411024363	0.02366488428679556	0.011143969304377476	0.04692423435863068	0.024004158073526283	-0.017026200637925416	-0.044687024396229465	0.020875871604128782	-0.014648405171861934	-0.010051065475431248	-0.038636494497720074	-0.01601809118215417	-0.019080624892598933	-0.039698136710870004	0.016593788625941366	-0.009375758698160173	-0.051785622267915735	-0.035464745581738615	0.003835277111999822	-0.03321264904300931	0.004798971365049893	0.011716747852281165	0.02998761474485079	0.01830845857411911	-0.06297290061722448	0.02162563148168243	0.010767212395390831	0.03452066142732641	0.06670005403804219	-0.024898747534736056	-0.03202396982855117	-0.06856063682618053	-0.01276585148851587	-0.002892403769314129	0.002946006716338749	0.035536742296191574	-0.025376809799598818	-0.04245898563798727	0.046209709525601675	0.021211425395135337	0.005856384183349239	0.028741119189911426	0.024131754049605544	0.014160939739382301	0.01604283433514006	-0.004439050079123513	-0.012222368132949248	-0.006429059868145212	0.019696246943486904	0.01339282406345613	0.005370026105184666	-0.008653802899287723	-0.0	0.0
108192	0.258612155277088	0.10711934022776445	-0.1631177809800808	0.036326103408879276	0.1266707692851393	0.02470291301270818	0.014822839765316998	-0.05185219736896314	-0.027226308620164893	-0.0003501676352548766	0.013813108054401339	0.09520359968048776	-0.010868571873751204	-0.04781617963711203	0.02338070582600791	0.005161405325867421	0.03874525800146447	-0.034796696314274074	0.01725323211781259	0.027913407393319895	0.025381659265074727	-0.02658512760045676	-0.07409447228118449	0.009670290316729184	-0.07125983870557553	-0.06063493819656507	-0.05935773001781897	0.03750869896338924	-0.025815263245265556	0.014278973176616876	0.01862659978836764	0.018686141298947315	-0.0728086189159752	-0.006167239659969099	-0.057641577451191243	-0.038541546153083195	-0.004663808575575763	-0.04478696298990055	-0.018063260203599805	-0.009873611109143105	-0.09072203496850315	-0.122393072510748	-0.015667462608493745	-0.0181617589803535	0.04982634728107236	0.007087067441522803	-0.014552176944951778	0.058972654283614374	0.07072204005648083	-0.003040086753093813	-0.012837871624152914	-0.0017828208527709297	0.0458661513057836	-0.03418238678777758	-0.023409824189127536	0.04537582135876308	-0.005734351587985324	-0.010259786150895641	0.048576679318682696	0.00154395594019709	0.04815310470950137	-0.040327943250268325	0.024632140409569434	-0.0497868571485243	0.01951462334115018	-0.005764659838491873	0.05420821710787	0.04160297141381604	0.070512967847585	-0.024164500603926758	0.05766620968876264	-0.020458854731368943	-0.023765504475310194	-0.0008570765473349176	0.02471106305635731	-0.042616556094309144	0.028623544937904883	0.023857637017461523	-0.013356319978841884	-0.08067884425877613	0.00891218575321611	-0.025658161126693953	-0.006241004997454721	0.01684371147388631	-0.046790925943768984	0.01934031352331859	0.004394908871947226	0.06411182865697075	-0.04911729972845819	0.0433373943640646	-0.03560753649822321	0.05076616590762586	0.004157403916977202	0.02055953057496804	0.013125171044292417	0.03780741957229037	-0.0376608420879126	-0.05076075864477439	-0.01510217025009479	-0.010017275301690534	0.008966116979048939	0.002780626103141613	-0.003192080712592518	-0.0	0.0
108193	0.26988699362232893	-0.04793112313498224	0.045113818598653224	-0.016684908005601618	-0.028390170372759347	0.007285833939243805	0.18752855217742534	-0.17821849165152967	0.036638395659351675	-0.043443633422643624	-0.09312294205987166	-0.03217050602727364	0.06589010031588664	0.002060347230413572	0.021778456238091718	-0.07083327796012101	0.028527567519469176	-0.0324317452808033	0.041613458723604606	0.005477706814291557	0.10462298891475022	0.013656163595489835	-0.03469130674112385	-0.0827246623480123	0.042019752801486815	-0.016726449484502623	-0.048495072365326075	0.014099678683500712	0.029949535307810173	0.04521439863821327	-0.029686274230211585	0.06597656107928113	-0.03837043799806094	0.027391368487513033	-0.11220756309154345	-0.003094210779301857	0.06546562442376419	0.015601231162795555	-0.06933701618532206	-0.030916108548279014	0.017566431897994818	0.0006463635531543288	0.030592395300739	0.04879314367619857	-0.07207278502556853	0.054573086285293476	0.014045990493669773	-0.04598220567153127	0.022904485254849134	-0.08201500425425787	0.03297952609817429	-0.03109637031652346	0.005882363858329216	-0.004599353585646505	0.010417833571887	-0.04000577604496405	-0.02923572829253782	0.035746057266890445	-0.004863980331850771	0.030086168078666303	-0.04204147002519679	-0.09191843918541553	0.04191864462304485	0.0012717489463460205	-0.0700572928388268	0.003995040992669063	-0.0644585645262804	0.007723408936330085	-0.02192415819198659	-0.051287617202953016	-0.050534417782782226	0.027831769936045244	0.0029175012703166843	-0.00976056576980286	-0.006877937520676816	-0.011155492207581198	-0.029213798012905464	-0.02102106154661004	0.005856559761808887	-0.06671403408872464	-0.03126333702501991	-0.0007659093328160154	-0.026632194857215175	-0.012693421658789148	-0.015083601712921488	-0.0843597078908805	0.050106868896846804	0.001758176184524445	0.012166834741736316	-0.008840327793541082	0.05044108073483404	-0.0007411829912090138	0.03321753908429195	-0.006205261281753921	0.012296689482398515	-0.017691870126319377	-0.007839492245365816	-0.015067070003882119	-0.012621226201476531	0.00571148240868532	0.001611820875328111	-0.00016940618511023534	0.0003064468425680287	-0.0	0.0
108196	-0.27633194098969827	-0.17770236495284739	-0.08739236426831812	-0.02942236064466797	0.07385945192832108	-0.018479276057468057	0.011258456766983293	-0.12214243315770079	0.04010951415660071	0.05416686757559032	-0.033328480897711496	-0.13863625409531286	-0.18774454903076787	-0.117077146375261	0.04610115800756191	0.05134032301377657	-0.03581107026707204	0.03341290101590055	0.016400293138823286	-0.07206106258344668	-0.020299472925624843	-0.06523815795178065	-0.006970199254998578	-0.07930730096890713	-0.015096525236734144	-0.08280902470552591	0.09839536874472406	0.04103883677589139	0.034255062493049535	-0.004265358519274931	-0.06673523125472593	-0.0007163873381254524	0.06754135400058837	-0.0029695404325964666	-0.05047874749485297	0.03618363940505619	-0.0011907952862663291	-0.028428021759496026	0.01683405805634421	0.03205629318900366	-0.03226522931966238	0.05242590524634673	0.014062121951767923	-0.03778342380733956	-0.0333324100335212	0.07146908047577372	-0.04621519548318511	-0.008085051222084406	0.034312596736418795	-0.006378891661363599	0.02501054173017068	0.006735356743691493	0.018479567580247727	0.05302476666416145	-0.11395347032414932	-0.0004008568523315625	-0.0606466314088335	-0.021862925120687635	-0.006870557902884982	-0.07541906694878422	0.031015380638447446	-0.01168370725007676	0.0630406842851727	0.006573793113358094	0.025395616505552457	-0.023254410305747545	0.01404981228660499	0.030441308373406296	-0.013824685881828102	0.003125513855437507	0.05065515933774553	0.007552598158058212	0.05131373330293479	-0.04873186388373986	0.06675682331469393	0.02259775987799104	-0.02728814695816535	-0.026160400919749527	-0.014666917492411854	0.0099038038813615	0.02912458784193115	-0.029961959994984386	-0.004334824842336909	-0.06876886685153762	0.029292391581017138	0.0013535707410406305	-0.03081165892741213	-2.8799582334480143e-06	0.0063162877730712245	-0.025578386689692933	-0.014994592054220074	-0.0231542862668601	-0.006324099287329351	0.01679320993083779	-0.011757977226387134	-0.023187283694688535	-0.010040863109395021	-0.018787687322132263	0.01872820368053372	-0.014592287049898262	0.029093688822132504	-0.00485808843716724	-0.0032943413236170014	-0.0	0.0
108197	-0.3133160509608872	0.2204122760190529	0.09968682091202617	-0.03201854474938773	-0.04323394027844789	-0.050763118380475404	0.036631732261775164	0.01520808888886809	0.024914655594324372	0.02194644423382135	0.1109623136759543	-0.08925216651300724	-0.04843978231614666	0.02779980702615749	0.046726887222476525	-0.02709239366287591	0.2172005804453877	0.013351790830745636	-0.04200177326394843	-0.04715617205293279	-0.0027744387841037305	0.02157309394365751	-0.05250856187169058	0.11362682924748456	0.03520606920288688	0.06557463746493974	0.017094074253731825	0.02837618479908082	0.015072108156425023	-0.023641810874748405	-0.02734374813016093	0.010310859008684769	-0.12003036498336304	0.024941708392864616	0.0019266273780559745	0.034159265658699055	0.0036452054425096738	-0.04070034120602298	-0.025867536481615584	0.029811326101105578	-0.05146152676269832	-0.006932837425583692	-0.06795717739983387	-0.04479857681747005	-0.03647047738448565	0.03309447544009831	0.013249665611545454	0.027576836944879078	0.012326263912761648	0.04926952203679125	0.02971013599329872	-0.0016613008822644944	-0.0168853238717541	0.024738553879467287	-0.005062703245299756	-0.010435839251499027	0.0006024649493309636	0.07973238149118432	-0.0064287719650518065	-0.006528162139800121	0.004642669885731809	-0.006010868193962161	0.013992622509391038	-0.019969102034033064	0.04143125288042716	-0.0034598191322723943	-0.029058588948652837	0.008520381700980979	-0.002292249759804208	0.019550073951819257	0.042482464785977454	0.015274631329747691	0.0190576756375142	0.004409867338977183	0.004369639980858457	0.016791943482927316	-0.03523332459523354	-0.00881781984111513	0.013853120769906283	-0.07482854177054742	0.03748005894930232	0.03290072799369519	0.035073652327509336	-0.0015991711839707743	0.02234145436754916	-0.004830953894320569	-0.013598925137186971	0.022932417223524723	-0.010471093494101828	0.008439755912732732	-0.028184657530602196	-0.014708056851090478	-0.021374238019725586	-0.019093151755436726	0.018811832233643685	-0.060913471788800036	0.038258333764517274	0.03210542393308169	-0.060106394893479326	0.03968161233441882	-0.03424118572218821	0.0055744187000816925	0.0067627573077916085	-0.0	0.0
108198	0.25962656794499606	0.11636580396112021	-0.2202645420809142	0.07546657074047625	0.010139952651603477	0.009222767646233747	0.03389961522472671	0.09345679348592999	0.016512787845708393	0.04611288560385244	0.016737066760339515	0.015459270748742957	-0.05516061785296454	-0.013502755216567392	-0.04072938377629573	0.0144156432588483	-0.0419395528402918	-0.0069877790655170895	0.055832659939831705	-0.03477819693437953	-0.023504654005829597	0.020548380405411303	0.04744321819039459	0.05753396946382195	-0.02932436391181041	-0.061668305617296665	-0.020176716288292446	0.0021852153189608624	0.07101262612661931	-0.029553006093775498	0.004632016696237947	-0.0274720460070399	0.006167468906166477	0.06208862710184843	-0.052101339480113994	0.09696722797806338	0.049771039045490954	0.009511682566046687	0.013339304315757913	-0.02749345018161124	0.01880064715547592	-0.00499559061818067	0.038199780645918106	0.08073052660951371	-0.11896084044925373	-0.06304022434458485	0.050767878804517705	0.04270976736343985	-0.07386965644305445	0.036451490330406254	0.013786704091013836	-0.001244213369816842	-0.01692975274046934	-0.04158124174810029	-0.009244910210058799	-0.05796727545511237	0.012932030313488736	-0.031195622618930604	0.02457366001227893	0.00017402469356088708	0.08021257200719777	0.09256421962662698	0.008272456077254488	0.035102002769387096	0.013912613449974139	-0.006749396460960887	0.006536544903676564	0.11169772505169727	-0.028298288492063697	0.03620920567128369	0.0209177499060844	0.06827915127749655	-0.025619398543960066	-0.01815945161906252	-0.009442482000862222	-0.04858315392634725	0.01361874212961912	0.06860696306546986	-0.005402898275490298	-0.04192951137138321	-0.0016097934285276801	0.008607411567026126	-0.03048149067372522	0.03444483118513604	-0.017233127460542556	-0.02091822680221028	-0.028369377323104277	0.0600748523236543	0.02317439695782277	0.0038097403585491056	0.03628696026161493	-0.046344475050180224	0.041586602361225924	-0.004920004019768534	-0.004737042979223628	-0.019665343553768377	0.012133149141876947	0.013689013284864692	0.010632713153450192	-0.008191645945860788	0.0018716663405779319	-0.0012486185778528146	0.0016346140154520857	-0.0	0.0
108199	0.31937511068687113	-0.11352337578186789	0.09887281548719064	0.031284072816063886	-0.05459001493055325	-0.01565067594756061	0.13159845299918713	-0.08639310417494273	0.035947688138513754	0.03254608163649506	0.0015164046340970308	0.07490003863266875	0.007466977721268022	0.021757922628329877	-0.016767001643637577	-0.03888304755161909	0.04004660440448525	0.03362211398227507	-0.00028615634538761985	-0.021787593303285117	0.004072301660982176	0.06518333952595375	-0.023839139923239615	-0.039588924102865686	0.03007837807943488	0.02274577062501051	-0.046617460929539445	0.0600587647866779	0.054768277888375384	-0.008572788319916973	0.05655099071952057	-0.07748724051260236	0.05385793608104394	0.0062336817718206304	0.130869906572591	-0.009379402998937646	6.232547716429104e-05	0.04805596529217497	0.010351346639529186	0.0663265292658744	-0.10445750613825841	0.038771858299333904	0.06365864479698562	-0.0324929713934745	0.04465430324916615	-0.018074410621353083	-0.016419761656323178	0.004696394372531667	-0.013312123974291531	0.04585544036126304	-0.021202743716796802	-0.008526767395340546	-0.02710831387332412	-0.03363240540718849	-0.01317255442744802	0.034301064311472375	0.04518946701258482	-0.06496588979793205	-0.10238119280167546	0.011144214332662479	0.01858164477619729	-0.006658923719500075	-0.01917676934223946	0.027295308819427457	-0.03255252149777294	0.014669400002405832	-0.04361389625493495	0.07333645674118354	-0.007219610428331191	0.1072730271697035	0.00025463557479184603	0.04180957137930964	-0.013916508509853825	-0.043125289447351646	0.06312213718554766	-0.005732286320441542	-0.020269152926349173	0.026894847518449026	-0.01392307506221644	-0.05764968689946482	-0.036780551095609036	-0.014816558573955921	0.022730766522550037	0.004196658793736245	0.00370532347209953	0.0007698542228480895	0.013857528060271665	-0.06282932693202871	-0.0020136082068548536	-0.04327827508075424	-0.010533757698491762	0.06696024425853049	-0.02315648301934547	0.0050348380040186515	0.037060582324955085	-0.009597890746327473	-0.015128307376294909	-0.007547442995988814	-0.002906697186132881	0.003555854545045112	0.007906711019875381	-0.002621065506943748	9.415762998200844e-05	-0.0	0.0
108203	-0.1630474689734159	0.30608408866070674	0.014828156225902311	-0.12352706907519036	-0.10720933509777414	-0.12999521207920198	0.04629681138540376	0.05352951094247533	-0.05386011314151592	-0.018003994484601268	-0.029326040659306017	-0.019004450683673384	-0.12924278148134308	0.052522651755288946	0.012520073722288612	-0.01698032047539737	0.003784456308056333	-0.09264503650177068	0.03133348799875981	0.1080135592212138	-0.10758419282185552	0.011042183128522717	0.027084193600715255	-0.00878607460703021	0.04893313671527291	0.00902217624766459	-0.0383106413650822	-0.05025728451472828	-0.0013376982753951368	0.06688016799059582	-0.002488597041713182	-0.0004674460080580175	0.08993526039908777	0.023914549408206892	-0.0049166550260630795	0.004256519365639463	0.001326362054827961	0.07947575626773407	0.07840187024645338	-0.018180745951387318	-0.09004247524116887	0.04147411131850858	-0.06267484546345535	0.06362441523872357	0.0313701277510806	0.06378921124412762	0.03873826289253353	-0.03262151347571384	0.05467491392026521	0.016281451206519353	-0.03685325997499008	-0.05787177927190864	0.029266642450760307	0.022558659196556877	-0.03753644293702926	0.0113741299657061	-0.03697089555412976	0.08052115835121233	0.006635203763322083	0.031244178093110284	0.0010111290752303317	-0.002305295657431971	0.05088991074941148	0.061811925981145766	-0.02930995773915608	-0.054442113856056636	0.029687680760814475	0.047952664503786484	0.05806856638444459	0.01601148882049878	-0.01241853493399279	0.0010541368531131884	0.02501845238317554	-0.044129701377713305	-0.02262763440690203	0.0008850100632826257	-0.02013469705553804	0.005802076894398768	-0.016492001904738443	0.04714114998233525	-0.021371555791652907	0.029605644577275974	0.03662195429801338	0.04014768234222781	0.007688606514205989	0.05101430906080166	0.04757413150606188	0.03380709235803726	-0.03353829078633197	-0.006649353554231277	0.06049017610381344	0.010065206657961423	0.00011589419224379052	-0.03239273341703291	0.0013374011653769983	0.020366842804472835	-0.002346227195297727	-0.005031217853216517	-0.009948197054045461	-0.004945343500891806	-0.00863303948990597	-0.008961062897659862	-0.0027707925740955933	-0.0	0.0
108204	0.21247890137156347	0.13086218962004298	-0.2365988426877026	0.009789381326373893	0.03967093581907642	0.032218294957157355	0.054448889581605216	-0.013738910314017222	0.018912915165175737	-0.02341144516877444	0.06423961231681423	-0.07597808228882853	0.026846990663305224	-0.03366473904156643	-0.05764445853654852	0.03985324606951998	0.019281802838345196	0.002291006474934114	0.08984784489291976	-0.008402813255027964	-0.04075176747683716	0.054814860170853325	0.04730383923481787	0.02541759234838745	0.015610141731293499	-0.02084411685943681	-0.0319450243555347	0.02027326245205893	0.05287575692278404	-0.05786685016918654	-0.0509309557156686	-0.1835248554500573	0.008281022051310746	-0.08238172152439327	-0.10611767542465585	0.019014969577908623	-0.046210665400537254	0.056398765546954534	-0.045325467227140724	-0.12628119714065975	0.05515416529073412	-0.004224723768657939	-0.040489047249748195	0.04984070127442331	0.06259033159507253	-0.0618293773559798	-0.04206889667766935	0.10027707366585226	0.049192115942495035	0.054066012080586236	0.0009621707104248695	0.006917625828703288	-0.04075803105373382	0.023907914368399428	-0.012397445991292375	-0.01725113814458436	-0.03802386753874807	0.06205443869252519	-0.07537231237679529	0.03434058318725412	-0.011678155769226478	-0.006124015877899068	-0.004863914040044093	-0.018748728115961313	-0.025601102968094147	-0.002005485913853709	-0.0152901430956714	-0.013798867465248226	-0.05738508863655844	0.008276701680320025	0.0809867713544178	-0.046698125795794486	0.00341044687716853	-0.005979609379774439	-0.02015165034288414	0.01897658040189332	-0.037771266877936145	-0.023356085206893126	0.008622538533760457	0.04441383567026461	-0.04014923524213034	0.014489016882062496	0.027728090661217307	-0.005613579624311311	-0.0001754918498163005	-0.03796240945817112	0.006638022229353716	-0.04048843768222703	-0.01668284572013337	0.03238158361597409	-0.018304985078152695	0.027001540368839658	0.02333552663715041	0.016247553459944733	0.0064857881108729525	0.015344918937507298	-0.008927041665428452	0.0012493731265047182	-0.005358071492874142	0.0009408300129726694	0.009047333796975691	0.004182383170353657	0.00022048679974657652	-0.0	0.0
108205	0.32636290767330073	-0.09456138196196441	0.09936672857867311	-0.030925427823680803	0.024117713915749205	-0.01668919792448115	0.0816175370000578	-1.5609310009989077e-05	0.06355009520978415	0.03862639218815795	-0.014652219703294127	0.0708208786389721	0.016616078282617786	-0.016209597035969876	0.041513399408674954	0.010713791699772377	0.011778288724225743	-0.03507762374246525	-0.0479064523295365	-0.06579667903113269	0.07413344161200629	0.06705130044960753	-0.02170399107544038	0.0007693839359610039	0.09685977519093937	0.07822753481001438	0.0333876775503315	0.029283406105163334	-0.01830941348956315	-0.0012410457053737818	-0.027585051387812035	0.0868129653347207	0.0621503620717361	-0.026099424225115707	0.07817901254283698	0.011830651595294079	-0.0034680081095830213	0.07063790560797406	0.00027733083917455586	-0.09118565097890349	0.008588487528586711	0.03132849609880557	0.04807581568873137	-0.0165936100269754	-0.034704926646443875	0.002559009701895937	0.00034990021757898786	0.027459849230747294	0.04323171610280521	0.018769103456812257	0.07272855955969731	0.008195819337216269	0.006795116600642933	0.05011537010434269	0.05028319563439864	-0.06553158020253892	-0.02378182103251004	0.02095273208498297	0.07507679978196875	-0.0011370308856383908	0.006501602868223639	0.008576211390307776	-0.02959987334345165	0.06429640683591839	0.041610026307318214	-0.040511611929474556	0.0013889337459578569	0.06409544902966667	0.0421877154174377	-0.006241407934052804	0.04238242887296958	-0.013624719656936552	-0.028581344165583705	0.07610826866401836	-0.022242807212584256	0.007241206195580277	0.0007151208343367351	-0.003942521890653299	-0.019070268339953	0.036060112703894025	0.015564247836565653	-0.12672463726931088	0.04138692019839615	0.037783913065704416	0.0730549346097626	-0.04915131292787742	-0.024965085674610078	0.001382854249809856	-0.024675519569991273	0.0360435406180566	-0.0074602341710196035	0.012106575524453938	-0.01585229717865449	0.008782732135097839	-0.011049690535786248	0.020303123500103198	-0.008376009217129164	-0.002640048164674992	-0.0033630252129056167	-0.0013150882113689224	0.004990485465073184	0.0016377024570493578	-0.001730070752871946	-0.0	0.0
108209	-0.3508816183829656	0.13738975514216684	0.1346761504910527	0.20709511559201405	0.11582339601289843	-0.14874226820929237	0.04357009003443702	0.026087063987393726	-0.008083240019631921	-0.03029937544180569	0.038393007145243546	-0.014985163360304251	0.03326911447046228	0.0342749764444368	0.043327515680776106	-0.010376230106750591	0.03139439144156535	0.008361110007129684	0.008590293592365022	0.023710023774000936	0.004993859298140453	-0.06839378248748937	0.010146232582871607	0.029389981116107224	0.00915929405882554	-0.004185711768377182	-0.005453423622376682	-0.009505822904131472	0.04561410478532189	-0.0271934043279805	-0.04746534338366916	0.047881480121514185	0.02913075460709158	0.01977078153400873	0.026471786040517777	-0.0407144614372371	0.01332976822000387	0.008748291882024126	-0.002896110849800756	-0.03498153885784168	0.001660953323116075	-0.0022617563011012075	-0.03180290420773062	-0.05425443264712821	-0.024276293017054355	0.006092549849697621	-0.020123920742749022	-0.022884941168593537	-0.025002012252136167	0.011041523993164827	-0.046454014270539676	0.06451506486828022	-0.11436686331601378	-0.0578976618661657	-0.013682898052256058	-0.0254631797170465	0.013168123267201787	0.08324480446493637	0.006144124091482242	0.07776952634949241	0.009650335460210498	-0.03553499608381686	-0.06969726082627473	0.0376108108897088	0.0043127316682112695	-0.027668699817866828	-0.008452510046827759	-0.0048268781102554	0.0021803395249437468	0.020538631792764304	-0.009081093426203349	-0.019662400968974914	-0.059869725988672406	0.025200735865616504	0.012715449587033129	-0.0022223766564941315	-0.04100501000295348	-0.02858570335871215	-0.00026271343355558524	-0.01840302682643464	-0.03246697587705808	0.00627946603409336	-0.020706970711567407	-0.03867844336494125	0.005718040140721149	0.05670225820006457	-0.04880261579714863	0.01692565355964115	-0.02305420962231471	-0.020949993163547717	-0.00011680972015332039	0.0029936900567622843	0.04541069014112902	-0.007991517986027225	-0.05335146605864966	-0.038673343636806155	-0.012407139115271937	-0.06616017191328209	0.050079553805090556	0.027945208550207004	0.01897591079699023	0.00559991547727194	-0.012683003767233499	-0.0	0.0
108210	0.270466459482565	0.04481824340708805	-0.18279601707447374	0.12937587664380537	-0.028480340843664145	0.021555555655296998	-0.009396629063563786	-0.02696688364786531	0.010790801422520393	0.04491973876175821	0.0038382234722866113	0.030194349726244005	-0.023655647760566043	0.005437891036860392	0.05901429297236203	-0.10875051413880818	-0.0383301198434125	-0.037527172371532164	-0.060650096253636716	0.07713074026004699	-0.05238663801987001	-0.07764712645755001	-0.04758901852407108	-0.026514718516454518	-0.012568087901175272	0.055937451988461055	-0.06597372004224926	0.009823138502840426	0.00985367563091927	0.003209039743106401	0.01651917700754938	-0.042090069318035196	0.04228631393429203	0.07376182879316873	0.05705357025709906	0.10367400011947281	-0.026790364580221816	-0.12753688927584075	0.09722706537125335	0.034834632005001046	-0.002321190601382306	-0.035823921842004	0.016134218443887897	0.04191385679572217	-0.017773375405970994	0.011451415652580958	-0.040590648939525346	0.01344803130077544	0.04805781769846694	-0.017088571875487336	0.011158179253550778	-0.03918165905991206	-0.01850911938810371	-0.028402772061045863	0.07954383667041667	-0.04669407549224851	-0.06747113698522286	-0.04745822486077347	-0.08286064382673856	-0.06088476435972927	-0.04466893356224682	-0.07139800596884094	0.006583389582901819	0.014919461262532218	-0.07999834280199755	-0.046199851400796764	-0.07100644600580279	-0.021591382566649532	0.012080648602268118	0.015975703294504498	0.015804305033927147	-0.04512491767695988	0.02768859280473907	0.06638373518174846	-0.019472357493081183	-0.008034559657299089	-0.02085718517299891	0.027966034636426614	-0.033217787748641474	0.008240414617753771	0.003608424156493248	0.025835091780564576	-0.003792028752160008	-0.011635543329445427	0.021693924460811566	0.01876851149237143	-0.05709857740471677	0.020566602883716888	0.02968627985485567	0.05904211016208931	-0.025818732445089764	-0.016833432928794485	0.007689307601000247	-0.007435824881479614	-0.018178734306519645	0.011405773132544532	0.014113707864187282	0.004485886028859779	-0.003195486542602078	0.004022633505515397	0.003996433234441115	0.001434573667455409	-0.0015484901388018646	-0.0	0.0
108211	0.31508109092251924	-0.1013672048436409	0.15370547384026842	-0.06863329313123098	0.08183916314463967	0.01183860886739174	0.13058558084727578	0.04707080938684747	0.0517932045775143	0.038297742534388515	-0.03673514156795224	0.06464228500652756	-0.010338744823561466	-0.008666303185068943	0.023647728156984266	0.012385658207630533	-0.0009444591696336194	0.017750147178898775	0.0010912422197871226	0.00534626530323626	-0.06197377898201267	-0.019772370760494644	-0.015872108204405797	-0.06505386704118335	0.07138332497131487	0.04849967905487335	-0.024120986906765333	0.018680781909674298	0.040665109370485085	0.017742090050630027	-0.05282030577869961	0.054177827272468115	-0.002787902430866298	-0.06586420791284707	-0.012108690081657532	0.07106334887034778	0.012147733928425154	-0.01133039028508613	-0.029521389452956195	-0.0006969262566798342	0.0348253832466994	0.07483808675310658	-0.008765706457903753	0.08366956277923095	0.022361171094523017	0.02835193075648102	0.004701772785937445	0.0238156783442527	0.008732252951809872	0.016062363850258565	-0.02159330304590521	0.03423827082837649	-0.02295418425822963	0.09466222208813971	0.038840998919995914	-0.05065092799565945	-0.03742854527769285	-0.028263558563055343	0.03304083824338548	0.08945583678977147	0.05579034115747896	-0.0318013506460839	-0.007888796525321703	-0.037796065103341984	0.009364600817537615	0.04637945799018551	0.017128091274734376	-0.02541628803634346	0.012965755372339283	-0.05428808096489304	0.008173762326243226	-0.02682990714575351	-0.01742388239047523	-0.05046098188516924	0.058328145719110686	-0.022531469757897476	-0.0001105347083292146	0.04830581143535902	-0.02521998860750137	-0.030022779327587245	-0.04392323325629078	0.03585257991710045	-0.07365299688752835	0.03394495130908298	-0.019275856685349115	0.08883666083567188	-0.010573240853945778	-0.040923096619692415	-0.00783430735775902	0.0005325159354615411	-0.03610960216105769	-0.04415210970267422	-0.05860494147484896	0.03469028674545376	-0.014436791772925197	0.01510415295272878	0.024391007907783927	0.02576829344254142	-0.0002057504107055515	0.012154208850812052	-0.005988984772848644	0.0027076617836702	-0.0005807532703528749	-0.0	0.0
108215	-0.33133520177647624	0.04714275779678356	0.12207165319045804	0.1541804278362404	0.07708998391552951	-0.01606091639224679	0.07149857622573358	0.039236375941782	-0.0557560183859087	0.03960710847685636	0.017138401914775187	-0.07407331914766409	0.0856016277556587	-0.07843814072574956	0.05919784376065718	-0.1010564751391079	-0.013245756860585708	-0.02735426850382662	0.16851843868169317	0.0705917819179834	0.06470321020585036	-0.14811808603768276	-0.036420466209902976	0.0417339608642028	0.02002377380467479	-0.022796926777138325	0.04922801943998151	-0.12875724658972815	-0.05988484709347414	-0.15229698339690434	-0.020583602096126755	0.029983124660539734	0.1252638936432821	-0.0014832318766678228	0.04230387627820442	-0.0003985088061427674	-0.06378114662737168	0.01921030311226778	-0.03205875122705914	0.011801834999876089	-0.05576500867734468	0.06491897353001658	0.04236409155336096	0.043603717889659784	0.03192836909716059	-0.020717214140074956	-0.0067306962646623576	-0.022953486177354713	-0.03295786973071419	-0.008682790539231624	0.0251855078896794	-0.003089662866283543	0.0310237451410508	-0.03223350179192356	-0.008943147882118248	-0.020662716853227146	-0.024251201065727087	-0.009967522964432296	0.027893562504593957	0.03900069656117364	0.02597999611000546	0.017692023040922957	0.020892065016186616	-0.01285385426411323	-0.033907364775789685	0.013808018599712972	0.024203261100207353	-0.047000228198433976	0.00564730435979637	0.01343716608273949	0.034805564938950144	0.03213075246572271	-0.008130881388466406	-0.017647070279715068	7.942412728044755e-05	-0.017537619424710056	0.006243983756684612	-0.010817287303525214	0.02359984527808159	-0.017451970676113582	0.048301318831260334	0.00493460428168113	0.010771800779520337	-0.0018211959935496098	-0.0009730166849849478	-0.03128888026120436	0.018657922217937706	-0.002729265758537192	0.018221302186565026	0.05164733215396945	-0.024552564750391827	0.0029157954088051543	-0.014740981803894762	2.494471116063888e-05	0.06737964910286956	0.01782630527087801	0.024288334404847404	0.00666246708842998	0.011565056794966914	0.018996833083985212	-0.01600796344459667	-0.02025542406407526	-0.004565630174454991	-0.0	0.0
108216	0.2655981536422554	0.08586001366428046	-0.20264621838975946	0.10790707592995163	-0.03674177045917926	0.0009152686062442774	-0.04695017843458469	0.06014211499868168	0.010627538919959266	-0.026664965881133755	0.05460066473995997	-0.04255838976160087	-0.0006827927327837921	-0.027038437777919058	0.04076891347825291	-0.0180662087671202	-0.1240420230793312	-0.0074356261008309546	-0.0242533894080939	-0.02986579292249608	0.04493839856273438	0.05935466999806368	-0.059851570950476454	-0.003498796800152398	0.027251841800712745	0.09280584518369465	0.05028030180399476	-0.110462524810575	0.06023414497784105	0.06427977116384725	0.016221223940873077	-0.024676406143432965	-0.0026198423397284392	-0.08375995226637378	-0.0012078299734971114	0.0449383435658762	0.07940320144034563	-0.030971589212630907	0.050198190043377285	0.04490157354059944	-0.03703942635431971	0.07732206861122146	-0.004440371850591718	-0.04195221904900104	-0.013300708476347909	-0.04040850065330867	-0.01778693374373277	-0.06769268130807883	0.005956073152009824	-0.009632449794703849	-0.06637375473896882	0.005949302761305466	-0.0060132677089995736	-0.010581711172986655	0.015113308159364944	0.0460306512049641	-0.07941654473404013	0.02641429056018374	0.03643450537417219	-0.03974462336384847	-0.01081436307937602	-0.0037763294688513264	-0.0065692772655572855	0.019968391699002285	0.06901351023001893	0.04195486164455612	-0.06658581750548098	-0.004236147604913574	0.024394142037655737	0.014232544879819854	0.07458519634327822	-0.074889938787539	-0.06253260987103176	-0.02748827245297331	-0.060941195341440935	0.024770314376046567	0.02446985210049033	-0.017104399198903296	0.024661145505057748	-0.01143748930016428	0.012242007043864016	0.014027581809652415	-0.08544073455941019	-0.001458091261562049	-0.033947946832340765	-0.03251682579858781	-0.0032014302736953952	0.0039025462830930948	-0.030886825648856538	-0.035468723370963504	0.04139284112872611	0.020582367455813082	-0.013586138148058063	0.011313172209965685	0.04513048227699994	-0.004097020922166445	-0.017226801880302303	0.002677068186282859	-0.006647577740107312	0.013111777956307075	0.003033217816801136	-0.0039347759918734486	-0.0004376094027752417	-0.0	0.0
108217	0.3225127747580878	-0.1431048474749697	0.12428579266957189	0.052796985638219086	-0.15578564519585514	-0.06844700874392073	0.08695626495799796	-0.08513701874866816	0.02895791079555428	0.004670711643966494	-0.011638506143597602	0.12369225527710404	-0.015659890119730596	-0.031087624608509782	0.014118841329505156	0.015479437498955776	0.031815234950048135	0.04197204421985686	0.033747451892025736	-0.028277625547575146	-0.02082492736494004	0.04264681018902471	0.015272667801909293	0.02988914778071486	0.025925982086975996	-0.00931995424776082	0.04836286896766357	-0.018060790794999202	-0.009640798663239596	-0.05407375937121205	0.03260443035657308	-0.011168077395937942	-0.030331640454342473	0.08513203389621685	-0.06738945719846276	-0.02041742084314396	-0.0412977092157107	-0.032044316028272304	0.01854581646038984	-0.04679982172840075	0.006778929052019507	-0.003719089655539829	0.023046976616061553	-0.060808059965563765	0.03129293915715536	-0.035788440809444114	0.01673838432064555	-0.06767024565992757	-0.004918643152718638	-0.10095860959193709	-0.004058657972719405	0.025028136847090043	-0.022704901660343647	0.08197077125717452	-0.003692424074626253	0.06572781061703364	0.007020931667523574	0.02651397486964549	-0.014684041745687923	0.023023912907085838	-0.0018407259327853892	-0.004021292718501549	-0.013865868290888747	0.05898493844807227	-0.036935321383561905	0.03469627018419557	0.0071617285089450086	0.03173374369265584	-0.0013992220927314834	0.019163208762489562	0.07657294364313412	-0.02309280553096218	-0.017274115230205108	0.03252369711230155	0.05365434660839515	0.025480791346942654	0.13225117882602752	-0.013549826951203653	-0.07610830067920958	0.026036115801759758	0.06316164394698241	0.08393461896036597	0.005291421569652854	0.009518908884312133	0.014436998791767845	0.011972143545458514	0.03457584250316022	-0.008601167077523472	0.00039918133874385905	0.018955996425381327	-0.0013278227897395994	-0.03304978982317952	0.04588032449483174	-0.0018470531544411202	-0.009562294353673536	-0.008687930451962627	0.0037221927176190614	0.004011135954819372	0.003299149701967516	-0.0023312161307124093	-0.00466090142947012	-0.001703435289468926	-0.0019428597855647486	-0.0	0.0
108220	-0.32218626943331224	-0.255446273591289	-0.13523934096114928	-0.060639136360536215	0.018052572875326387	-0.1357868648349587	-0.04394094531698275	0.0077989119391241426	-0.09157237760185064	0.16979709646142604	-0.03532398705192506	-0.04830633724975358	0.016308339245152736	-0.016247659909817386	0.15192025937286777	-0.014150586129011088	0.025942865361995606	0.09934850712723198	0.059421415020619865	0.05694506160064882	0.02012747160364872	0.06130571390517004	0.01908597366143222	0.011175982051789575	0.009228291839513203	0.022886534864834798	-0.04127738887293421	-0.014240815023986988	-0.03133455633384734	-0.00414331570481969	0.009045909255098494	-0.02684852821005644	-0.09924577119051309	0.004365885586228173	0.027334783476326275	-0.05509471962675097	0.07565217205092073	0.11575876099008886	0.07672099229082079	0.0005458669818131871	0.05140844833514725	-0.11688247068212192	0.07220928974190446	0.08805104188281378	0.01721100136100429	-0.02695224939557123	-0.12948044808680045	-0.07144070516516719	-0.04881978931805733	0.06198985952694629	-0.03248011704346397	-0.017330830583920293	-0.013943550941558063	0.089464496938571	0.09358626147579317	0.01254113174443684	0.03652856036340205	0.02407819692367137	0.033799044619325716	-0.04253353492607245	0.04423621436055522	-0.024418522804831533	0.06347924763711413	-0.006107351952443301	0.012308484409980629	-0.02801345301068619	-0.017155942408813	-0.025489074733790855	-0.002495479035021272	0.019256169758587613	0.010282014985720308	0.03214900819261321	0.0020650929476770555	0.004225467850188077	0.008123903392740339	-0.018903254704038502	-0.023265451509069633	-0.01947983648188324	-0.004566954750952049	-0.004501111070620916	0.0198489677490528	0.015925892513474395	-0.012034509623146516	0.0009402236532195879	0.0014640557909366154	0.004582491222533668	-0.0007580901163349547	-0.014771321907948618	-0.014904607080813355	0.007202643941929758	0.009874661146113165	-0.006538798592815523	-0.0021485718349928784	0.011706339447149064	-0.00018039953912263253	-0.008037943874086507	-0.009474196817379228	-0.009213268651725426	0.015964814458666005	-0.013832526158415081	0.006467845804919004	-0.002590679023926031	-0.0030588480461609256	-0.0	0.0
108221	-0.40594989803875436	0.04992291606961233	0.1322260345137514	0.2129324860280756	0.09004798360460642	-0.03564327190786652	0.05094314924868032	0.07475401302528299	-0.03609539994696048	-0.06406720162551911	-0.08419731207992869	-0.014855925079043103	0.02671125834283781	-0.05922169517471275	-0.05181695566719553	0.011806822944541735	0.06143062037370787	-0.002692120815106525	-0.01842594840333178	-0.027993685259125052	0.048124224520610354	-0.03221507678705775	-0.009107805839629406	0.0073055030052073455	0.013337516447984038	0.017179651848727596	0.026380400874921803	-0.02355757697424828	0.036304149180404664	0.02715345009193217	0.016406976427528423	-0.026289531219726096	0.08243428269534257	0.023765311238218727	-0.05240151073678652	0.027117084448072072	0.033862709660192974	0.0239911676185433	0.004622030413530871	0.03059486294284534	0.020401391233564596	0.032001260964659196	-0.024138060709560344	0.004439181927199062	0.022881101650573138	-0.009944439399174658	0.026975995602337616	-0.004193271341462344	0.016258125450775054	0.005300615954568197	0.0078008348965382685	-0.047247334358250986	0.07181877648256649	0.006083476834954112	0.1009062888404512	0.015003927534030324	0.04262734428870673	-0.02874572998094946	0.010541610776496036	-0.01157798404183092	-0.025534384283934737	0.02295556904781546	0.02566827196205887	0.009907667314787904	-0.005989270763873342	-0.012776141167801092	0.02872917337025954	0.016923430471396984	-0.020761275889483174	0.023755416998183482	-0.010056591928923287	-0.06513210505687247	0.027852993270274882	0.007194768201279801	0.011473050805619804	-0.040817886174451735	-0.015285676407426889	-0.048283441652521485	0.0500750694586267	-0.039191146620772346	0.06748375560700051	-0.010245875106462207	0.014329405143708942	0.027422078926657073	-0.014214460028784718	0.05923246558198264	0.003802011352500558	-0.045693745523964484	0.0009709226341375704	-0.0014148854757819649	0.022998411090158686	0.008509372555396163	0.05090910355115118	0.0555913728015235	-0.022716158261158394	-0.016445799060595682	-0.0005481118701987509	0.01852701957427679	-0.04933507933280129	-0.03597371309239642	0.038137215276912766	0.04753657763748852	0.00981155868957615	-0.0	0.0
108222	0.31158714106407703	0.05168384685172903	-0.16455442119052438	0.05922367936475959	0.0016995875780745015	-0.006317578595349047	-0.024191856271876335	-0.046894057641091176	0.009724929621586153	0.01033186227238572	0.057090299149375016	-0.005068331168724717	-0.0235884072637313	-0.033368322765098345	0.005822514101685292	-0.0346592830206983	-0.009673895537862496	-0.1118693280947238	-0.04078355053188472	-0.06302716474763147	0.12049881701207042	0.03517253575930946	-0.00972683601536429	-0.02178985816151426	0.07992378572392796	-0.010179494191681134	-0.0221333379270169	-0.11214115831187528	-0.023156765038639802	0.03804984167131495	-0.04454885230545191	0.00468625619889509	-0.021165257546026117	0.04005185994946018	-0.023698515782206442	0.0195245022698117	0.09012946255526286	-0.03572914897716421	-0.015458917391171799	0.03870075007486307	0.04502624870913364	0.014216578057275256	0.09226963249119666	-0.013375277032571216	-0.01161024618402839	0.019444728796744252	0.01766594073115767	0.02450641088775211	-0.013717064644635749	-0.06046295811769371	0.026153936043025152	0.005277683173259566	-0.0006677514323687374	0.030619331181665033	0.028812165958843075	-0.04643909073486713	-0.026775614025413584	0.019844002252371293	-0.05078257730515965	0.03160813299098035	-0.0006997413290856778	0.02671369860768597	0.01150628602831433	-0.044792426963099506	0.07032143203681782	0.015404042690331052	0.0625486986697326	-0.05319937100843399	-0.054950376589768334	0.04290895454126969	-0.01935308152342292	0.027889101876098544	0.033356962430705864	0.019203414852962498	0.007088269345756131	-0.016213597802527423	-0.04455983468989674	0.02970882912136065	-0.02213589274884115	0.07039280043495195	0.024435786430578622	0.0389862193798545	0.05528507542487597	0.06589801343632046	-0.016540225777784853	0.04864596542175622	0.023417096652692697	0.028170299072843165	-0.00875822565327774	-0.05346031438849033	-0.07024974452621989	0.05480360006951823	0.009841318727960579	-0.023178109513187918	0.014618579626949428	-0.01572738436118797	-0.017982212072686816	-0.028822676592848467	0.013574058984121088	-0.0064574408378590565	-0.0011153576634470779	-0.004559506077173913	-0.0001467632347504007	-0.0	0.0
108223	0.3101580678995576	-0.15797081128004517	0.19252047772310302	0.038481422718568054	-0.1306613488592459	-0.03210514133742513	0.05931814908203636	-0.022218835225038466	0.028807474925400416	0.021055432753860865	-0.036234571682903	0.04910737817714496	0.006020846752133886	0.04189988457825366	0.012922126883081581	-0.035027489308160145	0.0028803485636081433	0.021305482938764823	-0.003510863791700399	-0.058294994477852226	-0.08696532232203846	0.03361960949441285	0.03900457166917506	0.013894501312555301	-0.017266733979974306	-0.08077810186270151	0.01579017404052203	-0.09582449992726329	0.03599018926397651	-0.02993428184003049	-0.02789551166723087	-0.0004476949867932211	-0.026787852883085127	-0.0466698739082338	-0.0013493657934829104	-0.0065366653020085905	-0.018286352075172048	-0.021515209330013347	0.0495741955818841	0.08561683053924925	-0.009335750372988987	0.05847618908398055	0.04892994743772506	-0.02768800666276073	0.0008695983304064665	-0.017428914513137956	0.0028886971300582254	0.00923341484090207	0.0261223538852615	0.01936771206145341	-0.01908888741153715	-0.009985528344882864	-0.03974813961225986	-0.007272548859039069	0.030584785715812735	-0.02391584653288223	-0.004051897024140723	0.026605085026379278	-0.0871053141551509	0.02024337248013924	0.0744225245852001	0.032892375944024554	0.007434545483713966	-0.15173588803068713	0.021476333791929474	-0.04843718511894194	0.0023648032790266624	0.024199439609383058	0.024783800440905186	-0.07935933325396606	-0.010246543295125081	0.01947515018403589	0.020936522434128073	0.03298664301807597	-0.00786080114713781	-0.07765890183992939	0.05302924465581371	-0.11294769609072665	0.028506932541127735	0.028270257213729933	-0.02489362532951202	-0.015672551791365008	0.01808120757379877	-0.01420562250343635	-0.0035149069053909076	-7.964520158706044e-05	-0.047922607445651945	0.017273552517222825	0.007951701999610098	0.015889632185077274	0.059907542231417116	0.00818654429816156	-0.011831324251661259	-0.02416265315334768	0.0022058428239126278	0.006795985736577665	-0.014061025714967267	-0.007899436068142574	-0.01781505742695842	-0.00150358397171632	-0.0031294341863955183	0.0020836713859043003	0.0010503000719709816	-0.0	0.0
108233	-0.32208913629267016	0.11905091937043429	0.09417221716841123	0.09639829299023282	-0.05780387040764618	0.18685104971777372	0.016117166559321862	0.021478011948525645	-0.019781900935131894	-0.07149299833741515	-0.025540958971994362	-0.038870890343968706	-0.10131176884946937	0.013157425926517193	0.06263471981232255	0.06376472547801562	0.08554252607178049	-0.09894963005039675	0.07581954609868044	0.06169204986333229	-0.08825242682747067	0.10188396462438234	0.08000892316572907	-0.09633758881998633	-0.024177752204058926	0.11286712073668081	-0.0877370938663513	-0.056546195192422155	-0.006754568127627238	0.04357521497025885	0.039101587740000165	0.034044499079074635	-0.004357136577161926	0.018482245979675144	-0.037209133920184836	-0.04974105432185909	0.010937461218374057	0.04049212121960883	0.032871770237089905	-0.017430515333984046	0.02026039861237388	0.023050654618530276	0.04679377550545279	0.015325004502243004	-0.046867654628807806	-0.012951086583150187	-0.05062609742586747	0.0329712337545086	-0.09002425446584932	-0.07451032140550226	0.0016045940939762786	0.07400621532836245	0.06499104268426975	0.013216233907885245	-0.0596658011383555	0.030020064843589305	0.023057173200127453	-0.05904878550146709	-0.04393157072367654	0.04651828173408734	-0.024460349803956925	-0.03271069195426938	-0.06886292287770393	-0.023071990373315962	0.021951635700830103	-0.047400863537094926	0.027004750568072226	-0.009304805873354572	0.007644113884107866	-0.013616560877113685	0.03088570737400403	0.0020989572219992257	-0.05631785070722075	0.02388051982427656	-0.019550113824847264	0.012886641120661414	-0.017822911802842657	-0.009320657843941671	-0.008161394418252808	-0.022876844211914094	0.016170588891787782	0.010231477553959036	0.019467098391748497	-0.04480205090936315	0.010013464505589001	-0.012607708925871975	-0.034815603805551945	0.03669452112278436	0.02141750229248272	-0.0016377777302020182	-0.003931870146527951	0.022774495732565653	-0.03207511557645319	0.03618884974028221	0.011481035201619628	-0.0031177004178227006	0.02647979508720171	0.02288353216115596	-0.012993907590611092	-0.02823244674218653	0.013309171416828426	-0.0001499655267450559	-0.0108256957419162	-0.0	0.0
108234	0.17486264824052564	0.1662290325141023	-0.28210565147159766	0.0929129919599052	-0.09388627714136909	-0.02682301344302991	0.04668841494883597	0.053865102832888354	0.002539330568599581	-0.014731816952187797	-0.0396636849101697	-0.09443992369608574	0.006637297791598023	0.026080181434472112	0.08714691539054101	0.06653655984294342	-0.03464008305664076	-0.018590148063733186	-0.09004537141187594	0.009468065481097543	-0.06557559912135931	-0.05899672027928751	0.08105330911027094	-0.04099713313324693	-0.03476343757535284	0.03844884642827945	0.09555718456951608	0.04184171186594933	-0.054945177323403996	0.021185161943350184	-0.09421579102295934	0.013114292011799871	-0.04749637741922567	-0.03330536840816237	0.06615169388812787	-0.0663134535336143	-0.024651955159553523	0.07267759027988988	-0.09649034910138006	0.07100326020313495	0.04275463957233161	0.05949922391414643	0.03888606057821502	-0.0214608587092803	-0.027635925402379205	-0.001958088657422051	0.03508593243025245	0.015663238404302053	0.014307334726817349	-0.04096364826236284	-0.06044783920736398	0.06718256734287029	-0.08561916114874403	-0.02001199106650149	0.062375371444432955	0.11171375034690013	-0.047936761360399545	-0.026701934538390374	-0.004860679950251164	-0.019652799704526852	0.00424049477651583	0.035914493649913434	0.038208258325238866	-0.02262910647131776	-0.023237931468124685	-0.019215022354177592	0.030693763587258286	-0.001822014277499327	0.000889991949348123	-0.0012162200187456917	0.0125360759834727	-0.01490329077428997	0.0005966020018243693	0.003032650226819758	-0.013190126134248492	-0.034587966827586844	-0.026549819634394227	0.045059591696702324	-0.05018203187873594	-0.05016423450254278	-0.006954687793836908	-0.03783491450990814	0.02781123137628552	-0.014919854423454143	-0.0024226242386927066	-0.0008631963840390388	0.07497891329683948	-0.014490506774473604	0.0015505853859473148	0.05038430815953494	-0.0019087255391049141	-0.006270893279832479	0.029495573446237114	-0.03115892379914853	-0.01694843290747638	-0.009263606373262177	0.011813754412686504	0.0148635889345714	-0.006259914665616	-0.01187542476331638	-0.00042762203257443204	-0.003408980845152624	0.0008449047525010919	-0.0	0.0
108235	0.2928724838999764	-0.14174811744347857	0.1685017821679947	-0.02363626947732774	-0.06227868913858092	-0.013636601671576022	0.11331749610935293	-0.07239815970281453	0.023314684499026215	0.002007605237173973	-0.07477831609384182	-0.00028809651673438786	0.053042177948087424	0.060508739203587306	0.006544469772881271	0.004152595181888867	0.053231074935310575	0.030233062772931054	-0.007126356603203943	0.018442554926440004	-0.04972550656824565	-0.016698877181653776	0.024314421150260827	-0.03686123909277724	-0.05006878377774421	-0.13093884323525307	-0.03927684807731104	-0.05783933332657954	0.06776689796643068	-0.10435659315333282	0.0609287136026794	-0.08190077540466796	-0.06211329604626005	-0.012593875466709483	-0.0490672345873506	-0.06957370625344839	0.0654323824843019	-0.010031632581737582	-0.013379968265455127	0.01112397462070596	-0.011652759251034383	0.03841351530450654	-0.02462905930005961	-0.052436527233125016	-0.02297709982815346	0.021103794204364194	0.008661611603243751	-0.05611285982985363	-0.004970842727373925	-0.004428738782568171	-0.07052586780697762	-0.01601461266673758	0.06859867080814995	-0.017776521935489377	-0.02678497949476869	0.03089209665494732	-0.01246463896196924	0.03436279596211031	-0.0005901292753635622	0.004565273656427316	1.1427917622911007e-05	0.012682861481543293	0.029877337988009355	0.021111965228138407	0.04045782675211825	0.08666582719884648	0.03802086571823769	-0.018619312790643928	0.014633518448242754	0.054685027735884184	-0.00543459411699766	-0.015229310943701235	0.01415981727796714	0.08064094168895149	-0.057453735105102745	0.04131328109481295	-0.1066267716449666	0.06332316872153795	0.0005341232659498957	0.013889501639693387	0.02018450360309726	-0.05354533124252849	-0.04562422090241886	0.03070304502210297	0.029349717457696094	0.021975910568158695	-0.03528293353842563	-0.0006278335529454395	0.028835933036474193	0.04498395974232992	0.0003898783025504233	-0.02220992788780407	-0.02040469035854733	-0.00786769467344842	-0.005455918187686895	0.021827831637665086	-0.00028799368381969423	0.010078909029907157	0.005973155037722103	-0.004325182115269755	0.0014613284960989779	0.0008949539314047389	-0.0003940167903855592	-0.0	0.0
108238	-0.367791004432045	-0.1385151890631436	-0.08809190263210098	-0.06419770780478556	-0.045342145262111486	0.08863282141516535	-0.053140087970075765	-0.04883261375100546	0.0002369958152415386	0.029733658360672606	0.039513265199839734	0.03750937999211182	0.011596584486999446	0.12368922687694335	0.1616776634653835	0.09125030218899288	-0.02521418386689599	-0.07936986614042867	0.1462359702659163	-0.06129169639820267	-0.020606852562924282	-0.009969058556845626	-0.03901560124036059	0.002396842877631562	-0.009494689924054885	0.04351832992260659	-0.0703169372577653	-0.006610900365624764	0.050638523768720814	-0.014864357655468638	0.01600003668557549	0.05985671733862399	0.030075844813006916	0.039557918687401314	0.0049683483702065104	-0.004098774088217957	-0.0019065088190032792	-0.04031699899245345	-0.015128300758767109	-0.027744879538284032	0.08873292069089236	0.010723556194495748	-0.024591479475398092	-0.12358284454915784	0.02266758771069876	0.04424959456784548	0.011164021663754672	0.00837907093530098	0.0214951036641749	0.055847997426990176	0.005131738411572171	-0.0576363389155371	-0.08907775754832532	-0.058957191632980084	0.029020449800261038	-0.011012956437502391	0.00540034239679772	0.04882443554480682	0.019396229664899813	0.004343776639673422	0.016523725694786554	0.03961827591697064	0.02512611951080223	0.003353794165551223	-0.002975134987777384	0.054945632365203126	-0.025447311279516542	0.036420003705119726	-0.01966555691148986	0.008084042670042011	-0.04466114091453424	-0.06743792284662935	0.04901307712348102	-0.022792535727599452	0.01966042632059834	-0.028952276548704314	-0.0032313863192375107	-0.0017907778164214494	-0.011080302303851155	-0.015123521287889663	0.016915906529108824	0.010160862942050479	0.0024153324291727165	-0.011289657201424618	0.004154864308082957	-0.017912398455615233	0.0002817901318779337	0.002299410011610051	-0.003282326171914596	-0.016024203459602343	-0.006772672829352996	0.007405531015031222	-0.0041419371777599925	0.02425374519276864	0.019431285288262073	0.03693005794026508	0.03495848797944307	0.006752860141983508	0.006158186013174215	-0.07675411598834526	-0.024024878325728787	-0.0039787626146715075	-0.016580088443477792	-0.0	0.0
108239	-0.24010909091017474	0.2136781176463043	0.1469957959477342	0.022022923791546398	0.030685835488160104	-0.07755014416827646	0.09664770243726409	0.011902891535559389	-0.12612781276160454	0.19466312793985788	0.14584228930934195	0.0923589857481824	-0.037257137764771096	0.1391362422760709	-0.13727093957994843	0.006103342149362403	-0.1383620618578222	-0.023437864468691498	-0.005804498149370233	0.03557405736926852	0.09553393902424405	-0.02177973450215928	0.003059765588663417	-0.054078451948049756	0.023135906962106243	-0.03011852936857064	0.10619246007254854	0.06965011510236235	0.011905789326812525	-0.041225178159663874	-0.01074063220201489	0.01780815939659444	0.027631173417878834	-0.04509714496913197	-0.03481300571380617	-0.008574252162572413	0.02975254131949779	0.05157417898658737	0.018081875829182213	-0.028041134210161276	0.06899584233008012	-0.0020712902893414856	-0.01331175547696099	-0.0017575597642972278	0.04080137038029671	0.02211895079785136	0.007230350110232151	-0.0382646476781347	0.02609610691625176	-0.011434109364645945	-0.06848609635341943	-0.0053850085853927145	0.03586880232932642	0.033914745481239024	-0.01651864208730738	0.015185009449301625	0.00393737862478746	-0.003973124861193762	-0.02946367846165961	-0.05203644098587428	-0.002536489762846668	0.008565078742653847	-0.017077270047116122	-0.04484421357026177	0.019964216253428677	-0.034600205454022245	-0.019171794261608744	0.05479544566056237	-0.013557406527049941	-0.01774910434298566	-0.06463968898667065	-0.009398549537751313	-0.05039570405124791	0.04180010602178016	-0.018369880117395702	0.03119310607850949	-0.01928494758722159	-0.023811990288068022	-0.03522380817273978	-0.053407980204904344	-0.001800448495692908	0.049630137670782136	0.012461269386230024	-0.013700238366769849	-0.0026010157540947597	-0.01777876031800386	-0.0232430466006469	0.028495389636926615	0.007954851169417389	-0.014241335908500746	-0.06399860396746909	-0.005881528138036749	0.006147790767495399	-0.020701966824749937	0.023727749508953247	0.03409598181352904	0.014739025769517867	0.02324577230490312	-0.012810215146217307	-0.008848396122700006	0.01795967199431491	-0.004963817831391063	0.00992264211648376	-0.0	0.0
108240	0.2668476393288872	0.09144942356505899	-0.18471104609619998	0.07290377254939785	0.035737916865594674	0.005751939766230167	0.015070531153102298	-0.004029398856429954	0.012704518720071875	0.04993137530772008	-0.011665842166339865	0.14293342434124712	0.02152304386987318	-0.030791927309179193	-0.003611598854886397	0.0307739289107504	0.015125350321185907	0.030874329171753142	0.03790697256309813	0.028855043736572383	-0.021298648701276904	-0.14102686990993943	0.02846315735513674	-0.015208893501624207	0.006160152997332671	0.04881467964015188	0.07205416893844391	-0.0042691783853334156	0.022384467559715685	0.047027668879669415	0.08723434231744182	0.05523528647006072	-0.004434795095687211	0.07354352337781343	-0.11858889938042952	0.03359549669727168	0.10965314037668789	-0.003363587761130591	-0.08936992358393858	-0.0019026200000329	-0.02529506885547059	-0.031422913652732226	0.01878803476073843	0.021913853252711536	0.06010680825049225	-0.03078821183511387	-0.04848044917865121	0.047078597818626666	0.009658022774704152	-0.005714280312571736	0.0427266444642431	0.06953643212370596	-0.06716916661927827	-0.030042435087214155	-0.009346843759090534	0.06396409874788374	-0.02000347174209108	0.07368638184503737	-0.06266803512685133	-0.054842287745826036	-0.04057618878991458	0.049750747653490184	0.025380944365736072	0.06949939612463485	0.008729298266344367	-0.03910712852842631	0.045786836575441844	-0.032569317290455896	0.029718643069256503	0.02341929902116119	-0.06100479117859482	0.049991735427133206	0.010323557002726063	0.015378215631374514	0.01854379442149854	0.011617123538624723	0.017441630595483235	-0.04415666197238601	0.026096861678653157	0.0104940119547214	-0.014454869275204684	-0.026813901680688482	-0.00570604588373853	0.009386175298486309	-0.006364475574425803	-0.002104535589355132	-0.030636135852112768	-0.023447815670207255	-0.01983591654336395	-0.010835081253889085	0.027094726145138227	0.004229474595169644	-0.07189042628183476	0.012920098711789427	-0.0034578978207512345	0.016204527419087147	0.0244005401428665	0.02807733337036284	0.003357382202845282	0.021522975330160544	-0.005721620071182811	0.0015135348096312834	0.0008492764751537202	-0.0	0.0
108241	0.305067607355706	-0.11757789046161587	0.15755762754421254	-0.04196227709374531	0.020566530762307404	-0.004517711285876675	-0.037336111740223506	-0.09444140289608083	-0.01733175055882613	0.0015411602054020137	-0.06334944560864192	-0.021842539199163943	0.040005363270540197	0.07408980572257096	-0.0333706009765046	-0.05744215695549133	0.10532833032509774	-0.04697704080797458	-0.03318618713388698	-0.021349226664664975	0.0037748358765957303	-0.05195163018176208	0.005598569936559617	-0.038468151947685034	-0.01988646905899374	-0.03845834205484426	0.020098453176687202	-0.02921994429701626	0.017697860831856902	-0.025480254589108124	0.04621270814224718	-0.014809144726654786	-0.0007123636465858888	-0.041680940088996345	0.09337520044721397	-0.033626089986998786	0.07291602243612719	0.06000447631930542	0.02709129365748704	-0.12056622346581376	0.016008945541247654	-0.004542008789744237	-0.008953812101662737	-0.006225221457074833	-0.04920679669260107	-0.1210216900164019	0.030287545696747038	0.0023297882549230004	-0.006256864842899603	0.002458122575053067	0.06253191874017305	0.057805172519692555	0.015620893399783361	-0.06085795693877171	0.008349836083153685	0.029414317186531386	-0.09750733804744276	0.0038743760514122296	0.08004665075378925	-0.028344765649419953	-0.05650641448763301	-0.03765037494676632	0.001829874345235691	-0.09337912924598538	0.011549012165816984	-0.0668501844256482	-0.033321850088159084	0.04158032750078766	0.0071443665475966756	0.07029982633899148	-0.0029105981464059238	-0.02879610960185125	0.06870660366468938	-0.06318065749406608	0.01799341478211952	0.028761418743996268	0.026802856791082734	-0.003667880811735602	-0.010075913230708873	0.024326090113841216	0.0006076467637672068	0.01697890161187509	0.022546467208329264	-0.013357618424300019	-0.08187494155761507	0.025861118226978553	0.002661702157961777	0.020885177159575278	0.004931381500587409	-0.012470662643507038	-0.012576638684355176	-0.024502393202408632	-0.008851775534839294	0.011326551623373484	-0.015832621776761233	0.0051679480569783	0.027416557730708533	0.012374630991344409	0.013454878699919452	0.005988325224257766	-0.0006051445645553663	0.0006533793485138093	0.0002956474708975789	-0.0	0.0
108244	-0.4372827770763808	-0.10494950988101175	-0.011645807004052358	0.07124495390423953	0.025144070329539536	-0.001423449815253361	-0.046719987286375636	-0.04061430050939133	0.19342704341876976	-0.03302677799904707	0.04034179582257097	0.004911983317098293	0.012752820680920929	0.10494856283966258	-0.03136247399019281	0.011788326392000701	-0.04419316717239115	-0.03893633020346516	0.09369292177027083	-0.010700962344179686	-0.022502055019900085	-0.033964153028270105	0.051271922723408365	0.04508791583913139	0.07308466906608697	0.025765259260779966	-0.12398694266468616	-0.015281960168089321	-0.05540677200866241	0.02000437072043666	0.03359404930474254	0.027502565568464324	0.029528444997068692	-0.008367982427237726	0.0073602846368468625	-0.012215998130140586	-0.01638429868021083	-0.019645963626417455	-0.051189420142150686	0.022296845029747887	0.008897052958354917	0.0065681396033416845	0.006821058211892086	-0.042652581830328135	-0.009648683183783344	-0.031579646589092646	0.002161763903970879	-0.018210450817007444	-0.04747209827408194	0.02510313842032331	-0.012100108635528082	-0.007619558645962373	0.019565043683039275	-0.002054883080557445	0.03949111612227631	0.04291553417028685	-0.03423945574001646	-0.006510149316405688	0.00883663765991427	0.014043702345341389	0.002319874021248631	-0.016443308781133946	0.0224353506714038	0.019077896107465978	-0.019131045572659097	-0.022343477570347818	0.04708643035980919	0.023092390033290958	0.012672462454139194	-0.002060934894617261	0.01973564805661344	-0.0022724794817771824	0.007832932881891881	-0.0018577510880568879	0.02559703345893137	-0.006053853534747343	-0.02573879888101641	-0.021569756080693277	-0.0027247949141175976	0.01798156985957682	-0.013648083978735986	0.0015789981633774076	-0.0383073394045182	-0.016422107073287437	0.0008001778993217882	-0.017400191211326802	-0.012311027544635936	0.008786057633860157	0.0032997544574555515	-0.016895503632886832	-0.02629194375335132	-0.012044622859006978	0.01752822473484558	0.011627654480784122	-0.04113104053350194	0.008863933842219129	-0.05667460141647277	0.003998498406889028	-0.016737114464839664	0.015348579249153543	-0.003114885481863378	-0.034667237893258256	0.05935788363523235	-0.0	0.0
108245	-0.3542665927739718	0.1507323927558242	0.1575586004842196	0.1655334030434214	0.053808105217507944	-0.021450774515429212	-0.00019373660311429057	0.04005694618174077	-0.06410225444768297	-0.0737850193128696	-0.03565015038473857	0.06708476005779976	0.11432117892078981	0.1458603383300138	-0.10328975350504124	0.041633902874657694	-0.07800098049001246	-0.06038378455635122	0.06141718710008985	-0.08366583297891558	0.0009272436045773646	-0.010348459867602617	-0.0411985113441828	0.07988305866855354	0.07195124348436358	0.010449146005490444	-0.06625672067745732	0.02147017982788934	-0.04630275272192067	-0.001775493792637776	-0.01971136280449724	-0.00029674648437017447	-0.04623651512146723	0.039226179421279296	0.00868421166569826	-0.003982115338398784	0.017240817130600827	-0.011823145067557344	0.028043032796588818	-0.02224352833055773	0.001988587481243466	0.0056800516252017985	0.011213465548673142	0.03904341654583353	-0.04178221683377409	0.05039737849060214	-0.10314439709988982	-0.016924529364618614	-0.01136019973097942	-0.023483227204260493	-0.042580388304053154	0.009319120191401806	0.024928536388971065	0.007256862244754884	-0.061957902094884686	0.0030817645939038105	-0.0535650955292524	-0.04658160614243576	-0.04632255981336967	-0.06558608576670541	0.04530156444240896	0.0008717336697274795	0.03152968379892529	-0.004809071569936963	0.001433319082631181	-0.0040474885180505175	0.005344832098716316	-0.008187794478886947	-0.03420614087508232	-0.018933332526154027	0.05979659233547864	-0.026468044569155698	0.03568349678904489	-0.03289056138747457	0.004086804977362211	0.0393506374777976	0.035187269737718095	0.00381496032706112	0.023568473414068553	-0.025161015111820888	-0.0077993234932562	-0.050146915800395465	0.0190421433956213	0.039357819935163546	-0.010369621159716742	-0.004857106062841067	0.023812396732893405	-0.025474570101663367	0.016205813939924114	-0.005047205541080505	0.0040469405558988935	0.0013157992942897732	-0.02583912541327425	-0.04696068402290408	-0.0542639036270232	-0.007585947137019075	-0.025098450814885733	0.010238213528799453	0.024989459327163014	-0.0002638531963853939	-0.03725502845944607	0.02722573334214421	-0.02309298419450888	-0.0	0.0
108246	0.22797670579011284	0.0650119414556366	-0.19097910629602946	0.06820562548622419	-0.04924476915439599	0.030829081244652494	-0.08623087154606489	0.029396531067997934	-0.0300740525196443	0.030511922123969765	0.04064336288867906	-0.09869949478919608	0.0762360271359117	0.11734351491895353	-0.05804344262811919	0.06412165137474	0.11879000702467007	0.05941030234861346	-0.06742440246174111	-0.0035278133500735863	-0.08111430913359326	-0.09041818745122338	-0.041169148320214115	-0.13082442288822593	0.13951565347316114	-0.022928165585698403	0.03134790647214777	-0.10480742768481086	0.052100989762690876	-0.010633460508031413	0.03963586375231228	0.1244854356104778	-0.0819959245441873	-0.05524591124819308	-0.06532629567216375	0.042342634929633916	-0.04174057957058377	0.03997150788577247	0.04161488126049537	0.0022767093296721663	-0.027095662509081516	0.0011085468702083613	0.09877494411931212	0.01945001190669593	0.04004531741620599	0.029026206950693502	0.04111462340058394	0.003632219588827809	0.03832249739664693	0.04631611981166458	-0.026535129555920765	-0.015850078010157642	0.009987892146283626	-0.029449966473953208	-0.01175913131692067	0.04087056377972212	0.07924462173176619	-0.05167589341534488	0.05397633928689432	0.03980000580060549	0.0033206431052946674	-0.011624840694979334	0.006462829741141389	0.04232908345397771	-0.04391490880485882	-0.007088494825422269	-0.04810724713803387	0.0248252025862235	-0.08319957693762077	-0.023647897314570294	0.024755018927219825	0.014836413344069278	0.025302027477293276	0.00763105438625337	0.0025833212457867815	0.03455159341998895	0.031942805943077586	0.028988564501298292	0.05801213774746519	0.027121757459024277	0.007452719888181197	0.006352465823437807	0.011999486178571914	-0.024610916861507594	0.020252101937684203	0.002758395016028292	-0.020357787331417406	0.009737175235564026	-0.005865439212349303	0.0011667857891172475	-0.024720960577194476	0.0070957691358067175	0.0029876771778069512	-0.008083407759198951	-0.003181036653283324	0.014881979524904915	-0.013409759727215736	-0.019201092030272503	0.0009026263394104242	-0.0027091535205302415	-0.0018888866791904881	0.002630284617338729	0.0009619333881945226	-0.0	0.0
108247	0.24241182613188092	-0.06598784065942727	0.11393278052280596	-0.1480140897486669	0.15243904575146003	0.04217925993038025	0.1317114160744018	0.01730216691369633	0.03938451243449272	0.008916010296389453	0.020855201101114194	-0.14357336610625776	0.07744245102048414	0.06272374112149154	-0.007879692657743917	0.08437155133993667	-0.04084408206791867	0.04076535713159345	-0.03310920401753287	0.041589893661274274	-0.021895428072379285	0.03320603340051664	-0.07345148668239035	-0.03326048718062091	0.014569221953058058	0.05443004037929147	0.019826651325398823	-0.02812118192960924	-0.07057804695265552	0.07022205431349088	-0.01603834270434012	-0.04222854710049428	0.0585677391778665	0.10870414296446161	0.05199047654728654	0.02006566154389964	0.0337647149555061	-0.07121180401363539	0.008533525172346427	0.012361260526749095	0.0008407063285124319	-0.1166653964617043	0.019246638654400544	-0.02267382778623069	0.05402942864944191	-0.027408843236377343	0.07210416719536906	-0.02458210110214797	-0.0058502766525640295	-0.04056882954105543	0.020155334776867796	0.045887049390003085	0.023581218849151608	-0.010706574733728304	-0.03372810207037032	0.057918822479220304	-0.026044885367892574	0.035023063129414195	0.06527238401365075	-0.039253313154752945	0.07455750162768116	0.053639175099496006	-0.052370949829207494	-0.03637453109302996	-0.033399927146977836	-0.0008687526500078788	0.017276476411621867	-0.026442231996617025	-0.08037795434216724	0.003055385559110655	0.022240545513706644	-0.022960277390935976	-0.025947394807292662	-0.009874374957430368	0.04883739912524356	0.0027844052683710947	-0.05655263426036415	-0.0243350786512506	0.007621880605279392	-0.0032531903902005867	-0.049474396670177376	0.0386569748081812	0.030422469246844486	0.037739990757382866	0.038444107098180705	-0.014007669893814228	-0.03249610772420927	0.004368231667048164	0.024325967712323652	0.024678133685111063	0.05866358664703031	-0.018059841643749772	-0.011405412363857037	-0.0024510204753635406	0.013228265646889137	0.013809961591517157	-0.014459616134388498	-0.013481647921670541	-0.013538375810487498	-0.004123633561385515	0.005830742344129309	0.004304533599837855	-0.0009565220334940602	-0.0	0.0
108250	-0.33597435967374895	-0.27328397233632246	-0.13364776981631998	-0.09699567084895316	-0.016999570551116516	-0.11040235645830149	-0.008859224351796641	0.045718010676396956	-0.12680483406485568	0.1661118726871048	-0.033637827903276386	-0.023754606569076533	0.04961549240706417	-0.028706008412278668	0.04668748955113405	-0.07962250619109876	0.01559491740781478	-0.013259461923498847	-0.03447996703320999	0.11426115435843208	0.004493096087464509	0.056203122031318546	0.0401977941369037	0.044408678066914016	0.010244221092979285	-0.014308613507075714	-0.018569465199423006	0.044268216445958235	0.00822702815372698	0.04251985541163432	-0.019441839947762288	0.05370122383699043	-0.007687351503820367	-0.08261436005170394	-0.012789110037403205	0.03744832879423753	0.01921796600555586	-0.08978934641898438	-0.034200495052976905	-0.0031874754861892143	-0.017454937586445736	-0.048593356012629055	0.04405250555436679	-0.03298119439557649	-0.025222151508363128	-0.04330873464259824	-0.00840178730792634	-0.059870574529143836	-0.039196659256425334	-0.029504207021098135	0.0009968387549610343	0.004777026371112739	-0.019386657524657173	-0.05426553617102944	-0.04512347526607741	-0.05158777821076799	0.020576923284312074	-0.018668791020906197	-0.06341061333737695	0.056608965170038515	-0.07412848949635878	0.019917412987643657	-0.02002675109459444	0.002147829436294901	-0.0177865552549121	0.015980739797818284	0.10671492068754623	0.07676231774671613	-0.022003061603516227	-0.03319963022573946	0.0341030239779354	-0.11164918149771953	0.04475005300813004	0.0001670987445125135	0.010464007384883548	0.014570656379933928	0.00362626067205817	0.020487937556307036	0.039960601962372035	-0.007847851057330789	-0.015058616592115227	-0.02094682728223625	0.03700386893240128	-0.009315929583846876	0.009384583162787452	0.0014297173859352539	0.01932081934946921	-0.0009991021320555158	-0.015414542362802168	-0.015206828210436993	0.012813430407522093	-0.030881691353233764	-0.017667134823215955	-0.012552652294757417	0.029697472806239262	0.0028356999018852654	-0.023717439188991683	0.03844451566960329	0.01031931863363613	0.025006404589817652	0.014360501034687842	0.00669023792180916	0.002302972542408348	-0.0	0.0
108251	-0.26066289068151666	0.21902130085959054	0.1744025640656951	-0.009996532713128002	0.07373302216943359	0.07915665215145698	-0.029916281667573274	-0.04881241100024205	-0.03547305453299716	0.06739843145462834	-0.01921530406090877	0.05733991177166466	0.011846206844376568	0.007953151877217499	-0.028777285382290796	0.00668722463016125	-0.11042323139123052	0.11426980730994982	-0.0394871105845708	-0.13615767255857797	0.025166489503518543	0.005498160090930642	0.015714884996042167	-0.019519838252591952	-0.04844031552873594	0.04795254989583061	-0.031002779192938455	0.04161538472572473	0.062007592207535836	0.028692229103524675	0.02351503679842085	0.013101856195298254	-0.08733543975570206	-0.05757818916607609	0.0025349133996386978	-0.02663342249489575	0.036453527210541764	-0.0290695941626823	0.024051033694121135	0.039722863364937785	0.10327883436819822	0.010742240002462409	-0.014800832294570606	0.015679678942386185	0.002093415428642495	-0.013453440962948779	0.027574481805185118	-0.010832325943878385	0.040053166338057396	0.0057424627452261744	0.028675845190974415	-0.0035436831324167813	-0.01590053767486828	-0.01253935687022063	-0.040585990844298314	-0.031238328474039106	-0.020384978830866256	-0.05888276515754079	0.01756268645058141	0.04765111467507964	0.03195335440270887	-0.004580471582491292	-0.031117683998389326	0.06470629128663924	-0.06818547674215743	-0.02354389065966108	0.050143420113486575	0.006202642838682323	0.04036593913439972	0.08055273417285823	0.04239516345961855	0.005612513148214839	0.016174065196748178	0.008386768899167724	-0.007519384215828117	-0.05357364566065691	-0.04380420813858948	-0.04682604238975027	0.059388095585116145	0.04349534609880779	0.03332216456981377	0.04888931686257946	-0.006561717768669491	-0.025201807824415202	0.00996798431996262	-0.005491991842700276	0.08410390511193583	0.0296841119824731	0.016325137615416138	0.04462646177360379	0.008648857505014356	0.009409932921377515	-0.04906989226729361	-0.012017461038099067	-0.0002579005740681923	2.6947824593911644e-05	0.030613667533053744	-0.03671145881715479	-0.011009742919968944	0.01585663990854728	0.008411243917316177	-0.0053586105972441515	-0.0006943183363537125	-0.0	0.0
108252	0.242255323580239	0.06611299584956795	-0.09110972693928665	-0.0361112259867603	0.16454137611069727	-0.03876056232301507	0.008639303992155553	-0.060453145885475644	0.008945912274988015	0.02458142231027797	0.0359679854665427	0.19296383449641075	-0.05212391319097982	-0.07354379937121076	-0.028638253534230253	0.002922077735565424	-0.009175264487792633	0.020626684297314273	0.06272623714052883	0.01610817688543056	-0.008242807014927156	-0.015897613889223387	0.027798966709524343	-0.10444720906723794	0.06977705203403713	0.10246537424526334	0.027315274517646346	0.009786772774827241	0.03466004293471592	0.043940373443635994	0.03155113972507135	-0.018951279480203975	-0.07739225840156828	0.03328494367295144	0.03881457535797371	0.031791832789369395	-0.09626945251566144	0.07325913549062957	-0.006771689832590026	-0.042114361495782925	-0.030486814330284554	0.014058615519256	-0.06879130314602656	-0.03767472003708472	-0.11580804325167986	0.04845811942793827	0.04501282794222005	-0.09451651649385122	-0.0859518593240839	0.07312128861539849	0.027591824747882972	-0.02811795315317922	0.015262851444279552	0.0021052000542182117	-0.0025115195792817157	0.00037136790343707726	0.015258970498849061	0.0016525843756164703	-0.00880256026648959	-0.01860350256308745	-0.09666060545211849	0.047142220621005815	0.017730921835146397	-0.06339648789705708	0.03284356929687927	0.02527618119231576	0.029239909465039432	-0.06681436405603364	-0.034890721858208566	0.010607961237894108	0.005471543496041343	-0.01242878175051182	-0.001226941061712169	-0.04314041907817119	0.02266066685998911	-0.02036206536683133	0.015330464072225687	-0.011775775446046913	0.030238923041375546	0.0012223868858739987	-0.01734779827627908	0.003662382658020704	-0.012127972389897315	-0.019945445263211833	0.022190866817130905	0.014001103039749111	-0.011176024919274325	0.01439180454718129	0.018558136356283315	0.07759968264925231	0.007080440463727394	0.027234940617195367	0.019137415552194264	-0.04050294034058277	0.006861928218465601	0.002349588076594111	-0.026043871452011563	-0.004765607287250698	0.005609270215267476	-0.005181074445274095	0.006988882141494735	0.0018941367843197904	-0.0019413371977287722	-0.0	0.0
108253	0.2729784810607199	-0.1021915741923646	0.16489131733816195	-0.11044402275280582	0.13147859419174077	0.012423848747342496	0.05635641529601175	0.12720361001295966	0.05355151979459318	0.05909049197278128	0.0009042554166358421	0.035828670323383056	0.05628775767052241	-0.014767771130671485	0.018039563223548348	0.10122092127345078	-0.010615992073812286	0.022490307565962864	-0.019216994172143342	0.0015057011642611415	-0.026630749869097876	-0.03424631138195308	0.049913056025897566	-0.046778172611520875	-0.021585641215165118	0.0017325293942152418	0.029057133544597852	-0.04525568406885584	-0.16239968563274623	0.007847202116992509	-0.04011412478016845	0.033662614462008605	-0.050534100903583054	-0.014005740892878074	-0.046083140143943845	0.07777649088678971	0.04542331255747553	-0.018369933290944593	0.06474718760696938	0.033865362303670266	-0.013410654732749995	0.036684196124874	-0.051294437685393476	-0.013443714181025794	-0.06494259361968385	-0.04878250542403704	-0.036606585030239766	-0.014065147900826275	-0.06515300266855086	0.003342960254610304	0.03831189941586106	-0.10008704246045413	0.0315513822447509	-0.07279106669414455	-0.04523334314066929	0.051340539624096744	0.06392379250773525	0.038190646064544156	-0.07862892646006567	0.010851996753735028	0.04098718489677398	0.012930198613672337	0.006207853288082347	0.022116351718564593	-0.015544195028180767	0.008738734733394453	-0.09860421029010259	-0.007616236393431728	0.06193580452007082	-0.014495750661374384	0.0005028231042377647	-0.025172986730131748	-0.008678980525599683	-0.016210387161479205	0.004459724423030185	-0.003667853324602861	-0.02935441308084774	-0.014185854309095233	-0.02640767980368761	0.0421307992583106	-0.024977868602838044	-0.026477495583791755	0.03478386952029773	0.015190155926179307	-0.03217477198996487	-0.016456583654410627	0.048520536419836176	0.011860472035065656	-0.026220512708491094	0.007344233900725103	-0.06592863129378272	-0.010987622631623235	0.028342155008852444	0.04715243345469013	-0.009060741144847083	-0.016021794834244048	0.013137859244808621	-0.0010752485586462781	0.00693934472396442	0.007080457414842479	0.006145283931215148	0.0030570828008131138	-0.001344027720863882	-0.0	0.0
108256	-0.18580699658198074	-0.21280124750065063	-0.05349041590369956	-0.121853939394068	0.0016467960454232887	0.08568461770037507	0.15229938985473732	-0.04435103717244672	-0.003281316980633588	-0.09914693810161822	0.0636431381098012	-0.030617385221857536	-0.1257952688365946	-0.007291196955885102	-0.02858691702927591	-0.08859010440675166	-0.15820469423304911	0.14393009803003354	-0.09070326167594392	0.13244168227451664	0.03371246880890437	-0.1324205969356082	0.007709603063042477	0.11317732102938749	0.104137164413158	0.028399407769759553	-0.08777669228420912	-0.06420633240434674	-0.0016356058741127612	-0.026519559035225432	-0.07351919077175038	-0.024272948519341607	-0.02897182153553839	-0.009418044844067407	-0.07442316467588486	-0.09108876550272096	-0.016315848504106646	0.06046946422710639	0.06609100609914526	0.05723618913057197	-0.002172580287140155	-0.01680059888993092	0.005068168691979644	-0.044939911794313524	-0.04616393644707034	-0.03855330506292828	0.028225906578782066	0.09607400197826241	-0.024806246041693736	0.014919086354435989	0.04481001567495587	0.012363554712717082	0.03707480973832873	0.031057816740023777	-0.005503107772765024	0.013574843683565957	0.0017450349395790308	0.013216159433580111	0.0005284658055143329	-0.014427330084018026	-0.040436279639930704	0.008317778569961626	-0.04099327423443617	0.017594778038131666	0.02714911813378274	0.016190501453420016	-0.035517440182580205	0.03428734702587151	-0.04215336639139282	0.009923254635207388	-0.035577452634969926	-0.03403817135340758	0.0150595132427266	0.02079705042460443	0.00048526071464656073	-0.03524690301466076	0.03133943844879487	0.005647792129066151	0.008121477257326322	-0.029471261875220405	0.008866413720232417	-0.014595092164847735	0.008091870736050576	-0.016906555052435542	-0.0009649891146727408	0.01857167919260075	0.024520619502812882	0.0006033495630546808	0.001975251267824301	-0.003033584671650941	0.00905769222111441	0.012840675041654856	-0.025796085296367725	0.020055205651511022	-0.026266391781373646	0.01578250176744625	0.002944481928022542	-0.0039252691807193305	0.013246391314444479	0.000236109398455821	-0.023115169881074666	-0.0028079125222191977	-0.0079397860352427	-0.0	0.0
108257	-0.3242098818503774	0.12282861268873421	0.10220918783244257	0.08573144548465571	0.08129904714448885	0.07227249272496504	-0.05963616089471886	-0.11081720118284243	0.08360874640837092	0.06189235401237377	0.04631350519276429	-0.009665999047716966	0.1175626771870879	-0.10587868372562691	0.11476315874121192	-0.013999548890839972	-0.052973001620704646	-0.0842068341984795	0.0014600909807627432	0.016469167621355786	-0.12175145217875533	0.004206883291253843	-0.03416507052401934	0.04947726067613215	-0.0009814643749556594	-0.04273426367212293	0.03976742633831253	0.09571661522330076	0.025018812101665632	-0.06689020254555246	-0.039470506371521406	0.004713746910777328	-0.06443082750486796	-0.03350692223302872	0.025037231738817424	0.03026298278795937	0.019365124552853157	0.025233614553055374	0.029858471077160092	0.013489415183087527	-0.02837870930741513	0.005747562153952059	0.03645261009044354	0.007081873813135523	-0.03572968912239508	0.008058108640028256	0.053611307463297314	-0.02320220482846536	0.053132669320317336	-0.012623848939250695	-0.001170107541566008	0.007089541145586823	0.006814595210398888	0.029620854513019105	-0.08097311225217275	-0.008607080069939049	0.007637326583421815	0.040852383566302046	0.010216293221973316	0.007406751839473699	0.019403302921035034	-0.014821136578259437	-0.060480115552385465	0.030238492905759234	0.015013117919967175	-0.04425203507844318	-0.031013330657582713	-0.05783832567642847	-0.022584101863984678	0.0450634114908677	-0.08125805033184974	0.003793466198976989	-0.004660367651134884	0.011744531857053738	-0.036517034213359584	-0.023211731773514026	0.04566692141410179	0.03735896157287614	0.012950916936310106	0.004569864756742986	-0.0029679678429471654	0.030197675115313665	0.029765708468210004	0.015184015433489254	-0.030659363096089628	-0.0009620855328501383	0.007525667597503013	-0.01370988417796134	-0.011163143494215383	0.01956374087433014	0.011819345337278684	-0.001524045253638772	-0.02372643834538166	0.035725008694202934	-0.017503450487446545	-0.01431949508721615	-0.0889999356278691	0.052717574551527285	-0.01580550134875528	-0.036167166231164956	0.008502390839210073	-0.007249181268411203	0.003251308564209139	-0.0	0.0
108258	0.2126214369642923	0.13228510659792878	-0.20282322116375	0.017736314944093903	0.14605828450168606	-0.0459322166013569	0.039155849507500416	-0.044133503264476265	-0.019383970631787286	-0.010382309003381806	0.06589483126421002	0.1321213377553765	-0.07903222871039114	-0.08562179679233206	-0.008010803205615558	-0.021066514214835002	0.002422700975960697	-0.06360365428902168	0.05551251069772008	-0.029275541230123416	0.021675615019644504	0.06868089662530209	0.06062293672296194	0.024115887592671716	-0.07372215873979006	-0.04760841111869317	-0.013244762746310344	-0.10766953219805343	-0.002619712280110255	0.029404093412698628	-0.0898725717473144	-0.09857592714013685	-0.03398658488033383	-0.004667985109907862	0.08605791648373788	-0.05296771838222275	0.04725407337376013	-0.026544395691854412	0.008470655857675527	0.019236638565171906	-0.0601959734312009	-0.005281595429985191	-0.0543018085675085	-0.003365771234811905	0.020798247610172946	0.04046134866747664	0.06071617081460321	-0.020618235373984082	-0.006771780546848245	0.016331323062812337	-0.050262932435476866	0.00780580780539082	-0.041012933767794774	-0.05161248032697638	0.0025142194722222455	0.030661165585128047	0.05077479472517951	-0.04644597632974852	0.0695151263964761	0.03306693759660819	0.0017181008873732573	-0.08048457085410701	0.04673901623318995	0.044897768822805474	-0.01927280654134206	-0.06135010447493692	-0.015442200954087179	0.013442658242676321	-0.10403422295335278	-0.06620132447042582	-0.025635929813592855	-0.009319951621504235	-0.01984585614478995	0.042700027200784516	0.03518591397719276	0.01679092813707818	0.006208900399650892	-0.0364225944727322	0.008354359194117814	0.034893325857336975	0.018533095413562958	-0.034039980349320535	0.004838475782912292	0.019954085310137686	0.0030667922333512355	-0.01870494583058137	0.017893504159682758	-0.005914382987766556	0.036584867683824754	-0.019863572779561474	-0.0209517316701659	-0.03814367334485797	-0.04714656824512809	0.027006811555945618	-0.009441130424223773	-0.0016274728611668913	0.02345735833090554	0.023301797803612155	-0.0009665694998207726	0.007989353450639052	-0.010629214410774015	0.003614064111448975	-4.1745771796108564e-05	-0.0	0.0
108259	0.28118483690132284	-0.08457180544842273	0.1672926040064484	-0.13069307247168674	0.11459905685335058	0.021896730907280778	-0.001046451106732883	0.10319374870552908	-0.009284282505749187	0.004102703179740924	-0.007405911336493242	-0.041633784510384304	-0.004274391652505336	-0.02308206764038771	-0.040166267485507036	0.08028711496722636	-0.0081498547163172	-0.06004545594641222	-0.017465866715414616	-0.01665318394881361	0.0825941774079738	0.033907246175995	0.016004238046046334	0.0590602490501078	-0.08993977880623812	-0.1370912802264814	-0.058873253599104225	-0.007837572988512063	-0.0574999216251147	-0.02926834831655889	0.057606779338181535	0.06321964587030345	-0.04208231737193194	0.07056230350018673	0.05784696243748	0.009202262286097575	-0.041867822036582965	0.08860725196264743	0.02380422855277815	0.028336988375821257	-0.024879967490041576	0.0691475938975722	0.04149750063567498	-0.038587305133694155	0.02337759718642885	-0.019973514893259305	-0.014600247116359913	0.016268752364940613	0.07767544110579389	-0.0026815158308739263	0.08759789374468843	-0.049395086966536106	-0.10468258901024755	0.08373293275318336	0.028028451925303958	0.06493871346747414	-0.018286248360937556	-0.016508377302562223	-0.06458157137240396	0.007246626302723807	-0.055745682262408607	-0.013461973107854356	-0.03138074791486991	0.06248129107880673	0.03556629313494918	-0.06505961660791942	0.0284069728356691	-0.0223875387272126	-0.04985876964394856	-0.03918052815490433	0.01276790334406226	-0.02332253487222862	0.0199661549725575	-0.0364008546825366	-0.02643219780196639	0.024569973633880325	-0.021946572303581567	0.015995324832173072	0.046544963486743716	-0.04075618983091898	-0.006185586122335828	0.03383437804562171	-0.07334517050158039	0.004382084127704714	0.004386537931071393	0.00575274751070655	-0.011597811898377237	0.04184147380170821	0.016573360525430517	0.009291111506625312	0.008540740151213833	0.006032596853477476	0.01291051109279565	0.0007187405402327398	0.014270835176004701	0.01655132379757985	-0.0009272687295643421	0.0074420063864117725	0.010156224028831857	0.003531123011872123	0.0031241750639073086	0.0013779010867906183	-0.0018787263879356478	-0.0	0.0
108263	-0.14172041321428752	0.27317072792448954	-0.05841922441878691	-0.203362520251568	-0.17195837277647105	-0.10231292416109376	-0.07091264611140059	0.06995803142461149	0.07801942654173724	-0.05966816707045236	-0.1314800324270938	0.016964389733755345	0.07547210065582928	-0.1017289693817355	0.011256316160902185	0.025307784550934326	0.054776234159699594	0.045757635266976474	-0.05031076440591965	-0.07131007796815986	0.07808308572411496	-0.06253221424048815	0.0010388432902050137	0.017242796751706174	0.039670722251529324	0.007616377973594259	-0.05997669261617631	-0.034054128948475426	0.03964103633986556	-0.014301788466102423	-0.0009839632039798168	-0.049862495480583656	0.07217166809598968	0.024904787438491796	-0.03734495266500615	-0.022713789639856728	0.015721834961239387	-0.019240959539123415	0.004612959459157288	0.007126660469021221	0.04359905944487612	0.058808349062308876	0.009023707248632848	-0.012710840693036239	0.026081940204363083	-0.01144603219879094	-0.0701187059683217	0.014456424327181073	-0.027769941168157317	0.057951024127254225	0.0435007831699641	0.03152710524501854	-0.023045013013263917	-0.006408032377751182	-0.03150159666868459	0.014682625591437553	-0.0004984046756529577	-0.010981093954228228	0.03564038670264447	-0.060555656530087064	0.02926719382824537	-0.06352110781950507	0.016620243734352457	-0.010624485670666248	-0.016887852674346258	0.019992093359022505	0.0027040880992168794	0.03068636476045984	0.022661280083801985	-0.024825316274147663	-0.06063628269946509	-0.03490575032310353	-0.086434432902688	0.02833847645908215	0.029464656753553774	0.03624935714465027	0.024764520202704057	0.0030167065567894154	0.04209286606401558	-0.003216664619170466	-0.06244169145326057	0.01950963643902492	0.026266994929390726	-8.780486831259548e-05	0.012450352012007091	0.03332491431863459	0.024199895716548094	0.054784024951602735	0.043720752950998226	0.038392102721684127	-0.031912971887213384	0.0019593993348632215	-0.006469409958762118	-0.03010569969125364	0.038477328778949535	-0.035115406518635484	-0.035164057455901856	0.030717970037713482	0.010465913225709254	-0.031242894348649023	0.012449169626318056	-0.003336058437595223	0.0020678251166782358	-0.0	0.0
108264	0.012025524032365327	0.11099243417177809	0.01615019670053181	-0.14208840165352835	0.23092207899986306	-0.04036896935775084	-0.17953056363328684	-0.2912499817864455	-0.16526904995388797	-0.08871631030079705	-0.018515849660643485	-0.10507790838440664	0.015143810356325725	-0.009595634577113165	-0.10238011762673116	0.033607358394725756	-0.027436976426294314	0.06746911612182606	-0.042719145259154066	-0.05864767780290072	-0.04842893967323702	0.026303870497151563	0.11435029210601574	-0.011098635872327041	-0.008397092334621974	0.12776355130881784	0.06089353191991535	-0.04309819586957902	0.02540936000182896	-0.06833298254406468	-0.017672120776716673	0.0035105277702025713	0.03381057848346987	0.05034274703924561	-0.008987349484825177	-0.03351746406028362	-0.007434066932477401	-0.0307775175767386	-0.041500570453440154	0.07246647077714512	-0.022226913120096642	-0.02229525573366681	0.005777059070015905	-0.0006533214426293064	0.024163429661183792	0.051214482032198375	-0.10136130611035599	-0.02548605315956456	-0.02566873852163629	0.018530375834123047	0.027799015427881917	-0.01630591934586089	0.0076263514952487396	-0.021951542456502483	0.05259081517944861	-0.012380896178929984	-0.03583553154639573	0.02915961636367979	-0.03372674155333018	0.09202021873935733	0.012329851780125519	0.028047429507291912	-0.04300605770233868	-0.00686355112232147	-0.011214953582397413	-0.03072237777988294	-0.020462489099432043	0.055168951517135474	0.008991051742045142	-0.01736772348542235	-0.018471322615873333	0.01114042192296206	0.0009251051563139688	-0.012607512894130226	-0.031911822105170816	0.03661596821139715	0.024553296896876898	0.028588313408138614	-0.030170445674194465	-0.017410602455417954	0.01722067619598098	-0.01783805667067166	-0.024729797556810134	0.05326455230826916	-0.017042972958959273	0.007187468121450036	-0.008701991375475065	0.006236084374578079	0.0013040356013020143	0.01483594899540596	-0.0029381011278995085	-0.01470335795831443	0.014367397209610397	0.007188754288256028	0.011216540294886368	0.012242122670970896	-0.011127398087791986	0.011477920668154997	-0.009538885523865243	-0.0013576455127241299	-0.0011846224552930133	-0.004318382221590771	3.120558073801582e-05	-0.0	0.0
108265	0.2197965994214159	-0.10992707137694206	0.18593956165482176	-0.16919986326517317	0.1732951371122246	0.025111392059607118	0.07216335969203144	0.11851131704837013	0.0017779538594085787	-0.06140777920949438	0.027025715129932484	-0.09604041770319857	-0.01009923541060063	-0.03105839664680799	0.022382388580214452	0.07927618022776185	-0.0931416011511336	0.015635431503981587	0.05295846080511193	0.0931177495154576	-0.011827067470876036	-0.0014727203026351258	-0.026893514678530503	-0.02410694308703508	0.004770894619425619	0.004696520820140319	-0.02391348849322632	0.02848363571753705	0.13601245973388873	-0.003695244082320028	0.032438041991386626	-0.020876984400106366	-0.03713755009371829	0.04683273971694428	0.04563861958260609	-0.04709337517637686	0.07205384002538712	-0.100518738937961	-0.1155226141724095	-0.058454041820536116	-0.06423216831409218	0.036368481282509184	0.0565333072846013	0.045948261568999886	0.015412942235991633	0.00018592994381029211	0.016712453357692864	0.04168081995489611	-0.018199642978823528	0.042014224748773886	-0.07861503256934621	0.03831061192001478	-0.01870943140049173	0.02971366325631578	0.03431902505711588	-0.01514478098397892	0.03278621619537319	-0.09329904899897505	-0.005513515526034661	0.01367171279193238	-0.0009390070259743549	0.00876822907349213	0.04470057911085327	0.0048667779225419665	0.026150504219902625	0.001427104378542118	-0.03660862602119259	-0.030284195914637352	0.06642949908594915	0.015297703666586109	-0.04610585084696475	-0.030726116465414795	0.05380121411725076	-0.016242130171632445	-0.04773969575645311	0.0375161422218259	0.05598414626495802	-0.04620730327071282	-0.006558733972656134	0.011743288894112937	0.03188209492194698	0.011688136558418336	0.0488914930552425	-0.008372005757894143	0.03780845555534889	-0.01939041241457781	0.00835023718951301	0.04369814537959036	-0.013698672372908725	-0.0034376788522419775	-0.01885905262109926	0.003915880383545971	0.03508272065735443	-0.014960304916023664	-0.01332230946764981	-0.01744486602130563	-0.01011455220481144	-0.0062244508136643974	-0.0031927809368761232	0.010282359051201846	0.0003736771494916115	0.0006050502152882433	0.00225057437476348	-0.0	0.0
108274	-0.3079953832202188	-0.25383942868851406	-0.10206884134120786	-0.11771490869080453	-0.08511306633179772	0.1760800482613295	0.0630065782859908	0.03305080916311852	-0.09053530551040512	-0.1559317575590836	0.1593906059465978	0.020071121637209477	0.07449255564262103	0.007413196318821726	-0.028424231546036575	-0.05121942371319608	-0.02930968539177644	-0.012143722399791876	-0.002319657703774783	-0.1156969679080537	-0.05491392037417113	-0.07534854748637951	0.10735807335405989	0.043380307947704436	0.03463754546422642	0.01279431053584171	-0.03319894871945387	0.052160238628504024	0.009589962897216076	0.02278834434280169	0.024298295664870705	-0.014065347049113027	0.06731180584490407	0.01342802153412819	-0.03886000195178617	0.04427551737231967	0.0541876968521036	0.03427137290225494	-0.02367004571004223	-0.012835638637702613	-0.060706680615610624	0.023325865573577468	-0.05452005332105402	0.030545155528216617	0.007018732075919989	0.0034052170206677356	-0.02119725463661975	-0.1321124024331269	0.09563418752235993	-0.04234076975614842	0.07626872444089096	0.01727117947368594	-0.03823989096788998	-0.027010775722972863	0.04573014763696905	0.014060585131438976	0.12445501269721586	-0.06019563558941721	0.030003624833485804	-0.016735154253489586	0.02518082528648343	-0.02844645659619986	0.007961217887218987	-0.0627199275086007	0.052837837658301016	-0.007024628436414492	-0.001530641142611457	-0.011639353700218413	0.002833651073750546	0.0015479866355882195	0.03796458264082668	0.0187563934340323	0.011294422793482231	0.03447464761805476	-0.008774216522014978	-0.0050434207246304345	-0.04000206734572419	0.016278909671276157	-0.04010215924757299	0.0028443273972764064	0.007604267978882917	0.024998702492322174	0.017382517836391845	-0.019720493410007128	0.0012221235697687178	0.004721817906519753	0.0014677509045147	0.004967813157748387	-0.038783809091727454	0.009963137699715881	0.018511141402664553	-0.015396822540413833	-0.011167441075883924	-0.006292447406542617	0.00847833315436004	-0.004808224412257673	-0.015593257522732632	0.008511966796302924	0.02464691769692046	0.013616531678645691	0.010163401260525355	-0.006705143529575869	-0.004808715647520494	-0.0	0.0
108275	-0.09067846071027615	0.25016574517056667	-0.0796349401316203	-0.1329581410924537	-0.19714484016362485	-0.011163133865110872	-0.017028485573731423	0.06972805498196417	0.04076813277427028	-0.07326893543850697	-0.2276601538724196	0.04481006406107555	-0.014812452371349255	0.03541517683290807	-0.039486131382413366	0.08367816621101697	-0.025097616504702373	0.018044341827150357	0.058235381336138786	0.10039725019754293	0.0651497539342837	-0.05657761339174372	0.14076547380551707	0.0210091004412968	0.0280409916552253	0.005472934896475566	-0.035177636651569484	0.026808132805331904	0.04850286472319396	-0.02132415996195822	-0.09126044829615909	0.019484287908589498	-0.032718691257329235	-0.03862412809452741	0.07723427547559329	0.05451403769377767	0.06870605947215351	-0.015162625400900836	0.013576585210953418	0.010597819272468924	-0.039037852769579655	-0.11151872605362963	-0.006211684241393298	-0.018198353477120587	-0.0006535603337825404	0.06339615153304122	0.04184410901355076	-0.03776701197854124	0.05695566614552801	-0.0209524369482143	-0.01214879476982648	0.022798683562625724	-0.01056735137231406	0.0090676960644801	-0.03130631655329397	-0.006135415282543805	-0.020334943188860838	-0.005132280345720445	0.0102661639158981	0.00047034003960260594	0.0029161089045264925	0.01565156391637924	-0.09489329418053796	-0.0013169016782116735	0.03662752531016791	0.00020773751627553515	-0.03758637415993794	-0.010919173984914567	0.02606173655745014	-0.007085953456886778	0.035565092794371235	0.04898252297809745	0.04795920149193181	0.004576045798545844	0.03583302733052424	-0.017249638488115514	-0.011403696956382063	-0.026596906012006778	0.03366459794976057	0.015361427695029073	0.043707595506910106	0.006076827788684229	-0.02283445767284146	0.015784568720090045	-0.026254408148142904	-0.023209340159081722	-0.034618452011687506	-0.04915003049883495	0.01928009944585167	0.009218162777169537	-0.040167719815045556	0.030355963609357405	0.053018731581940835	0.014195856502187826	0.02770781510784702	0.008653297147996834	0.005824068091978454	0.020100243741485696	0.011366524862057864	0.002768634667487693	-0.0015202195465390004	-0.00012016097371223357	0.0015018872822288689	-0.0	0.0
108276	0.14168343745683226	0.1542592662617959	-0.10884867718364821	-0.11125850349994335	0.13171503876596177	0.005091069239513759	-0.012360748458865657	-0.16470664308706226	-0.05433894442918443	-0.09251180544085058	-0.06981123888473853	0.03571489758396825	-0.009202736875387288	-0.025846858531146388	0.0012639602261247944	-0.05141504019508806	0.005600319655674813	0.029217332118034962	0.08417956799092544	0.08388526003942859	0.018580329683494143	-0.01752347958225783	-0.03133738466177814	0.004283310786210921	0.06792709858189391	0.00027979591828612737	0.07636579705211148	0.0509420386887585	-0.05951858488327642	0.001504583392322087	0.005131240791164431	0.08466650489538197	-0.06728384671481356	0.01374292214137709	0.05259466002705768	0.06944216138332007	-0.12781226226469972	-0.029834038954734507	0.04037322984098744	-0.06261469183198193	-0.009285123268260444	0.04939592753354875	0.021426119050571985	-0.061872183781285395	0.039030166279900365	-0.0411224930167688	-0.027176934293466317	0.06616533833221763	0.004021049559298982	-0.012408592895191873	-0.03527295536482652	0.021041611948159678	0.00580310954288185	-0.009475820098182338	-0.017132579522031566	0.003126390245570522	0.05457972839116587	-0.03498089151613876	0.01978553579679058	-0.029647494411206655	0.05144811711452141	-0.011964751417979088	0.050172605628966034	-0.036139718285273875	0.029729112278788383	0.001409330579899058	0.025089303031747293	0.02179531417372987	0.0290085169756763	0.031343774102582246	0.028633266140315555	0.0009281457141785042	0.00901228984140466	0.0976038012492718	-0.06548072593375323	-0.007689681370122014	-0.05811048752962542	-0.01883693473387117	0.023361190097863804	0.01620200836842213	-0.05362998272842134	0.04537147592336952	-0.031602125885650464	0.022322525903312063	-0.004693577836830343	0.007465950997038771	0.03345628937647704	-0.015317655750392692	0.02413523234551543	-0.06472842945606483	0.03753182636057341	0.0010729331628484295	0.024962072809573587	0.019080619607744743	-0.008248821810531153	-0.025265064685431535	0.024421009583644827	0.02837618865368805	0.016842350657639584	-0.009117956869509352	-0.0015036457422421161	0.002849781588242389	0.0013613971149999606	-0.0	0.0
108277	0.2980708660435667	-0.12336191800210299	0.1787866631030641	-0.09966002902051849	0.10106728349606686	0.008626357451631171	-0.12010253667444422	0.020027735383367475	-0.04060723727473611	-0.019228279827348264	0.03825104025947891	-0.06187618149530594	-0.056405807049439795	0.023852152091249773	-0.04098313140993794	0.053297426402782844	0.03481501071853027	-0.07730784758964815	-0.04992975082241253	0.02595659257587049	-0.00012226893113016814	-0.03789980116591092	0.09341669660307841	0.04817639460937385	0.0175250170460136	-0.05792549601397335	-0.02808551011617295	-0.02777561412749675	0.0698670140939657	-0.06885644195559253	0.016813401110977847	-0.08361686659666712	-0.04011293949050605	0.08342674952795548	0.03519525738890271	0.04795207353404443	-0.060179923309566286	0.02637813324278375	-0.06045901281856477	0.0040406944297798515	0.07785364557808179	-0.013809410017193215	0.09276323236319693	0.0015801049520164472	-0.01882394599203837	0.049710449490049054	-0.006267760759849276	-0.049378755423772014	0.030280592987913132	-0.06776587878303554	-0.041980005983068974	-0.043695331458331974	0.023411392374174222	-0.03642706257806419	-0.01075737885797986	-0.04301951681897859	-0.01606203731002448	0.015567540380242004	0.05869246969488718	-0.04958497247962761	-0.08785407688803722	0.04867033440956805	0.047009535760512124	0.04145013823841176	-0.020265368236946312	0.015446286234299361	-0.020441177991074547	-0.006302216301857682	0.05689181169036846	-0.024961464645128474	0.054228664566722276	0.0005532432909413928	-0.09460287107374282	0.02658553162442367	0.02675198500359001	-0.08723626152099097	0.004861755701578045	-0.015392586466147133	0.012650468342892301	-0.008283558916804101	-0.05038030703835368	0.008668926864607518	0.039946037592302794	-0.032375608291404144	-0.027662126905460275	0.012926346339174407	0.0011868036744305966	-0.03179501451880383	-0.02457037011261701	-0.036715201347266344	-0.012804800562568495	0.004991413376727881	-0.04484013295353188	0.012536613964865422	-0.002616162752440292	-0.006869916911543438	0.0022069588026857275	-0.001529787430920428	-0.010401538906661206	0.003106327169365314	-0.005823660802327935	0.0005440350268376452	-0.0005518734762577281	-0.0	0.0
108280	-0.4089604662655629	-0.12928176572841243	-0.03226049400093247	0.049468406277579875	0.04052677016252208	-0.0024308143247082055	0.02387625998858752	-0.010839617244098092	-0.05451414429848444	0.0050979091416104	-0.09045960284473233	-0.0468493136258276	-0.05479549718504599	-0.11787862851338533	-0.006991268321936705	0.002762994531837856	-0.03972560150800896	-0.09046482686791046	0.054595251150406095	-0.06722759745162404	-0.15658021806215733	0.007357252037212818	-0.01162254344000181	-0.05824720543610405	0.004747550095278198	0.011558731743285382	-0.051296397476080204	0.006055099999025339	0.002080629995944238	0.008852074491104835	-0.014190801476261967	0.021736441998611935	0.030743101658780567	0.05033666874228633	-0.013947566422750881	-0.037016284857098646	0.0025612068518446737	0.07004524091605963	0.02230156850970335	0.02703200288050169	0.02948944437543409	-0.06312036471546818	0.006559938183164182	-0.055835058922286844	-0.004218260395135963	-0.04397549134667961	-0.010016259796371026	-0.025445009539300983	0.06481562159370778	0.002054526545200125	0.0004392082490846437	-0.010363982027158096	0.009067354362913546	0.03086532419081989	-0.02093802167938404	-0.0022589602924334745	0.016433039552206728	-0.0004874073252177242	0.02037002409197637	-0.019296074815584065	0.04485579404193405	-0.011024509002117953	-0.011342237698884771	0.007727595065675872	0.03316231818148573	0.02655999792191239	-0.004583944036747738	-0.02957060287961503	-0.006293234665886893	0.042787894335839904	-0.04369774257251339	-0.03632791671083416	0.006393710383529579	0.02918275935539275	-0.01906673013123771	-0.02007439090102565	0.07079104686171846	0.03864689942610492	0.016900082867330572	0.016664381145929424	-0.07891265480290889	-0.029608307683195827	-0.011741292168507231	-0.00030871333892619154	-0.01126869147266293	-0.02801745597827314	-0.002033812171901194	-0.0061102402829820495	0.016808263188304057	-0.017844337701341466	-0.04448658562389125	-0.008003684894248624	0.022849437474490766	-0.047955100203954076	0.039625689625625564	0.0072309897176843305	0.057537922943659996	-0.026270751059104803	-0.023686151303618737	0.06523740846882078	-0.009890513085010051	0.03718881055031541	0.02021493558438284	-0.0	0.0
108281	-0.07956676448817648	0.348046420963815	-0.06428968359705647	-0.17839034392891592	-0.12893842182986257	-0.0929846314031044	-0.07504676122514808	0.014374809063767806	-0.0021545845150190957	-0.0765206073235882	-0.11712461293792935	0.10339589982185922	0.05550384834367045	0.01892326437556319	0.06281739207208485	0.06887220552067948	-0.009541309064616168	-0.0221070489934819	0.07196333372577757	0.026606707701717313	0.05526410203182248	0.0015152099893874446	0.012799504297740754	0.03406072871689114	0.0025057526290413732	0.0004070888516290739	0.06239784827308693	0.04697004775384459	0.046424408718689913	-0.028732449919969462	-0.0554231856193878	-0.00276967451735736	0.002326216721671571	-0.001021286428688915	-0.005221181383708456	0.039244989247882806	0.001823794724254763	0.02001011796696604	0.03529400417649492	0.01598543205394525	-0.028591612507109367	0.036368063836411925	0.03546773986754956	-0.003531908889901696	0.04577182500984638	-0.0746757290045229	0.014163258194193076	-0.008147463104425455	-0.010444884988981936	0.011317625632954846	0.045591177522398996	-0.02548645527629608	0.04399106203508039	-0.013454754593247908	0.02975178179426143	-0.006671902325049977	0.015247061363375999	-0.010250218246234956	-0.031173993479307858	0.011093074870160844	-0.025231817328441222	0.03153215416122485	0.012620953317324362	-0.0301668723552543	-0.002868271714772904	0.010485707408252483	0.012216428412311556	-0.04419348120600376	-0.04679584257872837	0.014806065381866438	-0.005406155133448711	-0.016321476181291816	-0.022766554929476688	-0.018616437212068467	-0.04045438154809711	0.006553885524347805	-0.0031549574263366174	0.03350499293826084	-0.062073935003753654	-0.02625736700378779	0.020286948479349497	0.0004262716363566208	0.020121414712951976	-0.049504229376378835	0.016195059131272907	-0.018364066347967663	-0.008512657992226934	0.012796270222968371	0.030127992147019528	-0.03910521191953204	0.0018630654618888912	-0.06394881506961503	-0.05638642609337407	0.03192203685274391	-0.03699430462733191	0.021579206414756948	-0.02706890624675693	-0.09260742919538453	-0.047509061114351964	0.028611575514132872	-0.0054114113355206665	0.008539243052165626	-0.0030045950986434798	-0.0	0.0
108282	0.2571196979755866	0.04254275540989895	-0.09893594773631958	-0.09812391712122379	0.20564549287101652	0.042340737726168406	-0.02895674044930151	-0.020041581722676814	-0.005980352016043091	-0.010654138780366766	-0.0026506300540304847	-0.0603512301333756	0.039027836013594656	-0.022032782464368583	-0.09314302921661702	0.05663777900479883	0.11829477458941462	0.03447507111798523	0.0328276025057479	0.0005460399559295349	0.02012801255470388	0.06751140322666016	0.013173521826421829	0.02956367448846053	0.049135250711955715	0.03110933319644816	-0.02577677304117217	0.02819565122371398	-0.06648136537637861	-0.03087582157673029	0.007482329174067417	0.032238112914094924	0.08101905520453498	-0.12085522485288161	0.00707522091676618	-0.030018901514978488	0.007142477789382165	0.10284865573371567	0.04905732171946837	0.06610158128239661	0.007727441929880674	-0.015452948302186019	-0.04501416223774531	0.0293075816880612	-0.06501765709616594	0.019310930602754718	0.0737341262624375	0.01695021243189648	0.01903503602496324	-0.03562001402932876	-0.038928501802067944	0.023797156909165215	-0.08746472625167946	-0.018414626854985842	-0.010210268606514528	-0.02045864761176042	-0.02799068644616861	-0.02072241266590009	-0.07832599842549609	-0.05975098495917337	0.015657570240599234	-0.04747297396181752	0.0454145999327795	-0.0037271402541675627	-0.04709003341351507	0.09594628256289293	0.023517416562172037	-0.04585211308502804	0.055917228711127344	0.02698119503786716	-0.030972676955708777	-0.020696599588582134	-0.02614206995900765	0.041818419454834235	0.05013670838633916	-0.009083230600787806	0.03264313031791465	0.017980020132354144	0.02246425507461182	0.0008215851981500353	0.07725262464760982	0.021665469020017845	0.02812708887566482	0.01260880730847665	-0.001382055515133258	-0.022361305395904342	-0.050293854453642976	0.03913356649066186	-0.009624838102950466	-0.037282903145821646	0.03365003451819532	-0.02168971049885476	0.002601626146476834	-0.002280886989960835	-0.011638603868287606	0.023920729851868154	0.0010084214468464177	-0.00272637155103189	0.006586188717922173	-0.0014362563358057158	-0.0028018996052809617	-0.0006317862417699546	-0.00024819679543218036	-0.0	0.0
108283	0.28784349757037414	-0.10613657616557062	0.18089160900465284	-0.10355971485788722	0.12911398354645662	0.00428830315944543	-0.045822573555576035	0.19201421613315942	0.055265079135725266	0.016875066951620013	0.017610661027161578	0.010604985437733458	0.034777059840499454	-0.01860199992013719	0.0539730144692786	0.08951582947965794	-0.03283470546316453	-0.0031508850204595633	-0.0035427944840545006	-0.03277707674684687	-0.0654162375549245	0.01493054611114751	0.013287642910542645	0.008713810352586024	-0.007278641167787714	-0.01961443741240282	0.021957639368041244	-0.03911412820806687	-0.06689601289471088	0.030090722092010032	-0.03508836523084871	0.044517924252313434	0.028427218416667243	-0.042837164818476	-0.0543728156388904	-0.01842389370281972	0.01344059789917362	-0.036630021450843576	-0.005942528006221352	0.004831594271917856	-0.03701577634507691	-0.018095656241664117	-0.06257068099989199	0.021024536285141955	0.02678859451890322	0.037666210765604675	-0.008820309324591675	0.01415471389049952	-0.04297036343949977	0.036728712072339915	0.005176841707901874	-0.01715314650909128	0.0066344562418210904	0.004741135085385205	0.017753188301437427	-0.07895497195300773	-0.04326112246740519	0.003692709387530622	0.025003037333026026	0.01000712093531068	-0.051325544042395706	7.186138204054778e-05	0.023464903935344162	-0.008663505248311967	0.0042798367486430455	-0.041176689880675646	0.015194287655999159	0.0368191958516925	-0.030517352114833238	0.05723443294823995	0.012521231459231336	0.03141774039517869	0.024017756228509643	0.1298419252876973	0.022872802694360928	0.05328431148520854	0.026159068594654902	0.03948416427725765	-0.04103665280194377	-0.03325804680235172	0.0031139924783049194	0.025030918858480192	-0.016486536071027055	-0.07393003448937532	-0.07311770726421424	-0.0011550811002688588	0.011826195425017522	-0.06210864587287169	0.05551981782337172	-0.002680404020209842	0.0400116374841645	0.06277842158996007	-0.0018465559328474323	-0.03395474001782875	0.014869305264533266	-0.008596955650733673	-0.007578897495034949	-0.01608173953929997	-0.008305936405922172	-0.011950867432847446	-0.004766805763873532	-0.0019631701231926538	0.00035208514278919055	-0.0	0.0
108286	-0.4418838367573811	-0.1752369620281034	-0.07792860760804393	-0.010995625082283935	-0.00781948816481199	0.0308084926166886	-0.08091015961183562	-0.057402736705308245	0.19566750512975234	-0.037921353516848166	-0.028902968401640017	0.060002078101478964	-0.016148565143991263	0.07462949753424285	-0.06521715441911717	0.03204793555377585	-0.07585675206611933	-0.02595930026239416	0.02219579183621006	0.021263168254399716	-0.00019609341663082085	-0.0023196938949517254	-0.07072376777947574	0.027847355678533088	0.010409200451639655	0.02413184851696674	-0.030012256795016432	-0.032944098607045856	-0.03899390596459557	-0.04504755399826681	-0.006106535751466038	0.0033912343321118796	-0.04660823043444766	-0.03138623093380304	0.039810736434382536	-0.01795068403641048	-0.0401381545840347	-0.021287002990691622	-0.04357413444047189	0.01505391138858906	0.020169582120473824	0.0047163260225931885	0.005433311280717838	0.02251920172309532	0.010651530398851585	-0.02596957214427576	0.0366111326261449	0.028976758094575512	0.009838741729318319	0.023927226983038362	-0.010157808647350436	-0.02775749266736775	-0.0009045376079537481	-0.008749673487165557	-0.006897393510615539	0.017046679744447586	-0.0231715909847713	0.01828611510230205	0.01422466251998439	0.038086990573454035	-0.025644715837002233	0.0074130216903804695	0.021515544682609484	0.007362808288907074	-0.014196752558008868	-0.005979099461468764	-0.01367101832827138	-0.004819245489319908	-0.0017055319557639722	-0.019269843148796578	-0.021951481768499544	0.051263654459062905	-0.009137950503781562	0.011424358592381622	0.0011765621185208265	0.004653678504841521	-0.008642825982310582	0.01503279871957042	-0.05398390867172349	0.012547781447516006	0.022642296456917316	0.003262138132611629	0.013471662250490261	-0.014774099462052777	0.0011656539329825692	0.02101503802562164	-0.006554151591107822	0.014214265868189238	-0.04359098527583947	0.001598615040820628	0.030064028086448112	-0.026279976705297484	-0.0028625258296751236	-0.013957014468412295	0.07634702789448683	-0.015747141978040828	0.0014491396099642322	0.015013208518991197	0.024639188830699942	0.02828906082047688	0.07413976793000124	0.054218372807715194	-0.018829292158444616	-0.0	0.0
108287	-0.35130334777044303	0.05487955448607859	0.06003017977412933	0.07431230523339157	0.049079087533869914	-0.07100456765649404	-0.016087416410465082	-0.008610620777063666	0.07023044717322967	0.03797244829741567	-0.016042835607999368	-0.07408808947897852	0.015911914821275693	-0.08582789732826766	0.037383504209273104	-0.04418337442678506	0.007184866017188929	0.09821902417103076	-0.04608433896793806	-0.0854797796634678	-0.009212784744960494	-0.049452630463837646	0.16003970212730206	0.02465450126654846	0.10850179325380095	-0.08612074237884972	-0.07576533013635764	0.10061347836467431	-0.02815978248382783	0.16806115951557843	0.10315318721150109	-0.026359027321525792	-0.03346722532024876	-0.023740892418222716	0.026469919038825732	0.017835904994663254	0.01999027728195957	0.005665604576700707	0.043340939413497474	-0.08153656436217586	0.006452453887150473	0.03083170324889127	-0.008508275289284287	-0.07742901526897493	0.0894610007276618	0.054523821870810896	0.04554583460518543	0.05208514793886796	-0.03301044422841381	-0.052474927628878225	-0.03988953435905751	-0.05602606898800584	0.04010726653070639	-0.026231156453908253	0.023149475254712386	0.002601705974160359	-0.043160909863122925	0.000979983595818283	-0.0007979067751535408	0.020327791796900974	0.021586321720296144	0.03727150461913141	0.03202440229054454	-0.018895102038095524	-0.020465163626396117	-0.018212641178792906	0.0014040315919979975	-0.02332361518758064	-0.01970008116961959	-0.03151728189666146	-0.02843306246307702	-0.008522817272532358	-0.03047228849245052	-0.024444474199060057	-0.052028314637906276	0.0013369668525995881	0.03925595631691362	0.02293843548653182	-0.026909329408970725	-0.021921195456577128	0.025057569336752596	0.003129331859447006	0.023732254489675433	0.022960711660826926	-0.002222218683599158	-0.023668908137352278	-0.04390314464197291	-0.01245842994546642	0.020250810189299605	0.015202196227508845	0.004371339473535824	0.012515499001788798	-0.0021826262971169183	0.02582135341052391	0.025313277457148613	-0.012247044104533615	0.025400534166078067	-0.008164513188138512	0.029317860723293662	0.025706958967697625	0.0019308044718498684	-0.01574280709888077	-0.01166988477589321	-0.0	0.0
108288	0.20814170444023053	0.10975170489014693	-0.14705316200150945	0.02615806104056537	0.09970958451543857	0.022586140833657127	-0.0609936168232189	-0.00015793379778061248	-0.06907105871597576	-0.06076483579530319	0.03344017408893182	0.1376382976288869	-0.06966058839855165	-0.02002135406447315	0.027959042406163856	-0.020185224898730238	0.09349622378506534	0.0712218098961297	0.06258342119165725	0.03279889033013976	-0.023673048137835537	0.021257858377701572	-0.042671757453095926	-0.02174035240821902	0.04349967911885781	-0.19348031596021864	-0.05005362650665719	0.025968334768346552	-0.06292623890825001	0.0688693663175351	-0.08259887314089163	0.05327092623342445	0.05767998551593887	0.004829638739339828	0.0536152737123699	-0.048305274151562064	0.058091569735436784	-0.050015502441546546	-0.07842440724058657	0.10559784125369316	0.101871839628319	0.04102581346388698	-0.052038582879706495	0.029799093996372074	0.04970945042904901	-0.023329646757255688	-0.03701925475165182	-0.024916591350895023	-0.03455810014526216	-0.036114430169878156	0.02941885153845849	-0.02701478159956266	0.03667313833011762	0.026395091273316646	0.011822851296262196	0.03388613837686008	-0.03768287306935848	0.0055985959400904175	0.026900913016249247	0.022553038197850414	-0.026094474957485986	0.00991787714637316	-0.0508042312912243	-0.01847723996589644	0.020812113536010406	0.02875173609415529	-0.07024442790014429	0.03808469112849917	0.01246740446881763	0.04331789406400175	0.024006049290439223	0.03251051386016227	-0.0021571920561758652	-0.023531337930382434	-0.05032807890608531	0.0032969100057257048	0.02104699427375409	0.02073233781672531	0.05845940525889599	-0.0015733310987864977	-0.018049576749996635	0.031090575605957477	0.041860584518269114	-0.0273927671853417	0.05467367992440295	-0.01450984257808272	-0.02493897210198873	-0.025105489910161625	-0.04159562460481844	0.015781225753376597	0.005069561857374806	-0.013806223896161896	0.0023083710747280337	-0.02521949127597503	-0.025881860737589323	0.011253756343246648	-0.001778666563425071	0.012439141770397209	-0.0003935748669375372	-0.010054535089028876	0.004645989767438743	0.003205200485164818	-0.0010882527240091099	-0.0	0.0
108289	0.3117220419915934	-0.14163926839864266	0.19301786536669305	-0.0643259256542844	0.05296180042009524	0.002819759231350212	-0.04884317849386309	0.1066375692307487	0.044390288254308	-0.026105290511622248	-0.03705732344354201	-0.035924262179065115	0.01052239004062037	0.029964305543529426	0.015906841707348858	-0.00692645633057825	0.002761415269544376	0.01485857968039539	0.049222512956922	0.011948403030097301	-0.07902643161312327	-0.011438993886572664	-0.015578769649980586	-0.010023480599797924	0.023515237168909797	-0.010328142350192457	0.03656055186621075	-0.0403888188185453	0.04550541448090272	-0.00983347175836359	0.03984907695023477	-0.01859389209827582	-0.009193610891672673	-0.018031905765118893	-0.018975698502167612	0.06916299877527883	-0.07555931892501094	-0.05760941950559371	0.07432113991664323	0.004095567855080964	0.0453875564711934	-0.057565205066997006	-0.11341354682476326	-0.014577576665763545	0.06821459928949927	-0.005814669428047963	0.0009737250180831117	-0.08059255641317115	-0.031060930705962685	-0.008400490349877901	0.025678922666607616	0.11787126870588006	-0.03222220826378988	0.034577656625862575	0.005624804859775471	0.003585699429984654	-0.050904803730044426	-0.01223987517280302	-0.028891690322450543	-0.04430937793689212	-0.03375190814599241	-0.07870721664869046	-0.0007428138074652479	-0.0009318639322151232	-0.018327032370845923	0.016651817538851345	0.04240989393171299	0.05099905619568936	-0.07251567295332156	-0.002540949545766654	-0.04131619146137027	0.07264786161739929	-0.023379845694988615	-0.03534384336058982	-0.09292955373371885	-0.08814602698773819	-0.002538220865994216	0.003448315565952312	-0.0055425965646024875	-0.019884702322962366	0.03737217963928884	-0.06746924144667849	0.0053092258572774225	0.023377960491953228	0.027906538586029053	-0.010012101656744422	0.03992997172726506	0.015115170093203184	-0.038170687518146014	-0.029627083784074772	-0.04189580898481595	0.018292720907200462	0.007156055189081707	0.0068295732543039115	0.0012349762168607369	-0.012749100153928118	-0.003646670702381028	0.0018787771966637492	0.004011865657372509	-0.0007647855464120032	0.002269156095143023	-0.0008412183257242137	-0.000734302831538716	-0.0	0.0
108292	-0.4418975328403618	-0.13174135152641714	-0.003230973313369309	0.12135333197107619	0.059019276939640014	-0.001386006800838237	-0.04029373460174803	-0.008641850637393696	0.16432288740702058	0.010828216448047975	-0.0366042859842038	0.009966924391615742	0.025992462015480118	-0.08491121579440111	-0.10122584061190427	-0.0007764422051305234	0.030033229349938427	-0.05823238505808845	-0.08176959367027838	0.1008411287739225	-0.00918726631782646	0.058768010814426196	0.0005965312200899511	-0.02942884221426831	-0.03326570059672122	-0.0054259806247766084	0.08017027677985666	0.005704200654239728	0.03942183704006232	0.0002291396533209272	-0.002755774820921109	0.0013091283233107678	0.0442429422203868	0.01876546693190812	-0.023340715373458623	-0.005120585475549555	0.02560349320638528	0.02847924158075171	-0.008288713766022133	0.028310590687641683	0.01471395588057804	-0.004010182281718008	-0.026987105346838115	0.018175358909255025	0.03623033238663948	-0.00040632520161659004	0.015509455271472116	-0.02653627789734859	0.011813797935683731	-0.0018680313645943604	-0.008030650697016353	-0.01687866852240589	0.007298809237117004	0.013469724073721682	0.07088371776180126	0.02094370157953019	0.025455050776125383	-0.020401455752188026	0.017280165966067525	-0.009593707580424788	-0.00028742218854627854	0.018807772986555928	-0.014358818148362427	-0.025655374348318466	-0.010766498349599566	0.01926502307323794	0.04685888853559356	0.06796563470815353	0.022182052574008498	0.015199855435546536	-0.02417194005569368	-0.017315466243302956	0.015937828149525872	0.004906049115900006	0.01851590161209907	-0.013941385640742252	-0.02419781803387013	0.004901607244312325	0.011548481848638019	0.04951273507806657	-0.04278294623489346	0.0285792661543028	-0.03953037440487421	-0.035197352213945744	0.010382527539772113	-0.04765952891156935	-0.004283990328861246	0.022230729073289594	0.004026740308884893	0.00478766371667724	-0.032628271307215365	0.019174375568733887	0.022102481716224566	0.030635332746852567	-0.011229377375864645	-0.018590205731183893	-0.028528011352278795	0.006667193945404781	-0.010938685553178147	0.02657695640779021	-0.06224260942057882	-0.01154069970670529	-0.04607093731573809	-0.0	0.0
108293	-0.3436692040000399	0.1367587514267185	0.13177799667754114	0.09825049166288814	-0.024962004805969776	0.146769267549841	0.04428874817900613	0.01746804440057319	0.16150022282349535	0.027876489529488537	0.1265674552255319	-0.10800244013365118	0.024585686324328847	-0.036213742473271554	-0.005067969379886727	-0.052619053031066794	0.1300071901220125	0.05621312807844121	0.025987271956628005	0.03280680757790596	0.03224712812748048	-0.016497331708113433	0.06432880116081739	-0.007121472818962817	-0.04972074446469488	0.02915547010595139	0.011500158818258074	0.016216424676936354	0.0414958470723632	0.0516090372862875	-0.05710906808174688	0.005589104250479639	-0.03719601504053603	0.05242906109272948	0.004396644119959979	-0.001236223037541446	-0.019408662678444936	-0.01546794765045606	0.02632990881750269	0.04957505039057049	-0.026000528527506638	-0.012898167871071196	-0.007218561308627439	-0.028555343365031176	-0.015237058122105306	-0.0050750692216193615	0.021053747081863212	0.024437339256674597	-0.037590868386755065	0.0027148338048397485	0.009197723281546916	0.015386970069789795	-0.02862905368819338	0.02590046571180151	0.026653868170626198	-0.029866786369466096	0.03479647563333237	0.011598648450596072	0.00236006080686155	-0.04222847359000528	-0.03737864025292067	-0.004801497588592843	0.027218234315689437	-0.008442361500307631	0.01096128164836378	-0.018791014710058104	0.0090642915526214	0.047504968691091776	0.07016842873000514	-0.012570415040256955	0.014090649061564944	0.019723398756743983	-0.014434378167928362	-0.027250047786194935	-0.03800870874511203	0.0330120117927258	0.007851238831843502	-0.005097612078494889	0.007817353790414865	0.03205964927980569	-0.011467053389642984	0.020489920548083376	-0.026291721058891073	0.048609905385184636	-0.02405116235639208	-0.025046276009443945	0.03230175185013203	-0.05615719088166946	0.035222651621874025	-0.02260878475417572	-0.0352381152572712	-0.05653902616119623	-0.018881838518355756	-0.05567561413301596	0.007433136744678606	0.09114127245038424	-0.029270994459079158	-0.031938716777948906	0.020189889363451494	-0.02797893692184079	0.020895602407256172	0.0237356437204699	-0.005219510520930824	-0.0	0.0
108294	0.2802421721185674	0.08549526828258984	-0.1767760119870229	0.06307383222979047	0.02390442666811371	0.044177039725697635	-0.07331245485265839	0.011399006293994545	0.00917730417229711	0.013844814267187323	-0.05672247449593773	0.018112423191636473	-0.03176342412813348	0.08314590632541986	-0.007404483291875093	-0.12010043134630968	0.0399523175843828	0.04480066449465657	-0.03904931525014414	-0.042943989080264484	-0.05471995943395051	-0.02465927797388268	0.01941024557637836	0.017409764552939837	-0.102345275936423	-0.020034812354728752	-0.030873137017827915	0.02878105168175993	-0.060567903977410416	-0.03572053354665819	-0.02572376911714078	0.03863472100103271	-0.010247740190840257	0.012371039215650559	-0.027537249892174757	-0.012009288753572203	-0.006768477981362228	0.06910485564270619	-0.05241981755473463	-0.0007199153098606064	-0.03315014582918746	0.05891633238709945	-0.041810841876667657	0.01658107130332503	-0.009549857535829721	-0.00601154591499309	-0.0028128395124928885	-0.04515708125486057	-0.07744535130253773	-0.002853560396234581	-0.005101356492023648	0.03471814058776948	-0.028528377362791697	0.07962641331425266	-0.029279873406643828	-0.048244275574729385	0.011242428004652241	-0.0411945091303577	0.07163161809351695	-0.05455507263367492	0.0038075896924040418	0.044989119637302254	-0.04581300009608759	0.059777293001243466	-0.07508511306074629	0.06096687288393838	-0.016513734846158673	-0.0037670753706223305	-0.006730932483405596	-0.03228908552142285	-0.00348994844195487	-0.04824919823477573	0.08814459846294699	0.005044922708226536	-0.05092418484977172	-0.0004352415728135891	-0.015637955756335278	-0.08912194800263736	-0.07116562823850944	-0.021841210264167417	-0.03404461268531733	0.016155009760720585	0.03230228815376548	0.04894241800833174	-0.017746365202847985	0.014385020131846869	-0.04411129338191525	0.01497561756373773	0.022015647120750177	-0.021518686347413794	-0.012928789504024941	0.03985824817747905	-0.01866808111448791	0.02364353681717623	0.04558014155769627	-0.007407799237728491	-0.027533415542892962	-0.022975847706457518	-0.010294141952157068	0.005042852927429053	0.000970275566189855	0.0018846368195185638	0.00023688075827866988	-0.0	0.0
108295	0.33111238928637976	-0.12243602706894909	0.13664676510927337	0.036513195933098645	-0.043303545150294186	-0.018590377123118576	-0.14257309021807435	0.09103842815253844	-0.0035696154247738146	0.010498507023106432	0.05665152760123895	0.038207971935881685	-0.06627955779123673	-0.013268854230806468	0.02277539067626325	-0.0014884864596490853	-0.024893690932974975	-0.05155460655838282	-0.011051015565848333	0.002557240504587804	-0.0009692926321899511	-0.05658053953544923	0.014896889188399614	0.0016541028456494198	0.07358931115491647	0.05125788816947259	0.07646650216973276	0.011060975376224845	0.0030095733294420463	0.026550570887639638	-0.06559199360028224	-0.08385456475026914	-0.0443289885926265	0.002548958016252814	0.003984536183906081	0.028295860335021357	-0.06868415651871841	0.01790324138227923	-0.051569369943787025	0.0015630920205106193	0.041049438873592366	0.012622224969699985	0.02385217721423504	-0.0407798788435973	0.060905027558736266	-0.03533155761313366	-0.055723239329668654	0.03823025256223899	-0.017544185530083398	-0.07774000578350435	-0.04558209039684913	-0.056241540554605896	0.012324713690410504	0.011651492787875499	0.009102369274750534	-0.014665775068085708	0.06230177653128163	-0.003140694623265093	0.01103175445300644	0.009728098285840123	0.02588833090444934	-0.14222561400274533	-0.05574123954934684	0.04691225916389779	0.04406685375069902	0.06180075710003548	0.029418859144629037	0.025235968489983402	0.009115688223317651	0.026090130782551645	-0.042553586934916926	0.020147249440329723	0.04984310639667888	-0.05716717372081276	0.04058074102924038	0.020828188376359937	-0.04622484217815571	-0.011981543865656013	0.014258464481376154	-0.0037910309421977564	0.014825770172455718	-0.023614898898346646	0.03449114793549572	0.01862470408050426	-0.07933958737333675	-0.03239213214830359	-0.0438976920072178	0.03439608845027651	0.023360516357568775	0.04520390367336697	0.06448925253015586	-0.02334541715942398	0.0038975885073006264	-0.019918659232500923	-0.0029669299072579963	0.013065595369212167	0.004446173786073023	-0.009529492055015529	-0.003697852164409146	0.002321261090012019	-0.0020627739388730296	-0.0024281971232773102	0.0006866335040792923	-0.0	0.0
108298	-0.4117098366000787	-0.21242372771410703	-0.06472540118975803	0.072133282987971	0.07202714456311414	-0.1719820660206789	-0.06349313269490302	-0.0017269445113456397	0.06081242549262521	0.021046156031585623	-0.09683209249430653	0.007395383660042954	-0.036836209564621754	-0.022948873348534644	-0.08657838349205428	0.03794503673425107	0.02990604141627238	-0.030885461449244013	-0.14934789624948497	0.052689966744849874	-0.0026201486989274147	0.06555190618117454	-0.03976571171909235	-0.012456404933725749	-0.004112650467073652	-0.044007555938406634	0.040962233469614424	0.03744885969762499	0.051007419127219095	0.009777856493017111	-0.014965712269284817	0.012747810700842615	0.05114562007301872	0.04550118249646747	-0.051120155844850274	0.02355959569251832	0.04265408984746635	-0.00566791350126376	-0.0006710904209456471	-0.032777458387085644	-0.031060848844020914	0.01775517678760017	-0.04379504872438494	-0.041235428459530064	0.007452419766623196	-0.01737150388076626	-0.003270304362669728	0.010346132579010901	-0.00400776109082005	0.0027180137572422017	-0.011817391364519337	0.024767680587260726	-0.01867289167354316	-0.01916974166622332	0.008658911246166074	-0.04210775680235062	0.04401880422557399	-0.014365366552470803	-0.01314366997149281	0.041794789261649055	0.004239052442003087	-0.01649124081723322	-0.035347138303381126	-0.011835245248974082	0.004239455833348363	0.0003885905179240502	-0.0674171882189248	-0.09767172367274381	-0.013958619817351949	0.020367698596660246	0.06964642741943895	0.03592820278192518	-0.014558478716303653	0.0025404321755433655	-0.023461434322808433	-0.027889806820321026	-0.00022260316968193868	-0.023022369351571585	-0.0181964720301916	-0.04033922570835156	0.004495017599073347	-0.019912004229343052	0.025752218963569422	-0.007115999408830697	0.0034102798890802044	0.012706377697816969	0.05053426887914123	0.02975357427199934	0.009848605709152584	0.004396461025371973	0.027098179589835524	-0.006626724253372543	-0.02464642996645014	-0.006465366384710042	0.02223423306280803	0.0601932364851953	0.01749804946544667	0.0029899294391873203	0.05770961283551905	-0.049368397201060545	-0.03543976889877661	0.0042123446024390655	0.025049080890111815	-0.0	0.0
108299	-0.34695964053997813	0.1029125149586008	0.1494518165117843	0.2733741683835995	0.12325848361825358	-0.041238086000470735	0.019874205823883002	0.07165696388711364	-0.12046750165544637	-0.1658569337906276	-0.05623711134422923	0.05872972086770416	0.13977944990421817	-0.014008974709709725	0.03169654391853948	0.021410878246192	0.04156867616255656	0.04163251825904077	-0.11020663849200171	0.03448878591339925	0.010865177706684725	0.04510250268989865	0.031606755178668754	0.041523834516824905	0.042527240481331725	-0.04275453263730883	-0.0042018214844550626	0.01764854273723243	-0.012540201376491212	0.023740765429998596	-0.04893783118475435	-0.03992436343695019	-0.03144122029431679	0.06865968009469064	0.015068855957715876	0.016763863472965577	-0.05129936490883111	-0.007482973082250673	0.0011208304731172131	-0.027007248339229073	-0.04095411694670224	-0.025946717402793543	0.0237453276560878	0.012753354926282698	-0.0439425985576945	0.0031021691997024643	-0.0327641478368793	0.016120394124455505	0.005210636023865628	0.038635227764716874	-0.024681587714080366	0.01337420447771113	-0.018840732017669958	0.03490722860159652	-0.023074728969163107	0.0025084498679444453	-0.03142902814504727	0.002592290985251497	-0.000968612136654118	-0.03333385462115624	-0.011331511935493562	0.020402061590259764	0.0004873201162531292	-0.024881447082935854	0.013449541796426908	0.06119764827274154	-0.02573045720456648	0.04482900783681056	-0.01628055230035379	-0.03948535599646736	-0.04855995361452696	0.011585973616455305	0.04480618818742356	-0.005158583067149544	0.04741574137586622	-0.0018077561928714664	-0.01469144623943583	0.038360162587196954	-0.045743757345111075	0.0846249947668093	0.00860428973272888	0.01599140692243528	-0.0498318355032023	-0.043566443945420315	0.02338686054202704	-0.03415312944607189	0.02246207193584133	0.04029381323290158	-0.04365219026656087	-0.008170267929583629	0.017655957622958608	0.01748357649995327	-0.04221327884456519	0.009715589552065867	0.028559605307530305	0.01897091951584777	0.03962396232046958	-0.0005819320725792774	-0.022811321552345	-0.01473676303935951	0.031220057907146413	-0.018619397994677864	0.013091732204234915	-0.0	0.0
108300	0.2627921506326909	0.038170324593242634	-0.10390176931700101	0.07866259122399204	0.05518780614595949	0.08516612662127059	-0.08352191669252172	0.10156960204150003	-0.025343344403102677	0.00533442710582777	-0.0217100386119383	0.015454710472368616	-0.0562940014101522	0.08609364376412047	-0.022717748020180926	-0.10357469572137093	0.008984652859117799	0.10733723903139714	-0.059763696639209885	0.06495799555778929	-0.13016540704640345	-0.019994618228123984	-0.03686218192752293	0.0071836913162551565	-0.10347164156639348	0.053716633383104145	-0.09479825469928198	0.02224341045314499	0.06635282830467094	-0.07030505933194586	-0.054180106641665164	0.05058021184643441	0.004379945929896269	-0.026912794999440003	0.09838601691024346	0.05518113442261049	0.05952892702566726	0.023569944501340857	-0.05744061215210059	-0.08320258361332399	-0.024681813859283416	0.0030391900062845417	-0.00436736723201828	-0.07202222899059876	0.009538809551420125	-0.002202776115798409	-0.019170189268955605	0.006148283755835125	0.021294883243676815	-0.09571239019845378	0.07010265414442701	-0.06895344014113072	0.042146678480745686	0.05050861057562502	0.008287037274092619	-0.02446379522202785	-0.00022019318778565428	0.026266223389647042	-0.03796813699598212	-0.0037844186594034454	0.059645588629436835	0.02432666646431434	0.06360846409438758	-0.03118211847617441	-0.006912710262788866	0.01062847252313424	0.029818369449757475	-0.005861061126594672	-0.05161574115284521	0.005928867612975179	-0.044806831156706625	0.014944580031190592	-0.10498686248917048	-0.0030830292656089226	0.03411225754594148	0.0716095017048563	0.0018293983897907588	-0.029099990457845785	0.026299766255486266	0.02464880766034987	0.03303708219967079	-0.024514196485231562	-0.02404787595034518	-0.023275109414527182	-0.003945028382813723	0.004466045924310666	0.04774653165616867	0.0006772940643481018	-0.008675218929603618	-0.007002011746353573	0.003950027850968049	-0.0010794544624859368	0.022858738707498476	-0.0017380228059670115	0.0011697365987700036	-0.003556671490857031	-0.005071608285672332	-0.005583440205755361	-0.004259281046687775	-0.00878954599466849	-0.005314295866368362	-0.00201189619678209	0.000955372634820036	-0.0	0.0
108301	0.3151117355735837	-0.12973029832047242	0.17468760297194943	0.032161429638982796	-0.04332442522995553	-0.02310598544773789	-0.180224012497365	0.05524852366690106	-0.01053900449455259	-0.013082216122843009	0.027000393403531758	0.015317641021616582	-0.0519872256009735	-0.021075188382337233	0.014819193410760802	-0.00514033946515414	0.0053232274331587014	-0.06468089165809689	0.011075506394931755	0.0041719228314528725	0.015417265558033577	-0.0543220060155639	0.06120692358237995	0.06704947821166214	-0.035208838332653446	0.020358329517082423	0.0638672634442506	0.005558726794276207	0.029259851921350492	0.02399837224368843	-0.001118834334998977	0.017173337899841077	-0.05750138942957087	-0.014978309679944792	-0.07754455083857406	-0.05149941951955927	-0.030514269681414262	0.06775180603398748	-0.033198913431567875	0.0021947498439107284	-0.019746811320371805	-0.06010965752786542	-0.005414664138729179	0.054500290101318315	-0.024750054864742934	-0.05650237669483231	0.05719517896735902	0.016723736721578203	-0.021822114527692425	-0.04888223408331081	0.018510862894102028	-0.07014368053694554	0.015747696262855347	-0.1078208346638044	0.003322348235883286	-0.02426148712066696	-0.06303817940698715	-0.018629340361556973	-8.892787024990617e-05	-0.014679956476312284	0.09290355123220138	-0.06048999111119675	-0.015660844589558715	-0.024553374195589353	0.014817843628501807	-0.018130668344868636	-0.022042512617758636	-0.0130439186337249	0.0031930855033395302	0.014549876736396093	-0.013009613599035798	-0.03236896595037175	0.018073313162323076	-0.012471349539729396	0.015881844030416988	0.020497947767269	0.0027740972332220342	-0.00979111445124958	-0.017215639250623062	-0.017475137597594132	-0.01206067134718813	0.023609922972261915	-0.04705779908815952	0.02198623430381836	0.1680389602137753	0.02146004781684944	0.01561918748432124	-0.044636387501191234	0.0042091608889515695	-0.028753062309597868	-0.007459731783679253	0.03044218737089526	-0.0034901963102892705	-0.008818924060056686	0.015320228615614363	0.003790276551153797	-0.009263692072682921	0.010036893898142028	0.006439241398594405	-0.007781530477900799	0.005734487446972657	0.0011707506359434057	0.0009227415007540416	-0.0	0.0
108304	-0.4599120539791709	-0.16072354689013646	-0.05866299262403994	0.011070224033720539	-0.005815858697751535	-0.022568365149533472	-0.07787359468032555	-0.028236172261300325	0.20893477233444008	-0.009520026089069036	-0.06130814339552614	0.032326239666885574	-0.05552493649401992	0.03189227732494714	-0.12559153062326925	0.03434137873623639	0.020288542989748973	-0.03616758687688555	-0.02737624652246703	-0.0016152689566278921	0.005926383421226803	0.03390289788619334	-0.0590810828272056	0.004746789610438705	0.01576740548208966	0.024989176785857825	-0.018416167459060263	-0.007014014408748552	-0.02681183229473489	-0.035997334778969596	0.018737903643007304	0.017868844972598604	-0.012194440653046933	0.007283032649878112	-0.009327461764763302	0.009006488863671662	0.012663124390362579	0.001028350874903281	-0.04584517896383746	0.021406868569659943	0.029429450403403015	-0.03137120416699539	-0.0241368247793697	-0.010440940158294677	-0.002605638863473757	-0.03416948856924103	0.001199400041059503	0.01122431793785314	-0.006232099389019834	0.04227133157461601	-0.04021254580961533	-0.03081040729705399	0.04203311873658151	0.04084621352894593	0.024332247757836545	0.01781451247974245	0.0015505802621242906	-0.012842853864177422	-0.012860236891031895	-0.01126561412870257	0.02348646681371284	-0.009036130935961166	0.04154506715648814	-0.004320008245352282	-0.0022719605508996314	-0.027629543859215507	-0.011213424134242825	-0.019262955931392604	-0.012364510886413823	-0.0019375815202313518	0.028006011901225168	0.016144807300807498	0.012823002194037708	0.011637592886859527	-0.009353217842993984	0.009262581739484391	-0.007385354100888902	-0.012973034705163217	-0.006107751918038191	-0.029094682162164622	0.004865149391599213	-7.330456943164358e-05	0.020353289441880407	-0.0021542164985006392	-0.0007226446428991068	0.0020781083544264716	0.013884071075919768	0.007469962279342767	-0.009059546781619979	-0.004192820631850436	0.01416859821923562	-0.012890003390711507	-0.017828469297444673	-0.008685142646591076	-0.006249052389066283	0.009046800790646127	0.0020415859173705257	0.027330272916899143	-1.801798019292139e-05	0.03251325660491074	0.008681704065221629	-0.036809069350828776	-0.014488063269856119	-0.0	0.0
108305	-0.29134568085406604	0.12654860340955917	0.10243180100648236	0.012313406399800319	-0.07137668183556925	0.19259994852761259	0.04258475837046649	0.008735207262761916	0.12928552862626103	0.015346614961330773	0.07154131795305806	-0.011180532420979623	-0.044650279140750045	-0.027274538759678998	-0.06281942347893987	-0.058085648452189186	0.031138933933907674	0.0028653933355617172	0.043752459996657805	0.14779281799424954	0.07988430276088745	0.0474872419949262	0.1364006304478108	-0.03588902340633873	-0.03757998808408282	0.004373810803231255	0.10817659380989236	-0.01622457738093446	0.009670482249616962	-0.009290348912523002	0.03127683030263672	0.02827733297709958	-0.028013501803537625	-0.02979620021308674	0.04350894697405249	-0.048286462067473064	0.029662466837952078	-0.014972146855644854	0.05047997337510168	-0.028740462310183304	0.018802013750044616	0.0073037951903346	-0.01746955968030698	0.009878903424000496	0.08299969594678408	0.010664945819675396	-0.0720789519172783	-0.013144782737332588	0.041760897877484486	0.018952562360335604	0.0451884506251081	-0.04945431359393883	0.0014771249970269265	-0.03327329432452348	0.002989879211621072	-0.013462528850262565	-0.05213291240086869	-0.039102752934025146	0.006319356165574972	0.007011860655869932	0.014844002361316513	0.035645830643885615	-0.00963152161413077	0.014679210301453069	-0.02952055612877124	0.05971427507971876	-0.006644550774390323	-0.04471850551542112	-0.048575635060210405	0.0008982708653385824	0.012428626023686842	-0.0120980932644119	0.04000737634245124	0.03255825496063167	0.03216499816706109	-0.0006600995572350479	0.04240400877713298	0.01793602788879885	-0.006821813473508958	-0.021256296028931674	-0.046985345443876024	-0.04203998255965821	-0.012789196786464875	0.030775060157929236	-0.017476741525915968	0.0026972402008066934	-0.008066939807620507	0.034384207760697144	-0.063293758780223	0.0022941877653608095	0.018948980109828994	-0.01723387738729387	-0.019045971955653516	-0.0397956487867588	-0.01571128588392415	-0.07589568561086428	0.013066362326033806	-0.02308873588048465	-0.0009784683722886872	-0.04131691517268731	0.001813529062010465	0.00016268517426277205	0.014444521724759839	-0.0	0.0
108306	0.21644181915836658	0.09144613302321744	-0.2220146853281721	0.08684251597467632	-0.07217383579840407	0.011053367563571193	-0.03520517417833293	0.08626872311895567	0.03444763556904409	-0.04982385343932684	0.04449599683979603	-0.0987362790364898	0.10885999407746767	0.07266833029800587	0.006848880057599297	-0.007250765113181519	-0.06554674495020776	0.0106266032875508	0.043194956793947394	-0.020193036435809057	0.02803476556386631	0.09778042286118946	-0.07776815995244907	-0.08404133686191781	0.07027916748591635	-0.10362884436724475	0.04697530040966619	-0.0346553422393591	-0.02928126075671396	-0.029588283779094022	-0.01601453770162742	-0.05220034045797211	0.001907888660836077	-0.05725854438578151	-0.037864379190659325	-0.029280515657283256	0.003931944275402337	0.044799141783019004	-0.030564251973661735	-0.02321679323932113	-0.09450397381126861	-0.12270082154038005	-0.006552356340998775	-0.12077949269676688	-0.026074020850637033	0.10647482216249768	-0.057773925579687066	0.020429778542376247	-0.023252020949754412	0.008873471257017719	0.07959572581581016	-0.06225170206386084	-0.005793875763448762	0.016088652489245275	0.00715222340549273	-0.01948639951599093	-0.019723546814832887	-0.09282187033298439	-0.002761548411983728	0.01956301861459186	-0.037039194463255674	0.001656954211697612	-0.03463725706964151	0.009456129269952294	0.006612429550196064	-0.015351695253927544	0.031201658958413724	0.000974676248608908	0.06719121326840576	0.03913886039109214	-0.03770935432402269	0.0038882932710539177	-0.031932528174097356	-0.021867547393348865	-0.01483513235553617	-0.043562195458741015	0.011151419677806432	-0.04661256440863022	-0.033826044995415916	0.003611032775978865	-0.030598073609272646	0.026969955299486974	-0.0012556999059006122	0.011091765457456682	0.02052863343419459	0.03403778100860368	0.008036160715148078	-0.009892051104599916	0.015785541673789434	0.010391193631466596	0.012394900534702663	-0.05051763532144281	-0.01634022199109459	0.015283730525999736	-0.019406101933708203	-0.017097705003219284	0.03217990589027701	0.021404765378760317	0.0012254272708002744	0.008732480444419304	-0.0007367418954893681	0.001096907694371597	-0.0011238748768868884	-0.0	0.0
108307	0.29350368238488067	-0.027876412967422114	-0.006088737342537805	0.04730742243972443	-0.0646784810209757	0.04754314039825701	-0.07544021178040458	0.03759030210272224	-0.012757156687202377	-0.06808478329498983	-0.07061187344506592	-0.13613637086920183	-0.013949399271071838	0.06611055136437148	0.052469300447713044	-0.1527382526065027	-0.07654326303643198	-0.014689086715092446	-0.04615398279587296	-0.03029987945563039	0.07598333023515673	0.07001658839232472	0.034111210195873876	-0.0865436916732463	0.011100544392680852	-0.004264034775030976	-0.03547019764287002	0.1473404383966179	-0.04052395299699111	-0.11161446404195456	0.007936631996027333	0.06799492857341224	0.017615366797944967	0.09762265959917446	-0.03926075303282714	0.048288444453805965	-0.016142192248175754	-0.014581131338229731	0.061014214405568555	0.05471090412982504	0.029178302060183965	-0.006623834422083442	-0.06951745353054439	0.09718433747058722	0.055920920331396125	-0.020873583536838967	0.030910810058400292	0.028754414423282554	-0.029106422540299826	0.02953749117773482	-0.05503904113692918	-0.03108372554041658	-0.04983948977148155	-0.024189121551392218	-0.07097857036066836	0.05831640354672608	0.0194204466289651	0.01195321566957893	0.03264137078091926	0.08394683496352635	-0.07385183384252128	0.0024525543025749274	0.06379939732345602	-0.031635502804560796	0.09026145130277066	-0.001588107452714907	0.00457572076245897	0.0009466725554433237	-0.015988728814728955	0.044439747024213175	-0.009308544926214031	-0.023468598486827027	-0.03215111823792843	0.008997784782778066	0.054913204170994906	-0.00028191542463604447	0.023704553528889692	-0.04843717454155432	-0.005438677161222985	0.010720779008587802	0.01103841832964669	-0.0250090264260562	-0.007492471894893522	0.027730537687252255	0.007291022238060602	-0.024621761518758847	-0.007830028843488624	-0.010467536287875294	0.003441825982190914	0.02747534033821563	-0.007311815980627384	0.0032591928241683258	-0.016771304126090358	-0.00385325779506871	-0.013907922694130688	-0.0029634545910808313	-0.004584448646815933	0.0024792111136718114	0.0005538115504589258	0.00624965088034272	5.1717987562461244e-05	-0.00040054386225780786	0.0007566249482528243	-0.0	0.0
108310	-0.31958854221713423	-0.2211331830529334	-0.08818761579509331	-0.032261432815212626	-0.0570846741535221	0.11133721616871975	0.11392477858558295	0.046522519102166315	-0.07531795669949387	-0.11918258949772617	-0.0645334246406924	-0.017218164565485475	-0.16813837910599327	-0.08357041975025864	-0.07276960877166526	0.02139365560991853	0.0026545433242927026	-0.09213982682601324	-0.037481960073992494	-0.05231255791422975	-0.06562948625059789	-0.06841623906200132	-0.12002292716937843	-0.008012959592852788	0.015042272718394391	-0.06584802158179219	0.06752074319243795	0.0475310041042869	-0.03168358019281782	0.021118952648537897	0.0032920247041470464	0.0245737043014061	-0.015512372901118246	-0.025996054433779284	0.02936817046701933	-0.0259117241501379	0.022154961822095014	0.01154472140103876	0.03784608283208977	-0.055418176277105366	0.025438776361195615	-0.03871787137635054	0.059318841858118795	-0.05371974427731963	0.011139155191146232	-0.07791814492640338	-0.04467247214114669	-0.05340086137501199	-0.05308819856330007	0.07609225447546833	-0.02674584416550252	-0.013325544039521745	-0.06472544168175123	-0.07009125147113153	-0.02206571096616838	-0.05427630140842653	-0.02661196427498561	-0.012320416974625678	-0.012148406936440334	0.018705939737411092	-0.04030720233937128	0.01957599364186245	-0.004488967185580483	-0.005976388210021004	-0.04125213305618352	0.0137831631498274	-0.003206931262002222	0.00226656962221536	0.02255905994618395	-0.06755170572679348	-0.026588339200250798	0.0340256110796097	-0.051768363169042084	-0.00030050565593858514	-0.00024046379027755363	0.038126663265463996	-0.03780878088025397	-0.0033239077788119404	-0.0008334659812098776	0.00887469822965932	0.06495681633120227	0.05317945404322265	-0.016720237828945803	0.0736602896173709	-0.0073607802286300645	-0.012217400648817303	-0.00035723490752267187	-0.03958455682458047	-0.011535134828383536	0.03567576506403952	-0.0006774533431808427	0.01997094662086838	-0.0195649830256574	-0.010786260737594687	-0.02482253873691237	-0.010644187254319247	-0.019909493781875686	-0.013185248760061382	-0.032326858351585906	-0.004377372517090222	-0.009272235721596614	-0.004904487828496833	0.0014630004667203235	-0.0	0.0
108312	0.3180171972828735	-0.021359556638073457	0.01289652299746607	0.03739820446737432	0.015186728198830553	0.035265518017347564	-0.052381075262444225	0.11616980047487645	0.050739771552411425	-0.021957326788184135	0.0014856011374519882	0.006624492229379985	-0.04313177974401773	-0.026827399359523753	0.014436505904519966	-0.11131027227804305	-0.10021053815109976	0.03851340779379561	0.01798323651972905	-0.050156873032519235	0.061659410826670265	0.06970706714201591	-0.0518337662294406	0.04865196815818427	-0.07471131964353687	0.03738953512579879	-0.032396201559362015	0.05295277339312969	0.08348921902670754	0.034804922473630776	0.055536100781507836	0.013148807172327704	0.0008795234994498421	0.0289697661945788	-0.059583984305676636	0.0011736896987581244	-0.06176757322588628	0.07750733470339662	0.015916473817155462	0.049688510156303704	-0.05410762517007807	0.026732609920344857	0.07246213939685883	-0.03219634483947653	0.02739884300680296	0.05603868075450151	0.0060398847337768125	-0.08038983654008286	-0.03961997305501988	0.058786660509067834	-0.027182467506505537	0.02302985014547118	0.012928991141500083	-0.034592438432633515	0.0008751591851540891	0.014878514352792478	-0.07627254293479618	0.05309108949526204	0.017214398048704616	-0.00171286522339491	0.017858881041104897	-0.009717295955223025	-0.05187341865799368	-0.05147117739065831	-0.03172417831077885	0.011397568649529908	0.020409405074726307	-0.02638944836923598	0.013535653023240748	-0.03861061956967769	0.011061848557944747	0.06044815866046794	0.04800544225074531	0.05391946551995406	0.01710383754754654	0.06975934890938416	-0.011026974783980778	0.041646504522331235	0.051176086826108864	-0.0018801323444146956	-0.035790453429363094	0.008809490022323301	0.07994171041852534	-0.011238398487768617	-0.015128279199138575	-0.006047946527140188	0.024858077419628644	-0.0009692129505016383	-0.03369512212164139	-0.005283024268578166	-0.01684680620435422	-0.044242629997565015	0.03721804244554397	0.05884585777033626	-0.031120089976799315	0.024581919689065656	0.03827720396326977	0.005173986291707776	0.004076750723018122	-0.001219784976600972	0.004584875233607568	0.004452925959939167	-0.0008824586328712435	-0.0	0.0
108313	0.305125291233227	-0.1523875085296774	0.15581459400714892	0.039482566063583156	-0.0943527711709188	-0.05365871933200885	-0.1529449055711276	0.07046907161534258	0.0006205810557340702	-0.04866268865373047	0.050323285824043835	0.014511751125763488	-0.0647560683904218	-0.09873235979893855	0.0472795098451185	0.015533354804165964	0.0005753480830997801	-0.024921952234999392	0.03677746278042177	-0.005233693932020364	0.09028185318479998	-0.0037990448364290702	-0.03993434837576512	0.050580029632424015	0.0423246409534129	0.04044903986379136	0.01534329766789093	0.049226040222232544	0.028856068588882778	0.05247853519632384	-0.006541270961819638	0.05092809101621114	0.03439746637824833	-0.0008382428669613221	-0.03223966041087951	-0.1378726681096515	-0.04211098759918469	-0.03286375011327399	-0.03707801052257462	-0.04078817833054364	-0.018643719479195017	-0.05458437674423113	0.020372037035651415	0.04169466079065151	-0.019024959404039973	0.03320750924828639	0.0497008656867392	-0.0250039647719923	0.02322949705037223	-0.015481086190543556	0.02545185334573671	-0.00970252299695091	-0.02968296286467149	0.0786266180191296	-0.06392262538055132	0.061794024549647136	0.04777792304548367	-0.01220851067376675	-0.04256008708581432	0.013656893393343953	0.019439481956475786	0.07244937830246262	0.024564391387397147	-0.07232738302459454	-0.12157506996973276	-0.010648730870507056	-0.07795098752783818	0.027915406365050154	-0.024204437411712482	0.044452549353004064	0.011028271218837024	-0.03045386317541618	-0.030406655470566556	0.004257861470831093	-0.04985178657500827	-0.013837491245738612	-0.055797607376827	0.005817130726069307	0.019433031450617387	0.04244375475930705	0.012381346751236848	-0.05274922851596054	-0.04049307144743682	0.015840466919082075	-0.067733127001306	0.035514075335030475	-0.032937768647959345	0.007744187512779431	0.006636142238280724	0.0016997886392973774	-0.007972814196672846	-0.015829709286217897	-0.017730199016708324	-0.0068214309746987105	0.0002018546209504729	-0.004062804539391796	0.0049447658010118335	0.011946460613995267	0.0039731726253914535	0.005112123505830618	-0.005030968280654313	-0.0031793202607434587	0.0028169748525803257	-0.0	0.0
108592	-0.1683501558220327	0.14888017231496783	0.13068295533865573	-0.018119835246860568	0.03149512156647456	0.29086474722883876	-0.10220434852772119	-0.052993777344079694	-0.10057353048036141	0.06985096265973927	-0.08698314891327093	0.12444077222633153	0.05948199362194679	-0.07124261269012518	0.0935639398636853	0.05532382328375284	-0.1056192641110092	0.054204195449032246	-0.10042348688073746	0.040144872998194865	0.04468929152800624	-0.01480951152923875	-0.08177138184098581	-0.013890720854936799	-0.001675461725771779	-0.04487540423726599	-0.03528917408679328	-0.060353073561018045	0.03913332175336702	-0.06545905666242753	0.011710800776331812	-0.0018263048895146253	0.07627937078229756	0.01987587122490144	-0.03912727554699162	-0.016110508971981536	0.02050054298054112	0.0724080686554523	0.049954532867270036	-0.029490378567466554	0.01780560877565578	-0.03231789789907236	-0.0527447516291555	-0.05269260768127439	-0.00269678256703495	0.040490543775159184	0.07676123223758974	0.06703417031974793	-0.061246891771633956	-0.04644953242270001	-0.05659611853208157	0.01564265366478098	-0.04028736373199307	-0.007879483536351043	0.05496618892486368	-0.0005772669825511775	0.05474579087514943	0.0183369454717927	-0.017900751456792312	-0.004707880097478514	-0.008428919744130332	-0.026660234330321733	0.026771735122293437	-0.010770459981564966	-0.014877732401953503	-0.03563931233276669	0.014093558351997737	-0.0023649529184159314	0.02000069132450375	-0.03601281704250662	0.08232163665026962	0.025301028253428882	0.024123079663390144	-0.05579699745449863	-0.008960891324769737	0.030748603055717957	-0.016588922118533606	0.019069126136011725	-0.017805220074924404	0.010993202963981619	-0.029287434897858174	-0.016235556558604453	0.01309251586020601	0.00927712025022416	0.00517608303964277	-0.0037419682774396633	-0.02818582589294197	-0.030528997263457515	-0.0264539848319211	-0.014309754391657787	-0.0016100797288183836	-0.025500406438772296	0.0011127597668339445	-0.03935770442903367	0.018792126200660154	-0.0540136482016037	-0.008516464043988344	0.005969110371767697	-0.024934352709958748	0.0030852541579146683	-0.006232870563922178	-0.005519417130664332	0.00942987023899091	-0.0	0.0
108594	0.28872584552502484	-0.0890259918157036	0.12247951074408908	-0.07770590395384343	0.0742822100804632	0.0033354291778154937	-0.10131029296889699	-0.014878043448686158	-0.027866369362911675	-0.03739416629536477	-0.03799338655888268	-0.03604713654561427	-0.01162050364351345	0.07733221634075606	0.03565674699365088	-0.14743307366208883	0.03763168307273429	-0.08476669947804605	0.026332975123549887	0.032570627290289665	0.06249248006290096	-0.051272575761262436	-0.028418418975914697	-0.1456904531992188	0.05905261423693723	-0.04190270149212091	-0.044467246225437414	0.046518832245503294	0.005604650514338515	0.024848443675118365	-0.012905700119018	-0.04724565265068205	-0.04709728199152651	-0.02052689503575371	-0.03542740366947592	-0.06416543307766806	0.02372155037172226	-0.04527122314913806	-0.02332491131916909	0.0397498943142895	-0.03147506338223737	0.07507176555704152	-0.055022979541516456	0.012475720871131185	-0.030497278783796315	-0.02678944927132028	-0.02980263944390623	0.02762405719344415	0.047664509996628565	0.08597225783810322	-0.02739370569121225	-0.008744333986902861	0.014649044518074686	-0.007537172381887468	0.03847237839102691	-0.017261466288887712	0.06699498605758374	0.05271136305015079	-0.007972201144964242	-0.10821583634391731	0.04833219044402672	0.05045382634323628	-0.12925931304821425	0.0265550598256135	-0.04845866109378308	-0.060136412900297545	0.07900465887714507	-0.03468591699405491	-0.016016523331706927	-0.031619363047411315	0.027012021283433527	-0.01045364853009476	-0.054359351362851624	-0.015242973483794109	0.02833912499808691	-0.01685834281268649	0.025788583727349587	0.034487935188369435	-0.03349297858655061	0.029874514628633445	0.04904387586503768	-0.0016141981938073652	-0.014258845311213656	-0.012087864394223423	-0.00625994295393355	-0.030061100006574085	0.012865024081475373	-0.016385248877914472	-0.00021828420888694015	-0.020519830367747526	0.009224888671659668	-0.01025148275563989	0.01631121506528745	-0.014585341970162709	0.006669414070977282	-0.0161588167015879	0.015857792705283393	0.010363759965319701	0.00340386337235693	-0.004450238399621968	-0.0027222436340678265	-0.0015252542705860362	-0.0009798272272688064	-0.0	0.0
108597	-0.3273629651788822	-0.2346777463079139	-0.12830575937694932	-0.11000768847603046	-0.08523072969984623	0.081867873965566	0.07219220926289781	0.05503670104499197	-0.048198882491733624	-0.15489589347595348	0.070155379131517	0.039478035089505266	0.014969955060055915	-0.024244730353331835	-0.031089039465053918	-0.033317819823212885	0.06349092109362836	0.038956774844337246	0.011481280846213167	-0.16227767392258702	0.06851900172917694	-0.1199082795734918	0.005299498904316071	-0.032294233026358324	-0.05597647433690819	-0.025236506030367457	0.0787618607755254	0.014955053552253518	-0.01568769301477115	-0.03736333442733565	0.0026598649087359685	0.020685506249218447	-0.004316892540738373	-0.038465616414985464	0.08442074655406576	0.06803816856246087	0.0064481898210307234	-0.016710938662948524	-0.012253197633619433	0.025310640351102105	-0.02998051105299889	-0.10997772076484207	0.015831907743195928	0.04119052198174338	-0.019146869449279073	-0.002548117224134414	0.047069637920105385	-0.0002496213177862542	-0.043805596683383075	-0.0017652344819157212	-0.1222958248064904	-0.017763786326190637	0.06414728221033067	0.0858282337944866	0.04661032991316707	-0.006501382104637788	-0.027638742982227498	0.08083172817814513	-0.05098115870608884	0.054189899646594576	-0.003557466944697528	-0.021678426260086918	-0.0161776409594872	0.031746216711405977	-0.04031630504768826	-0.026673079572342648	0.04047602960047202	-0.02173979001195296	0.004306613322653736	0.03761724951205839	0.013025032746379941	-0.02826132310349821	-0.012104949855193043	-0.021246969063297642	-0.018238175611107667	0.006662215522023949	0.02540231536694407	0.0019519700165807116	-0.0047866581247638235	0.012176150739740745	-0.06491693414971195	-0.02531419860650827	-0.0050645601956688675	-0.0316000938481459	0.012289959102793012	-0.013787974502187864	-0.0026385536302008642	0.05614559375900056	0.019869281624558532	-0.023550074404894043	0.004700704602616256	0.019410242037469057	-0.009189889092209507	0.013711657683382786	0.0005324433794643294	-0.007519095734824798	0.015633666136074382	0.011930608299748641	0.010112206571266609	-0.04205219379868522	-0.008518557661573873	0.01013923174817446	0.00042180955012662924	-0.0	0.0
108598	-0.2812528333992075	0.18584428327480368	0.11368126008749506	0.012636994671549643	-0.009318287646716912	0.2527028249756184	-0.01667649648277356	-0.08839385186904664	-0.019920911100808927	-0.00226017683003924	0.026308758725015553	0.02339844077034405	0.010350710718680432	0.0449480087965674	0.11438531331261481	0.052706069098800136	0.0450825242187273	-0.016804206250232673	-0.027428374320561666	0.039428996618612155	-0.027975591266797637	0.05355885786308787	-0.1103623580514774	0.10332093981338009	0.022033862622723565	-0.00481361944622885	0.08987145381169252	0.03431223377277039	0.012124487559804715	0.02020859870382652	-0.05822788108120198	-0.05726670022310776	-0.06469253592127917	-0.0013261160773596864	-0.03417746681059038	0.018583116587842813	0.044348307554693156	-0.00026828246869813673	0.005792298032703209	0.05053648363301206	0.016903634771790046	0.010074410690684871	-0.003847924267127695	0.05985116626598795	0.009207981673246506	-0.044796691022338506	0.007400672771151198	-0.06974565143165291	0.06434360709355065	0.051743484757719935	0.0292001048703089	-0.021095624269757987	0.024871575110824516	0.008105414603014527	0.014726102151297554	0.017379519284937656	-0.019039618519240138	-0.031791448034617434	-0.0013353040804062943	0.01879962724545906	-0.047049509225983416	0.020051886549054463	0.028509901052939726	0.003737190542263184	-0.018073483564214194	0.027649395976209173	0.03232876654050595	0.016282923736947622	0.017791983071036795	-0.038733093387341794	-0.011000351085759093	-0.0016341803433047911	-0.04635598987843761	-0.023529509829719825	0.01366309041155111	0.028850187866808538	0.02025970340430032	-0.010335479570779084	-0.002849568469846026	0.0027233730492592233	-0.016271088256390093	-0.0460459445885182	0.032890659220604995	0.013062787959511952	0.007975564267280475	0.03863041940126512	-0.024371283126797393	0.004904622666970208	0.08000969153617615	-0.015154741439736625	0.017446420049635075	0.05234417657302637	0.054538922801331914	0.02075837955204568	0.00116556941246889	0.011274014663141362	0.043045233368491115	-0.004172235867948581	0.06953317979819694	0.0272778274406893	0.0010880870000504917	-0.019823961837077	0.011869357454301316	-0.0	0.0
108600	0.2741515679521062	-0.06005987666191067	0.0971423096544432	0.04236349027418228	-0.06795179194473794	0.00728446850583599	-0.12931991885316876	-0.10467275814395387	-0.03640037075831792	0.005175137515835206	-0.06187744386777348	-0.08719927837978499	0.021014550008511997	0.09455522759452033	-0.022179697677963992	-0.11546216759089693	-0.01146451504138605	-0.06249730746648635	0.05041985785633973	0.014347872304144669	0.009840502073063018	-0.09466197104825688	-0.036311805493350134	0.04388437980991143	-0.03677175133089571	-0.06021285068548487	0.09856059201844122	-0.03359580719531677	0.04539529166056306	0.14090943533637765	0.023277220623435856	-0.054374389400368324	0.0389587447501759	-0.021927900427731524	0.0525796770934617	-0.008094607862070547	-0.01178742495693221	-0.010427173088428714	0.033527432651713346	-0.0445910990796152	0.058612575605684995	-0.04784181456844559	-0.08422467534435872	0.008472030498339824	-0.057109121007421354	0.025619467560748038	0.02784846514228781	0.006518244591236073	-0.05474299079685646	0.027404063834011845	0.057209852596141	0.0535718475063551	-0.009101377446965037	0.08098197849145046	0.02269893764242464	0.04636039700786798	0.02296449273755609	-0.04418088194225289	-0.06922094574790269	0.07272175839197859	0.0609544511586438	0.04841332054855267	0.04473174629155672	0.08241072978556717	0.07812566506475581	0.013789764792519902	-0.038149971064135375	-0.021835475219836416	0.03734987467092234	-0.06051215102538485	0.0002970723340311218	-0.011325962980422264	-0.003911425078960445	0.05314451036884602	0.054365888157337894	0.014381777173475748	-0.006235060628988607	0.03980266281156069	0.027044188158991685	-0.021064662400150758	-0.021508836312487106	0.019808582122145407	0.03265733281300803	-0.0235205822590264	-0.009719839636416991	-0.020938652459961866	0.01813528878565294	-0.0010907862544173703	-0.006324959213329296	0.014141117919603617	0.003899703682616893	0.011801987291671763	-0.010247694642877237	0.01397109971231783	0.008834269901153583	0.01290259248198161	-0.013911304509929147	-0.015138943822080203	-0.014402728646194572	0.004491273939463035	0.003916749377006679	0.0031269322834506946	-0.00013770327459553528	-0.0	0.0
108604	-0.2913780368826575	0.11180929490688983	0.05658908020988808	-0.057255203014240655	-0.1148848097388958	0.25981706228314605	-0.09086428905676563	-0.022058845889589247	0.012947365963816378	0.01432456990043008	0.014089698807177317	0.07339928469256243	0.014881821181259728	-0.062253960649200614	0.0666365511854792	-0.0371796964655517	0.00496927058934767	0.05335286048728417	-0.08296064082862459	0.04810748148979461	0.017310927277320393	0.07730299281755246	0.08716110849245606	-0.08763975229047719	0.02426949472733951	-0.06767526729953016	0.0056521216072960255	-0.05080347455243289	-0.10742821792291805	0.029030752251528277	0.10297276018462864	-0.04581142838794958	0.0921298116042822	-0.05874042758116176	0.014870861698551016	0.034125832254658324	-0.07609204183070992	-0.041464899036679076	-0.11931036787314031	-0.05060660614733686	-0.001671874856847409	-0.01154631678565096	0.06354924055532843	0.025476072376579468	-0.03217812033083725	0.010772772139615373	-0.023920184131582197	-0.035676665196970825	0.004459115976685253	0.048286546160462775	-0.047606082765259274	0.02430335963639439	-0.025672806598311695	0.00441182899175898	-0.04442860339138493	-0.030828053400886485	-0.016958343561385536	0.059712342433400026	-0.005032126976436723	-0.03299082273624466	0.04914696566149816	0.0042099298819880055	0.0027175562914856497	0.021023355673995235	0.04541033441719825	-0.0209225370292524	-0.05410804054587951	0.006109604507294614	-0.039206380782303686	0.013387841971154031	-0.025001735259582627	-0.009189917970510863	0.00041836727771342485	0.0030942947298079797	0.018000291171661797	-0.016657634665992307	-0.0155259788891376	-0.026648978875994857	0.007775640016984302	-0.04776226171226063	0.04588053419300888	-0.0007158755219025618	-0.015609343950281419	0.003807924539635827	0.007946174436672834	0.040089134590282766	0.043057319410884226	0.024209444876144032	0.01955713053998179	-0.006886961548485417	-0.0010547935030067856	-0.004585015510293339	0.026347590588325503	0.003850893303675111	-0.027924826567033104	0.045320275193854516	-0.0044565625427823935	-0.009102550974185298	-0.012613462786338816	0.037538806678520935	-0.022733163031222206	0.022796239432078553	-0.0032433317310267755	-0.0	0.0
108605	0.2674401831420513	0.046712009647900225	-0.12771873369838121	0.03542323499889864	0.05208085069447061	0.04499266032164884	-0.00936527504876588	0.17022067865969748	0.003927432973651279	-0.009531598157492549	-0.013633208563636734	-0.029355098396135395	-0.036875042171901413	-0.026086225118611195	-0.045152326476075276	-0.03920050436676834	-0.00828355161327555	0.1546356909140266	0.052751296570845374	-0.01981261926399795	-0.04389510231875228	0.1105768080318535	-0.046109606293525764	0.07339128981214445	0.01613126080779208	0.013474435305792521	0.07261581140403503	0.06177526547540338	0.04833497429395849	-0.05257096825459395	0.04530835528338275	0.053288452478674565	0.0632290220314535	-0.01991051259580878	0.03710478174255674	-0.06688851310591894	0.012498314433351553	-0.05153636452649449	-0.004390568343006213	-0.07043891324727951	0.053876667640747805	0.03381547541503941	0.010795143171886656	-0.00943156010731757	-0.08181335191539829	0.014087687194965384	-0.0567637230423385	0.0023489047221626476	0.057858736539214764	-0.0030153466676387437	-0.0010150573644830093	0.010595250830048017	0.10459820350677113	-0.0640157206607607	0.02103139057709093	0.10558692699527454	0.03513530899678932	0.0824711256868996	-0.009623649526485707	0.024449579483170985	-0.031131811126495476	-0.04978773700493305	-0.0016920739084426875	0.029806212008459378	0.008852471765844557	-0.030219352711804315	-0.003582833309772034	-0.01962715425360545	0.007232682273465391	-0.06655792652359549	-0.009065176361259959	0.003675054103414319	0.05682513327394215	-0.007926249458361808	0.032041129499709255	-0.09437574848094231	-0.01269366144390043	0.03489858306962639	-0.029942070568666636	0.00946887495171503	0.0017341339251937926	0.029076209910925275	-0.0005933901870704122	0.022622697568742457	0.006058419157703197	-0.0007459691825757593	-0.010911811187461061	-0.009543436417003589	0.06604082021619226	-0.02606487005153599	-0.014742343401095532	0.011794347122830246	-0.022149218206299698	-0.02801009101521968	0.019877851598568613	-0.004646126308585123	-0.01984208696842469	-0.010579423326015866	0.006782321240151537	-2.517783525124461e-05	-0.0016480631073429641	-0.0012374298750813311	-0.0008531265028180408	-0.0	0.0
108606	0.27054913720054674	-0.1426985803267781	0.1446889159670446	0.07632698408437052	-0.14490171615027936	-0.048837164135805695	-0.17458064404620918	0.022561080870094594	-0.08028017335853786	-0.03934586342576223	0.07891313790454775	-0.024671338573881055	0.0076208980605070465	-0.0673162905547016	-0.07064609940451497	0.08526149384077582	0.012336034544332748	0.02260726983196152	0.06571914445741235	0.10510937334623728	0.04244470125097031	-0.06792190710073584	-0.05055154086588942	-0.04631248681943577	-0.09731901705453094	0.043546287978188325	-0.05994012639792098	0.11289415763081316	-0.17286979391180152	0.008797788972837676	-0.005019954855567403	-0.07179466191299394	-0.012313365082395436	-0.01230507634931142	-0.013048323230546334	0.02304034872227767	0.08788736700116836	0.021490757781462252	0.04369944165823451	0.026944850710837468	0.029829767889732014	0.06652673410086232	0.05455757453960468	-0.08038808136741647	-0.037421377699537045	0.06918251109715959	0.030661714509013713	-0.002716569929329823	0.07334615821421267	0.06046691110686857	0.004706681892057767	0.13726284441664252	0.0700384315571905	-0.03281060313255388	0.03324465498435352	-0.06633043148971046	0.014563530776573566	0.022395420607639577	-0.008219675168734236	0.05542430994321822	-0.009503508300449734	-0.010696433639955507	0.05426472882644374	0.01445517452506367	0.0002507971653741823	0.025756799794698377	-6.391809758700605e-06	0.03540504896773084	-0.041332543390154665	0.013601400571481488	0.00898839594062614	0.019357564319712563	0.005563557012954282	-0.009153148579882905	-0.010866264236364647	0.0003649988187373848	0.029852822588316553	-0.03585084904549101	-0.016167610733626443	0.0066297689716652945	-0.033505026977400945	0.012091006642969042	-0.02159129677710208	0.014218778119727065	0.0206376588799564	0.001804110433732524	-0.0034560782460404597	0.0015915986335803903	-0.010013897146842768	0.02174960189819808	0.010170739058340561	-0.004442440056065138	-0.0030867115669202354	0.005623293172994126	0.0044241390331152645	-0.003432688132133136	0.0022275887592746397	0.0011371581319175638	-0.0028163003052317204	0.005953409465963253	-0.0013802782271483936	-0.0013006089341263186	-0.0010318063410893093	-0.0	0.0

Biplot	0	0

Site constraints	0	0
