Eigvals	105
8.565078475759856	1.8560411836110589	0.9554652883181577	0.5646973672157427	0.5014783260459201	0.4040940524070597	0.38709617028658	0.3233712487858113	0.3141586493301351	0.2773983537303745	0.2508811942973424	0.24473887358873683	0.2205651410851501	0.2176891187055973	0.2104232934554352	0.19875178735215177	0.1886195439160311	0.18192377113447616	0.17914736094937636	0.16754731135760048	0.16280434822339254	0.1549545830035768	0.14879701748710314	0.14714027034316055	0.1388794282669807	0.13220694291856616	0.13162684464859134	0.12915396577528998	0.12306845307157897	0.12145435896434222	0.11876220455308724	0.11552046509459392	0.11441959320337956	0.11030289011267506	0.10578039730125678	0.10058167539062528	0.09920580967469007	0.09703173681956391	0.0950543678828621	0.09009730909948768	0.08920198789960837	0.08558662393081017	0.08365102135700762	0.08220813288043095	0.07760174064678341	0.07520820102200615	0.07379451772539096	0.07274366012954873	0.07140976339246793	0.06868873407771597	0.06522393350971165	0.0634877046733778	0.06151734499477954	0.0596434368368528	0.05847247092471583	0.0546998570480149	0.054067505141464786	0.053339576033536756	0.05248511054332804	0.05128902851430542	0.0486114931073509	0.048236788045231	0.04618657153536876	0.04433407410274212	0.04376963278615585	0.042419262232914035	0.03967203340690938	0.038600127742021054	0.037159028038228584	0.036034149405094376	0.035165742199833344	0.03345604054133608	0.0325746726837437	0.03200054277461328	0.030647820573062378	0.026470952755569616	0.026184022668725274	0.0250441895150291	0.024638024402566478	0.02254525594624181	0.021350041303345692	0.01947629998975498	0.019001730263905937	0.017687583473648027	0.01516887898694105	0.012771462875461225	0.010675941098405705	0.009991844375434236	0.008361732741440728	0.0067973500050521225	0.005757297035677494	0.004910231890358073	0.002247135743864183	0.0007309698840577972	0.0	0.0	0.0	0.0	0.0	0.0	0.0	0.0	0.0	0.0	0.0

Proportion explained	105
0.4104209597146875	0.08893767943907314	0.045783933178828194	0.027059137409769195	0.024029810869143534	0.01936335659658849	0.018548853015243835	0.015495285728720129	0.015053836894273788	0.013292359069855972	0.012021711281372409	0.011727383895203579	0.010569028309544102	0.01043121522721011	0.010083051812160234	0.009523777224101023	0.009038260939938016	0.008717413267752097	0.0085843733970778	0.008028522858210173	0.007801249811390796	0.007425105192964994	0.007130047306930507	0.007050659388332228	0.006654816811693557	0.006335085025449119	0.006307287908427285	0.006188792634471435	0.005897187371159306	0.005819843298429936	0.00569084079129653	0.005535503298071546	0.005482751779285837	0.005285487826815458	0.005068779264807753	0.0048196671939855565	0.004753738536218931	0.004649561432621363	0.004554809976577154	0.004317277906206466	0.004274375954152282	0.0041011351421747335	0.0040083850444126955	0.003939244793684832	0.003718515943773368	0.0036038224435682733	0.003536081645048858	0.0034857267085202964	0.003421809117976046	0.0032914229848036674	0.003125396861591273	0.003042200343624842	0.0029477847568252493	0.0028579909286927828	0.0028018806484644623	0.002621104744041569	0.0025908037401338744	0.0025559228731429186	0.0025149786427395384	0.002457664849802527	0.0023293628553138143	0.0023114077587387586	0.002213165596687125	0.0021243977265129796	0.0020973508585232026	0.002032643876561453	0.0019010023166486402	0.001849638799904207	0.0017805842634923167	0.0017266823909665625	0.0016850701022274612	0.0016031447121108238	0.0015609113755455505	0.0015334002501106716	0.0014685805819944803	0.0012684336594521637	0.001254684559318761	0.001200066096898532	0.0011806034993600144	0.0010803223354762012	0.0010230501058999329	0.0009332642726051906	0.0009105238665615414	0.0008475526528838081	0.0007268615097030961	0.0006119822562212169	0.0005115691588659292	0.0004787886496885495	0.00040067704999227947	0.0003257150439993641	0.0002758778429681177	0.00023528822188446317	0.00010767812708500564	3.502657473443871e-05	0.0	0.0	0.0	0.0	0.0	0.0	0.0	0.0	0.0	0.0	0.0

Species	0	0

Site	105	105
108136	-0.3694309072541431	-0.10998075014458078	0.03052951334317037	-0.09624635492598342	-0.06593428854182935	0.06799706014718074	0.012145184600136976	-0.08109786237394051	0.055276186092274644	-0.01238499852305302	0.01896574789616305	0.003838387998600642	-0.005811594983524273	-0.02381980730318029	0.05755648189407111	-0.0054414822595433236	-0.021540943736064952	-0.039708851261060545	0.00923081422151144	-0.020265885970735836	-0.014351065746204511	-0.02099020287997746	-0.042381850398097	0.006881237179994449	0.051536483207937536	-0.02946641965775194	-0.004886202569192127	0.0443463244753918	0.008010715536979405	0.0020251869010963434	0.0021934057354568467	0.017317715868345927	0.013036239121830296	-0.02436008448700035	-0.0026071338945710433	-0.027863072992757924	0.010285066098069454	-0.00234468687546925	0.0033954779142083206	0.031331697225550174	0.021715808935174483	0.009303854272089648	-0.02212637189262065	0.0033305033202971537	0.012519446494748069	0.008546005992665431	0.041550132283550256	-0.0009559276520512046	-0.03630785247829891	0.01457946558024791	0.001102857542771898	-0.012150313369360287	-0.038972243181736616	-0.035944624908393515	-0.024323985046557067	0.02921382246014962	-0.022960741821289782	-0.0028892579421492693	-0.0025987219618736476	0.021699620061773856	0.0009654263006248019	0.01779386809053449	-0.01573476704939175	-0.0021480157538551208	0.018273957996197698	0.028787739958795227	0.021854644228400947	-0.006890028895553048	0.007161695554425527	0.0012045221112481764	0.01055938925175279	0.001332643504119042	-0.003275427039892999	0.007526543334230643	0.00409427434906407	0.0014245247165465263	-0.0189667743613191	0.025780465266757813	0.005966109608774704	-0.013934450478233223	0.00890344328509624	-0.004662522192001344	0.010635918241128119	-0.009855648196582743	0.00109259556069192	0.015018394907512106	0.01223822123484998	0.0009374618448931941	0.011692673834701663	-0.00884458711181788	-0.010286231985749484	0.021271366844064075	-0.00731401363278252	-0.0013830273214119097	-0.0	0.0	0.0	0.0	0.0	0.0	0.0	0.0	0.0	0.0	0.0
108137	-0.18711071034386942	0.20389955555748618	-0.03686161636017737	0.011336821383425589	-0.016698762708207856	0.06519011056411046	-0.14172944947854735	-0.03395351258919361	-0.05819179442273531	-0.029563099846597087	-0.017918725581314607	-0.028892029112520902	0.01341342848408652	0.04287217713800138	-0.027556940367370813	0.04502466285677869	0.029325876089317485	0.06615198095190711	0.011597455125367242	0.01113458974064818	0.03965198099330868	-0.041934665437188504	0.056368963071450826	-0.05504972560400862	-0.02551032970053678	-0.0021277388200493046	-0.014499680952256976	-0.047299760472935756	-0.014780882024462412	-0.015663305600119595	-0.058711231422233	-0.023499823517062736	0.017168596355685996	0.0037471546552802883	-0.007010859785218793	-0.0069514121865330986	0.024334195419988703	0.015061944745354454	-0.006754508797697668	0.0034818929348906986	0.0007388882327375279	-0.009992716734818725	0.023606791069087838	-0.03040571223904103	0.0038805065020663327	-0.03619678386928251	0.021865208787746053	0.0009382310010488508	0.04157940208906917	-0.026984417713490062	0.012131403908306856	0.0019300719064215307	-0.024734562435832535	0.0003649363298712508	-0.016752108672128726	-0.034452229054878034	0.03960412798030764	0.008412951746497746	-0.0017460998502842192	0.014190093637984208	0.034576152930605585	-0.035886947969486736	0.011046195411971264	-0.007110661543571956	-0.0074916366728612245	0.02620513084386101	0.010694965380061474	0.020831907931718917	-0.030046349228879932	-0.01902621021811745	0.04229083046779945	-0.002673719283153193	0.0034637822043019056	-0.02803237033880308	-0.000651989785958828	0.010781821694157409	0.00388418235038005	0.007128402853748069	0.008883950025261055	0.004774924906445373	0.0025250511761069397	-0.0074507811724212475	-0.005748404972098053	-0.016647327869485702	0.01935394883929272	0.007825307277666593	0.020293863239790745	0.028271571540411294	0.016281687307769736	-0.004630274567370727	-0.0033087374451757382	0.011748843049850025	0.006040213604588267	-0.005064458516950502	-0.0	0.0	0.0	0.0	0.0	0.0	0.0	0.0	0.0	0.0	0.0
108148	-0.39876055733647353	-0.2300309107431731	0.09991584073740362	0.04455212387004483	0.009714152032552607	-0.10190717862387591	-0.12759423474002568	0.012878550883295384	-0.0004602387479531059	-0.02570572598892602	0.001659640404145971	0.037741360382090874	-0.01409143567668374	-0.018066894873820974	0.04975723022258848	-0.06130958481209641	-0.06240557095802257	-0.012774415026970992	-0.007682393835173046	0.04017795510058052	0.010063375753316565	0.024129183913341134	0.007208364316102168	-0.0017495027758386707	0.0013789334429257978	0.014719101751193083	0.01997291725444863	-0.016215129925518698	-0.013507831091349745	-0.013365605322973742	-0.01841444198751727	-0.0030461262271479876	-0.01880238828735099	-0.006624428738465478	0.01681916501706012	0.008590510008245749	0.03556583191842994	0.03878932705433138	-0.03557665535431324	-0.0030437824953730656	0.011055283772815207	0.033725445137901724	-0.001222001918931956	-0.019418681372503216	0.00785533196025026	-0.007102251217583598	0.047184108852687354	0.018875823732881648	-0.02093779926612838	0.01878626121982586	-0.01146460292269012	0.011221243598148405	-0.024215486899840384	-0.0008593874260453045	-0.016160421374974573	0.00364091395849973	-0.008462644623692646	-0.00037367804312246524	0.019061652748570655	-0.012261169864053534	-0.009035659569396332	0.011530701383516915	-0.004754260861493018	0.016650155604170942	0.007007572719404802	-0.017261528391105906	0.006792418691120267	0.006742932822200157	0.010229229842446643	0.011452736911790039	0.02584599088605647	0.03997968729849278	0.013590330562347428	0.014858450017939093	-0.006522569625047879	0.004009246335694331	0.0038336673983717113	0.023645865996817117	0.00376641423254764	-0.007216197733475059	0.024057610705397425	-0.008686236210669275	-0.011504414009199918	-0.00388295235083372	0.004261644088703536	-0.0012112657606840628	-0.017728468603904105	-0.005294086257440658	-0.0021509274000565464	-0.016160402326260856	-0.011345318171584568	-0.0011576153575393472	0.004038590906519489	0.00019043350640006093	-0.0	0.0	0.0	0.0	0.0	0.0	0.0	0.0	0.0	0.0	0.0
108149	-0.2916649240301624	0.14850794469184786	-0.06417637592940313	-0.006573438704200666	0.03804195757514818	0.04731342234122732	-0.05486160282898928	0.024750859442238992	0.07044690885396877	-0.02606507779430071	0.04282035594128533	0.06491586588476997	-0.047856384737549044	-0.04230060746108008	0.06390399363512271	-0.036152036612262066	-0.011863749690484737	-0.009028412508209937	0.051056993647087025	-0.01986141106637858	-0.04345774185265586	0.045614689634693485	-0.006276564414471378	0.014088410570610714	0.01739577764349751	0.02507306087024003	0.0074737060159257756	0.006483435263002793	-0.04093144454642247	0.005932824120443984	0.018759354904960883	-0.007635033644740139	-0.016482133560793328	0.01982991156933262	0.02797259090900612	-0.02893020732898138	-0.010804436169428	0.0023027726697705205	-0.0041842331832238604	-0.015752814613985925	-0.008549153213145139	0.023620728392394083	0.006653582202375563	-0.0016409546169832247	-0.0004664380254202418	0.0069701830593180735	-0.012744593800471247	-0.010234397646654942	-0.02126790361137281	0.03449996192608226	-0.014663373994793009	-0.0009250799150645196	-0.016540774556841963	-0.033132798962723524	-0.014762009840019654	0.01255130515165843	-0.019498619901958208	0.014030291764007394	0.01649545679839552	0.005672366375161559	0.004343083435902455	0.013707497364138276	-0.006436554133274932	0.019345662612825266	-0.046252592701723855	-0.008262861849518717	-0.01007081529426912	-0.012099451735498307	-0.012858633170072985	0.027346843163601548	-0.013073495295048573	0.010676081993433513	-0.019460583777283505	0.0024164400832282656	-0.002559923260550098	0.011162318413036592	0.0004737703156575252	-0.01291394289086887	-0.002241066520444839	0.020930423022131165	0.006530783979094554	-0.01796269704137669	0.0020692365822119136	0.04370398800001126	-0.00908448782561428	0.005505010721686928	0.02578964716716073	0.017881917764843942	-0.004165413077732319	0.023208326850281295	0.0050335497810238316	0.00825888636477807	0.014942193346800064	-0.0032332203403210276	-0.0	0.0	0.0	0.0	0.0	0.0	0.0	0.0	0.0	0.0	0.0
108150	0.15493517597567655	0.07906121523395514	0.15289808577298888	0.03383858382372751	-0.07705660382816881	0.07214113135346423	0.01057167660375447	0.058238862842387315	-0.07718929537275977	-0.027678595444125587	0.058205808002873664	0.04186146569314111	0.02358952267567435	-0.017032781775664346	-0.08598684362010084	-0.04763423517723443	-0.012089398094067177	-0.02717941689272376	0.039338703368662166	0.05952968001323992	0.0009299978902131786	0.09090638786513049	-0.06077448480523318	-0.08025606931696953	0.07630868254591117	-0.07460480146252103	0.0010776804284302144	0.05837842841177092	-0.004105504076625145	0.007853808872120858	0.013702261137383487	0.02075593620165871	0.06539625771363806	0.02102498608891534	0.05207398775144797	-0.010480605872710484	-0.029064509950338137	-0.028168558396075547	-0.017989811556809066	-0.00387568052422489	0.007336320191753387	-0.06564893455715658	0.04359469555512717	-0.010684841743656007	0.009362809106827411	-0.019891094198695527	-0.011600288464863367	-0.007325171847758719	-0.036823438129925536	0.007861641428131807	-0.03628131107614933	-0.04292477106359238	-0.023186773659394404	0.015744914276798957	0.022318681422617413	-0.021906101083792956	0.013813249535293464	0.017869192981765585	-0.03519691986495428	0.00370200821744734	0.030546387342719375	0.021122919158878987	0.013078548351355412	0.003143431803589416	-0.034794057896808	-0.014202261700739235	-0.007706466893403476	0.001655188915577638	0.01606845779712714	-0.006180416971684551	-0.00323517765070704	0.0011678532439051814	-0.01013848196949017	0.002073368477995074	-0.014195525751764481	0.003632507471451001	0.01942044159611381	0.012934235280066358	-0.011636554379443798	-0.002598217741822753	-0.0050926950461514285	-0.01308079913459832	-0.00867695994942226	-0.021773373507860835	-0.0061658451583824535	0.023589501049862113	-0.01660689621691595	0.0099737556773055	0.003748629921442183	0.0025222592034705033	-0.0003391854973428987	-0.0036235062088715254	0.00022131867298421057	0.0008476060801067989	-0.0	0.0	0.0	0.0	0.0	0.0	0.0	0.0	0.0	0.0	0.0
108151	0.26416912664222	-0.08679178831325933	-0.024371817920697234	0.11507397170138696	-0.16756210060109747	0.09159270024730579	0.005735611870733982	0.0679381914828939	-0.0018234021136230704	0.0704796551169619	0.15601122711604204	0.04671658971734199	0.08519629585699574	-0.01731554855527462	0.03145862211565555	-0.06576593329962524	0.03334696926403908	-0.02595529732745349	0.054185906460198954	-0.05682934292197842	0.020348188081837398	0.046709022301287345	0.031516206640632836	0.045970850765617	-0.078754087947027	-0.05215912543382017	-0.0015243774632727287	-0.007893121032960302	0.002735132818436185	-0.0034689607614973726	-0.01779257258802715	-0.03167807769294838	-0.0012964975467834653	-0.025667212611055985	-0.06500680931486398	-0.011469671254818918	0.04951313031224893	-0.02459547986032416	-0.008440470928725349	0.019183464870138698	0.020795099584394003	0.04127953703777263	0.015126195351374433	0.006411048432549453	-0.033111248566400714	0.039281048671379104	0.035013965308661764	0.002413979336416836	-0.041722139870496326	0.004071672296556637	-0.0017398099363311675	0.044728845387993314	0.047052132848286604	0.04304626159523478	0.01428715561636519	0.012276149907057487	0.020678201341116562	0.0052938511016849005	0.024401611277406282	0.008970374126254716	0.009531450933932508	-0.025414150082355372	0.009254146440588052	-0.029165527852291113	-0.02123853608805001	-0.025878457939762574	-0.0016368234597051905	0.017450386312233352	0.0014208693969484853	-0.0027450172941609514	-0.007626207569980257	-0.00025053167404441817	0.0010817791353293733	0.013875300078129297	0.03761702566126486	0.008850364240311975	0.016564936634623988	-0.011596185402018237	0.007812335371041985	0.010311736962553494	-0.014042115404871876	-0.004844736915378116	0.010807118803041799	-0.01042338074517925	-0.00035554350001509573	0.008527796900454134	-0.0015986108120687656	-0.000607943504816705	0.0025213669722733596	-0.005040333068784189	-0.0011531041356546503	0.008950280318915689	0.0014180520862427798	0.0004243299261473905	-0.0	0.0	0.0	0.0	0.0	0.0	0.0	0.0	0.0	0.0	0.0
108154	-0.40929051391497395	-0.23964345862548736	0.09129429557855318	0.011461449382782245	0.05543946821622323	0.03322016517138917	-0.002052334753991338	-0.0029770065658464885	-0.006378793535542794	0.0241451660960609	-0.01827602791141825	-0.03942135831477948	0.02586699056895439	0.024475998184462947	-0.008734191088144615	0.019151045839777836	0.027044194094017916	0.028556962187735974	-0.04588179298657481	-0.0060985806902878765	0.01731270325727019	0.0034304437516000487	-0.010226913948748095	-0.019464458328599228	0.04138419330387559	-0.05637411136412319	0.0180841094951651	0.022852025057076453	0.04987833430324618	-0.003647516511625017	-0.021121001284858998	-0.028907868024229375	-0.03376549440956245	-0.03426258885511431	-0.026111380385436908	-0.026192638004632802	-0.004783882546375937	-0.016628299881922968	-0.013481591721794736	-0.03814778277674064	0.021176854032742186	0.015635848446420318	-0.019777823429169797	-0.006815145202169328	0.017541390781567676	-0.010210808789643342	-0.003113087161149148	-0.013377530665089682	0.002166615969849058	-0.013430046764546047	0.0014405621556276137	-0.0011074094423117705	0.011448532471493415	0.037065425486350244	0.002532142106128127	0.0017352238090327398	0.024767153867023918	-0.03072414805606185	0.0009075079464020817	-0.023218554259584287	-0.016075287936308538	0.019497350579726156	-0.0008282355131726049	0.030921453987895937	-0.0051891470375914975	-0.015859905072025938	0.006102033627186438	-0.008127046722167089	0.011840914287494909	0.02354289969118425	-0.0051672930748706105	0.00367893064670611	0.009750013482088397	0.003692450279101153	-0.02929349080291009	-0.012842994172039365	-0.0024239385803127996	-0.0048239483856836254	-0.015253923571612692	-0.008064213377278294	0.00047624578201693155	0.00860752001817807	0.007020059026060225	-0.006237606434930606	-0.0009390363000385693	-0.007992705880001543	-0.00985848477127392	0.008465345626823566	-0.0069179585709586355	0.009890213852468662	0.022430455037588087	0.01567144231048401	0.0013089986558150303	-0.0008105803163247074	-0.0	0.0	0.0	0.0	0.0	0.0	0.0	0.0	0.0	0.0	0.0
108155	-0.25796417557919077	0.17389837283616555	-0.02604801555140694	0.0074727561054386115	0.027740141482539976	0.03123315130080449	-0.12176221412357129	0.027541361214128524	0.06615053231595373	-0.06578679524949403	0.020052370515989997	-0.0012520056893185044	-0.002040794509294243	0.04236856859683286	-0.004560790390772492	0.0017724497567932116	0.051973744748666645	0.02396444275181756	0.008893229423471085	0.0030713576339751526	-0.008543146483827263	0.009732330240999228	0.016590713094356894	0.026439931206994397	0.01752741234933036	0.05197627388622938	-0.008993844018011047	-0.010312149975477507	6.53065151423315e-05	-0.021426016025623867	0.0047716064606382735	-0.0020647683711901687	-0.015354818758217013	-0.038297005375167704	0.002464603126477775	0.0039054534222081475	0.009077464533923349	-0.032916527933718534	-0.019571921154937173	0.008430599671999628	0.017394492496828277	0.009968278845582936	-0.018216564786067188	0.03605260029201349	0.019569951477092944	-0.029480157881870094	0.008827135572936693	0.025694118448087517	0.016996040698645243	0.026319150230042308	-0.0007808170263365474	-0.013629416931967283	0.011922280259346127	0.011154083733587868	0.03497690856402498	-0.018763730027346204	0.01581153138184917	-0.006728654855760254	-0.03584942796896571	-0.012613902598268133	0.009286369607845955	-0.025574493965866297	-0.013402072265752265	0.017607700492024793	-0.00975396414830408	-0.019009948833873965	0.0038024219384803883	-0.0018662373102029995	-0.002394670955480167	0.00480342487922505	-0.011385188062030174	-2.363734386350947e-05	-0.02199879493761944	-0.0032457538589326447	0.0020133101883384277	-0.00505227652171142	-0.004520588166514745	-0.0021524822624948816	0.018084181532737276	0.01000395145750699	0.021167573395393026	0.011397561342305275	0.005339767709833169	0.006219766449371966	-0.04586046059697982	-0.0008123584699481147	0.0015296377473572585	0.0021759028972940394	-0.008438670814840952	-0.009828910221533387	0.005291580010088841	0.013104435626527354	-0.010914917496221484	0.007251325942882902	-0.0	0.0	0.0	0.0	0.0	0.0	0.0	0.0	0.0	0.0	0.0
108156	0.26906656629171716	0.03628399291867622	0.11098110618394706	0.010000045576488708	0.037480616211731516	0.017758373420505815	0.037766063251406405	0.002163289101350623	0.027128786348409803	0.0372526925638241	0.0672243466621675	0.0834612075007326	0.07759930350119161	0.018398859930157323	-0.060946899826047625	-0.04548866252394579	-0.034004649989735077	0.05809921223271794	0.019361468920832212	-0.0749037673858289	0.10777222404510445	-0.021517137222408462	0.04644514237690377	-0.004872100635437869	-0.02040615017898448	0.025401458667591664	-0.04241145089972946	0.03218210166334276	-0.031928288138013294	-0.052555099712986955	0.007061625510342591	-0.006264980791473501	0.03990529404953596	-0.05127362358235332	0.09452458857220503	-0.0026814873253978113	-0.01280809917883644	0.05491773725297737	0.009241041198544929	0.017054493689161426	0.03522785812393854	0.008144936296872799	-0.05276238237154067	-0.008897409077135892	-0.0010012362385735866	-0.006379527823381224	-0.008789250006844839	-0.03313851434633858	0.011726470949125899	-0.005908876342976731	0.010125046609182328	-0.0032675206287496924	-0.023630828757876747	0.0069551519140516604	0.05534270652442995	0.023742197638190663	0.0013889605677780516	0.003366622944167983	0.03360531691614949	-0.0031861023621731674	-0.026729100297252475	0.03259907058631262	0.05190727863590198	0.036371573359668216	0.009172213276197258	0.03142816080692529	-0.020686427344738363	0.00142145813440242	-0.01104187140056808	-0.018537937467068645	0.023284926571236507	-0.01778862200568044	-0.011631890520105465	0.01598344490220758	-0.013296084227580036	-0.004800638452907464	0.024375753519916877	0.01270362038080695	0.010538348808016584	-0.004725394242719589	0.0057211512268292635	0.0015940270585026151	0.003982856060816695	0.003708206537842979	-0.009398428803924158	-0.017999593728316547	0.01163765633025511	-0.004605455544596536	-0.004922530301758089	0.005815875370874855	-0.003824888069101026	-0.0004299194329535217	-0.0016119669305611143	0.00023715225396215246	-0.0	0.0	0.0	0.0	0.0	0.0	0.0	0.0	0.0	0.0	0.0
108157	0.3085654608919676	-0.13719808442498282	-0.1326627108036979	0.07663756428551016	-0.06333439712764971	0.02289540592573388	-0.023767222002259555	-0.01146302013955191	0.033428167562780726	0.07562162411524996	0.0854973379567399	-0.035559725624061185	-0.02152526428568665	-0.008407338396533253	-0.05716769907413698	-0.0686049958458913	0.07051527142283377	-0.05304477674565861	0.021628655235898228	0.05308712203272443	-0.07533725517142578	0.01939597239386798	0.005228119395947825	-0.07647860018452603	0.008002850231812164	-0.00707031878631786	-0.07253369333595332	-0.0039233391928494765	0.015038352539358093	-0.063379639927163	0.016670353929806994	-0.023150357602538918	0.015647098487173668	-0.04256267430191472	0.018740427353819533	0.02384113728587265	0.005938186093338262	0.015167065089932184	0.08711200053862483	-0.029212785403226447	-0.06133391016271339	0.038747000174051756	0.0016955072573167991	0.05847654532612497	-0.011140077821117339	-0.0009819909026484292	-0.002712905222236236	-0.012709503594973462	0.07977422243740263	-0.0040586150382858005	-0.02085499035573549	-0.013182506767229749	-0.04658358634398102	0.03312739329927317	-0.031718902900321935	-0.0043979380470738	-0.023164355275277698	0.01953099377422291	0.015209124516840615	-0.027612629568191834	0.025029938783882662	-0.010263970764385748	-0.026821106625611907	0.025463214625947885	0.01390852550957991	0.00702553450455508	0.005017187358405159	0.0004676754746656871	0.026957072928098038	0.0031739395545316395	0.016308011110420118	0.00989144259372448	-0.0022399327315226294	0.023522393305787422	0.00823566488443199	0.00469211347293622	-0.030197112440921665	-0.0077423818192175935	0.0020451971110810934	-0.02006833691428895	0.0032719515368620504	0.009899090399233234	0.0056238233869536575	-0.00011057400497795201	0.0009389746750102537	-0.006955785951318125	-0.0008275735297794878	0.001985438613441805	-0.002884022595273391	0.0026218178042779284	-0.002636155553087296	-0.00132001311458267	0.0008193115650260674	-0.0009108269542043598	-0.0	0.0	0.0	0.0	0.0	0.0	0.0	0.0	0.0	0.0	0.0
108160	-0.407761191128789	-0.2885186249794217	0.09617950913416934	0.07549622756467886	0.105726051914133	-0.011370635536672185	-0.08911348668661476	-0.015762446383388733	-0.03768070215508278	-0.0016541591850089564	-0.029353246478107012	0.03720122678970862	0.02062672729224873	-0.12741512614537037	0.006557808333255406	-0.012781110527196276	-0.010751345342931599	0.04050553328179265	-0.011229643306628801	0.028755001485892436	0.02037334770312224	0.0004884886705775191	-0.01309418783874993	0.010816583311896258	-0.04334446551647063	0.029351597963755884	0.04540529794446775	0.0017146524533852726	-0.03331299327652839	-0.03394356237648158	0.020301284479199322	-0.00296643118230345	0.005077026352480189	-0.005537584665517489	-0.013598472725572554	-0.0012444171967715728	0.027429042657290403	-0.009896253309870614	0.012416602942221642	0.025007463335224998	-0.021474305926648184	0.006918706183625635	0.012188240915185186	-0.0032506377963316163	-0.02678840879654118	0.02628489530482844	-0.017064847051762717	-0.005809626054568791	0.0030271983790721812	-0.007752606932771441	-0.03580236673261845	-0.01159508693650907	0.001591249376161297	-0.01825832618177006	0.016851836922276254	0.041920234436078105	-0.03270934539943299	0.024450951109587424	0.019090958889291645	0.031802934609399834	-0.016417206922649058	-0.004432083552545863	-0.005158024322959411	0.013344558818218371	0.014310376657582053	-0.0027693364004713586	0.0015129852699213486	-0.0060558766470882605	0.005674442865270647	-0.0015660258758019674	-0.01909100160205027	0.01425079253811018	-0.025889592889670562	-0.005184439977665721	-0.002781489620927176	-0.019287279731185863	-0.01786862812831624	0.014241914109692229	-0.004224317042807159	-0.018467486575949467	-0.00954068239291591	0.0001676826715695086	-0.011981583537586092	-0.03676178329261739	0.014658795247787036	0.006346201682693761	0.012030149698930539	0.002620697098021934	0.00951666227537453	-0.005143304453350599	0.014323242195526052	0.0013960266258545634	0.004668776936953076	0.0027949270279345934	-0.0	0.0	0.0	0.0	0.0	0.0	0.0	0.0	0.0	0.0	0.0
108161	-0.225162656350956	0.20889687174947408	-0.10301819082787766	0.021071588192330702	-0.0016508633250980791	-0.0019609219235682852	-0.012378079522268017	-0.05296435713459417	-0.07655845332689923	0.018834233817562388	-0.022703205404664677	-0.013863005562073214	-0.0008022374809033099	-0.025492025689230962	0.05242432309702092	-0.08447661895294191	-0.026307392794520296	0.03137889205497481	-0.015716915056104962	0.03734586535257691	0.04797579626262808	-0.005944038188136286	0.021311888058872127	-0.023798678971069943	0.01519988702168072	0.007964441794557806	-0.02459987394378088	-0.03338430303634907	0.034637353183677506	0.0020633772881761547	-0.030488895631243525	0.0115461144161773	0.019722508961845086	-0.006472620095505845	-0.013158733180837014	-0.02061917149363028	-0.05120589672774154	0.005406993269910275	-0.0031685566628499324	-0.020262499813007016	-0.03228768028521036	0.013161676682504616	-0.0013164028306017928	-0.01794113862005541	0.008457211939098272	-0.002907369378578591	-0.030220650173351883	-0.02750378866605608	0.01786328486628765	0.0031183284773670713	0.05313442963911923	0.007746872279474776	0.02708680646031524	0.01150617368866714	0.01492121017404808	-0.009049915868917771	-0.007003649628144374	0.009123699363951212	0.02265394082120735	0.015298686466658535	0.0019156589561148065	0.011829421417470884	0.00879045386994478	-0.001740361578585293	-0.000807195586365563	-0.0014604265933231473	-0.002240800322596069	-0.006979700181338825	0.035684716605559816	-0.010195997727477975	-0.005714523378924392	-0.008478219622184287	0.025677626589810258	-0.014184231894070136	-0.0076796138692700475	0.012990037643032502	-0.007900242319255252	-0.012187734427318063	-0.007957901598574856	-0.008662897673429626	-0.007442861874870469	-0.013721813100017988	-0.00011317372588536874	-0.01146225957569767	-0.002601540586453676	-0.008769447607005236	-0.00779986332355514	-0.00024153054291321262	0.0067389758240939445	0.005003305787443684	0.01658668106081581	0.020686197278418833	0.008081308757075528	0.00602894843839025	-0.0	0.0	0.0	0.0	0.0	0.0	0.0	0.0	0.0	0.0	0.0
108162	0.11901495787335611	0.1441916125101961	0.1293581631592659	-0.03147721464498342	-0.0019385302302960315	-0.014861075895097803	-0.028636032630533208	-0.005582544398514684	0.008812771881267856	-0.002862048345481208	0.07896154817673386	-0.17108257923897782	0.04027416854499543	-0.05030999833911166	0.04480563043290966	0.06857900542508573	-0.0600086644099606	0.032826807469949704	-0.05659869352602898	-0.029168923610277463	-0.05235233412736684	-0.009745989617866718	0.03461744510667493	-6.320861220321623e-05	0.005487510070605961	-0.007290805628221428	-0.003689949893947732	0.018271065447548168	0.05154015148929071	0.015261989169378536	0.0009140359709827765	-0.02086997946992506	0.0028034564119303394	0.00023240910342076324	0.04815337179891543	0.033385873487549164	0.03861347149068136	-0.007312297704159079	-0.04354632784405815	0.037804642485634546	-0.06986499849997	-0.06443759082585393	-0.007729413829831225	0.010296070013131108	-0.006951187579915274	-0.00680097778171505	0.031576870977179844	-0.07424054395591681	0.012519008147682255	0.006446637097440237	0.02044229418287295	0.02277790877248658	-0.06095650426533211	0.046560536345054575	0.003637691960853971	0.04011501769336864	-0.0034203870663759915	-0.013746784436308564	0.0335398480369134	0.020987821416372288	-0.010142013542319079	0.022929568064209736	-0.014876293838273926	-0.008983956080052365	-0.031488757529815586	-0.024306484614467005	0.007349777533634565	0.002983898499008498	-0.005769929756511035	0.00953784276777945	-0.004793397952137393	0.017395351316797817	-0.014473806314404683	-0.01323949096226524	-0.014166788155958045	0.012703733837846959	0.001940905602432027	-0.02837712864725972	-0.00962693255752276	0.0188427559719045	-8.225514474053247e-05	-0.00012158130291594611	0.001881901439385318	0.0036067685100721783	0.006468424127227239	0.0038127339599857437	0.0025236523450083855	-0.0018569659424801381	-0.007735298263666225	-0.010921812582020385	0.0006658742234193917	-0.0008384347301056141	-0.00301910308299338	0.0017643418070975446	-0.0	0.0	0.0	0.0	0.0	0.0	0.0	0.0	0.0	0.0	0.0
108163	0.22882277397362552	0.02935254214081014	0.01283776095202818	-0.10286437692241945	-0.02325702767761455	0.026263828307626618	-0.029078606323613667	0.08184977975887879	-0.06271384043996221	0.01760580576484262	0.020667754248356936	-0.03277147731660181	0.06565672511655893	0.015435211036622267	0.034311486963194804	0.06903665181322126	-0.05249492379094075	0.0468194935217192	0.039520621493846705	0.015534083811824853	-0.013743678542276011	0.04671508353890659	-0.008268219510812308	-0.016358907698373993	0.02131066538093893	0.042782009952116395	0.054552387224399354	0.003973913658268425	0.00927402081441375	-0.0718363158201706	0.04667762711123175	-0.037907471904260526	-0.01577519176329136	0.0538268852593317	-0.055304049391563775	0.026814263996567913	0.02228332236602581	0.029321474252205545	0.026550533871130957	0.031773259920269414	-0.020152308841089157	0.00482429142321653	-0.0055582496193921985	0.028466886454532995	0.03722136252924021	0.0060792063660825325	-0.03619310503716136	0.018060841858030703	-0.017269066391443127	-0.023473564793058312	0.0020917985484043703	-0.013746461958046385	0.01111239758785581	0.017505238750732708	-0.042328020723754176	-0.016029145905037658	-0.02448550182772443	0.03097443663213677	0.009080693766550898	-0.01804734177568535	-0.044218600412867216	0.010969079463764884	0.011484079523271372	0.06408518026658261	-0.0076684949870223	0.022938856626520645	0.012217224576725175	-0.0368430097609207	-0.02798203066702655	0.0008281521569108266	0.007560521405127859	-0.015336556933948404	0.05482765542772088	0.00043628866653819655	0.033612502754908825	0.016009788324185575	0.028234997917297163	-0.004287705106904162	-0.001165516178569856	0.002722759057715862	-0.000381108876912751	-0.004110116626387219	-0.014049005494427218	-0.001471027675546131	-0.0035999734415427245	0.013747085170082282	-0.003902847728038346	-0.005464422011643069	0.0015496437045441048	-0.0018119462439138336	0.005131739538892755	0.0017403243671562912	-0.0034325258427986035	-0.0008189204822001916	-0.0	0.0	0.0	0.0	0.0	0.0	0.0	0.0	0.0	0.0	0.0
108166	-0.3533828947495126	-0.24402401553238762	0.09623015263512874	0.0721595202024715	-0.001068373422060681	-0.2221964482754847	-0.07690922407339372	0.10503486225027069	-0.11878790628080411	0.06737800295795064	0.010925870341477888	0.017892824604563772	-0.06723634949965042	0.004167485299486465	0.01116474699778842	-0.00201566249636122	0.05473662078875774	0.055296630775080784	0.015096502230470864	-0.08371205427364568	-0.005712409070572985	0.018577566385666593	7.365854882170352e-05	-0.024852347513406425	0.0014715034401215296	0.03125770104507117	-0.07235203854978775	0.01328145979181386	0.009181958607447858	0.03205887952290983	0.01233410493656978	0.0037198262896142504	-0.001024299282773492	0.03526559350414929	0.027452303870667362	0.025590376566439307	-0.030796106773643528	0.013477791181206076	-0.006462251134407301	0.00694888639797575	-0.009019838784940877	-0.009810331158687405	0.031783186376046886	0.009308400325173587	-0.013700973825227017	-0.0015171287592294033	0.022567861015573266	-0.005949962932190036	0.01593723349295986	0.0046640985120919645	0.012974746327153154	0.0022663102941454768	0.011429951554097895	-0.03501239512729464	-0.017426924661218566	-0.011311145096272273	0.022807403258699403	-0.02440945813497708	-0.006825727932780133	-0.006179044672725011	0.004039174938586979	0.0341982517089974	-0.0036654735691811894	-0.004747624852555634	-0.015017425732108715	-0.00663862288956617	0.011886793022460204	0.002808716665323784	-0.017301324997578197	0.0341694550208201	-0.008675175302423961	-0.004271054639060364	0.0062635452340798915	-0.0031214157965719722	0.03234499938902296	0.010986905579538056	-0.0037296624284997456	0.017875688919001056	0.014518514165254631	0.0026203400137907893	-0.0004732157409268469	-0.0004579077771697808	-0.0027517833102625477	-0.0068660523522091526	-0.014654568472639042	-0.004375424660094907	0.00492297310997789	-0.0063550744449385015	0.004018266165211575	0.010276070363736652	-0.011974348442264157	0.008799276346167622	-0.0016288561847978935	0.0034058305295739705	-0.0	0.0	0.0	0.0	0.0	0.0	0.0	0.0	0.0	0.0	0.0
108167	-0.1285867733218839	0.2630624278704468	-0.053169377729610785	0.0628240129655243	-0.014104027992395806	-0.03888339592559228	-0.050357980214971565	-0.10771030446797131	-0.021941760200980383	0.02339504462258201	-0.045664590433443245	0.0019230015919518583	0.0933058440703187	-0.037780803928853406	0.07043523107541164	-0.04119842849738791	0.012629392641724786	-0.01597436697398013	-0.059181036350291115	-0.04515951111983644	-0.00803654338555219	-0.00930113567626646	0.012908870549891586	0.009218215097818887	-0.01228403037151484	-0.030592799443227858	-0.0007698874739398175	0.020887475257193994	-0.001518363046188862	0.027968159542558154	-0.01284281216660033	0.01906440783636859	0.006904854642525033	-0.01309919912791217	-0.03154950216848597	-0.00479031500501244	-0.03033855851535966	-0.009177522727840537	-0.0013086718285484774	-0.03396843702035978	-0.028077132662006885	0.008604541067781675	-0.000246631839535096	0.007377187747195378	-0.0014858315610656262	-0.006547442573375431	-0.03711965656216306	-0.01798996158636041	-0.03202436299460018	-0.006476988382030896	0.010616488967488699	-0.0371141086619264	-0.0070024562011521034	0.007381611948945219	0.014028422541322296	-0.00894403380261161	0.0014204346383271211	-0.02621032504505708	-0.0182376648762846	-0.0415099814203938	-0.03378236544119757	-0.011147826108507829	-0.01163117459039182	0.012696031416168489	0.014062913000084625	-0.0004473086641504032	-0.015972315583907565	0.001721476093230909	0.014524466232651021	-0.0002667457547260613	-0.005246199204825545	-0.020756300167522026	0.012421947786378769	0.003014450736457255	0.023996007512842383	0.04611623843133026	-0.005171312413998193	0.029143106530198994	-0.023274078722992295	-0.01606728977421562	-0.007758934696684506	-0.025433304634871447	-0.003621704243598485	0.0012838130667022964	0.0020686397918081726	0.0039874658933828355	0.004012409737124841	0.012844731978484769	-0.026121765094293755	-0.003638117051857893	-0.01930996828058899	0.0014445049597149157	-0.0025990420166619246	-0.0005739666473488384	-0.0	0.0	0.0	0.0	0.0	0.0	0.0	0.0	0.0	0.0	0.0
108168	0.2835208091010279	0.03140847571413875	0.0677797901334694	-0.04934274095015089	0.03701851328157705	0.02084563166237898	0.0055019200879799415	0.016009139680807725	0.008408517516909568	0.0538771679235983	-0.02424095049978567	0.0661121240076342	0.08070065913045046	-0.009631451692473088	-0.025676007372675606	-0.015629417679721765	-0.05022268863423605	0.007439891875037685	0.03959847462750025	-0.03854012455710539	0.031204562536015085	0.056233470537412	-0.009705272207530301	-0.04314311759297751	-0.048708694363441066	0.029715372364952013	-0.0034244125927923976	0.03534310594781633	0.02597702227085449	0.016407262781912697	0.019599343824631115	0.024672639304913875	-0.03811189058858159	-0.01692595280963255	-0.015235904559039701	-0.011795518695044447	-0.0002508365753299169	-0.05437313770166129	0.016347199108487358	0.005740547056491455	-0.030817696586081425	-0.010724765768541858	0.03999331667413938	0.00958949413919793	0.040595062656892666	-0.04352070414966887	-0.015023971229176595	0.01862296978787803	0.003262381265390397	0.010715807408848935	-0.02780686229539664	0.031930994344838266	0.0062798074772957855	-0.03372190413885414	0.019216460913659115	-0.007416668978772754	0.02488568039323844	-0.003590311956508156	-0.0003249231732483001	-0.028835746532440924	-0.014970942457735078	0.026480233151214682	-0.03450202338350721	-0.04815922921088014	0.007222543365737621	0.008898766538918784	0.011754764783206995	-0.0312901765670142	0.009002619987086152	-0.020426919849987638	0.02103099845579562	0.07144745459235104	0.016626440088678914	-0.04467921382254107	0.008877232118800902	0.006956003450781634	-0.004733340338576879	-0.012520434049110463	-0.007490216509545929	-0.002432209064291844	0.028613797708162005	0.008035020762305318	0.025521963612385443	-0.008300048395873129	0.01249669120649768	-0.02072555633282634	0.008843869912008204	-0.00019947597596163978	-0.006009917012852375	0.007922458267446864	0.0007701903143190266	-0.0023978086275332367	-0.0013405416385243374	-0.00206923345016463	-0.0	0.0	0.0	0.0	0.0	0.0	0.0	0.0	0.0	0.0	0.0
108169	0.3210295476056	-0.1404020508857812	-0.13054657206083398	0.08392408003370454	-0.021875526748438193	0.012475718147390201	0.0005484140058846344	-0.030939735652193528	0.055167505050615115	0.06667598424465859	0.10413682782651777	-0.017028381531016528	-0.032299674244341665	0.034756612489356194	-0.002381723736577991	-0.05436581245531704	0.0818945915644321	0.03900104547482815	-0.004152505992719768	0.09650633277816811	0.044889234795490174	-0.06488491704945458	0.029977232654181007	0.007773815471708464	0.018886772936252225	0.03708677437665747	0.05677957532360611	0.05810720030363248	-0.007140622438248205	0.01646618479071786	0.02656298254838417	0.09750059101771273	-0.054788995001953236	0.0172435986826487	-0.0012735875709641575	0.05095665239976186	0.02243088213966776	0.009212329073290202	0.0014186857832081613	-0.05321734280009501	-0.020525476662379336	-0.04719123309358314	-0.004181026115182117	-0.048108636150869105	0.030130795989025766	-0.021632761743241993	0.022563588037492775	-0.051559095088544865	-0.058939976663620525	-0.05754223133120044	-0.010950005760837015	0.03667946773138399	0.03324214369016768	-0.04223146528199186	0.010061919072934375	0.03433570092108799	-0.020862532702132158	-0.009843729727569896	-0.017885845430015444	-0.03271819919348304	0.022619848384064882	0.007740007375773228	-0.013052973715921373	0.022308487111738433	-0.012946401483144045	0.020381494024244808	0.004772856695439365	0.014947352341671742	-0.002306708409825066	0.00903236737895899	0.014368305237226315	-0.015170937649269751	0.001667358453493567	-0.015099703098252643	0.002904901336074886	0.004475378601168878	-0.0050603508962783665	-0.009047365103494874	0.009863809711746725	0.008949139873115417	0.00018277761101460972	-0.007134029759970087	-0.006986683773025165	-0.0021531085206524694	0.002549195283523194	-0.001705924589240486	-0.0006596654181660285	0.0017336240784037325	-0.001754775027825145	-0.0027351350810927034	0.003612125427618636	-0.0013307097438516441	-0.0014508512528880382	-0.00015918371047506327	-0.0	0.0	0.0	0.0	0.0	0.0	0.0	0.0	0.0	0.0	0.0
108173	-0.2692394305312856	0.17019612488153238	-0.10003949122392092	0.037441687822092035	-0.04344448109389997	0.0206668894624955	0.011904919843717835	-0.06449260361885738	-0.08270743052934386	0.04349801578742916	-0.03602159693493586	0.001660435952704392	-0.023649846722867896	-0.020916329267832205	-0.009155269577865199	-0.010853264039755034	-0.03324502158596846	-0.05904555606932735	0.0003751483041460986	-0.0004422216361969768	-0.035925006107177804	0.000371997566717405	0.006062612167711194	0.04356911894358759	-0.00019394231200144723	0.03261341567735921	0.043983939086196085	0.03426741280270424	-0.035686432190925654	-0.046810258638175554	0.013539814397854654	0.03721047729230829	0.07613447966054362	-0.03889387537249001	-0.0032608111778089817	0.003387315686952659	0.04936980409047383	0.060756614169700185	0.0016657142989631643	-0.017452443353029354	0.00673377342247229	-0.006907943003688002	0.02554175328776581	-0.017871134426951298	0.011377103871096994	-0.021836541994926763	0.022350823083194513	0.04934851713485232	0.023622684165609104	-0.02240305545563308	0.03909029422110618	0.011394997727963412	0.016874411843390752	0.023974534937720584	-0.016333771302547352	0.001754720359826128	0.04373572226835405	0.0159677855139788	-0.009460784722008826	0.00578562846874753	0.033563280070826595	0.05024802067445786	0.014956965691936988	0.0061822928277793085	0.007362216308097435	-0.028575332913980296	0.0360156424566424	-0.0011818465718349735	0.018922441565583138	0.04253935456495645	-0.024689484527293002	0.008290120086997909	0.026449084455043438	0.0013041973773491873	-0.025869994601375398	-0.013845967353336578	0.016948283905260864	-0.012902027400540009	0.01762879075566044	0.016466773459577637	0.01419604397701693	-0.012134511531416953	-0.002217739476935827	-0.006884813667759365	-0.0005996247011258265	-0.011980074242224446	0.0058688150628390355	-0.0074116321836372205	0.0018793467507053681	0.002869585789739227	-0.0072837608615216745	-0.0022276873877420896	-0.0034702139842337663	-0.0013998424860010667	-0.0	0.0	0.0	0.0	0.0	0.0	0.0	0.0	0.0	0.0	0.0
108174	0.2796169359309761	0.03601292242834705	0.11260317830330048	-0.00794824660166042	0.03199025864482675	-0.0014244487904734725	0.02676665791528077	0.004771454681019069	0.012460756724566752	0.05431204920537712	-0.006153022493724066	0.014639415805502647	-0.006358188249428522	-0.030154696926096906	-0.04793510193308055	0.044298805365613245	-0.08568221648464008	0.021154771702490863	-0.036211164813589394	-0.020801657454881394	-0.10624210985555971	-0.04887375978606951	0.04943837177037205	-0.0752793445388497	0.016389089929831947	0.08543713607811215	0.026474527570902986	-0.012734926539406475	0.030214588810763488	0.037563221625395035	0.03519142255313016	0.06972984206917346	-0.05110553796283381	-0.11420034431028252	-0.030047066354852447	-0.04607838406276636	-0.04539316594445637	0.033987923591027834	-0.024560006442034044	0.00048064609196110913	-0.008631473466429127	0.05492047275988981	0.0346805154468759	0.0022811363896219155	0.019114949067729373	0.027364554509033984	-0.03555403242675207	-0.042528418139637536	-0.01931480762859582	0.007302437142444703	-0.014056867644407441	0.03226157459957058	-0.015421499967659154	0.0030609300728060345	-0.01893194554878564	-0.017735403444554942	0.003812254119334355	0.02990801138308524	-0.03431595820957929	0.01798719799519868	0.010748017083348336	-0.01951897868311588	0.014765294124233842	-0.010154286415974927	-0.025649260399707836	-0.02131240505635904	-0.0036420850816019992	0.042422309454472965	-0.00042066076328849757	-0.006488286944088349	-0.006533818888582817	-0.014919793309256283	0.012271383115725731	0.021045944547197673	0.011226680439808175	-0.0199708466421102	0.01608829943603578	0.024316321961264247	0.013164131258448453	-0.005691700177233415	0.003980295505718335	0.004372469031099928	0.009409223273601585	-0.00220321159546225	0.004208267252824654	0.002905574142135522	-0.0012455120509241174	0.003939280236496284	0.0017979459409102054	0.00034078282423092237	0.0017477242198967696	-0.0008927968285524395	-0.0009084379981428717	0.000691323005387889	-0.0	0.0	0.0	0.0	0.0	0.0	0.0	0.0	0.0	0.0	0.0
108175	0.30619993918643745	-0.12369379074349794	-0.10595725580884993	0.003683858230539864	-0.08358724333628981	0.06323695510117365	-0.0300670840637568	0.08407164575977281	0.03266115450454157	0.022610276961084027	-0.08612396428564777	0.003047492883745493	0.020390557269114425	0.022333785263386963	0.031976897054375876	-0.052407194633739336	-0.030773001434519855	0.056402704944348535	0.020566862892568975	-0.04600167172702703	-0.04318640495059802	-0.03383838794411241	-0.013738787081282434	0.07204083786289424	-0.053217164316487084	0.012992267897370877	0.017052031924306217	0.01203716711609121	0.016013288148417033	-0.025259124976865145	-0.00033339934559879373	0.01282752392459436	-0.029736434387792575	-0.025335619690170317	-0.0012559984979488082	-0.0018991860176442847	-0.04872659901330041	0.05950350681750742	0.01612968244891562	0.04555386987833676	0.013189489563202478	-0.020720414202364118	0.0260749377651289	-0.018717265489440815	-0.026500692875941256	-0.07044012522485643	-0.030716092616203977	0.012751701743462381	-0.028149260618839288	0.03925820735237463	-0.012411823184915141	-0.014268834319259276	0.024714301490388703	0.04840182318156272	-0.0508946269983985	-0.01133840703860392	0.006542355884120012	-0.008039832512110693	0.007951718176875306	-0.009090295947474574	0.013466900098332965	0.04810424966517448	-0.01622297343496466	-0.0014403780263542618	-0.01737426409989275	0.0032358908076162694	-0.017127186910525304	0.002469112391907996	-0.02567970539720756	-0.02371659084937149	0.020604945707980347	-0.02406690054099584	-0.02886970614151519	-0.011459222741777835	-0.03411972963868414	-0.01048507786811298	-0.05522050006631245	-0.010065708987149759	-0.00898845895764193	-0.006439931387488786	-0.002756730957250473	-0.0026956939422276924	-0.0052744947575252546	-0.007107456256818505	-0.0029306620363116764	0.016152959085444018	-0.008620488319077788	-0.0048790842058705226	-0.00024430314825006876	-0.0002078908989154258	-0.003832114882499524	0.0015571609151550688	0.0007362053839952429	0.00038050775452213995	-0.0	0.0	0.0	0.0	0.0	0.0	0.0	0.0	0.0	0.0	0.0
108180	0.22129180988747268	0.07733608512795628	0.13780073700005138	0.10897415914561945	-0.04327899652982923	0.03426862899840357	0.08740001688904521	-0.08472484627787452	-0.1225651652305462	0.03603489339742383	0.04053678981227535	-0.06886846390950054	0.018721368485522326	0.04877015173442872	0.03832944709592033	-0.058353920667550525	-0.00569720382785512	0.028032735389372426	0.015168364031531925	0.034475345041593816	-0.005257690194293849	-0.03250144372140529	-0.098832627247729	-0.008288101934479252	0.019396804867553293	0.03041100330246064	-0.0010201601497824837	-0.030942079996111472	-0.03602333101892534	0.009672730160751063	0.03208788501896996	-0.07208468203117427	-0.024798893213358944	-0.015142595682895544	-0.0059746032966193265	0.04970867748227189	0.04291078184917937	-0.046716615551563284	-0.06025776453431269	-0.02733821350124476	-0.014272272028416863	0.02917245644422593	0.0326671970410442	-0.04423813215661916	0.0290091522341819	0.0015625477960946733	-0.029169292517670573	0.03630089328787775	-0.02033440709630717	-0.012827238678973478	0.016026367879690685	0.011343092622286532	-0.008072566885665395	-0.010860468968001689	-0.02856886859115253	-0.003608605874193393	0.004642534761309167	-0.0052549866529508615	0.00885098400987006	0.0663971705332895	0.0010446810088605612	-0.006206321716797308	0.014878667749364931	0.006416035347695193	-0.005249590940749207	-0.011592498948988174	-0.04055908789500993	-0.0260320541282182	0.019525759440181655	-0.021513663349954467	0.020666245653867234	-0.008606272333516466	-0.015132839252651074	-0.009098403192854551	-0.0018799228101001977	-0.0029377657741386	-0.020340055960939192	0.010580057758538267	0.0011252770619614581	-0.014237425696464431	0.016007264372535707	0.024191013996872356	-0.008533842552140663	0.01909847153154487	-0.018389712228864735	-0.01185922708522071	0.006493817411739514	-0.005885985888087915	0.0005798797165958634	0.0030766406841171256	-0.006316715887591425	-0.0001286039079702529	-0.0018042738619187273	0.00045521946707118385	-0.0	0.0	0.0	0.0	0.0	0.0	0.0	0.0	0.0	0.0	0.0
108181	0.32865517345774925	-0.10279963215317715	-0.11691022352202729	0.0124532128002106	0.018882273933390203	-0.00042105126962237914	-0.019889677133456973	-0.025761997888320443	-0.004611481366245994	0.03519701030608673	-0.02482608315233349	-0.03389144325277116	-0.025992975210496486	0.00463129147440079	0.030161546393187477	0.0668134374182141	-0.06773738356553981	0.0018205013089646462	-0.032896972944756575	0.03140156029590955	-0.06936134081932956	0.0665348364847799	-0.09443206745209884	-0.06981724377259658	-0.05204743255458487	0.0011934109463923198	-0.02219639005898544	0.0195537076800772	0.03608657198684581	-0.01631679518420202	-0.029183878279883505	0.030316652850524393	0.043726637118158856	-0.0531335804567955	0.11179937736474786	0.04409701580437044	0.017763150501294293	-0.06822913748995472	0.010295545210040053	0.016800108443391363	0.047110268782031055	0.03870281009339003	0.011902105078639364	-0.033877121170704995	-0.04319666881576395	-0.02846093854194576	0.004450626270330115	-0.006115671259382146	-0.02992334737977692	0.004263146252372144	0.0414661220309663	-0.02129231094201376	0.07823019086367149	0.008818327735687385	0.02306680850600869	-0.004891749019253399	-0.04015837134517493	-0.013636894906645654	0.0024785184871065217	0.0014811773661369196	-0.004466138800549882	-0.04487439133556035	-0.015361279667701894	0.0060596433478805264	0.00910513118762439	0.006453318344131264	0.003068712411163732	0.006442935832886375	-0.035979763019990965	0.023269876575792627	0.01684081919117247	-0.007519739944637133	0.006904142451738479	0.003655029564634379	0.0019564528845710492	0.0009574315036646495	0.009850989132636422	0.003765526538101345	-0.0069756262637446775	0.008537692384256163	0.009536009991674322	-0.0035197089359578176	-0.0027320355408070596	0.00125529174870375	0.01107517954396068	-0.006724925798338717	0.007699291529374103	-0.0017933067017787624	0.0002500124015463537	0.00253138266964726	0.0022164866728201465	0.001977775682780903	0.0006066848577602507	-0.0001515460531939389	-0.0	0.0	0.0	0.0	0.0	0.0	0.0	0.0	0.0	0.0	0.0
108184	-0.39792707366998814	-0.29387780658278	0.1279240659666237	0.06232247294207961	0.034449330148962	-0.13730518217171547	-0.09100634597083986	0.012113072546571839	-0.051736779889722216	0.02234475515893245	0.0009130136919142886	0.016528768946876344	0.0008478877038647512	0.05482352424986593	0.020157369354543316	-0.038638415819062716	-0.04234019606046466	-0.0040096990708357845	-0.018482999738897284	0.014850351889084852	-0.011195412246243257	0.030063662268267424	0.024757202299989685	-0.014417198346536311	-0.02106758516054518	0.02556299616374989	-0.023055636732127516	-0.00043716943152534134	-0.02392634859885714	-0.019668561754241885	-0.011452496477186016	-0.0026106816709441866	-0.009990790885020067	0.020085066704983362	0.00424450825031166	-0.01927680698705028	-0.007898548153979678	0.006895215275594469	-0.007130551910948434	0.014609954042705153	-0.03653468196852267	-0.04264303902192206	0.01602468622788656	0.01824316706049185	-0.03130787585782366	0.006631230141508122	-0.008156961147141976	0.015520242043060144	0.010660484801304226	-0.03112488974269912	0.004289805244196331	-0.003588240134321962	0.006640236373612561	0.010393756551641814	0.03987926628348365	-0.008493430760993518	-0.004940321011588901	0.0008146649559761069	-0.03442653584398977	-0.009141040967659043	-0.003725908500956906	-0.02632379855885371	0.004925959151835477	-0.000481443736181435	-0.0009390923047981652	-0.020917304714808054	-0.024176609260414043	-0.0015936107657271124	0.0077707639556560395	-0.03597872562227032	-0.0008013991030975223	-0.01914393240796375	-0.0030023023889114765	-0.0098872548960574	0.004202141270856587	-0.009407393960862731	-0.006062502218603577	-0.020837068104094903	0.008204911553778995	0.007164084722881079	-0.008751936004451961	0.004649742094496942	-0.018401350234744134	0.0025354364602317835	0.008588614528554767	0.004085222820746322	0.005031195845200835	0.005203720141110137	-0.002129029632822235	-0.0008892746773701086	0.0030049151438497866	-0.006341758841581687	-0.005310165646706375	0.0006469802563380632	-0.0	0.0	0.0	0.0	0.0	0.0	0.0	0.0	0.0	0.0	0.0
108185	-0.26687908235764024	0.15410574875306435	-0.019495212110300968	-0.010528873312309216	0.011106963648858867	0.08520516307932524	-0.15438475760371745	0.03864681168922563	0.0740807253986611	-0.06775770355022293	0.0251395473562086	0.025190789822844506	-0.0584406358351225	0.0024566279880845173	0.0069327015892046585	0.025936670670669737	0.04584816112165559	0.03347875346079135	0.052862297707709005	-0.03946555762466239	-0.007745380729418929	-0.008575617629335246	-0.016058781976719165	-0.019469269267897046	-0.00607141011526673	0.013143725865640395	-0.03344081306613213	0.012913630913792874	-0.020565664056241738	0.052701316777734916	-0.018712205958546033	0.0015989391765530224	0.038087224901384956	-0.02707195774261129	-0.05461234095079481	0.05648410702172633	0.02242031587130298	0.006248730279853946	-0.023892067975686163	-0.02091784219887319	-0.013552774399091989	0.04316484081001331	0.04648155306103644	-0.0028771998161524087	-0.013400107659207516	-0.009811890151886535	-0.028028584608401463	-0.0005806153629558154	-0.03443940777995214	-0.005763502623824251	0.01475730108423814	-0.014064704709264582	-0.026676428523843155	0.007079154603892309	0.025792715858337638	0.015537901349169094	-0.011993247347737216	-0.01575762654008074	0.013791161344304883	-0.048663213253526946	-0.00407702554421732	-0.0030746433683719295	-0.010296428604050866	0.02376950519037286	0.016809885661989404	-0.030674830673344686	0.0011114370323127823	-0.024833829194823024	0.0028649454668864894	-0.03801474080440214	-0.0014765274736837546	0.009215993680017525	0.01039932971755169	0.001675340046685294	-0.019671557480009583	-0.03836076756110119	0.008528025227497644	-0.00880392807447549	-0.0016448495938408277	0.011195229651886799	-0.02311976641033478	-0.0011586337890777776	-0.0069431198256331254	0.014909282565903337	0.016562850549514733	-0.0030214306581177277	-0.0013518422613951683	0.004885766770781963	0.01611528075923386	0.007879668667442637	-0.002532251216450449	-0.00952634498919696	-0.009099428169820673	0.0021540951281882577	-0.0	0.0	0.0	0.0	0.0	0.0	0.0	0.0	0.0	0.0	0.0
108186	0.22685801663543242	0.05444543302394883	0.14212552856437674	-0.04261546124196848	0.019695850263589464	0.004329153169621019	0.022463891514782897	-0.0286188387183679	-0.016290322953756074	0.04768262960418035	0.030344063104290546	0.014034345836822143	-0.02120210433561	0.046972478598244834	-0.056913764517448555	0.03549145981159407	0.10334930660733786	-0.010356134094201922	0.0097565762642452	0.11503993821440034	0.006128459419370439	-0.013435793152692792	0.03946542990609305	0.05088487575667459	-0.06483191037846858	-0.03164668502835081	-0.029883839932712243	0.050557439643488855	0.005967793345247462	0.013299884385022859	-0.019430962693582174	-0.0236545789728361	-0.041793113295750445	-0.03711871989395942	0.04642666932532901	-0.040815953501186525	0.013192888793202523	0.038271777220792016	-0.09312316468434419	0.04061955218845159	0.03979348531701025	0.006870003635478034	0.02843221135050958	0.010464456369943528	-0.03451846601518705	0.0394555097081204	-0.0378983625002163	0.03531274894492005	0.005094498374503816	0.025364755134147064	-0.005549255478679875	-0.03291686873889799	-0.02149568007687586	-0.010144393838172916	-0.02079083294683289	-0.01290106163834153	-0.03492113902304515	0.006814513533149328	-0.0007029214031483225	0.006059603953719813	0.00027656391342899435	0.03026208475864023	-0.022647417080572226	0.0015395944076426285	0.025504952248795683	0.00972788307006875	-0.001837779359508706	0.03265247106647484	0.010856191292266806	-0.004010681817771331	-0.011842441542396472	0.006612178133188864	0.0418833266044749	-0.020450470845514532	0.017611726706449386	0.0027917587158406373	-0.011147084492242774	-0.009399921925901692	-0.02717324043201423	0.021967046417765004	0.003810974230650679	-0.025877087580063084	-0.011773571488649813	0.005853482896048974	-0.0019005718502442621	-0.0076712821642146945	0.009257947366434751	-0.0019025027977291854	-0.00404760453257431	-0.0026384114593712696	0.008919064802473895	0.0014309709159454264	-0.002853999738541416	0.0004724731263058216	-0.0	0.0	0.0	0.0	0.0	0.0	0.0	0.0	0.0	0.0	0.0
108187	0.3219593717374614	-0.12286963071559932	-0.08262435476908019	0.0686788681956504	-0.05701062211135588	0.021061619718248797	-0.01059704282830648	0.028018253030632323	0.06337394156300807	0.04906744402816989	-0.025967685089465554	-0.032500405868285114	-0.035565923057607786	0.033047439657783735	0.025887427504391648	-0.054738203368682105	-0.03278932827530603	0.08236240162070241	-0.036751952895109616	-0.0013963271701460365	0.005972218098614596	-0.07715644065432639	-0.05282996094379395	-0.01126276981116795	-0.012178626987028675	0.009808943592860225	0.07678056638873304	0.06845458654283644	-0.02148528637910707	0.06033099953205362	-0.01458583552123089	-0.009787951813057149	0.08103532255750459	0.04561677761211797	0.028393405359906677	-0.012538002030176765	-0.010096679507965781	0.006935777387544719	-0.06352386949245599	-0.02403864235537781	0.00030233207206808744	-0.0027383318436943675	-0.0042421517808498895	0.0512100138289796	0.03354541144405431	0.08827407778079406	-0.006988403439916367	0.049222007320423276	0.04690902203754638	0.024972192525149952	-0.0173198277994148	-0.002851719260448713	-0.00015313608846172233	0.021993866197303688	0.041733571838796064	-0.005286769375320417	0.009377815075227775	0.013328250807446013	0.029924379156349573	-0.01457831566921728	-0.015250648674251289	-0.025047911763482193	-0.03228035771024311	-0.008509342054524537	-0.0405813144350606	0.0257039932208329	0.02313267682642073	0.010011766056771405	-0.025479886758998958	-0.004578897024925407	-0.020257060903137104	0.003167531302404299	0.025640823734239218	-0.0019072864388975843	-0.017003129449264905	0.004191916026144035	-0.005114661923150333	0.0032072268381241912	0.010685069246019736	-0.0219087672605333	0.0035899362093569603	0.01234432536614957	0.004050241178514131	0.0008618763799293313	-0.0014660103180822446	0.0007438802151176042	-0.00340009507028425	0.007534076415984193	0.003966002464751455	0.0036717646397034912	-0.00519506773500515	0.0003908066806602888	0.0003970424911742569	-0.0010864617588711286	-0.0	0.0	0.0	0.0	0.0	0.0	0.0	0.0	0.0	0.0	0.0
108190	-0.4056136840875342	-0.25253702591137883	0.0750351496145124	0.028013218769079504	0.10299807207018671	0.03015307409893121	-0.00270456358128127	0.016281588725089696	-0.014868276473813384	0.06129078514559005	-0.003041272076295112	-0.053954050855474264	0.04465015627410137	0.060035608784689866	0.016933727207606455	0.021039547942258922	-0.004024863192757426	-0.06431355975399587	0.02201939069435498	-0.019139040161442984	-0.0027522506500167365	-0.028101494384083606	-0.0038171084646967213	-0.019697020806251627	0.008245726405804007	-0.0474904927466569	-0.01678056114731026	0.020298623877522882	-0.014342389341565145	0.009903676752637758	0.0007182269250893905	0.016406283360228948	0.008500567154989144	-0.011679438991735224	-0.027741470146051505	-0.011013436881144955	-0.025219186770243252	0.011652566812043639	0.027983005538411872	0.026206249888645228	-0.015317932454230099	-0.02901638182068998	0.005544038681012115	0.023855871032663914	0.00026234031049118345	0.027297622083193942	-0.017638848843416842	0.0056627633253665596	-0.018657478787891705	-0.02233380895149567	0.023166756459625452	-0.014703215115581003	0.011832529352229275	-0.0017052163516914488	0.005775820793863331	0.023925164848338985	-0.003778201872578261	0.016813816852712382	-0.027283994901226107	0.028283764020197926	0.007894579470501439	-0.006236091663171147	-0.007261263592206867	-0.01956903393912166	-0.00033307095298012426	0.008849356818324904	0.006311208013794094	-0.014688880232384339	0.014460970392193434	-0.0051608027391886555	-0.01243966947325005	-0.036421765640257044	-0.0032631388598086475	0.004011540145050122	-0.020190073057326313	-0.0020299155154144335	0.007319698228009497	-0.039849312999962486	-0.005291188332536577	-0.008131289635758907	-0.0010405294203833545	-0.004684889275432466	0.010050418359503266	0.008938836854523296	0.010543581100911593	-0.003920369762406908	0.02214001192046221	-0.014626738743308769	0.006867361178553055	0.01450728305920531	-0.0126297680839342	0.008264285827562447	-0.008147542738605126	-0.005034017735460347	-0.0	0.0	0.0	0.0	0.0	0.0	0.0	0.0	0.0	0.0	0.0
108191	-0.14285664386259492	0.2515697058101185	-0.057190318806000374	-0.024492898252495385	-0.0074992360201834	-0.054836012101167605	-0.08587870632775504	-0.06055421500617512	-0.021615353210471585	0.05900486319085705	-0.008346684956794184	0.07240382129777463	-0.002591479079954163	-0.01636192009829588	-0.008497844328884143	0.0019569306557411675	-0.02100582752348722	0.031178564683639172	0.03604976858435444	0.027892557920140556	-0.0008499096811534938	-0.029442029836343024	-0.0404897536338638	-0.03093324695530245	-0.03716243832254927	-0.08402279222168389	0.050209597643923354	0.022397689355006023	-0.0022920228798013823	0.023535964687768147	0.025774995923856934	-0.04350430483214301	-0.015029225576053252	0.004578529517354023	0.01917635464323241	-0.04742045642062194	-0.00985806701511169	-0.004084619092715355	0.048095621516836704	0.004186710889778202	0.0008375831570010808	-0.03368928181668163	-0.02629210519659119	0.02169315136671536	0.05241327597203052	0.016663930117949286	-0.016512408481594472	-0.018022098246092046	0.014316279450123818	-0.039978328178867574	-0.025502471256264765	0.0032321576770673872	0.03385416562410271	0.016952075517509338	-0.025445703489755885	0.005744837108587963	-0.0042776586035306674	-0.0156889094296132	-0.007013886303380738	0.0022122901541519638	0.030267197365392722	0.007408779815321235	-0.0013759555394194157	-0.029770454257577485	0.013489274933251577	-0.007855800617219947	-0.011716849917049717	-0.029090714657183256	-0.02918957048230018	0.014593971092336396	0.010215155354718867	0.00438131140226692	0.0035191872151481103	0.03787393920689637	0.0036272214029918937	-0.023220598165378022	-0.003636804782939322	0.004313775148094411	0.00024664871749820877	0.011106754988390434	0.0010264885115124692	-0.000314254773215671	0.007041169090012806	0.007518932440040465	-0.011549282909205422	0.0008597580390308318	0.024040430766852715	0.005286335478389695	0.0043457470454149215	-0.0207973736610276	0.004210793344139889	-0.00468335891087365	-0.005032235219749082	0.006194824245436261	-0.0	0.0	0.0	0.0	0.0	0.0	0.0	0.0	0.0	0.0	0.0
108192	0.19891750912652684	0.0912708416928216	0.11856138668766061	-0.07190064724219328	0.050148646487448253	-0.029682424885370796	0.005262057215487956	0.014616554820862784	0.026260838035047813	0.042040205754707946	-0.008468569117730028	0.027697921831241215	-0.0034553649136098356	-0.0288196485007469	-0.05101910791002619	-0.054774109536603124	-0.025204468367957148	0.00048718189386697094	-0.011859608654302809	0.01665422897033414	-0.0701091488325168	-0.03786334859212798	0.07766465380644684	-0.03234188906608677	0.07177616715445999	0.011218675342290837	-0.012973223749412557	0.008835746328660814	-0.036435860161437815	0.03785277816815689	0.0349663389793178	-0.05864269872740613	0.030884309340972412	-0.04236813815921425	-0.006189871106766316	0.02603153525852775	0.026542740519624616	0.03098186523123339	0.01606167357450454	-0.04736194013233785	0.037061709652509954	-0.014543825953840486	-0.029950602983687083	-0.008324618659621773	-0.05312670671417794	-0.011593457195198194	-0.03209749470343449	0.016346416597478552	-0.03855901858680197	0.004207353019485901	-0.028370171049553864	-0.03136919679900061	0.017246162654716894	-0.006335038764631653	-0.015253695632322649	0.018480511431465684	0.048582555720660614	-0.0018716157568788004	0.01648097902876543	-0.01323318240964998	-0.023881918181096397	-0.021998030908135055	-0.03479762279995197	-0.04417540208119385	0.018966785852010715	0.017725778454599914	0.0031382346814325555	-0.028833232696715304	-0.006734139959444002	0.020914743499412036	-0.002174605531671845	-0.006030436129564665	-0.013829242022534558	-0.010037628331558624	-0.004682212008306196	0.04155972187741712	0.004989417566901167	-0.0035656655985018995	0.0017584676010454978	0.028506984586335885	-0.021569116844211443	0.02723712500720473	-0.024697135190714863	-0.0038618223131159663	0.001015016616137224	-0.01021633971245199	-0.008252347163539201	-0.008126415788010702	0.01486123309574932	-0.008110587461075945	0.0029661803727765675	0.00847736795279949	0.0022699101372805233	-0.00027109803990023687	-0.0	0.0	0.0	0.0	0.0	0.0	0.0	0.0	0.0	0.0	0.0
108193	0.20604666444003078	-0.013270396973171342	-0.05498768057618679	-0.08345827146322915	-0.06572354489294098	0.005270248450081038	-0.04603686318969481	0.06108628688222595	0.022572402118774204	0.08175852267147837	-0.05373663125849235	-0.13100067789744202	0.029443391591480083	-0.049238449058743555	-0.024177204731766724	0.03409677136057153	-0.02095900986765879	0.03198159467257638	0.09876983845188704	0.042442002570702006	-0.002506417198188476	0.07141483928121002	0.09227051116985864	0.07378564270957086	0.04021678099765503	0.018483672621230126	0.0005545589653344215	0.006920135496142484	-0.0033565686788422353	-0.00741582482516558	-0.003997797576017485	-0.08203743229784805	-0.011630064319649146	0.04322824979652236	0.0246341565055438	-0.00966304930525251	-0.050330361697752554	-0.009740229929664897	0.008444023853520962	-0.017157217175014446	-0.00392445337095916	-0.0036939515267878373	0.024755126384379433	-0.0423722264525815	-0.022580057807157935	-0.01040882662844267	0.028512557736017213	0.01270201456857288	-0.049310708363066946	-0.017012429565419825	-2.098533626794372e-05	0.028577106599769447	-0.00984361959528417	0.011581854704008595	0.028556120551668084	0.0027070201555304367	0.015649053486653602	-0.010820503832039549	-0.012820856783046454	0.019231804365502536	-0.008451625742117209	-0.029081256479203985	-0.005425876809581583	-0.009498317548012556	0.021263068982787965	0.031362839586224454	0.02245990826695621	0.005683436288782835	0.02586009211376629	0.0003195174027396957	-0.03051849073719681	-0.005815711932797824	0.013540736738913919	0.03718460147735408	-0.016791375416458483	-0.013479421263175358	-0.02412132605631793	0.033750719699663485	0.006248260890458527	-0.0075166331008628025	0.012431306961093761	-0.00396791811169281	0.004627313450390925	0.0020934706668006633	0.0006712025834139283	-0.013641658682771332	0.009355359762504517	0.014886951547316733	-0.004120244814526838	0.00892676276003378	0.00036781140824976804	-0.009356172508620968	-0.0016051230563598642	0.0015368559614164195	-0.0	0.0	0.0	0.0	0.0	0.0	0.0	0.0	0.0	0.0	0.0
108196	-0.27031004412869825	-0.04005937650983218	0.027902820820977118	-0.13718582086685618	-0.11174357845782855	0.008549605519102025	0.008028221794086295	-0.04259962522923548	0.027658998289466996	0.003745041982899378	0.04035411199516911	0.04198593276601905	-0.05923229565267006	-0.0012999576010423407	0.03894079017655419	-0.0662112223793812	0.005305655288832962	-0.0231971105285315	-0.017207721543123822	-0.018138800105811346	0.009432975039486832	0.06784984127344737	-0.011486551321759771	0.03520240046343362	0.03477067842225032	-0.01863435146925949	0.06621258125358623	-0.0047174826238842865	0.059724132321623345	-0.043420990126091796	0.0019035886603795671	-0.004572347659744938	-0.03956680601953734	-6.194408042242516e-05	0.019658766762599474	-0.01594890702074182	-0.030270717032622504	0.019956673050287282	0.02207211760377522	-0.0013228772165684423	0.0023291217906779606	0.0057024327367335	-0.048351009350511634	-0.041846779819948256	-0.036189763688873854	-0.015095460452979593	-0.019352689936065808	0.03742228027187503	0.03474773581853801	-0.0013065298517773237	-0.0025751386939539835	-0.004127013034013211	-0.026299819926402443	-0.017273048789269288	0.008605118150989768	0.024421206918595607	0.02281943428018346	-0.020875684201649144	-0.03321680150762401	0.02972625828132897	-0.020911978603833037	-0.03321918367025861	-0.02389519136312121	0.0021939153087789163	-0.044089313669956075	-0.02020647312307599	0.019494506135569148	0.026774230952730856	-0.013151459080615793	-0.004247262161252989	0.04568517384440981	-0.009820326672556922	0.021961290766316865	-0.01991962213315114	0.0037015233881993225	-0.0054592509737578	0.018925551584528424	-0.016098873109555024	-0.01325877325207323	-0.02213132951702036	-0.014598222946959158	0.0035452884478007545	0.006558925983302516	0.00360024496342036	-0.00027442217239048657	-0.02136447923963827	-0.00559559064482853	0.0015953624803175144	0.009867355302462572	0.0006292621177028423	0.004482914548568104	-0.0024475819623315763	-0.007267094363667028	0.0012352414226945178	-0.0	0.0	0.0	0.0	0.0	0.0	0.0	0.0	0.0	0.0	0.0
108197	-0.2909265597566423	0.14593065888520382	-0.03368187155758579	-0.003145554533053917	0.021974990819393882	0.038854968292171305	-0.09288873888978749	0.029282769684733874	0.07210774740349647	-0.054867078079185116	0.03433475565480158	0.028922528543967877	-0.020833009913726067	0.0005067681161117826	-0.01830946933171601	-0.0016284747115704941	-0.00737027532225083	0.060431732185178146	0.016191443482956893	0.044823913701467585	-0.011293186544029365	0.009187937274309816	-0.00827245986466392	0.005905309114943248	-0.050139452266552476	-0.008461981927369003	-0.00969881699266406	-0.003003960961461035	-0.0002920237315049837	0.0353613028668596	0.013502237251773738	0.01670739605019386	0.04285053020745713	-0.005905797772402224	0.00028944074846259807	-0.010981142132189722	0.002829127108945198	0.03983647938188136	0.03712492294386523	0.00757248468751778	-0.025462167655582797	0.012636371727854145	-0.028354921652801183	-0.025472481501138428	-0.00556422305982777	0.004080287188622961	-0.03562653380278531	0.018217871156619662	0.014885625073892085	-0.020809719065876378	0.038478518192445986	0.015866666925500858	0.016247778534564203	0.004459167686299375	0.006611215416923968	0.015509343571950563	-0.011147582417234587	-0.019274503501343788	0.005777937019330233	0.03654129864095399	0.015049803445706519	0.012778264105630379	0.0006407056822025422	-0.05314697226910873	-0.004918153235853385	-0.0174263087535312	0.001937894071899641	-0.008702864273506142	0.005943320574543742	0.002345812741732236	-0.011972881615410996	0.0005018229907009479	-0.006279124895633605	-0.0019419446618422276	0.0015887953179490684	0.031104442226613967	0.0042107663953946176	0.017385333156175613	0.006547535189141918	-0.041027753869658026	0.008132024946515657	-0.012934179216136618	-0.022031770338214206	0.003014588993178196	-0.0014837960082425222	0.0027785717711491078	-0.006342720733521907	-0.015626776868740453	-0.02484217103560188	-0.005126634008251238	0.009248836517894678	-0.010856260094336266	-0.004688924637041059	-0.004690660806219911	-0.0	0.0	0.0	0.0	0.0	0.0	0.0	0.0	0.0	0.0	0.0
108198	0.23974349764691635	0.07688738164937448	0.1552903837598748	0.06141811124771605	-0.026107198754362654	0.07485626930443347	0.012402248514958832	0.028215947437176384	-0.0389894221402451	-0.02508941238072598	-0.05435593997477431	0.07491054999179494	-0.019892208590419912	-0.008485331629910381	0.03925498789619953	0.01776530764623284	0.08154772512455437	-0.058869436631093834	0.028961900691527	0.05834194611770932	-0.060836830920045104	0.010111105710262507	-0.004233807428881649	-0.04033410720042007	-0.03411527624917454	0.015723619622905617	0.020062978412725717	-0.010348459919495675	-0.024750344285914692	0.026984643242881117	0.00626835241438894	-0.016079726213144907	-0.08245551634717663	0.015295351512377157	0.02838556019607132	-0.021870856807865345	-0.0009723257480229774	-0.03945572317008235	0.007807242970831359	0.046112408969816714	-0.006125648554352183	-0.00861348287292383	-0.044139212352965945	0.045486707322608975	-0.02216301796059963	0.0017339857151209737	0.011227143958174497	0.02122277299052586	0.011753371409592213	-0.02228557083363469	0.024219563278075937	0.009252082836377427	-0.0033237522843406224	-0.01794824195133259	-0.021023730346338577	0.03820890993107343	0.03537533411020974	-0.002905996034693802	0.042024104293702326	-0.02780284341594465	-0.010520428866963713	-0.01480293756154189	0.03138422997044587	0.01450774704499082	-0.016967885904957188	-0.019171980153683432	-0.009070564101452521	-0.005141159911777752	-0.002091728486505025	0.019110941272406354	0.0005602129377994078	-0.03674578315333641	0.010358443496259095	-0.02812308180073627	-0.05262526806756979	0.014177806737214907	-0.004720407595412467	0.027861285435451015	0.03067445293645282	0.003444656884319164	-0.006307806772985206	-0.00192601974167303	0.022087594656414796	-0.010952561435889695	0.02115278461949452	-0.0010027958308584013	-0.0020976483517640174	0.006012766343849967	-0.012458522396824823	0.0029108547488042045	-0.0028839961849543654	-0.005272178464107012	-0.0016203265219547555	0.0011927227448880523	-0.0	0.0	0.0	0.0	0.0	0.0	0.0	0.0	0.0	0.0	0.0
108199	0.30444612664108006	-0.07091110948543684	-0.05394804294986405	-0.016053736107703376	-0.041325147585713685	0.03605035600584344	-0.0262004072712304	0.07553018752549186	0.03172859161055744	0.11126869200956897	-0.008601398876236573	0.008733386886324624	-0.01606680542309361	-0.01053617793032494	0.06747019780156215	0.06143027329028383	-0.03144102095763872	0.0007651297193902063	-0.08657794267601351	0.025266405018904033	0.015874071954182462	-0.001393794754137185	0.023424244961589104	0.015221597565830683	-0.046874131482342735	0.010526685193838878	-0.015305886212754059	0.0010915871296411353	-0.028913077775130285	0.006499731046462013	-0.07557433692948966	0.04697308533343562	0.06498926368640066	0.012345867024238573	-0.002429597106137109	-0.023143854116218603	0.005786385701864041	-0.08360784564035958	0.005548166181871673	-0.012758219028102409	0.00013603799642899372	0.03245674838982411	-0.06393551350330681	0.052994166983182836	0.0016516081722494447	-0.032575537123196295	0.017767806782238427	-0.01168328066023425	0.020093127007982277	0.024826599776516453	-0.04805286512545559	0.022125870560200423	-0.007110480864618666	-0.03356506773575826	-0.029474822276573033	0.023751402967449157	0.0370307636586865	-0.007923375514494856	-0.030064072851555764	0.02910763761374195	0.009403070808030357	0.03415196744094163	0.022481108316726447	0.006998233060010278	0.0035982742691531727	-0.013063114270565777	0.0004144042682752688	-0.02323563982356503	0.03820928836579322	-0.027040998161689853	0.011176279022642262	-0.02078493935955798	0.022189858933576476	0.00668079272670258	-0.000504243988134677	-0.0029526758672385207	-0.0011514085582423335	0.013502238453138603	-0.020076715405758814	0.022755771082538064	-0.004513153516944034	0.011315456644313526	-0.037431286104254	0.006074330485567256	-0.008871644864129558	0.0021138281352170818	-0.0019435577538562338	0.0037004267380411787	0.0030855307153405537	0.0035880759408763872	0.00390674073128126	-0.0030474952370614632	-0.0012219314033256037	-0.0013509713387630758	-0.0	0.0	0.0	0.0	0.0	0.0	0.0	0.0	0.0	0.0	0.0
108203	-0.166972308626882	0.2338363991710505	-0.04867350769931228	0.04834652791100954	-0.07682609906436173	-0.050044620730761456	-0.0888939640342387	-0.011575783488181897	-0.09053294404601246	0.054274153394656854	-0.009528931950446084	-0.016145847123457777	-0.08937549155544339	-0.014930083686355443	0.007741387257368325	0.06343406774122202	0.03656807272322669	-0.06896444305068425	0.03678084796525214	-0.06380566898704865	0.0023959284266224855	-0.041986965742415665	-0.01632150422584808	0.029124600706169908	0.027354462158325966	-0.004196883926121301	0.008294098980802809	0.07123684349998319	0.020051815809293178	0.012187539114099002	0.021953661258104426	0.037389762540951346	0.011567839139809832	-0.04878544590358138	-0.000830893281933269	0.021975791663477882	0.02314180378439437	-0.01190352344489794	0.0140227735683108	0.018505019919568783	0.032505568758876204	0.0008682505096371317	-0.029964886622592224	-0.015362308785916963	0.02145666614717046	-0.024197815346315453	0.036855013631631725	0.04512013035913083	-0.011291764714160667	-0.0136580432465983	-0.018472118485747927	0.014772261396335492	-0.057273799353418114	0.030309965522638	0.028185330472292484	-0.0007391122162947472	-0.008701359593140412	0.0020297546496318886	0.006656364217672486	-0.004588745076830202	-0.03160851970346978	0.006500702805033679	0.01991840297078587	-0.012830590831657208	0.013104993558409392	0.0038531952524095852	-0.022967475978809843	0.014742312427464536	-0.009680968823810539	-0.002706476058991789	-0.007476742210411545	-0.017841862343791155	-0.003618253439617374	-0.021240177713521474	0.039996747153729806	0.015577879710616872	-0.018698082679279845	0.007588095719623348	-0.012562170273497156	-0.021904348847549864	0.0013938510583409594	0.020275045889506765	0.0076232793326374065	0.0021226343814759675	0.007630326056058363	0.014533165504930645	-0.00023737428145876604	-0.007012908036588759	0.012008837094071067	0.01071849255497443	0.017486944166998326	-0.01155701827317887	0.004352105949448773	-5.2097644351149924e-05	-0.0	0.0	0.0	0.0	0.0	0.0	0.0	0.0	0.0	0.0	0.0
108204	0.21602701738975613	0.0870525199033834	0.16229885187000256	-0.012318455398653385	-0.012367047422001556	0.016573633269926006	0.03219605796847346	0.041037186439027214	-0.006148711644572439	0.02900785977834582	0.028396178461405693	0.01742506721595305	-0.038445219291970804	-0.006495637634637694	0.02431164152869221	0.028545856386531867	0.004588226075686343	0.03636604070961151	-0.050543220135580075	0.016886121178080027	-0.0484063646815926	-0.022626755778934006	0.006694127248732488	-0.02296018616369443	-0.0369922616138402	-0.05234318867239846	0.005719428629474973	-0.06231129070184906	-0.029903531464332368	-0.04966626706397557	0.059087438798345195	0.06950170306125919	-0.036977698740083366	0.013687552388966488	-0.027331068747714966	0.04424733017222508	-0.09669998735849444	0.027500481786889304	0.02510513681509312	0.005137894492925002	0.02489919326393579	-0.029881897391654866	-0.022658199890073796	0.018274757144628236	0.008667391864873954	0.03235521776504918	0.03878222293705479	0.009654866909517302	-0.029752605479542567	0.03435765684666768	0.021980904397195813	-0.01076285398858312	0.013245315647987211	0.03767664593540118	0.048744534351636816	0.010538031370906075	0.03327447570387146	-0.017162315394758938	0.02023028749584875	0.023032907890173787	0.040689428643092114	-0.030376337021826825	0.013127185140537803	0.03651983066467241	0.048535027997227066	0.00621147512718532	0.010107185372323576	-0.011370343253797049	0.012114415038111151	0.007378037189416816	-0.007585987190240229	0.048327451961487335	0.0037104622674172263	-0.03763319388852479	0.006194283147835444	0.0006753183648306319	-0.009017807209767543	0.0037488176536998696	-0.011834245449724843	-0.013840348477097928	0.002006826636968748	-0.005790750288210386	-0.00872122164158106	0.020860166988373327	-0.00946426088118315	0.005132497247310303	0.0017663619100102574	0.0036326307804598295	0.010725341302011403	0.0013732434039034247	-0.002516187712595705	-0.0005043666956617696	0.000679229376031218	-0.0009222645056782538	-0.0	0.0	0.0	0.0	0.0	0.0	0.0	0.0	0.0	0.0	0.0
108205	0.28481835004823647	-0.04710250901214518	-0.04682772805787552	-0.06632415591613956	0.0049783727890916046	0.023839599579495444	-0.027411214094399738	0.07410314482792836	-0.06402664885364209	-0.02247371051886853	-0.011680987499500644	0.07638708129728408	0.05331897492688854	0.03925956572058247	-0.02709884073669969	0.03743246693359803	-0.037810141564821806	0.031139821496990412	-0.01940431759903995	0.06625150811905749	0.022827862999823537	-0.01705447024445507	-0.01731593549886593	0.012228839419628146	0.041260355579063476	-0.00849507873790064	0.005984974516045123	0.059942083754902245	-0.000255354039507413	0.0025559946416563555	0.017324429891469654	-0.00599638530558353	0.05489833898934599	0.054261984667447624	0.01785243953794006	-0.010906113525097565	-0.022006522571093114	-0.009099178219503483	0.03329500118587922	-0.004888495162936093	0.02861249692063942	0.02111720061774306	0.045198837633809844	-0.0008591799442177067	0.027143168360547615	0.017772651947730825	0.0018516858481831247	-0.010682100263622821	0.001357648335566676	0.0038869866289386146	0.04060935490937974	0.02637517916573446	-0.0096456634028997	-0.008169577679863942	-0.04293363364617988	0.021602033951785234	0.0010108529675594254	0.004044449073566245	-0.012243840416649302	-0.030652415526546434	-0.050196151650275585	-0.020066620533485475	0.03425085023162826	0.0002274162888009278	0.04595859701580048	-0.06460861131075712	0.03983473826299319	0.05673961332314242	0.01651334481240143	-0.015115404619492314	0.006985225353218558	0.0014378923523765145	-0.03853949416834836	-0.014773245923480016	0.003654315482206827	0.015282956440796497	-0.022595509717091133	-0.02010210049896887	0.0060988032238780245	-0.002703820268610114	-0.008481422689455138	0.009875756769993308	0.011599226992745189	0.02286371623677355	0.0004163163855525264	-0.0028281583261798486	0.0046459194369001386	-0.003343801725651382	-0.0014817407345864243	-0.009025385728494414	-0.0014110454092168508	0.006993914680121173	0.003086718097608671	0.0011432730331699713	-0.0	0.0	0.0	0.0	0.0	0.0	0.0	0.0	0.0	0.0	0.0
108209	-0.3506816870522376	-0.025251874708084005	-0.03186556530952174	0.09376908529082657	0.22660934729259372	0.12789791990668048	-0.010064332847661258	0.10617718343334198	-0.006042220213394364	0.012949167996223717	0.006572408822049409	-0.022343845031120878	0.0052363184387062695	-0.10359376139577105	-0.01578699304715687	0.03803436727218635	0.033571829930946026	0.03695968645883309	0.010749793992680017	-0.004601898953619513	0.05086886819870698	0.0006056658671792267	-0.0036879221009555184	-0.01939085023103504	-0.0070207329492617395	-0.04441065664520702	0.026488229559643094	-0.0075496865476123096	0.005231225397815301	0.011810618975273789	-0.021026568057511328	-0.03564432484851692	-0.034397572190634045	-0.004209990613083105	0.030874513996813815	0.020252482015005187	-0.001909856416447595	0.022838574994729032	0.0009662435723795995	-0.0384734536416242	0.01511128489092836	0.03229545443509931	0.02007853592422997	-0.008293859170990415	0.03160089139625569	-0.01493269783564443	0.02467464342335379	-0.011891856914964897	0.01488443573929928	0.02818453271044447	-0.006316509905693535	-0.01343240227671951	0.008115820684190945	-0.01700263537737574	-0.03853100054991845	-0.020896792348847493	0.017138290838013225	-0.028458116794127037	0.02234144787974458	0.01656461084084811	0.019521569933282214	-0.0018036377615468153	0.00229829464862806	-0.014478487339376987	-0.004765728336256507	0.028746489595975068	0.009978891470170633	0.024703604771526964	0.01275898544433155	0.015654900038115333	0.01027010103152241	-0.018332264133939628	0.014065474033565204	-0.008768812743063271	0.009201267476035354	0.003687066231819476	0.01895301678205093	-0.013537835161800585	-0.017575181084745137	-0.01668034235365349	-0.008968763000252945	0.012709493167660901	0.003181537714370526	0.012771101626071353	0.01158508662557318	0.012070783437241937	-0.012110305023371647	-0.016092274176510376	-0.0051744438104567025	0.00703356218302342	-0.013471830543751789	-0.009020168343859287	-0.003150120760976369	0.0057690120400460225	-0.0	0.0	0.0	0.0	0.0	0.0	0.0	0.0	0.0	0.0	0.0
108210	0.27471737413896485	0.013957087038083318	0.12101393242246468	0.028341756004763484	-0.03687358784464036	0.05199002956053122	0.04665084347098679	0.034729102707639264	-0.01279755543329367	0.018381176123801194	-0.04399959114944231	0.021631579092095586	-0.0007239524394215941	0.018444494667320937	0.05038649762229406	0.041755265636619285	0.01619097422315532	0.00896189198954424	-0.022866594661248397	0.010850635581014923	0.06884195624841057	0.03587178438758572	-0.0015904903373705937	-0.06266129086453223	0.04708683426557433	0.056026764516694375	0.03725147674180337	-0.0076178335780618615	-0.03950900999677987	-0.004598638644214667	-0.02136626553106575	0.06613456667948396	-0.0023421756888539797	0.017317627079508277	-0.005148140968690802	0.006354702779831437	-0.000463010282000012	-0.003095850155384041	0.008157288299738724	-0.01922462434119579	-0.030856238990405564	-0.016064488336006637	-0.017108364241421824	0.03731416278096247	-0.02673933704980656	-0.03924540497283215	-0.029549356358404735	0.06904968288878924	-0.025061044826931382	0.0048303248785157805	-0.0006606457406113763	0.024673844198655228	-0.05859511905235853	-0.0030657693828482356	0.023213343895067972	-0.058194519553713776	-0.02204238801696601	-0.06016067557867499	0.04945849752121794	0.020525207899018443	0.01076862592795902	-0.003289318321799825	-0.022685410662496148	-0.02533994759917159	0.025921890776305807	0.00355488245179799	-0.0004935729107239742	0.009248887050637068	-0.0007370139543859945	0.014876201026571214	0.0021714317219821673	-0.01570034146804864	-0.00951456111032003	0.048109745026670474	0.00863190928973826	-0.01775858793090645	0.001384250687871903	-0.02652252460354957	0.0155171805766048	0.00559454147171429	-0.013680136213127038	-0.022771635397695233	0.011955347554736163	0.0009124715663251413	0.00341537197251173	0.0015354149416542755	0.003055892371661809	-0.013009636700538329	-0.004961237112325402	-0.012096497257365389	0.003125718380721392	0.00876829911565114	0.00422765546502215	0.0005451939720196494	-0.0	0.0	0.0	0.0	0.0	0.0	0.0	0.0	0.0	0.0	0.0
108211	0.26079885558417454	-0.03313809359509099	-0.06979912468198933	-0.0977381759672927	0.008262931648406097	0.0162779339081354	-0.0005356173755444249	0.06087784652012662	-0.06872603945929327	-0.06629360111422047	-0.07847568038240897	-0.04633280945798261	-0.05053610340025802	-0.024670965243663592	0.039053693609201016	-0.06256019156676476	0.05072379961666853	-0.043141274007157636	0.03182891661259256	0.0422671621828502	-0.03123567149128465	0.049447833454816625	-0.008379133182958019	-0.009845005574365238	-0.049167757138433126	0.02852699407721267	-0.016977107467443357	0.02955046811252664	0.037196030367831694	-0.0027027574205864733	-0.039893370749644774	0.0003627416701419899	0.03145184743121725	-0.03705449143790658	-0.034293063468513525	-0.020651882579822603	-0.022568116771734786	0.029883314511029328	-2.8755136367958824e-05	-0.053325515854782506	-0.009204197798964987	-0.027584378992416704	-0.014499985534208927	-0.0029612963137612236	0.0006619779952100766	0.026013135927189908	0.005271875873917129	0.005352362374511019	-0.01259416831334875	-0.010350142304160639	0.02605971090121061	0.01031941139463267	-0.007897803451204907	-0.02672050510154604	0.007200041136820654	0.011060903861489889	0.042664838144686114	-0.006644782215402215	0.0002084680420682447	-0.013838847550445229	-0.010861361734770359	-0.00647054717830681	0.009456895874379062	0.0326484666407018	-0.0165266057919049	0.035805959339118655	-0.03787200839239174	0.02177277131435656	-0.0033312623878973225	-0.014660045942408183	-0.019317722041668005	0.02085197260203376	-0.017956705990242537	0.00020460300656945183	0.0022937390435777225	-0.021219002255143515	0.027777443396135304	-0.008077460122329313	-0.0317272368217842	0.005554761849463267	0.017262672431038344	0.036736953112704494	0.0002445788926503178	-0.00983882881792608	-0.000828747660830732	0.01809694791530063	0.02422182947194359	-0.018938634313155952	-0.014863558527562843	-0.017390878355069802	-0.0024755811283664907	0.0039516229195324295	0.0029074418358026855	-0.0006170556217573309	-0.0	0.0	0.0	0.0	0.0	0.0	0.0	0.0	0.0	0.0	0.0
108215	-0.3106352518221086	0.0917873189001879	-0.13018856250928312	0.03613615117786477	0.05077210682434505	0.12593368680921363	0.06864172292686496	-0.05802132561887587	-0.09461574776695639	0.028331907579633345	-0.028518672069679382	-0.004920056812924859	-0.03395921405610834	-0.09016428717253919	-0.010501279574480321	0.0317778022688009	-0.02550911911382046	0.03240560584512441	0.015722663820552603	-0.020472876078894555	0.038930029235564524	-0.039105205853221824	0.02096943234661437	0.011948174822965806	0.002119557548018289	0.005404103197277029	-0.0031668535378244636	0.0004246128420879533	-0.0543281787391036	-0.0600234465607461	-0.001007975154408976	-0.004298867378617619	-0.024725238663717106	-0.023950677687090673	0.020927445644519652	-0.05637266060909376	0.01895229721813074	0.0140611278741126	-0.017385676407214366	0.003499492715057197	-0.05324939766314637	-0.02815713474630224	0.05070792591674118	0.04992443708529859	-0.011008899597989449	-0.014983010997915847	0.046043989301047875	0.009809839701652338	-0.013476455732880374	0.041966418859383334	-0.015681145692504454	-0.013998000507055741	0.03321251526157285	-0.026187461323178216	0.02633034852616279	0.013730568179491347	-0.020082145441272785	0.010438672522341791	-0.022582652905004476	-0.008512413933788354	-0.024165620244742263	-0.033814094800252575	-0.02281348150720457	0.013640960986031457	-0.005629150717063087	-0.008840423354708051	-0.007024834991144276	0.0034526384737786748	0.013462596186286285	0.003584356573554672	0.031160969847657358	0.005122156303122774	-0.002685799276713082	0.00531708567172631	-0.014585061235748464	0.012182094149536459	0.005756184765585679	0.003939336870374899	-0.008386419517097933	0.0028353877281342794	-0.02350214517983066	0.004507340060117089	0.011420765270604875	0.008576960675781132	-0.017790552425228544	0.0010499465431336545	-0.005556640517416581	-0.007218512926084317	0.0047728277479129584	-0.011929777662078032	-0.0010317507457726605	-0.007649181798536043	-0.002722534672618249	-0.002791173216393025	-0.0	0.0	0.0	0.0	0.0	0.0	0.0	0.0	0.0	0.0	0.0
108216	0.23741383149666873	0.05962194231693202	0.14925834809476718	0.05303969126040365	-0.029483583293459514	0.04928498726801702	0.03426397327451792	0.030953561864366836	-0.0164241945940845	-0.014835279325330896	0.07438036335816656	0.005995266288397448	0.011534854939726486	-0.022162548298238553	0.06397799863395409	0.02232313093858067	-0.02665278093046627	-0.044794732567862205	-0.05537538631823028	-0.05718641326649934	0.062482976429903206	0.007920863821706434	-0.012212477143766047	0.025414241509158254	0.021936822535097596	0.05026943523745555	-0.07912694026630669	0.0016385628862527883	0.04452239699372584	-0.03988761864335093	0.009489159155363705	0.0001337979926668083	0.0030483033010049888	0.00047388579602455514	-0.01138248219767361	-0.020934328366029455	0.059311402582860814	0.036372716061424074	0.03680948554254856	0.04607382011375275	0.04802886589778875	-0.02153050617677111	0.013927576376645413	-0.046180936245839785	0.050078626022856426	0.040872086596644666	-0.026927697144371612	-0.01526928091213287	0.039409621575118806	-0.030100757982881875	-0.023386322831565894	0.01325640170796882	0.008135494350037104	-0.03568406191384995	0.00981814161193569	-0.028306628478523096	0.019060739698846405	-0.004941889108258777	0.0033989953602847093	-0.03785721510418777	0.015653675843016534	-0.054640716264033724	-0.05099079636328349	-0.011283061216275184	0.011738665109372742	-0.005956920778449135	0.015484294211067411	-0.008502988696782595	0.009067614811595641	0.01962498283083698	-0.01272717664896518	-0.023513674468910364	0.0018711062357772055	-0.0063403998031203775	-0.03719852777074634	-0.016995001882240478	-0.017713807509257207	0.015486130520427648	-0.023911510931865745	0.001595633542023411	0.014191921804873744	-0.0075772625889905095	-0.02134188025211347	0.010896231593814578	-0.0024944820094786897	0.01811693808277699	4.4375776265933275e-05	-0.0027084940631785107	-0.005588518468683303	0.0009065867749252722	0.0020481387479260402	-0.00322155560603447	0.0036352953697301356	0.0006984467766897529	-0.0	0.0	0.0	0.0	0.0	0.0	0.0	0.0	0.0	0.0	0.0
108217	0.3066602197940714	-0.11366618053279585	-0.09698699944674025	0.024933672240601557	-0.09446117903394885	0.04848934181993391	-0.04998182904239903	0.07530643236362596	0.055787821729559435	0.07221995063630894	-0.06860031794627237	-0.038335754696568226	-0.002517207013427119	0.007940311067659252	-0.013205069373169565	-0.03421178311731502	0.005459033277947114	0.0038235767049940735	-0.05425212483955783	0.010934700815449594	-0.011253977585372863	-0.03941937322163899	0.0014491726607451583	0.02496697523367529	0.008648704577146648	-0.01642497984230035	0.009811145655150845	0.007283874605898282	-0.029516578620707525	0.017661864860908105	0.028398154756632772	-0.0032453170155734095	-0.0011804316099825562	0.015049405820547987	-0.0038958598322253127	-0.030143143538556426	-0.008322049634409372	0.029639160843860105	-0.03308281977829038	0.045899358903932895	-0.021436643185218415	0.01223554108549684	-0.005799348474095383	-0.03551739447000666	-0.00150606866233209	0.005018304308616781	0.023540764849948558	-5.3453888379911326e-05	0.0317229964494037	-0.021632533662910076	-0.00025912620801812376	-0.025084104983344603	-0.023715491740495167	-0.011923857327420354	-0.032192310900371106	-0.03736688008514656	-0.02170280862699372	-0.025911374595804018	-0.012407805828725312	0.0025984342372904015	0.013080536936710614	-0.036478167017337845	0.006841771592277806	0.01492476082172792	0.0038615601032694446	-0.012058848153130271	0.013773511535609635	-0.054013475962232355	0.007980397357449865	-0.005334760031914122	-0.0023969075953721654	0.004170494352621692	-0.06956165296230418	-0.021119106212234524	0.024707792325778546	0.002706505672024866	0.05549483412505235	0.021351107410422496	-0.022723143624672346	0.014712620877129554	0.005015001842934123	-0.020094969314577087	0.021050253534997346	-0.011702561645781566	0.004796316675612731	-0.016558385375754704	-0.0003142781209758372	-0.012066566747416308	-0.0013283151228723898	0.007687634874839512	0.005223169503686113	-0.001234095650128656	-0.0006097639360097689	0.0013444489625050412	-0.0	0.0	0.0	0.0	0.0	0.0	0.0	0.0	0.0	0.0	0.0
108220	-0.34391094189034954	-0.19056113926181287	0.06451843672656779	-0.014802042907440702	-0.021406816735768774	0.0165936433106583	0.05549516038527144	-0.05904777290446097	-0.061391981678412234	0.01783723482904724	0.0015561583452919127	0.01262450618645108	-0.01982112335344439	-0.025237912069187216	-0.08205281467739375	0.008505393805967454	0.1254132589356009	0.12148524910509356	-0.0971576291289024	-0.0558063759705009	-0.14071243404494846	0.08392357689091669	0.003360602042032862	0.06383502469685678	0.032186485511349804	0.030904992875849885	0.02761610725024419	-0.021318374627143838	0.007120897737099148	0.001786720233810595	0.011838021786825666	0.014872890300683483	0.036807716492776324	0.01544451271829301	0.0013088157270870018	-0.05338329115101897	0.042468222025623725	-0.02424019187296781	0.025887973529530574	-0.026804685071926862	0.02401871011205911	-0.03149513344167181	-0.029226801460220244	-0.03490415989097213	0.03690733948032195	0.003574311661585712	0.01576706785758477	-0.0014778246373828984	0.0002167231928023803	0.03620681888973927	0.015790988958543042	0.023076807923675037	0.006037364333595798	-0.005704635300433823	-0.010124819873624286	-0.02361075457425705	-0.022253959274803153	0.022527969496694868	0.03551966265838697	-0.03033108831236714	0.0019041841061177157	-0.010807316273541876	0.02517339496363803	-0.022830967034234227	0.005297772399471584	0.013898988695051621	-0.023996264462438265	-0.010197355994189208	0.0055539761748347955	-0.03808046667952372	0.00763791119466785	0.003078811216418927	0.005774472290809571	0.014891784156438773	-0.010869941098614375	0.012742185827150164	-0.0002276705905888785	-0.013323635400724208	-0.008269473182692721	0.0010843910719466356	-0.0033685418668670006	-0.01860501971596361	0.0033276557095612115	0.0015087561930039455	-0.0008690881742984756	-0.001026080867889527	0.008630935960353423	0.00098828706781127	0.0034301630486042083	0.001503888131043846	-0.0029834646356554344	-0.004064323648366361	-0.003206241200017927	0.0009328722314175816	-0.0	0.0	0.0	0.0	0.0	0.0	0.0	0.0	0.0	0.0	0.0
108221	-0.36790755637803396	0.04002176975179712	-0.09315836836092532	0.05620836159515421	0.09772786373354857	0.10794932586452617	0.0827290558732376	0.025626253845948844	0.025906985681569794	-0.02514896696276997	-0.006378173797071481	-0.019628177475812636	0.02330721584197247	-0.017966062629157363	-0.03304795450963693	0.02332267613328803	-0.019785147972782042	-0.08629316782408099	0.01662687708214226	0.013590610428893639	-0.0431392712212414	0.036112704662075605	0.023638254823028094	0.025361209516859648	-0.043102658866818265	0.0668306324661696	0.01199460323506627	-0.004379803604669457	-0.03446497731954729	0.01138611879859037	0.03134620334140471	0.03822036547437996	0.0216891794459137	0.02158580321774828	0.015566178799335697	0.042533349620095987	-0.013742843227720762	0.0014664817606502756	0.03824236243583791	0.011388636187825029	-0.0033891223958744257	-0.016584695423404884	0.017663351057051576	0.007061465583488605	0.009056886424169748	0.018531346346461704	0.005023386897782158	0.019098220045620066	0.029761089302780173	-0.02458334794568882	-0.006255801112553865	0.005079343761149719	-0.008618612288984388	-0.012404814013311253	0.010080689634398222	-0.0011796985289091125	0.012742210196536931	0.014244969846759135	-0.02017023153363877	0.035600996527567354	-0.034018009365202634	-0.0001255836946023518	-0.007330501139350964	-0.005127826760081653	-0.019832837401543103	0.007335177503434949	-0.010625659289170126	0.013463589736898016	-0.017317185496201107	-0.0007255215668517632	0.003867006730155163	-0.0028529871594830483	-0.01163644734879085	-0.008550222279358918	0.018745938576265782	0.01600153328539539	-0.009568782061201599	-0.012158476045707023	-0.006095463392082754	-0.004188514836266867	-0.01425063202992747	-0.013990765497543443	-0.022181443874423636	-0.006359721385703889	-0.015182920977128932	-0.011518254168272226	-0.00015234329717159505	0.009543482792173947	-0.001606843978729338	0.002532805128189771	0.0020628669110239837	0.0021564170417780306	0.003352015227664825	0.004574806850238867	-0.0	0.0	0.0	0.0	0.0	0.0	0.0	0.0	0.0	0.0	0.0
108222	0.2761646757497976	0.034698011937209006	0.1285807962145943	-0.02926604783072271	-0.007128511704377214	0.019971689945529517	0.0209075622893522	0.015696991736079923	0.00593598814164504	0.05593231227542843	-0.03037599708861127	0.044930189796286914	-0.01815624081368037	0.04181175219369675	0.012942207525232981	0.05862142439306015	-0.010789515291471331	-0.0017438763964878516	-0.022595783054615057	0.011724944099400291	0.027303984101514096	-0.008504851049539826	-0.031031433078086437	0.06488812855789582	-0.02011236657710374	0.038958400442454556	0.001755134900700109	-0.02829794031980284	-0.032490391337184926	0.03987627531069846	-0.048015145119685985	-0.05490397925825047	-0.04578819118197807	-0.00809476379214739	0.007233148269598617	-0.04505425314656749	-0.010302767803655561	-0.008763329142635829	0.0360127315982375	-0.03114512555970351	0.024520982651742948	0.003196029915985671	0.0035438982374260564	0.007299130365823645	0.00340520514059327	-0.035950714800776135	-0.015563072033415273	-0.010227536587045215	0.016870195162636104	-0.0712371234450357	0.05438405408967589	0.014416390655428182	-0.012387167915620292	-0.012167162155741321	0.031634030030801626	0.01008946377524443	-0.01884622921206486	0.03462704804233948	-0.003277701529521193	-0.0018198976383423822	0.03516566899988181	0.02112746673850518	-0.030592085780740883	0.031625754238086036	-0.015090625869553325	-0.01912745441223753	-0.011720070328880663	0.012667103692072565	-0.022123891223595774	0.01250553208920265	-0.02201307917350219	0.04210592849413815	-0.021176572652582562	0.04248743477154491	0.003276086763459624	0.04014816194974017	0.0022142423039817373	-0.0036019053129038386	-0.03220726675512593	-0.01247270396424776	-0.008108612941031889	0.009754950518735352	-0.00010444110500103559	-0.003366100784551437	0.005908136230463633	0.006600144282551287	-0.01702104224397847	0.0017145340974249552	0.021082382934126714	0.005024251868522004	-0.009825411658155855	0.0012931970614334216	-0.0035306365136980305	7.196707066293568e-05	-0.0	0.0	0.0	0.0	0.0	0.0	0.0	0.0	0.0	0.0	0.0
108223	0.31147476064105156	-0.12745471749323414	-0.14432865961468336	0.047441900938519556	-0.054430924345051854	0.035124363640819715	-0.021972094215007246	0.05754214114730212	0.007682243077067691	-0.024211812541864493	-0.06766828321229766	0.003969735226280982	0.009570041078647017	0.026991127599826543	0.06663580481903057	-0.04913153102081283	-0.019683994548672434	0.03224814159753128	-0.022676391393349045	-0.03137405478515346	-0.0034173276812586337	-0.005466765732062029	0.004685125549654845	0.09063011798001626	0.01307182765740735	-0.05212020405463727	-0.0801453069508789	-0.0124691721940719	0.011444491950187765	-0.00940724042513704	0.012826181276842772	0.03431134085442375	-0.08343633422385582	-0.032358046108934516	0.04201357606744754	0.012131525933611083	0.03916524247294233	-0.034506811934933594	0.01497570033255506	-0.086112381096794	-0.027386812511336154	-0.033250247957616115	0.01921068893260512	0.024234209965272674	0.012582774121294889	0.012711258004845297	-0.04552705000000655	-0.007546025280212594	0.004616021460759094	-0.021666219144527703	0.010280282236561978	-0.05946486150590097	-0.043771353178062467	-0.01219733751754829	-0.0024184927320972517	0.011287461281703683	0.003224240204084355	0.0325998641435843	0.002684145431046535	0.02472881702683507	-0.027495289534247295	-0.018795494655340205	0.05833421287118058	-0.04729003824981618	0.02489996399525053	0.001662270980102331	0.008104918128142177	0.007081201632765636	-0.025022880007685145	0.02680895022818107	0.0011582296946591683	0.023157195097341737	0.022200117347378198	-0.004554891147896522	-0.005486606103640013	-0.021432568740804465	0.01253061032809402	-6.336470810986146e-05	0.012738848724926411	0.00781722073701669	0.0016680422006762061	-0.013041688115572143	-0.005858021259409041	-0.0037010818159512616	-0.00868866227080152	0.012060266440410982	-0.00605567640873873	-0.0004161991815411039	0.005492131152988076	0.002206335431438206	0.002244266406350849	-0.0019615354423365306	-0.0007378760874744842	0.00013050502653912875	-0.0	0.0	0.0	0.0	0.0	0.0	0.0	0.0	0.0	0.0	0.0
108233	-0.252890674985257	0.09319843331019267	-0.08027254589415575	0.05365876201778846	-0.07161904004947434	-0.16067863817215192	0.1058451527230522	0.16087704913831533	0.0040987529475168235	-0.025724435828021176	0.010013321128958023	-0.024794685474649688	-0.08730887427793953	-0.020050662367742368	-0.08137952351919038	0.04629893792907785	0.005344701111561192	-0.03630922356323711	0.06567182624567984	-0.048531889121085026	0.03526373591216354	-0.014388552733328213	-0.01786213700772032	0.027940622024371684	-0.01644329985208197	0.03930460447717422	0.06746392443098241	0.0265953012122438	0.013219128651130046	0.010864643716996667	0.02230451103143298	-0.03468775902513779	-0.04240049082788046	-0.03227965814224509	0.05301758671119792	-0.004698659340923879	-0.004453534360268929	-0.02102999557343339	0.0216361690747095	-0.022134463294427434	-0.00392748725091057	0.032363069805386425	-0.03004522830102564	0.0009601410448910633	0.04208869151719854	0.0018246088221724333	-0.01252372068963083	-0.04263022323841506	-0.003310397425678127	0.00173950908480285	0.007927615840500932	-0.05403235224795261	0.014343656655134146	-0.008077113222609789	0.004121259558639318	-0.011235717288349167	-0.002231324725554247	-0.02840846196129381	0.019266128435382113	0.029395782246844228	0.002058298967101356	-0.022632172120679656	-0.0169573514223433	0.010464658547984555	0.014378215811797847	-0.023057015083897212	0.006740773140500929	-0.010044231303679334	0.03364293364246817	-0.04705082847285804	-0.008111309662407744	0.0005759155456339855	0.007435600057955542	-0.006192097435506352	-0.012880669838152269	0.01140869142233539	0.0019278376719313666	-0.01732634346162013	0.01845273089150184	0.008760062783799897	0.005594745951167686	-0.010224327549514531	-0.0068381856469367985	-0.019157341803953856	0.0011998615752986802	0.012387065292332545	5.929190874821614e-05	0.005541761055993682	-0.0020392929204295536	-0.009258388970620191	-0.0010797372778173896	0.00935168886571916	-0.0005434259482346107	-0.006558316330741495	-0.0	0.0	0.0	0.0	0.0	0.0	0.0	0.0	0.0	0.0	0.0
108234	0.13436080768816433	0.10432455969378451	0.2290122922037618	0.0910006044596554	-0.06873399325818168	0.07419553252509033	0.024697582699104225	0.06818863484677815	-0.008044131725380238	-0.056557433475576874	0.03342018603698791	-0.019103647398606358	0.0002402065293346804	0.037356723200226524	-0.027877233691153882	-0.0462568406702199	-0.06499575685913517	0.014327640426120876	0.01802800121200311	-0.1036135467868752	0.021740105959394875	0.015114994069204647	-0.06213788105059776	0.02843463278623472	-0.04608635652436356	-0.018216811453974174	0.0377214932314465	-0.05821518915192998	0.022686566717596564	0.010405679949326669	-0.010227359971160048	0.02392198122322254	0.03648575932363118	0.012592395800268412	-0.03265862649692422	0.01598603384517375	-0.007837006144633589	0.007528502718296298	-0.008422136694096007	-0.03574909758237925	-0.050748992179261	-0.022522890417738667	-0.021019872049643923	-0.01621184727932325	-0.01285489735098345	0.0003243359413581611	0.01983472816910739	-0.00130668474092047	0.017216220753743138	0.03796419124279503	0.008191800576717338	-0.0513975242906727	0.004112448499837578	-0.03987769690511949	-0.037598008801864785	0.0067150069843641795	-0.017293934510204556	0.007065941581855103	-0.04031583422233354	-0.009165891557520327	0.02019956588605275	0.003421935201114875	-0.006387116865035789	0.02292966287997495	0.03049919407934931	0.021370347900023276	-0.001334839114368919	0.03673486391385636	-0.002582687155922457	0.016039744615591878	-0.02314362773634596	-0.01198016224700438	0.0034956673540465517	0.019130147931560638	0.004606048748347139	0.02648574435585996	-0.018843437966948994	0.004048748873097677	0.012237407697179112	0.02020269081350331	0.007755161781839376	0.013832476256002433	0.0066285173019425036	0.0008998119822339973	0.02409878104794426	-0.02312968858183454	0.009535011419307274	0.006117700860359281	0.0009834721306812989	-0.0067838702282039315	0.016276055112957707	-0.007954180608755735	-0.002214238644875892	0.0017839894287514106	-0.0	0.0	0.0	0.0	0.0	0.0	0.0	0.0	0.0	0.0	0.0
108235	0.2827489050592636	-0.11160334479113722	-0.14319432998573484	-0.021895818205686434	-0.03918256868922244	0.005162121447335483	-0.04438535078370441	0.04242971243906208	0.017548021830691266	0.015179260324978476	-0.00308178567461129	-0.11548090394126106	-0.014410117849630496	-0.03788767168967622	-0.020289531574796918	-0.06945149290998504	-0.0073133417120006825	-0.01304813174769148	-0.0054698847756867825	-0.029121876705400958	-0.006808789010519628	0.025157008295403176	0.03326492884468067	-0.05698676235580173	0.03098937661139551	-0.06003434555966583	0.001014258953947203	-0.07300698805287537	-0.09433468719778562	-0.027543889868210478	0.081444991269496	0.005259879549549423	0.013344518328842151	-0.002560664740273914	-0.030044060295107738	-0.009484607485451872	0.0014519457250204266	-0.03566696904583964	-0.05146419297754801	0.06299327599611665	0.05740926042474704	0.01577752334213403	-0.026173265851470385	-0.007936549055210646	0.014461081392707438	-0.04507175030683013	-0.006379597487517531	-0.018782488204473962	0.037894783987979894	-0.043416390018793806	-0.0024378837377307424	-0.003733838570741075	0.009599223364199952	-0.0481435853565817	0.008665442551415966	-0.01161100184611854	-0.022867565835152974	-0.015617361321006754	-0.010476980800752057	-0.005689777167424455	-0.016144834194843857	0.03484658620210585	-0.013445563572224099	-0.01164008962377943	0.018412731450530528	-0.01647522595929606	-0.036277944208534744	0.03972228381685484	-0.019842529647439686	-0.01174287750116244	-0.03621300785559378	0.016689040188356104	0.03319676109323202	-0.009263963216756496	-0.027199785614142945	0.004130487110366676	0.0056777060079202845	-0.005984212831049361	0.007284669623664263	-0.015014506572439357	-0.016316931378096828	0.003891559585608456	0.00757605669926793	0.015672836202077677	-4.06131662757633e-06	0.0050821118342831645	0.003099017938094292	-0.003167986291542355	4.45556340286794e-05	-0.007096482456923172	-0.0024366110354106913	0.002418727432562432	0.0019447476673759708	0.00010487171142171946	-0.0	0.0	0.0	0.0	0.0	0.0	0.0	0.0	0.0	0.0	0.0
108238	-0.3505535371183587	-0.02672580505895384	0.007177137354556227	-0.02032641556509083	-0.07285660764509436	-0.018663104066052812	0.016443073571497633	0.005049957355533315	0.060881595285542385	-0.05045177656111347	0.010742536650281532	0.010950449539573385	-0.004403949138394422	0.07380148046359308	-0.02582966745916736	-0.010942213137466593	-0.05301855338363851	0.008731326612052028	-0.04973274007213623	0.02719662790846821	0.004021156294222049	0.041839577134612116	0.037384145593581525	-0.02151924325882263	-0.011451586675633717	-0.014263655602644044	0.04184218314352628	-0.03398363511370341	-0.021398294384505002	-0.0008712903619919726	0.0035229346566819364	-0.03500191969162625	-0.009456050754777715	-0.012944798688621504	0.03910917660392911	-0.058390502885466204	0.041614426637416664	0.01075676396169837	0.03146125122960753	-0.012998517684442054	-0.011990785645674336	-0.022867667715209344	0.04626695546280341	0.014951668226592402	0.04659286557721484	-0.014878878013526844	0.03212761856714138	-0.003117389802512309	-0.020393201759789197	0.006864816426577629	-0.014502567325122607	-0.011492855334314269	-0.0027157882226688493	0.009010693923834896	-0.0031218608160325555	0.0052912461191738265	0.009319218062025026	-0.030527847836340796	0.021252478831437188	-0.011109847452352956	0.0022553050348917783	0.005733717062468135	0.013100578963674071	-0.0025375043645722586	0.0015304120235409453	-0.007143221323770745	-0.03589478423787622	0.0034508737317399413	-0.013882294759009473	0.029064553737718143	-0.03096741202640627	-0.030177110141839558	-0.005107940906278921	-0.020153800854863624	0.04596946932314106	-0.04456746126399872	-0.009498335911078444	0.002772899373014894	-0.02136716450227093	-0.015205491133412212	-0.00979141702786253	0.0166869207416499	-0.01721032137884104	0.018394590156099816	0.014609265076966159	-0.021057222146197003	-0.007614360536700104	0.010224981235233434	-0.005221186611295274	-0.0012292379097149236	-0.004429396835667982	0.00545916945860065	0.00029427166980134056	-0.006145645531296553	-0.0	0.0	0.0	0.0	0.0	0.0	0.0	0.0	0.0	0.0	0.0
108239	-0.26483104330031726	0.14133611625725048	-0.05214448288202836	-0.05486877762670635	0.027861381978538095	0.03412404043379507	-0.04394244055032021	-0.002682290792143025	0.06037324622233181	0.009497950148743106	0.038670947462774455	0.08342278349594316	-0.05026631535822076	-0.06418532671988203	0.0940473610250936	0.005721835556542431	-0.009707014788717896	0.0032728000630025396	0.01916545147713527	-0.027742714763583594	-0.031146850478685217	0.02514742714869845	-0.008199972085607824	-0.035402778115311985	0.03498132979184869	0.010476026478137869	-0.036717870100561927	0.06190409039937417	-0.05122053892182996	0.01282028545102664	0.002132829662905159	-0.02260807959741586	-0.04807648479287407	0.06265827190240292	-0.025471876459230797	-0.009921080271514424	-0.019165396777258637	-0.018059534938167005	-0.03194611059893166	0.005781023631524086	0.01425922533492659	-0.010826298413988146	0.01707232409026562	-0.025268625373890404	-0.017592889127936204	0.029127643877925206	-0.004837343754808841	-0.0350901595712396	0.020194745907475053	0.004947463048474067	-0.02975546462199279	0.01336112726914528	-0.0020654501595748264	0.026156007348566383	-0.005933703947165681	-0.009471162722330662	-0.01884327977896261	-0.015271671254918205	-0.026842161331676353	0.002626421912745992	0.031003979389249318	-0.020541898646148	0.05894066533606116	0.0007236157035993113	0.02336679493241948	0.026434589064514433	-0.011253260220932622	0.013363315759010048	-0.010172478549466417	-0.003391215480433215	0.003952542313820205	-0.007151551816280207	0.011433924898062798	0.01874975494169185	-0.01710061399780367	0.016842293688519812	-0.006752305423523381	-0.026902580298926504	-0.005080028838561598	-0.002960266209696262	0.03211982320539039	0.013803111182086238	-0.008949301331875652	-0.010901480898347466	0.011860042530587003	-0.015360751620515607	-0.011655867278245094	-0.019764215319031903	0.0004547839477297532	-0.0012229139374040445	0.00608964458459677	0.005753503324189782	-0.0020464692917654707	-0.0030355250002696596	-0.0	0.0	0.0	0.0	0.0	0.0	0.0	0.0	0.0	0.0	0.0
108240	0.24923121029418485	0.0463649155655878	0.13330899992740353	0.01785344573831156	0.0502684766108012	0.04294163747588342	0.059197467729378415	-0.010869530675140862	0.03904789433754274	-0.006062676396530182	-0.07044534958428433	-0.09804167092015224	-0.05051333074459851	-0.04907787606838907	-0.058604172769671975	-0.08051469486260934	-0.01311066866615628	-0.01468405780091907	-0.020832120659875625	-0.03131371852992979	0.004092502405822724	-0.04460187288609995	-0.05408822476586394	-0.028812268822453135	0.02472486737142666	0.051389761041297964	-0.01132309506174674	-0.03762834212500002	0.0358772521655889	0.020154998666285243	-0.016241252831661696	-0.007562919345295046	-0.022326947449905446	0.035766881852175206	-0.0006536856532552167	-0.05175969487790929	-0.017561259824056128	-0.006169672585228452	0.027157736128161122	-0.013013258049742753	0.024263889625247944	0.04479356288790402	0.060308031906201466	-0.027787729360225787	-0.05365681891371333	0.02585675632923593	0.06785216711825703	0.03185034899036231	0.01212567646112009	-0.04569477914218288	-0.031070093247550327	-0.019096053594267914	-0.0023479766020894893	0.011559591041307478	0.028675856759301947	0.052913216646905833	0.0012685279425259505	-0.007177640145358626	0.0026375138574342783	-0.023350030050114802	0.01400948159560535	0.03943869375791672	0.026927591174241625	-0.00920565543493192	0.028334059527079417	-0.01868588585108013	0.020696828026064686	-0.028747140103628055	-0.027402386654589855	-0.01853218694327711	0.021799362220637046	-0.020317291751244353	0.019674132726682624	0.0021040000899896164	0.02152232080114008	0.003869679147867527	0.005000994125452573	-0.025526726756822778	-0.0029120045632743154	0.004139239473643489	0.006592323369110824	-0.01309631045168619	-0.0009200540889027753	0.00730464959977891	-0.012133402544008662	0.014963390191795671	0.0010953802878231546	0.008590441998169749	-0.013062758681792477	-0.00649551503788471	0.0026667168331887168	0.0007835063542873681	0.0012235010627318983	0.00035025579286562146	-0.0	0.0	0.0	0.0	0.0	0.0	0.0	0.0	0.0	0.0	0.0
108241	0.2973062625606686	-0.06866349501839428	-0.09945503112406191	-0.04640458490364937	0.04994162748218049	-0.04019116555205173	-0.0321909880660066	-0.02839655023511539	0.05188648710735419	0.04137232384739647	-0.03790262067248291	-0.0420510488440559	-0.01394278059701519	-0.013804614228521639	-0.07368659998968537	0.006577511444753709	-0.058549196127335904	0.03667767190508927	0.037351442799221236	-0.010265212197081522	0.051238945933577085	0.02594665215904646	0.01741269748867939	0.00027732003118829805	-0.004133107084993767	0.01542741881892889	-0.026917639810060057	0.0014170483685913896	-0.024743898859309298	0.01592866921025944	0.0251328332966022	0.00778975516222957	-0.009457563563851426	0.03443634008332363	-0.044425676693863186	-0.008511879820229369	0.035859252171528494	-0.027267550914887518	0.001521703947091943	-0.008042818447103334	0.08846274460537042	-0.005278436117924654	-0.01922570246611346	0.0012564171795838397	0.023876325350752715	0.04292190503245793	-0.012278305405704223	0.007576521180254263	-0.000701349312603447	0.06476267098070147	0.08104175332143476	-0.015165756357223831	-0.04952693186044818	0.009972152711878353	0.01109499083371635	0.025306114719158532	0.007359914664798001	0.01675987564341735	-0.041341160070633015	-0.0025152238171770327	0.03305285986954462	-0.005927517741229153	-0.020428181282910816	0.012163757128278153	-0.0191993487658987	-0.010808935802300636	-0.04808033830128175	-0.02649096607189301	0.024402219832718838	0.04607858680562455	0.04477492520453891	-0.013299766091860137	0.0013356533608478987	-0.008093061973411184	0.016782426408525845	-0.00765281426193819	-0.01659849710180399	-0.013322076634940914	0.014200281883163138	0.0031593397481630655	-0.010196477623019753	-0.00477542053465379	0.007151951682325879	-0.019051310736148398	0.017075387538829367	0.006819091605228625	-0.0020348432917948	-0.0015896247778550397	-0.011002836300211958	-0.002092915047877878	5.61479392833364e-05	-0.0029484572828172282	0.0017318553083365228	0.0009387011407717599	-0.0	0.0	0.0	0.0	0.0	0.0	0.0	0.0	0.0	0.0	0.0
108244	-0.4008095653176527	-0.07708089687134105	-0.006433613545838789	-0.030794752873280127	-0.04929448455255233	0.06487097946442118	0.06706916889510477	-0.024538361322472453	0.06903282689658903	-0.04268919412595211	-0.014898624525842534	-0.01367936838366203	-0.01456801573642969	0.03643892617489363	-0.03078580582015057	0.02484917681262754	-0.0398913343372429	-0.0368632573987785	-0.011350441547159178	0.028203638536476443	0.03299962700221077	-0.023137120647462817	0.019893285634820214	-0.011055042627498474	-0.0020347744004979005	-0.022345545526634588	0.015067347447787021	0.0006519976254754167	0.020604645024371964	0.013630433364669419	0.004100528860434597	-0.005394804432079154	-0.004616474643675052	-0.02242347674654253	-0.008459760475624706	0.02018512438713265	0.003947030696435287	-0.016954166906103886	0.009423001757194219	-0.0005333294487837054	0.021767234213751003	0.02471806990768099	0.006401063205104623	0.037984331206022036	0.03767509636250653	-0.00616680199567431	0.01684082886883512	-0.004142513190252372	-0.013894954257569769	-0.006060131174162762	-0.01519542503017777	-0.0022046288212865983	0.012302252738405734	-0.001967057161122026	-0.004406163291040507	-0.010352387736507849	0.009987554833690874	0.01365818468674033	0.03159409323806427	-0.0028041823267944883	-0.003903554374997406	0.0075956501438319045	0.016064213393226483	-0.0006213497358703509	0.00823748617751921	0.017500889741003858	-0.01442407814158694	-0.00932755623890321	-0.006334570831258598	0.0038034559110095554	-0.026665290383526916	-0.005429641954170205	-0.015135008547792416	-0.005567609764561941	0.00020512430432529608	0.007511584049543847	-0.0018557545271248785	-0.015165402533195451	-0.0028512865538936334	-0.003455780779323013	0.00961185641765871	-0.009228908418656007	-0.006313539124858251	-0.021871313916835396	0.01161768886724473	-0.005289568200550097	0.007864272898186577	0.00026695734130178584	0.002366307624916879	0.007516220701428463	0.00031405639717130545	-0.003090304688582119	0.0008737252533279415	0.00991493953851031	-0.0	0.0	0.0	0.0	0.0	0.0	0.0	0.0	0.0	0.0	0.0
108245	-0.32147266819923953	0.12141915672966824	-0.12502692079305394	0.055287326725643904	0.024150875057787777	0.005891191626911476	0.06074604855711117	-0.035545644638852535	-0.07346884896957347	0.051695792801095354	0.0178272378456375	-0.016681280170883793	-0.021729846527778297	0.07582749259254559	0.05761410192567537	-0.04019175777880319	-0.09320628695961548	-0.0744650898168655	0.01622842735327733	0.005779670495962297	-0.03381338791609679	-0.0014148243872248451	0.042849394112705275	0.03633761814642895	0.010138127683620888	0.019808719538385425	-0.022988142143419755	-0.01770226305043702	-0.0014088829283639805	0.029427640996474953	-0.028262381264425266	-0.008516734635019074	-0.012102938315198987	0.03404210836903619	0.0643076174265238	-0.00877122510865457	-0.015887682504050104	0.027585341013944192	-0.014389100376258311	0.044631687006702156	0.01094429110061598	-0.026073435853524358	-0.023408226479680112	0.03982585911305161	0.0005066842757143465	0.010411497986437859	0.010246303737957315	-0.01626171229202368	-0.01713190423373813	0.006574083961631285	0.002859493327060695	0.009114877959726894	0.003336582521070471	-0.0163669943341528	-0.0033594963405197335	-0.019762912922161438	-0.011309779976106464	-0.007420410496627661	0.00015718169341369533	-0.03724797848185012	0.021773543239857307	-0.007793678693039711	0.0028520429589036535	-0.012739759693659775	0.018483270435520414	0.01878645706506541	-0.013314788661596116	-0.011417554503822978	0.0027963800843169295	-0.02690627443874341	0.009362120774038243	0.0070931047347276245	0.0020780585435548585	-0.00035628368568474975	0.012931173601488061	-0.0011419144259504164	0.003720349511194212	-0.013237689806853097	0.009812401107860587	-0.002833013196305775	0.011451641876111187	0.015263439752269238	0.009793341584435648	0.0013282177058475517	0.006942227648909777	0.007834759116980995	-0.01680716393647747	0.008629020453175495	0.004190433474187941	0.0002649233996750432	0.00035137608356544095	-0.0002580621686006081	-0.0003764459193610519	0.0038349135250634082	-0.0	0.0	0.0	0.0	0.0	0.0	0.0	0.0	0.0	0.0	0.0
108246	0.2596128407665796	0.02591447406939874	0.15855155896993084	0.08585095941415474	0.03675916917250462	-0.07354896709387443	0.0363467360882136	-0.10181800888268529	0.0036527242823014114	-0.07941040339166504	0.03791751851099375	-0.06428379311218234	-0.05907993281485508	-0.0678316114409954	-0.04214429688040615	-0.04428492736945438	-0.023382122502479518	0.0012112742601326195	0.045573432944734496	0.021993068951216947	0.06809770182797914	0.07607426686744559	0.028317253678935676	0.06712322946587211	-0.029097982107124117	-0.02568312029511195	-0.06963686636327611	0.03435473794267611	-0.0670556135319884	0.08272124566807612	-0.008278303512927352	0.06576942532017221	0.00022327544911792364	-0.05068543059602939	-0.016567605941707378	-0.038711194656890435	-0.06013478763825576	-0.04103416912442272	0.011218000418529144	-0.003204605305200359	-0.0037159090277146126	-0.01905399541336888	-0.008692795261937121	-0.004253350368181584	0.022304279132483545	-0.016403108081469765	0.014168120411668239	0.01377363524422759	0.023259749139874445	0.0037394294957416034	0.007750102373188178	0.0400963357097186	0.01414981457426183	0.04333154379169524	-0.06744866303998244	-0.020000107822174328	-0.019451759210995918	0.005902497845387007	0.006578377454780107	0.005661916176875658	-0.036628079175998356	-0.023580178863544122	-0.010119877485073323	0.03006308461156814	0.0022873695672537488	0.010842276273712892	0.03425091925165299	-0.029237031601732005	-0.03352041386415118	-0.001701869513800718	-0.003274194460202173	-0.009202979772217276	-0.0014930392300059898	-0.0056049880622436885	-0.006377566409951671	-0.012375640425784257	0.00922306152164931	-0.004417919483227013	0.00682713631265295	-0.0040636399091596494	-0.008643221920719145	0.005993367755624056	-0.004588353834357579	0.010192266523687458	0.0034308448605787126	0.0006055950209037088	-0.00955692665794972	0.00051456083285835	0.004964315209641954	-0.0036316047967306577	-0.0024919351289994585	0.002071551325627613	0.00010583384322621055	-0.001077807718420268	-0.0	0.0	0.0	0.0	0.0	0.0	0.0	0.0	0.0	0.0	0.0
108247	0.18750646387529735	-0.001885468671868969	-0.03810029004614972	-0.19072376648730174	0.03468350441009925	-0.04344091665396543	-0.016059037336551316	0.0014308410725804796	-0.07726470381952005	-0.038687763927697245	0.12364282013225819	-0.08347168015606662	0.02023194277318406	-0.040237724040588715	0.058554666061935316	0.024923639292974094	-0.0073672287115607825	0.011587188862728347	-0.06186350967253832	0.003937074720298372	0.008075664443675424	-0.019767886006674725	0.05917457411973806	-0.022097561615586046	-0.04870185969855722	-0.03238790269283167	0.04864824509267414	0.04163512373707397	0.012391561508436167	0.10253784736184648	-0.048138154917217665	0.0181081681140678	-0.024009439852597163	0.01160644262053355	0.0024009939038093973	0.005440348678861769	0.03851931554709275	-0.008702325580494457	0.06464574351015939	0.01919944743047748	-0.007929192777023846	0.0036891864811823463	0.016609447392971863	-0.040009373088746795	-0.037060701331554605	0.007062201303750354	-0.0074580957500343	0.03660314232358577	0.017330781046648768	0.008229410861551894	-0.027953696874158322	-0.05309922957670848	0.017781810582079966	-0.022503564888081275	-0.0030175445209096553	-0.01988043042310816	0.04170035872294992	0.0338397716115984	8.325337663643046e-06	-0.006492646768661728	-0.0017277524705357654	0.010855392877008008	-0.002208928732423396	0.029965349143830394	0.023917640093185467	-0.001328918218332653	-0.04314771852741768	0.0026403359832181763	0.009489350852633955	-0.0011954831734988524	-0.0012317840623881089	0.006318503662518971	-0.02092519886968021	0.015578604472892282	-0.006455587428061522	-0.009998816127997023	0.005282108236649783	-0.0073362147379813485	0.03585258912961031	-0.023500429126879444	0.010050325244951438	-0.017593051406062765	0.020103245045253685	0.00828105118158207	-0.017192115584454184	-0.0034931622351896527	-0.009099424754738263	-0.0019289278096997027	0.00651486952405663	0.004615406853579147	0.0003526276964702865	-0.0015852584926456328	0.0020740396640901862	-0.001029215408281987	-0.0	0.0	0.0	0.0	0.0	0.0	0.0	0.0	0.0	0.0	0.0
108250	-0.36464453571176614	-0.1778810769336534	0.022133044946841273	-0.07434386785390326	-0.06994342795302416	0.0669560951175004	0.05844700464633584	-0.05388551083095591	-0.0027915236648792217	-0.030839974493947406	-0.030466544850775587	-0.0029883152950333806	0.000300956070213805	0.061012310608283625	-0.026322253735959828	0.043735631275935195	0.022733564012371612	0.03439046651442404	0.009893438216581328	-0.04319878041793718	-0.025495411461492933	0.012185626623467184	0.014053150525659369	-0.03491281874676858	-0.026088507473097225	0.020145778489504048	-0.01532343566185795	0.0742164407841256	-0.07459857851670473	-0.022185811094510403	-0.02417556006735593	-0.02209570307850936	0.005442147386107248	0.005794226211694383	-0.030010822388383776	-0.031963577366523506	0.014485255659475874	-0.021935394346266943	0.019925696932433623	0.009060582495037252	-0.045244220572252164	-0.0068384451562897705	-0.008751036918231491	-0.03989691362314597	-0.023743940235919022	-0.014901430916108288	-0.05083533029946131	-0.01793099560156593	0.019643293733199303	0.0023034141895602266	0.01729396266263021	-0.005687965939956954	0.013364958469207008	0.0037488282669592772	0.021942230516362567	0.031001860603830287	-0.02920316917747457	0.0025579644631836098	0.009882687221011925	0.020203943130710274	0.03427792910969519	0.01749608886017198	-0.012518298240137558	-0.007344116725792784	0.02279044321973892	0.024497955973261293	0.032166124779647726	0.01069363660250616	0.012077465703181233	0.010207204409685294	-0.014853003723072125	-0.012995778451785846	0.0014783317085503092	-0.03860548614668983	0.026051886727588597	-0.005224804432831102	0.012669129422487905	0.01906727519940942	0.016592805939923204	0.01396232204434741	0.010522285242305095	0.030878259586991638	0.02027473598806519	0.013125567195338356	-0.015799091439321428	0.02258652195326857	-0.02532145840667253	0.007494315674813547	-0.00721113139226831	-0.0012140647540799742	9.640989424596561e-05	-0.0010629931788154758	0.005216443678749421	0.002183110573327561	-0.0	0.0	0.0	0.0	0.0	0.0	0.0	0.0	0.0	0.0	0.0
108251	-0.2289912086418731	0.18432079538928864	-0.09885884122320383	-0.03057220395165145	0.052434143696232664	-0.03684701599203229	0.009304916068541511	-0.015219354603276603	0.04692590642583004	-0.005544042586998111	0.013190272308989547	0.027704305520084512	0.04371205339787009	-0.007151830652285307	0.08523904352887392	-0.09219543716736134	-0.011718000780588048	0.03847417940559196	-0.002497558455395763	0.03681132671048345	-0.011791406978418666	0.02787663407312758	-0.034932279970865156	-0.02683137223088632	0.03857411667636601	0.04324515891174089	-0.037272750750076966	-0.03261622909703889	0.021645027384898825	-0.01901131529111576	-0.003310385891143186	0.004136537408534093	0.012660123021992008	-0.0007460611773237211	0.017827402917488123	-0.014028468365073495	-0.019769955461798605	-0.029390199037391984	-0.008024519699110163	0.01374400174326275	0.023572422467574277	0.028552036759748333	0.00044153414147976745	-0.008779408367011332	-0.0020979467686581474	0.034578896331873464	0.002308671513161769	-0.025149115096155868	-0.007876637201186556	7.182518075724212e-06	0.024785527533879213	0.012894211438085819	-0.0030547146835924713	-0.029105673872758572	-0.014831877587802	-0.021671054056071472	0.030711886763286157	0.008794963995596771	0.04575505500892555	0.015390189354442526	-0.008858592723519623	0.02932647267308494	-0.022331708115820643	0.01688063499141431	0.019145986445209907	0.02012031805172047	0.014092000398869379	0.010876195174984202	0.009121078332276218	0.004626435412342373	-0.03291674538270982	-0.02217116508128908	-0.018437402153199233	-0.02087628366768379	0.020844574484764816	-0.012973359409718407	-0.008641834705671893	-0.01536923168175474	-0.0018720584456717775	0.015571886465396124	-0.01750532053991327	-0.008018443430938528	0.024319479247456807	-0.026121390643664612	-0.009512815151399493	0.002888663939525029	-0.0085791363915246	0.011133090082888226	0.014949279653600841	-0.005210183614723454	0.0017133660512990653	-0.02115667667758391	-0.011623573093818423	-0.004770448612063208	-0.0	0.0	0.0	0.0	0.0	0.0	0.0	0.0	0.0	0.0	0.0
108252	0.21279432970197104	0.0672045419744865	0.08326340811426555	-0.10475633508031994	0.05286585530868388	0.020668211830539074	-0.03891275242290944	0.04882507945816223	0.009563717516475587	0.013121168645927727	-0.0375281459710858	0.02818324757441652	-0.05275457816400251	-0.016621445146170283	-0.04247645998059226	-0.050018703007717054	0.012118757886005626	-0.07095485814452987	-0.04525179927355656	0.00741493335699886	0.07210538651790517	0.0067276674469743765	0.025734140822504303	0.011950467473480662	0.0238643511012643	0.04798883710101519	0.03642629677909084	-0.004458332719398605	0.05459307623748684	-0.005789380267105763	-0.029780188538165952	-0.014221543543194793	0.07091785779789461	-0.004836478363720222	-0.04944860534607327	-0.007545840978615229	-0.02636578830964443	-0.029107560204783747	0.008284905019692472	0.032352815413972766	-0.01387618788487343	-0.02077053705795972	0.019335852075528268	0.022750446890259086	-0.008373935841836155	0.0075474174583257565	0.022238947933363208	-0.03492740503242131	-0.0029668305058547896	-0.045395730971181686	0.02885633881101237	-0.04322882266014587	0.025032945619647036	0.018507001748722756	-0.02516258125758758	0.004180334304354637	-0.047217333870278	-0.015164846249909231	0.034888046777902214	0.0010429309302405457	-0.004128531848141467	-0.019333379518394242	0.022504604030803513	-0.029899692225678193	-0.04871665386282559	0.026877332328623674	-0.03495166757157098	0.009705999406267086	0.026076123069186233	0.013979022894166764	0.01841234125540427	0.025542435299616525	0.010856892877260426	-0.014974104384683514	0.006919097853641699	-0.012469768237986421	-0.025020538552652963	0.024623112249007553	0.022624563361033634	0.014709608304576297	0.006413001762820539	-0.012240688437547198	-0.0001184350619743021	0.02588442742735979	-0.008232819834736609	-0.0005736953815960379	-0.007717901784387012	-0.013301466098412157	0.013627972291107723	0.004221957769772586	-0.0005333311062111983	-0.000984442441490393	-0.00405098770427337	-0.0008703473681541019	-0.0	0.0	0.0	0.0	0.0	0.0	0.0	0.0	0.0	0.0	0.0
108253	0.23183239331736377	-0.05580606827637098	-0.09216970588314873	-0.11675451740810297	0.0459579780032822	0.004100121073592418	-0.01528676902398679	0.05685418963846075	-0.13854532749896017	-0.12741024650661845	0.023604288723546297	0.007011757113751899	0.05735565017048435	0.017736792620133772	-0.07204406002871123	-0.040183222877503526	-0.022909671835241875	-0.000305710488868066	-0.009648654155528577	0.007456861003129779	-0.02479780593907483	-0.02367520400990752	-0.07340095373601677	0.05766228732802509	0.0832116114429587	0.02504009505923943	-0.0371881379651311	0.02138641826842598	-0.0406292002460464	0.02510748683073271	-0.07308271138173152	0.04624584558053288	-0.062391794459532295	0.01144431582079362	-0.0031362465500305824	-0.013254481390012214	0.01994557107878928	0.0037041128280905613	-0.018369669640305678	0.07152105911676888	-0.04185792083423685	0.06932063915768066	-0.059405850041223125	0.007987776723028502	0.0204724144344423	-0.011953196879215252	0.02287879448825504	-0.012705783905571798	-0.029613190496749597	-0.010305179220219193	-0.008724772887684546	-0.022261809896604243	0.004003227949288639	0.03253424820590829	0.018628725639853107	-0.003440237826330336	0.008627280920701395	0.010409676247774589	0.003594369534612272	-0.011304234841191479	0.041774602922334245	-0.009163555645446141	-0.0034210722009378	-0.01739093081642986	-0.009291391961227757	0.019673978500748972	0.01732112887780512	0.0014295754915842635	0.003146522301950247	0.014887235861294704	-0.005413409448217333	0.013787789694485767	0.012731238252526493	0.0007337801076485813	0.004030413809143119	-0.0006869724528577756	-0.006082621837723129	-0.0018210454340133353	-0.0024794926709768824	-0.012046362913409934	-0.03479160205568321	0.011005468379486561	-0.017905959441210255	-0.004460916356564253	-0.0017089723638599832	-0.019282175552181192	0.016525786049252252	-0.0018579779174866798	-0.007703251018375487	0.0020822100093962534	-0.0009306682662784958	-0.0025808264648369034	0.0021103141838949894	-9.51733226836392e-05	-0.0	0.0	0.0	0.0	0.0	0.0	0.0	0.0	0.0	0.0	0.0
108256	-0.13924900548985633	-0.1145262413607804	0.01315897518283314	-0.2101306662515651	-0.16808814596341884	0.026952427840680044	0.05464866689092692	-0.034515600726663806	-0.026595664345599103	0.04364264359748481	-0.024192894204256157	0.005432380433186161	0.06605978076399777	-0.09232350996654567	0.03771163235503381	0.013280701958341804	0.10810521564499162	0.02100248646451481	0.03333329158041119	-0.05790432971505001	0.04014034081254146	-0.007008373887461988	-0.005340571439304965	-0.0446817438830804	0.020460193245721237	-0.015557828617936495	-0.026226274716496176	-0.03064115217767601	0.013059774697249196	0.06659502857515127	-0.030722297393902753	0.015549043895231485	0.0005347863554947671	0.01256005766239859	0.038781772258272555	0.07580723154637695	-0.06233070476847706	0.06965203490743717	0.004257277605228873	-0.002355429642713964	0.01541779080787696	0.029945776586628194	0.016602454303866622	0.03747747891212845	0.04083215364253574	-0.017449000162010044	0.02627736219314331	0.019311388589247528	0.013142165095411955	-0.003492763524026738	0.009058711296879251	0.007605853940305675	0.013824783479495234	-0.018202722245003515	0.009966959172061977	0.001817140827030528	-0.04794864815930859	0.057861057874970714	-0.0064032897651370765	0.014121008596806563	-0.004359093830507096	-0.011099877072703025	0.00039955332201526084	-0.01844878545929277	-0.011012672921019338	-0.024422437564759564	-0.014895793998508867	-0.017842175205721202	-0.0007836061514325819	0.012572926933026229	-0.013325192971004875	-0.012908099674013629	-0.006214656033978883	-0.015287774180775171	-0.0063075046438782825	-0.012753723006880116	-0.002380874470942936	0.0002552559248230656	-0.003536609746240871	0.02027344490528489	0.008326271364945272	0.011231874795936011	-0.017114073267513658	-0.0013320316486725387	0.005436348669327683	-0.008271475598421051	-0.00792363542123565	0.009008326124398924	-0.009115004817742065	-0.012653003553635623	0.0026758744236794864	0.00018502821558997014	-0.0010551505145808167	-0.0018067909631358015	-0.0	0.0	0.0	0.0	0.0	0.0	0.0	0.0	0.0	0.0	0.0
108257	-0.29795431455948973	0.09276850497330275	-0.08052972217162356	-0.007919596729040005	0.08394331106770192	0.09506755956051283	0.13557514787755098	0.018220620140456546	0.023440598469184462	0.0004004837484036166	0.020704928224001502	0.014487633933880932	0.0062089735139058974	-0.07334345334545915	-0.032878067717545756	0.010604531526989291	0.0538954153867409	0.10318346564084224	-0.05361317402482106	0.0047450551219204405	0.018202264715148814	0.013547323231003662	-0.03715249405253574	0.02902493237108345	0.03078523458667384	-0.04084753597381751	-0.03126229513169251	-0.007256167544934233	0.0577432017970489	-0.016211042755810052	0.023305027741186545	-0.0027993794334554177	-0.014468765779540977	-0.010469275650670925	0.015888778524362854	0.004129692402867746	0.005827702955928901	-0.013941426819353665	-0.04207651833346085	0.036555125991179195	-0.00024646820066871896	-0.017711692432966678	-0.004172010773628877	0.06558888296356583	-0.04155423861229715	0.0019541226295491576	-0.01557711068603931	0.013386805865713986	-0.001538427392517938	-0.046182169494387415	0.03608801000285156	0.019601537634597443	-0.002734329329043065	0.005666847756706076	-0.014458714437563	0.00445460856579869	0.029794223312887055	-0.035856029994882604	-0.04973444623313446	-0.022607137358117885	-0.0035561088202905166	0.012212890744634611	-0.017603550833268145	0.010277676312192844	-0.007077484711067837	-0.003508985938913545	-0.0014951766485503974	-0.009726228189504702	-0.014396901169420733	-0.01553708900108832	-0.017060674180557334	0.003347918527593338	-0.012844455420698706	0.014560382473543567	0.030456547497971866	-0.008299018032696023	-0.0091362782108141	0.008915525594817281	0.040103897131664394	-0.00795791103568161	0.02465385828749571	0.00580493222833681	-0.020128104545783922	-0.008358762496526057	0.0049409379474120805	-0.001481101979372426	-8.480503412332511e-05	-0.005378384057724509	0.010152572695055938	0.0006594612304024315	-0.00038077330759523915	-0.0034966395385403917	0.010049006374219098	-0.004095435829931063	-0.0	0.0	0.0	0.0	0.0	0.0	0.0	0.0	0.0	0.0	0.0
108258	0.16553252224497994	0.08541156667241066	0.1408304242178558	-0.11003424421351884	0.04414619156426608	0.03426547400182107	-0.04443806282479192	0.06101983073822926	0.018985612603156562	0.0756116592305161	-0.027822686933178964	0.11794848624541436	-0.07494636033589629	0.004650756916907325	-0.010329278490780941	0.0006056341073802601	-0.033502868971961405	-0.016289135527891456	0.012703075629954888	0.006834060850877902	-0.03701984307987031	-0.08560554349736915	-0.007273491239977747	0.00884319857279996	0.019843186835645156	-0.007537693718666814	-0.054863620076377864	-0.0163094966295946	-0.006069676677451643	-0.02394927083573354	-0.02120544839514886	-0.019096197950396698	-0.03345506941691697	-0.016344768216868512	-0.027600004575256534	0.07107548547042628	0.03796533522920868	-0.0456535759809229	-0.030652556951484188	-0.015169100983348756	0.013646469741362688	-0.0711545169329714	-0.03068319829853475	-0.035215519208925995	-0.005314046248358982	-0.0183192244551675	0.03701178253101757	0.00411517384834592	0.04025002967731506	0.011077062598595764	0.0058327832513856365	-0.011621611793919986	0.049429950220540204	0.009738522454552648	-0.0027214225199647273	-0.023836460724376885	-0.020404532260585036	0.026045194187536733	-0.004069046590023358	0.004372321176485783	-0.04135272639766729	0.017568118956109206	-0.002351128509962387	-0.0015378363044143302	-0.02813813977139812	0.01175146758766867	0.02411014535248747	-0.002799805546875036	0.034621164444763854	-0.010057965976664035	-0.020752282555816546	-0.015410868091205341	-0.00960257305116485	0.019963367697177492	0.01939394068715787	-0.022948311419220085	0.00910311815460361	-0.02072378698772456	-0.002738467978564645	-0.03308436994259247	-0.0007004877699304598	-0.01248917068234337	0.010723470640964855	0.0010701483747338739	0.0035004253176644097	-0.0016336007861026591	0.0012572562173867458	0.0198560800049692	-0.014035081557742888	-0.010226603115379967	-0.006831456764424199	-0.0008622110553156805	0.005166205059815122	-0.0011447653212534675	-0.0	0.0	0.0	0.0	0.0	0.0	0.0	0.0	0.0	0.0	0.0
108259	0.2562009017349311	-0.026220676424687277	-0.10979714602760599	-0.059480514560690124	0.034079982068747475	-0.022275609839212535	-0.02056802242139631	-0.0436873876180933	-0.15026795874862117	0.027308428414900922	0.01071120445999527	0.11011955906000222	0.08727563706982391	0.03799476053127394	-0.07816174903959495	0.03018092419670623	-0.05743011812998849	-0.019282213845354175	0.08737243790554203	-0.011037448846345903	-0.059948248641347075	0.009276139376287457	0.05084478694619012	0.008181369331183219	0.02985353478260713	-0.039587628579329244	-0.000422839270040635	-0.07022337210586427	0.04433158330515768	0.04482835821324459	0.002673621195958334	0.03535087284361284	0.002574242646086525	0.02201281823110253	-0.02079526771778288	-0.011653757168842278	0.045953855760080736	-0.007276703737210181	-0.014948104838187194	-0.0703470288626001	-0.005155631325322696	0.034441476089365396	-0.007307625302651007	0.019862450702483467	-0.009678892174798075	0.018738439819384906	0.02634473426016655	0.001984849041517089	0.03967863819055805	0.001567681857438116	-0.007855501846216485	0.0032039554759005413	-0.005126922042522675	-0.009515940974664445	0.02501379893498714	0.0304931041490586	-0.022744508244110454	-0.05955731854761201	0.0012426868906093035	0.02378320152381835	0.0030763250282383236	0.003957798333669185	-0.024584250974072627	0.030628250177384284	-0.013719366831997627	0.021178844178852387	0.009669150663670408	-0.003969958708069114	-0.03283058692352337	-0.02250123170476026	-0.019115341743567934	-0.019846675579203662	-0.017071801715027368	-0.02133443539912934	-0.02148820095411184	-0.011068935942719973	-0.012832535102312404	0.007462360040670858	-0.008347276390383043	0.003722050935092034	0.020835493154200163	-0.02524452857422236	-0.002098113148732096	0.009777104436640132	0.001355829752340011	0.007217209851128492	-0.01408924758638894	-0.015456097479571987	0.004644856960310351	-0.000962449135086987	-0.0005063804698061537	0.0009430812756686753	0.0003690531229501265	0.0002590733777526714	-0.0	0.0	0.0	0.0	0.0	0.0	0.0	0.0	0.0	0.0	0.0
108263	-0.13580985781556956	0.23562180445348663	0.024645963016760197	0.09974922190694241	-0.05087957898817214	0.02294784155701182	-0.13546906487178906	-0.06733490885522588	-0.03642865759784273	-0.017741706467368366	-0.055186877147232166	-0.05956469214517353	0.07087157431127611	0.06095247548562202	-0.07520210659901214	0.0005547232967324394	0.0218476494147132	-0.001016720164092022	-0.010071684753186417	0.029580042062009922	0.037756433771674806	-0.02948525871236732	0.02182208559883767	-0.0019870727057702715	0.011065677948713819	0.008968284458931256	0.0025053547345213565	-0.03188137229520794	0.020267925193629008	-0.013246107443317274	-0.016455117809120148	0.006189058182083891	-0.011260971258441605	0.017342134998877753	0.015376312456195392	0.026161591711507972	-0.03858608292337394	-0.025460565787283413	0.02759955911264257	0.010483518231670333	0.044335520576402276	-0.04024209239419225	-0.0155683436005112	-0.008432150704525462	-0.03784335303785327	-0.006000918999137483	-0.006753078048540464	-0.02829508331933831	-0.012042145878038497	0.061352708943508465	-0.03362836251862435	0.0030250034355274536	-0.0001446601025047112	-0.05943176492783576	-0.01922915768276954	0.02861588002021015	-0.010264097569478154	0.03369661348546085	0.03332199883906566	-0.007829927637781337	0.020095435445183957	-0.02692046228265958	0.000334429399133533	0.002234876569337013	-0.026755500471199446	-0.03919984466432478	0.022507547674584336	-0.013377699860990506	-0.02140718201432477	-0.010531296127116225	-0.030257049031808796	0.0046809496315251345	0.02256126583384596	0.02186964896673853	0.018796169513553063	-0.012963080934804468	-0.0008893920743526377	-0.007108632393684085	0.0003331128581025577	-0.01584798847100175	0.004284177815396785	0.01307149109102284	0.004676498735903897	-0.011400172638289184	-0.012891399690614	0.0007700399325813745	-0.00036455898006122577	-0.028580678911624767	-0.004567469940638668	0.008768592473906866	0.0018103791930347546	0.00039448156924733587	0.00030734491421556944	-0.004022791847690491	-0.0	0.0	0.0	0.0	0.0	0.0	0.0	0.0	0.0	0.0	0.0
108264	-0.011265253946966656	0.11577825211390914	0.015068716881751517	-0.1927204953172716	0.18176633468707223	-0.08112411378256133	-0.008153252956736337	-0.11024484587537024	0.0956945827601885	0.10369941671972947	0.141335420678404	-0.020995553235318067	-0.005817590907634467	0.09115590924858813	0.019610451570953816	-0.051705951138039795	0.03881065010036167	0.003593701509717668	0.02097331643798217	-0.03906076108138024	0.009786050156461982	0.007749762399534379	-0.033426918503990447	0.05622125206494219	0.004103797311988383	0.04686657236507507	0.05256653604150859	-0.013083207768521893	0.024917434951319015	-0.020659991181591817	0.03242886095480204	0.00309403917054328	0.002039781571508192	0.027794384693937618	0.01870346915847681	0.005123151913272208	-0.016153606509010845	-0.04408349043243743	-0.004627399127541269	-0.011206114401274945	-0.00722410201785387	0.004689464688240235	0.03878141108769947	0.03499758695554387	-0.000662718482425674	-0.039515987493772387	0.004559882580291646	0.02126997677115735	0.02563424020697877	0.0030011603965843688	-0.012361876842965275	-0.020968021304283116	0.0073276450602663724	0.01732205796784045	0.00011258412279338622	-0.014816888012329023	0.013780003981234927	0.02143554164129753	-0.0034316175192393426	0.018780166060506403	0.018457830443856068	-0.011630226318156705	0.02059719073144935	-0.001834419498565704	0.01831813003698092	-0.00632074533769627	0.017632369989955727	0.010610858317809299	-0.004753728863703708	-0.008445272038445044	-0.012700026308427181	0.0017146421757467656	-0.006538518782920299	-0.006954175990533291	-0.015060164351151676	-0.007384720296115597	0.007164160473641695	0.0313812833335477	-0.009976561548821074	0.011664850960815862	-0.031944720746481296	0.00682150010621264	0.0006409592506533755	-0.008359234528276435	0.023418563229668683	0.018577676083397547	0.005163135622567392	-0.01841790213740244	-0.013732807279113747	-0.0012555397390977923	-0.004659229356001804	0.002560106957612152	0.007123688100527653	0.0009197116303974145	-0.0	0.0	0.0	0.0	0.0	0.0	0.0	0.0	0.0	0.0	0.0
108265	0.20030602676513926	-0.03892626754662569	-0.0883924905337819	-0.16066137013032655	0.028574014335302825	-0.0018566655503047436	-0.034354132609465064	0.06626028689771828	-0.1031686073258091	-0.07756024746302637	0.06704240765452114	-0.03164460023223441	-0.02123626603682547	-0.02194433900577328	0.04142788503248061	0.00408710511608455	0.07028040961193421	-0.10763001093224539	-0.04451773964335763	-0.03327579550069564	0.024554264860751494	-0.012123362693597556	-0.02568113127598396	-0.05119098411709578	-0.05829084217805877	0.02920705613873969	0.050895943870886556	-0.09059354382442958	-0.05955494067816696	-0.026705410861297876	-0.0019565960149510345	-0.052451211336798455	0.02028652972003438	-0.04162655950445936	0.023992109437375803	-0.029298789586485498	-0.019023902537180913	-0.007629873627328901	-0.055629782521196755	-0.053754890171726986	0.017573738831243316	-0.0523047108690758	-0.016967363076114773	0.0031977794063808595	0.025130728401284493	0.020615265054745813	-0.025521693349707126	-0.024244693229924452	-0.03207057700008809	0.01604207377951961	0.00645890768947798	0.029585011478914625	-0.011814166498653396	0.028567330305539252	-0.010657452072497074	0.027542122756975422	-0.012138804676827025	0.01583490532427335	-0.0275149529412533	-0.021880447784592062	-0.0024232317806619436	0.01269615390918565	-0.018866087404337952	-0.026318214454083038	0.026775989937332496	0.00703580550029453	0.04396808708310888	-0.011136101786176121	-0.02341326401463551	-0.011205729653430465	0.020883190534760256	-0.0105712859599273	-0.018443541810111055	0.0036733718940210013	0.011783087116208499	-0.009681117495021147	-0.007917901049611166	0.007178294064422776	0.008817803712335802	-0.008981428649491297	0.0023009055179704064	-0.018763475002693746	-0.004604472830149944	-0.011918317075735147	-0.002917619021286417	-0.010400672004986077	-0.008546561248611181	-0.0032361508446181763	-0.004946579890285553	0.014436486833023402	0.00044545330052794715	-0.002221404578757008	0.0005649545631482346	0.0009712678736441691	-0.0	0.0	0.0	0.0	0.0	0.0	0.0	0.0	0.0	0.0	0.0
108274	-0.33037989865029116	-0.13889893633884096	-0.0004570831308633422	-0.0922163797033697	-0.09191369804266618	0.027644197557545516	0.05123213302712633	-0.03400234177028497	0.0565952906711662	-0.032790221389160594	0.02558271264458004	-0.047640690769478286	0.05657526903105466	0.06654627178102943	0.01706166201716496	0.05718635684064682	0.0534640846475599	0.012137765750282763	0.11723463066165184	-0.004878918321716222	-0.032154556258557294	-0.10693994599270996	-0.029333513542235252	-0.00915541738624353	-0.03552367007470668	0.06083278435026166	-0.09934213330800042	-0.057041824653099156	-0.014933698387655514	0.027678016617468815	0.036057316422785084	0.0187360635682344	0.05099385722771712	0.0249041634557406	0.012584262695420394	-0.07136706221016322	-0.022713269898152345	-0.03125656471337375	0.0142906786639101	-0.006383255051624587	-0.01094811338579657	-0.02675688880917557	-0.01330783849652843	-0.022275219033657315	0.00037109513005907413	0.02311020262051627	0.0059743980150724725	-0.01118481383221871	-0.02674701514849566	-0.007130162588863438	-0.03156846033231419	-0.02771244612220126	0.01700902048128215	0.007035129841680872	-0.008495413285087587	-0.026520758692555022	0.021102532826879614	-0.04469051922413256	0.008833072721288788	-0.0013057027126901688	-0.03618438108869551	0.011769766257821179	0.000673784438581877	0.013475763413302838	-0.023187199480189363	-0.023851816302973318	-0.0016678820144955908	0.01829770652818279	0.018874344357808177	0.030494547552458635	0.02960352040851602	0.020322737257784752	0.015603214659174391	0.010552357095606457	-0.0013234188397274454	-0.0005007178281595891	0.009395169654685322	-0.0018620305872451462	-0.003934268156263464	-0.014999822671850497	0.0021078359197080954	-0.00661301017077814	-0.008052372917358112	-0.004489445848556347	0.008376891079281124	-0.0037222447587024043	0.00023400834597770234	-0.009662900491114202	0.010817118034830627	-0.005152024212543576	0.003041999189585306	-0.00596991595603612	0.003798519233895346	0.0017922484297770518	-0.0	0.0	0.0	0.0	0.0	0.0	0.0	0.0	0.0	0.0	0.0
108275	-0.09923901542031366	0.20286584525313237	0.07173416504040929	0.05984496868229242	-0.11559273612731683	-0.029839549523114996	-0.07835632976460752	0.009133881238449599	0.057589076405889617	-0.013819171556250894	-0.032740458369130164	-0.0606230608098459	0.077982502196603	0.008193688161059101	-0.03371112743465777	0.025133972057549924	0.01444488425069469	-0.072761528529684	-0.032046461330546186	-0.02242544485374959	-0.01323887512048557	0.001949389496969533	-0.024780652605531903	0.010567441965346492	0.04279790705637622	-0.030688312467146508	0.014991916928918353	0.018071307447373848	0.01591554946426415	-0.0410379951340051	-0.0008013666432282075	0.02102338759844491	-0.05200278830151597	0.04237128183029933	0.034852234093816443	-0.03962423430302043	-0.013992883280540273	0.001092642867232975	-0.014984422995994574	-0.04891092998063258	0.005467882999038153	0.03520857489632894	-0.005970999941166891	0.002912449752149741	-0.04166591807286604	0.018248570527243907	-0.023141202921947036	0.003491332112250172	0.018385793180350763	0.018426329937514703	0.008433500792920795	0.04800722405642858	0.044163133151719484	-0.008812880155027627	0.0027955045483177374	-0.01293690997622429	-0.004264714750816563	0.031444572802825144	0.00199283946503133	-0.007613091737813641	-0.01425658706962093	0.03285308299774437	-0.019321286375894982	-0.0014289831965611658	0.0015015433934179147	0.033496475425086006	-0.008270919250092022	0.0005724398011293847	0.030073277991333414	0.0005021719795024443	0.022034343856208935	0.013912349827483725	-0.0319500240417849	-0.014747806352751651	0.0027684349334803145	-0.014032321164088701	0.025716383053177597	0.0013426865648781224	0.03758121508069968	-0.013562308615930194	-0.002815705288787618	0.0038573674535877073	-0.03685970310047662	0.025283044248663924	0.026762328718360776	0.01493704949547523	0.007554015820370214	-0.0018152557221228663	0.0071126916096629425	-0.00242971468735414	-0.0017278492737871384	0.0009455558992889316	-0.003106461879266495	0.002758152565283055	-0.0	0.0	0.0	0.0	0.0	0.0	0.0	0.0	0.0	0.0	0.0
108276	0.13633407897223454	0.11590852988670677	0.11231544575596646	-0.12899594920608445	0.029293113555734843	-0.028007578778205866	-0.02190258962168816	-0.015181118408082558	0.016008480378977705	0.07189955376383106	0.0011403351952135397	-0.034144688469326834	-0.008650053576382374	0.022147445942208795	-0.04399436427499841	0.010075576318893572	0.04023358993790558	-0.03016393189938004	-0.012002167507137137	0.0464559427824405	0.04957983881633432	0.04043356142452585	-0.01192997728913762	0.039586478159834335	0.02316309857066834	0.0033767068293604863	-0.0014411099194931425	-0.019828519104481482	-0.014989015976032652	-0.03498686635051443	-0.023220525214283423	0.06553353074082204	0.012586918435389833	0.022618895426861976	-0.042642620646641476	0.006891028059622178	0.035674412270186376	0.05220037636417528	-0.017394801163777184	-0.005777828756877916	-0.0294253524447908	0.027756581410932357	-0.0005936288263722819	0.021060832907446925	-0.008386926077913304	0.02120655535854131	-0.01616451119310192	-0.02844414445653322	-0.0017199215499172115	0.033785139185853796	-0.011507917705494558	-0.011203292107244297	0.03337238581264775	0.004854894774426013	-0.02225452259779944	0.01044480476980391	-0.02157945377831207	-0.05672174986453311	0.0074645596205603695	0.014009941807450533	-0.02782135972184072	-0.005681642150526449	0.005193449439042757	-0.025308213540509297	0.02348378057294896	-0.029377613024418246	-0.021826026158367356	0.00781993723833728	-0.029873373846778135	0.020650766930715204	0.009791694383396672	-0.00260028205868868	-0.013590886489766325	0.005811618327160892	-0.019114042591929073	0.011380965261406228	0.01397244855875676	-0.014154356146554135	-0.0008487816220749304	-0.016262447227546724	0.026380695214502682	0.027750017194979555	0.005673689793835123	-0.031006792469052868	-0.016088978817856113	0.014177365046553318	0.006384449663900335	0.03131594639658256	0.003340406227369298	0.017324469124801442	-0.009967378494003807	-0.006144799618236668	-0.0011575881539643347	-8.771577276351732e-06	-0.0	0.0	0.0	0.0	0.0	0.0	0.0	0.0	0.0	0.0	0.0
108277	0.31799581058404963	-0.09117404487001769	-0.10109546927201861	-0.055396737540277095	0.0714660882327712	-0.047313600441749495	-0.02152841230829806	-0.04570333811691395	0.024571289652707974	-0.031832643914384576	-0.014816300101682719	0.06720108187613938	0.010732934648960217	0.044876282244764344	-0.023996197359964874	0.051146824820766046	-0.015356410796393997	-0.035211214150813755	-0.01351049544054645	-0.07916898934056978	-0.001916778777256126	-0.0036921357420229978	-0.017052988243810196	0.015754247223820062	-0.04600376354785918	-0.08598787177398189	0.05124808451567009	-0.059211759832621357	-0.0035011660246637537	0.03651066504300826	0.06458926947073029	0.02741403839528463	0.005948630544255255	-0.004181958311596092	0.027634071254979412	-0.009410961334595826	-0.02501728978468942	-0.00820630496224368	-0.04643100964762046	0.025265284482812744	-0.014666799100170741	0.003152639189045205	0.06202056146131994	-0.03816405580182625	-0.02993333413283439	-0.02846767932337326	-0.006863841907582686	0.01615855540694532	0.01423632477691446	-0.030127944000449804	0.0034429780168555696	0.03480552365697045	-0.035462913980574405	-0.012415193706147588	-0.00986300918820833	0.006873996104910187	-0.005113490293121522	-0.005267313989044137	0.042939326121733366	-0.03647672487634089	-0.00038285907687345486	-0.032157058886469664	0.01269872956120108	0.0149173612141156	-0.017223497623369995	0.03309039091899398	0.009101556031262899	-0.009443113537101543	0.06110715666583738	0.02807283706676636	0.0032301828081982174	-0.01084756494044112	0.007300119982385788	0.018304483751261046	-3.3087088945672825e-05	0.008632809751071354	-0.001808866297622319	-0.021914277777236788	0.0023514000932325025	0.0011542108265675877	0.0004636295817501536	0.023779275031600877	-0.021703436046909393	-0.021009730255307904	-0.031840219876801655	0.009056801882595717	0.00479700580709396	0.007555913622396807	-0.0002673562880210376	-0.0010952669616650001	0.003788294972929452	5.792237921006401e-05	-0.0018501249474225459	-0.0012061934824089745	-0.0	0.0	0.0	0.0	0.0	0.0	0.0	0.0	0.0	0.0	0.0
108280	-0.36540148039233517	-0.026927277805857443	-0.05546817994596774	-0.032883796949113184	-0.05799742384997589	0.06526117524665455	0.08878390513150447	-0.09655279503988386	-0.07848557579480035	0.057575429278126755	-0.03195258750840512	0.017170866571134022	-0.06090453494993981	-0.012077699986527812	0.00813378737408423	-0.014056126565340925	-0.04111780484855102	-0.011565305684677599	0.007714617955953172	-0.018227414392151566	0.02377990409157804	-0.036767271212924515	0.01639590696713505	0.009299073411791085	0.01582891071248109	-0.03840660895165937	0.03365628662892722	0.01987936446354508	-0.0021276600057366867	-0.01951817557234176	0.004127044982350661	-0.010922665927414687	0.0002357636605959868	0.006808449756781919	-0.01926782698786821	-0.010891571469134834	-0.01536101727850624	-0.01004984029339546	-0.013289762971413537	-0.0070800194670843745	-0.013697137799134649	0.0025030185414856767	-0.022232215695380815	-0.019665476343435274	-0.03434302068400288	-0.0019039126986582118	-0.02145533423757721	-0.029102145316892338	0.00657121193669126	0.007022708961329322	-0.004493522742560199	-0.01678511560918325	0.0060277679747508485	0.013866656676571613	0.011734392032024891	-0.02739338204753579	0.003165725241414908	-0.0013138358487859488	0.025862900357387596	-0.026376677464819618	-0.010947242876362407	-0.01286108312134809	-0.006981567521392005	0.02231227958179197	0.00508717747565964	-0.04485175940865949	-0.0006409667133968864	0.0024177489188439974	-0.004588160903410061	0.0032275702968118805	-0.008944118031281551	0.016053078994801566	0.0002366355670164889	0.002390870765226237	0.011773154388767776	-0.014871158764404863	-0.006509601391316829	0.00041361880660634246	0.014816644093881273	0.02513246630203209	0.008405543452942539	0.004236940843326893	-0.016502034591277605	-0.007755567565598521	0.015587276440725759	-0.006233068056096772	0.003183631323549771	-0.007719810349774765	-0.010983691612069753	0.011201191844050468	-0.009760167395707276	-0.008482359963832333	0.005027138118776606	0.00048736888567187353	-0.0	0.0	0.0	0.0	0.0	0.0	0.0	0.0	0.0	0.0	0.0
108281	-0.0957358793844466	0.2466598976472537	0.07022404867380728	0.0874526586067918	-0.05403443691472348	-0.005185528991149904	-0.12507815455338994	-0.006042314516303656	0.07220234288944194	-0.04338284222305701	-0.034778783426463906	-0.031865181962409436	0.07941996463783083	-0.004397287814892541	-0.052637985589808076	0.045908874065430254	0.0463341376515721	-0.04508179425663297	-0.0463129435921215	-0.04898193235720322	-0.04813157310118806	0.01898270501443267	-0.03373607124260543	0.019909484047399024	-0.018075214050479963	0.015495631080365887	0.015756749319913558	0.0436729114774086	-0.01498163688031045	-0.011165647898496884	0.005297255573082041	0.019091551818201477	-0.02348158377980169	0.02383607743153075	0.003876138200726076	0.01942853166660914	0.004714959847778887	-0.005745997545499144	-0.006073666633869765	-0.0026946770149569553	0.006079790202570851	-0.00423845958674964	0.01787044513749625	0.017995773929635757	0.015288695159748735	0.04261045773746203	0.0087289081585211	-0.002178042530774827	0.014468606422187273	-0.03167084927506913	-0.000932403296510605	-0.0009623600460959335	0.026594811599679306	0.004771677147973414	0.008956009428029345	7.338387569161155e-05	-0.004764673712059873	-0.012784056505117037	-0.019883288543285305	0.017103387504522168	-0.018274492772488937	0.013262259608626778	0.0025810711673363565	0.010747164387654507	0.013902139004315583	0.02203089656352223	-0.018801051705918358	0.00701998646879473	0.00570180705516072	9.496966826515127e-05	0.012252847381018271	-0.002064079798057871	0.004214119615307609	0.006384049915781335	-0.012680790772104976	-0.020484647889773517	-0.01412211633773599	0.0047772780190995035	-0.018451710526979456	0.01907118424377675	-0.016110941595949096	0.002214240870941776	0.01942995005874581	-0.022182778596528938	-0.014437616928115949	-0.029113937806949187	-0.023428713947760138	-0.009252970764593221	0.005385541514936714	-0.0026213963659209847	-0.011880029377259554	0.0057270151580003075	0.010673788615789319	-0.0025808044222101795	-0.0	0.0	0.0	0.0	0.0	0.0	0.0	0.0	0.0	0.0	0.0
108282	0.24569670596233692	0.026252764648650485	0.07219832727782702	-0.10732074946424751	0.10620614750365956	-0.055550345128227624	0.036769299399079566	-0.04869869235037037	0.009483264507236829	-0.0312655485677957	-0.001632894379989675	-0.045211563988347574	-0.022067934740793396	0.018174022886128807	-0.041052113758674194	0.0042003038016294025	-0.02475824991960128	0.024189646952883767	0.048074838587225686	-0.018576461204398063	-0.045135601542153424	-0.018376019419550537	-0.013309441470706044	0.010606944388162877	-0.1050830632057161	-0.05207186216014151	-0.013898472070954734	0.07618551902978253	0.005527623664392884	-0.14893388896646567	-0.04563862141986937	-0.00956525327595934	0.013520015456087586	0.006487183134022999	-0.007966337415263676	0.02762943457632069	-0.03622230474652508	0.0010483679846150181	-0.022694591643409884	-0.030621070588254244	-0.03328883082580595	0.04353944493153026	-0.02442975913362318	-0.006256252909172706	0.010697000257831907	0.026387661028119565	0.02718157858181766	0.002751056132457686	-0.03619177148562699	-0.023665603713150813	-0.004646825606865062	0.02367715569087806	-0.035625066982230315	-0.06663258044038113	-0.003788438792472157	-0.03443616081300672	0.002573551787120486	-0.0016011050320521836	-0.003977956808311333	-0.03144416769803588	0.014338876212138725	-0.00809972764384297	0.014877166895047318	-0.0362737726658105	-0.02054581707370584	-0.025169032543187676	-0.014881417937750356	-0.02982223301039257	-0.009036687739254895	0.008300506317045868	-0.018764988742786492	-0.017850090038731167	-0.005415556179284237	-0.0013722264901158566	-0.011155522441982731	0.0051494863391133615	-0.0049510617952748396	-0.004185691180685127	0.006948958090756788	-0.01295479964147663	-0.008241312937536965	-0.015146360325308741	0.002226564477681747	0.00737687464776337	0.00010560713403696468	-0.0036881957619690465	-0.019874037664652244	0.0016551100445159176	0.010996687886417132	-0.005018753826949476	0.0017843499381048212	0.00505044647449856	0.002032933945694822	0.0007113976827289682	-0.0	0.0	0.0	0.0	0.0	0.0	0.0	0.0	0.0	0.0	0.0
108283	0.2879027436926529	-0.08429525465340298	-0.10632280191905016	-0.04724431894426823	0.06777402932352929	-0.00632908378579393	-0.008103960651589835	-0.004543211832993491	-0.0659794064214294	-0.15930224277006835	-0.009556333630577273	-0.025376855709867464	-0.00891382800753976	0.03615970436863014	-0.021768270206893935	-0.09221155913328849	-0.006927977682470629	0.028901159084956968	-0.007204303108384662	-0.022793289226197947	-0.014188746923117251	-0.0806556910171069	-0.04169471942667881	0.01261583688709218	0.013234321599276445	0.005846532108939239	-0.0009752426501934425	0.04796241686933848	0.019290247150493132	-0.010312789251644472	0.0016034120334287186	-0.05138870227181592	-0.025743090538010938	-0.016667594746080438	-0.02272376320425527	0.03968588007591409	-0.0222512783654197	-0.01008396620620214	0.06638533204960953	0.018557036992627104	0.037283121265580206	-0.0446899594042282	0.02293601594335866	0.039886858682889235	-0.008921004905116754	-0.01322833802000231	-0.008302363803725862	0.01444395780457023	0.03480243063723162	0.04200279430476867	-0.03283714971701482	0.08768395259382843	0.004858674702238444	0.0066123021750584205	0.007731645998663528	0.01443149571258099	-0.02721998498639292	-0.04269782958765362	-0.0008458160277770996	0.03172971129984777	-0.004182872628467966	-0.00283846550093346	-0.010454529638077205	0.006114316845111981	0.016302485039109697	-0.011524888331913319	-0.03270325834227609	0.018431547654822144	0.028002431345840524	0.014282496377937576	-0.007386042249355437	-0.006386723378377523	0.014297482710450275	0.009394093121100905	0.001827235647328645	0.013466551299082054	0.0353853145197995	0.018035818735522194	-0.007851179673501778	0.02518270547880743	0.009793783323961268	-0.021130158095682222	-0.007540874475980024	-0.003712945840603763	0.01215232350255849	-0.0014951216515789111	-0.0005661247969104613	0.013100480008721563	0.008177547671674444	0.007733104082494733	-0.002424586196098775	-0.0005904613712953199	-0.0026415372981228374	-0.0007206440093151774	-0.0	0.0	0.0	0.0	0.0	0.0	0.0	0.0	0.0	0.0	0.0
108286	-0.3873331726570095	-0.08987331283946635	0.027774184235755037	-0.04407431526770142	-0.10774120261471175	-0.011445151006574224	0.020228523092910313	-0.027230983271649477	0.05011586876965898	-0.049535217516978196	-0.008358020290929585	0.00867137204524166	-0.024454398217781555	0.08922264699424826	-0.012087186087420857	-0.008992064372161424	-0.03369932621491876	0.003569470035178033	-0.045244284738571304	0.0011264701288796635	0.014776792815310386	0.02665189599514668	0.0311885825355512	-0.03323599654345907	0.006272633368836354	-0.0005790722214134136	-0.03175580643496497	-0.00557349870353217	-0.0073861961227698995	0.0012900298117327067	-0.01730397909663917	-0.008783055656938167	-0.024687370995638815	-0.025434526127534097	0.006571155158533609	0.03761963238507521	0.022326595238742256	0.02353908627260892	-0.029264608882321474	-0.015019680879645251	0.0015501529488488033	-0.0034016691208743196	0.053726482835238856	0.050196137867553565	0.0178480965636466	-0.001164581620011088	0.0421257030862084	0.0062182707965692694	-0.008198818524313083	0.000655604999030201	0.025320782856431634	0.00505192254893951	0.028850053930820744	-0.00021532538643095304	-0.018717253043155795	0.009877022314840292	0.018166731039558223	-0.008625054704218581	-0.02053181908175392	-0.0074651935111088525	-0.01608179432339344	0.005716075232939856	-0.008476448904541993	-0.0007337035969795059	0.0039908318759233645	0.01652009660637168	0.004220538776815128	-0.016039279664184898	0.009949976051686547	-0.010288036294694727	0.0033873526341636176	-0.00277813730173143	0.0014302983158466349	0.02398074087477919	-0.018759960996141408	0.02953253968437367	0.005571552382311736	0.0246301895243718	0.0017380080007308467	-0.01414799678985843	-0.018081219482361927	-0.007804391407271335	0.025869198793493482	0.005102735835312261	-0.004903991863122421	0.02084764902346338	0.011913153315263837	-0.01440373714708422	-0.0009100031728990389	0.0086050763231307	0.02365076095972972	-0.005210158999993447	0.0019355403960910952	-0.0017362522640307306	-0.0	0.0	0.0	0.0	0.0	0.0	0.0	0.0	0.0	0.0	0.0
108287	-0.3163145244497603	0.11663299221081752	-0.07967373062143868	0.0717952165215334	0.014119954954475407	0.021398705771038518	0.032727165804356646	-0.049058637189638946	-0.0858187981127592	0.015970960458960293	-0.02978369037119646	0.032972361118816705	-0.023194349257032842	0.06331681405965206	-0.052662005578177205	-0.040134530600052815	0.03201296791642974	0.055589896954856895	-0.05931527661565419	-0.016138813427060077	-0.015925033028953997	0.04655560820328625	0.017469396178940232	0.02874403493431042	-0.06792509257218982	0.020389386260487995	0.009360723990383514	-0.039720220642036015	0.0060232567019280325	0.02707001371605087	-0.00420480720426168	-0.00729668113297814	0.028902897753778887	0.013014648630044513	-0.012576903838788428	0.07652036460457742	-0.020010160850374086	-0.00968627363205122	0.01571065739705201	0.0564832117996836	0.04364544820577897	0.02035811882266415	-0.01733856227543814	0.007700187902951751	-0.0005010112169533896	0.025725919348270558	-0.01673854999437116	-0.015245471416237194	-0.0517041728630189	-0.05033809366517536	-0.05275342305348192	-0.02584429485518026	-0.04209125983898897	0.0010356139855216022	-0.015266015305562115	0.01260884947475571	0.0033954992763864465	-0.0009909152878803294	-0.025332957856559382	0.022443317354559594	-0.02441941386107931	0.005374690070565346	-0.016942032607491414	-0.00057434442466883	-0.004237953867496722	0.0186833623870406	0.03130631816503741	0.004186362598962728	0.020662870051606268	0.015763053366559223	0.015121159306592828	0.0182322599690307	-0.00996868746118423	0.01812465784197366	-0.01626753416279563	-0.018140402891582266	0.01734218617910633	-0.011195318516267089	0.0023077661795805906	-0.001120910020517059	0.009749393751209605	0.008718937914755759	0.009849038282431676	0.01985632019897151	0.0222627668668002	0.009564665627885518	-0.011679671614141521	0.010558169524488271	-0.012358296062685636	-0.0018380928570263272	-0.0018346042983476973	0.007374863682527493	-0.0012073167942031379	0.0005611332838691406	-0.0	0.0	0.0	0.0	0.0	0.0	0.0	0.0	0.0	0.0	0.0
108288	0.20935967237276049	0.07052258765584322	0.11702229597150196	-0.029125937822851358	0.03750487829831595	-0.032948835092223336	0.019620952601076644	0.022145178013918285	0.07063395198946477	0.03809956170850711	-0.12154713346215502	0.03592556068326876	-0.08094787046663948	-0.015385084441570837	-0.009245650489108909	-0.060537910715915313	0.04877999909465153	-0.034785869793222804	0.001586820884289987	0.014668459226234698	-0.03395940614791962	-0.023331498962734305	0.001230882027299099	0.041146884248127145	-0.005256165559379615	-0.09339135460240411	-0.004503563959567517	-0.06730459567276688	0.00970316189488884	0.02440221189625745	-0.03947199108421168	-0.027678689137437915	0.0351450625226863	0.029479356269503862	0.012721164158755325	0.007430827241402717	0.061631755081343	-0.00792894689274098	0.055160166485388795	0.05011230951157931	-0.05721441005693438	0.011648901038462868	0.04076895095978531	-0.011009968314575437	0.04743189486355128	0.012488250450551373	-0.01637517036442971	-0.050333179146845916	-0.04493426786437855	0.0309834674525155	-0.008906234454870786	0.049562064659146754	-0.014695591067785643	0.0016216216199790073	0.05662983252904632	-0.04905943200761442	0.007803892821233811	0.022265037753256733	-0.017241489481488275	0.021110573772367833	-0.008750137215668446	0.01893778314065931	-0.020600935767602455	0.03568421475293711	0.014083929129721041	-0.003128782917696943	0.01161549761715008	0.013539933139909272	-0.01977826408035252	0.0040861386517121075	0.02312082282583392	-0.020912071821421702	0.010103472541128644	-0.011515946622929932	-0.0053951563942012185	0.006479377719525627	0.005376262481483949	0.004575184960898831	0.023294439810602377	0.0015625206886076637	-0.002351326834610261	0.007369562758347678	-0.0017481664731763102	-0.002187396012252243	-0.006323232727476855	-0.0044196957005696045	0.001967213806440684	-0.018403260443935136	-0.0017071533500919982	0.0014801449566002225	0.004806555411368801	0.0032004603911689102	0.0007575644461454823	-0.0005518829999209512	-0.0	0.0	0.0	0.0	0.0	0.0	0.0	0.0	0.0	0.0	0.0
108289	0.3273156212947606	-0.10983977267804791	-0.1429155628360525	-0.028516665679450003	0.0339736021319412	-0.0016671692430991105	-0.04034513939773927	-0.01887932481284675	-0.030602778049712634	-0.09812702810597691	-0.006419571027748219	-0.036831604656152324	-0.019238394131794505	0.007871143710139016	0.0021290968925375053	-0.005798593875896233	0.03922739682333733	-0.025386346743952248	-0.011794306122855206	0.0030011581596930785	0.032909203690071595	0.033870010800317894	0.02367552403851528	-0.015683002106879913	-0.008300146483164668	-0.0075485412495287525	0.014705553891918317	0.018740559016129556	0.028048421569755694	0.0030625426422399185	0.06304562094884959	0.03499746773135777	-0.025945933807986384	-0.016806427862155447	-0.02468028314027288	-0.02259399715712925	0.043246847319158135	0.031971249164641106	-0.006589668908840051	0.0008767850262988733	0.030328587859433317	-0.02397432550898772	0.009136949035134977	0.029932461822623244	-0.04115196017084571	0.028801009224849038	-0.003600991086855783	-0.025389175633146997	-0.0008528312309977165	0.0055881425079007474	0.009250108553349474	-0.016094687883431293	0.024045067718263216	-0.028219569591255617	0.050004694965085535	-0.0732927802382494	0.0064875414733878	0.004448786367450277	0.021929449912727505	0.04465323918552675	-0.0008044434232851021	0.036291960729647195	0.04282854590443496	0.0035715819737335715	-0.02655446460352034	-0.02020540984355163	0.05203580430143472	-0.036973654822531156	0.002425709940804621	-0.007267262915622516	0.015891844905550494	-0.009522168655475345	-0.008995320367818834	0.028311272736324944	0.003285999638653377	0.026326351060606563	-0.03373263824476673	0.011668698341600447	-0.01640612456094893	0.00734580948000625	0.005369981571309068	0.030039699629068273	0.005959852716582165	0.02056709448216339	0.021737066556771496	-0.009160641954472016	-0.003624191527556687	0.012086844490065309	0.0021960227532244257	-0.006123359040015496	-0.0008491090887881818	-0.002993694924081609	-0.0021802058646528005	0.00019983226220956268	-0.0	0.0	0.0	0.0	0.0	0.0	0.0	0.0	0.0	0.0	0.0
108292	-0.4055357719344805	-0.08835705540720008	-0.021839016559611308	-0.02245451756631712	0.0026571473276370155	0.07206050376937541	0.10268450616464316	0.013704466320096921	0.05689119895029626	-0.032209756652481825	-0.005322525915968532	-0.0063003360940820236	-0.016853857218868333	0.016338057510290348	-0.0293709685224601	0.03302869382642576	-0.03686050642645291	-0.024083109094599826	-0.01014374338834351	0.02525981209421894	0.01838832584243336	-0.007576905629734428	0.011657996107434416	-0.029691959314405554	-0.0011893071465900258	-0.013849032057004444	-0.014296227646082516	0.021539131453065716	0.007415736869049951	-0.009301503119029273	0.006925346062090931	0.005247576586418993	-0.005320900002532638	0.005627332180099019	-0.05215642007942905	0.023452767815671318	0.0021656932206713226	-0.04292301712720726	-0.010570515156348964	-0.009485145536388224	-0.001032345969868522	-0.0032440698949938547	-0.0026194066419782855	-0.033873442623760776	-0.01734971074166039	-0.007927377231416692	0.00879205322431411	0.0011674502615114488	0.023913750766402293	0.007194423448156496	-0.016929871378625512	0.012277060282356657	-0.0192679626317453	0.0017477115268936002	0.0104010406211604	-0.020538472479823027	0.010184781460928386	0.024899439809701544	0.01406311143355591	-0.006190207843250265	-0.009441507394469075	-0.006629319088295684	0.011062967564172719	0.008531029874232824	-0.002087387558689788	0.0026565219141537295	-0.0029801885989938744	0.014328018418547733	-0.0396448180057541	-0.005595626237590189	-0.002677995875423195	0.017269821478495002	-0.009203853311369614	-0.0007992024334212778	0.0070188392872407935	0.00952255838504929	-0.025798109018592644	0.023859971188185346	0.008888735198850747	0.010457952060232747	-0.0016828467554856048	-0.015199503832407313	-0.01886779443418972	-0.01047517653547093	-0.00627529748940945	-0.0014112533946232218	0.0024405862317642174	-0.0034126397601395774	-0.012798791936851659	0.004849108378172278	-0.010421034383491968	0.011614637841078478	-0.01603263831980531	-0.0002808492747964141	-0.0	0.0	0.0	0.0	0.0	0.0	0.0	0.0	0.0	0.0	0.0
108293	-0.31218211771617793	0.09252457575410493	-0.07821678113967273	0.03493427438682828	0.01622213963088643	-0.0029784647805906803	0.07469684934322629	0.0995762132741288	0.02614999904774999	-0.05622725766262638	0.029843516478157632	-0.010976361413134107	-0.018146911453502258	0.03318775553815424	-0.018372746204454476	-0.0015519607399472656	-0.030582231766356195	0.03422031268131355	-0.03521175806342284	0.057534961910366125	0.01859330842500778	0.046655610631632254	0.03419490111805886	-0.018858239385469606	-0.03612839677085221	-0.0016822843261210159	-0.009113932721618648	-0.0479846733297983	0.04789240273402303	0.020191633187311923	-0.006943330998420572	0.0001285497827937926	-0.02803916015744255	0.0204507308557986	-0.0010733042211609535	0.009420840315943303	-0.019977715711314632	-0.0018173299467804372	-0.028342997100472084	-0.023171224264870886	-0.020602389152625047	0.01576533581880021	-0.051585578571205624	-0.041144418622925054	-0.0015231517672588532	-0.009528230225063567	-0.021362919639301318	0.028943546468552274	0.013576904784129719	-0.0029222188207339217	-0.04695820571200207	0.013631288299153946	-0.002059260533550222	0.04428983605438667	0.03600807441210323	0.004724997565696629	-0.04764681518196958	0.03437711626359976	-0.02238528676205328	-0.02936909647055334	-0.017894731814163237	0.017634714157229017	0.008913313858545966	-0.016174448336430888	0.0013818333261564845	-0.02403392882683815	0.0035783898688324534	-0.014804944005972267	0.02546481343526629	0.03163742017050342	0.0013307986568179553	-0.03399184978433317	0.0037225344477881395	-0.016301575766335556	-0.007649867706528206	0.007265003504434597	-0.008966154378433957	0.01505475221659389	-0.016374549082875844	0.012536261087790457	0.01032209748168236	0.007320151348095864	0.02614677465882538	-0.002819849677327956	-0.004368310282132732	0.007766825168352048	0.02249729129926403	-0.015964350762465315	0.026656366625907462	-0.007198238229220775	-0.019350914376906843	-0.002380993789429223	0.0052196942033295715	-0.0008399831947332687	-0.0	0.0	0.0	0.0	0.0	0.0	0.0	0.0	0.0	0.0	0.0
108294	0.26140649027826907	0.05178342229970321	0.10804687900368444	0.05841170701232164	0.02251316345246229	-0.03252608222422823	0.04626414198394905	-0.05634133414934012	0.05128100532598777	-0.022576109576541235	-0.07416666162175586	-0.05855761349110487	0.01488080745349679	0.008051005478146514	0.025165446621001206	-0.03717679254882677	0.005684694279123764	0.02146844414630619	0.07658706876809576	-0.025158372926640846	-0.019820957048485806	0.030061932089151696	0.03586532264855818	-0.05181889196342807	0.008996815420306725	-0.00101862065017671	0.026467319658822094	0.020731636481470094	0.04409684752603267	0.06514742987840366	0.024876523442827175	-0.06689964142064696	0.023434934795502117	-0.0260074121320608	-0.00939505006752636	0.011767805473770983	0.03922554348094537	0.025268601319342	-0.03334400965020535	0.040038355187966994	-0.03988937727018248	0.004347338246466742	-0.08261628055097053	0.02799789664947092	0.022236183361799226	-0.022939640413708093	-0.01035337398341063	0.026451194636713977	0.010237749073785492	0.00802374350881718	0.005732525267642927	0.013916366098943832	0.04820525456222508	-0.04326518095446016	0.01296700761884506	0.012794822352631841	-0.00531977137431246	-0.0015930902216937074	-0.026186967846164054	-0.016400641008412237	0.013548817924180275	-0.016342066387910827	0.05599870972102501	0.0070804634181100825	0.020627240059493446	0.00027313637014825785	0.03308394467034049	0.03122454015307693	0.008556346754622812	0.017410525897626046	0.02738531339909426	0.021438627889725944	-0.02379277248693927	0.010298898383417052	0.014581566756364413	-0.022708216233008616	-0.019147866366502817	-0.01677820518588052	-0.021008200814204105	-0.004746243493690074	-0.013022326616837866	-0.02481144183017358	-0.01779785143091513	-0.0035470401408991704	-0.008280285274895806	0.015847805390473427	-0.007949037079224789	0.0017409989510135246	0.004346405768694897	0.0133334935473992	-0.0028110484651271877	-0.0021302074989945734	0.0016402356633492515	-0.0018074832676978562	-0.0	0.0	0.0	0.0	0.0	0.0	0.0	0.0	0.0	0.0	0.0
108295	0.33637652932184814	-0.08881622894314553	-0.05955403009828503	0.051501697677263404	0.018171401535744675	0.0037454842743825426	0.012785424423060873	-0.047465704047896386	0.03718949211037483	-0.004291326310926031	-0.002207956395036812	0.027551866738978185	-0.027568262808298993	0.009431758908169796	-0.015184388969538876	0.055625165240901414	0.005499282659293732	-0.034545067252486204	-0.029207447051557256	-0.0027855101253285164	-0.0005358099224588793	0.03246512205187064	-0.09933761544010841	-0.008178487161599478	-0.020925450311872557	0.017862850964571485	-0.04232887071407844	0.01149966403265676	0.03395608076169448	0.0275428246792978	-0.018773979020796618	-0.030280707321629692	0.030715774782859293	0.04629858467496094	-0.014560111402384788	-0.03688101423692819	0.021530686756379886	0.11786630288616899	-0.04138427760314258	-0.03364779993377741	0.028929328631312957	-0.013144420710985679	-0.012714843265517023	0.004388854641401273	-0.01919693387708653	-0.08142142899173069	-0.012167987275749765	-0.057878280506722425	-0.00333274727621215	-0.003101479859000887	-0.05117993352556307	0.022561770422515857	0.0003128857983968799	0.0041801793433202125	7.594911732335382e-05	0.01366632086417796	0.025914175842957275	0.008198066328079495	-0.014460341133582041	0.04753705663912574	-0.02232656977199095	-0.03978297143066337	0.014216713333568892	0.01970542232235329	0.010075479681226674	0.0035771834988605235	-0.01842408106765547	-0.02869522085592091	0.006346472841098506	0.002195837093557198	-0.029463950632620445	0.018427800723156938	0.021895614579512758	-0.01929195333397572	0.01623888496258499	-0.0013056997928413553	-0.017126676131399995	-0.010394250180603165	0.032299596509438956	-0.011440903867249445	-0.019829156174676867	-0.01764616554942784	0.02430465606117438	0.005260809197577985	-0.00037974451867233853	-0.0003825768128441002	0.0007610729371307774	-0.00027678862727796203	-0.0016688077196373168	-0.004599469887552941	-0.0036831804977920644	-0.0003054988677466282	0.0003598455854773672	0.0014264631125309763	-0.0	0.0	0.0	0.0	0.0	0.0	0.0	0.0	0.0	0.0	0.0
108298	-0.41955183564719073	-0.2429376761503563	0.06687701205326387	0.03803796856219794	0.1083793511018035	0.045561611463513146	-0.0066038347857645665	0.01454474098207921	-0.002860312487497918	0.0529750939596971	-0.016286233505748704	-0.025127130364116533	0.024195224776589162	0.05345001408706336	0.01207803832990392	0.0033028028881498515	0.005840062504890282	-0.07715778675343736	0.005367650385724732	-0.03605592074377398	0.0018132153769051902	0.0041843060557500665	-0.001466576349437947	-0.017903025905587025	0.02786566385125899	-0.05233907426959022	0.019750129661881388	0.05129855643386543	0.0061143863916224865	0.023319631859055244	-0.01895683771542286	-0.006262657972316037	-0.016424104625246	0.0005112112245580582	-0.026950741486835305	0.03600914374954945	-0.034672986618303966	-0.0008963556419639874	0.013830558587185614	-0.010464258126646305	0.02324999321429548	0.008648765871789817	-0.019189739516219804	-0.018969605491007957	0.003132848890742851	0.009537230167765766	-0.03085073143312652	-0.029001947993919846	0.008610421446925712	0.0012109857476799205	0.032348917824049174	0.009624492746222027	-0.014661620619038529	0.004249299701972058	-0.016395738723115477	-0.0026300780118811967	0.021108347230225723	-0.012180972057726842	0.01476800311379906	0.007904508674235797	0.009028110171860474	0.0030397520767153938	-0.01574329662672093	0.002602191151551599	-0.008831328301287251	-0.004419660979410453	0.010664409409545411	0.0016691268829979956	-0.02287584290609216	-0.02016146614890598	0.019884763416609302	0.006560496183609636	0.009644149532869023	0.00979251117532596	0.005851718443151578	-0.007011839000042005	-0.004759163069383381	0.020092123409070267	-0.004553717349644661	0.017994562164662126	-0.01439010054907368	-0.008119985211361628	0.0028232830232037807	0.010208587553293716	-0.027864656645254768	-0.006958274538937593	0.01368775852109991	0.00839480193610046	0.0037260796655695654	-0.01656102722105699	0.0013534760996301214	-0.019499553420910913	0.010596331430685937	-0.001016722992493883	-0.0	0.0	0.0	0.0	0.0	0.0	0.0	0.0	0.0	0.0	0.0
108299	-0.3844679892953261	-0.07516984097733316	-0.020516202197512778	0.1052747483607019	0.2312824928144056	0.04304072231637647	0.045708004713858615	0.1026052413396361	0.007671836761636141	0.05460015578287923	0.021583639891345312	-0.05645694597492258	0.06175965181959644	0.04470553676648416	0.030218279087569584	0.001522732477698162	0.022222163379496337	-0.07639396879335407	0.03949328731737993	0.017467394524400954	-0.022983333232088305	-0.0296246123626799	-0.009083996470058503	0.04745673796800955	0.024532052390174537	-0.0030817775090776272	-0.001676506066593445	-0.030283563391677995	0.017729653976486928	0.025512094786183433	0.007696968248144188	0.02269287970792423	0.03935760373469801	0.01918477504021724	0.00939072468491099	-0.0017137721791274218	0.01066194604658234	0.0245172780769091	-0.0008833954864246144	-0.006381586727034377	0.009668506544659658	-0.005595184932580722	-0.01661228896729625	-0.012131689372684818	-0.003240374839859076	-0.02355551514403217	-0.01606900371497818	0.0267141216153655	-0.006972850080376482	0.026909509127899734	0.010533279295020539	0.020436651642070387	0.0013147896810091501	0.012443314511802242	0.002297612873763834	-0.0066568628453118625	-0.02480642450530424	0.020093755184217275	0.007566690005298268	-0.02673682262924053	0.0078043287154801536	-0.0037747767878138347	0.020431613300249413	-0.008350852389617587	0.008476565742265766	-0.011506789054566202	-0.02182843851982809	-0.01035757266530212	-0.010205539714109858	0.0021863151203541232	0.0031594996562826798	0.019033643121321563	0.0032922238308240753	0.00037805217125019223	-0.005283362583448225	-0.006103532681965934	0.014970717285467505	0.02763555760131961	0.0013558263443984731	-0.0024410168050335774	0.010292061478985691	0.0064876081956070355	0.012366497764363151	0.0010624376576715364	0.0038408143474947544	-0.006151031077922784	-0.01513912474068642	0.016912487064168737	-0.0013524613823853052	-0.01246703495619286	0.01471971399133706	0.007116383930745193	-0.003163515138008004	-0.0048854355404611945	-0.0	0.0	0.0	0.0	0.0	0.0	0.0	0.0	0.0	0.0	0.0
108300	0.29370555553085026	0.00883370763851572	0.08156642243027694	0.038806307590728506	0.06463130505102446	-0.016894395346912644	0.05676683126311917	-0.030714646420353646	0.025569437640300088	-0.08940800903358763	-0.05797551056471753	0.016640204153464355	-0.028494555608479234	0.0036235491230766272	0.04666296522310438	-0.025687320386829686	0.02841371110131593	0.024078702703751058	0.046413472300657226	-0.08280780904112793	0.04385437717609451	-0.04813274661484333	0.06782775713640977	-0.07857898451877414	0.006843637859801193	-0.011188491640767587	0.03468259012199271	-0.003984664291565339	-0.015198230647185168	-0.02949316058917343	0.004297201338947542	0.050382078753776094	0.0001741902540228525	0.08021895434089449	0.07492467642856618	-0.00884998590917891	0.08812755623790414	-0.003883750463390757	0.04482490126222826	-0.023410277169916803	0.02059564589271221	0.027989470990306815	-0.027336729433022462	0.012267760501819524	-0.05710563054380183	0.009703635778999572	0.0025113569494778836	-0.005245327232251861	-0.040662162445515404	-0.02396249757938149	0.018807175672576868	0.014760112693594755	-0.0013506589358577438	0.05821986120665874	-0.062244875473472724	-0.019301625186462258	-0.011440045826235156	0.017367016743150318	-0.04229577536552113	0.007650414537139076	-0.0003037488642926235	-0.012071351094226291	-0.01579411595969925	-0.005662980103163894	-0.01890244568140177	-0.004463966564937706	-0.005082157173763575	0.0038047774852452017	0.016305812809366525	-0.023265386682497724	-0.03555204451526976	0.024328549593754044	0.010059462513985745	-0.01622932873189476	-0.0008891359889764011	-0.006123674323184012	-0.00498659098763135	0.008129380488643832	-0.030987486731469366	-0.0047863891106502575	0.006755982150237438	0.0037649061254516974	0.007151818496982943	-0.0044919204424501355	-0.011380904777637068	-0.0034892053497402493	0.005288769143308633	0.0015554068709258643	-0.00030884267503093516	0.004535897483034267	-0.0012471670953771948	0.00013648625845592177	-0.003404879910383081	0.0016124091933905447	-0.0	0.0	0.0	0.0	0.0	0.0	0.0	0.0	0.0	0.0	0.0
108301	0.34573345992809007	-0.11621614577213278	-0.12219070340405644	0.09309029931805761	0.04655260304277784	-0.04676869201523332	-0.02502577636315417	-0.07846688051405193	0.0523120705020109	-0.05359717181002634	6.047276605636586e-05	0.07089993721809847	-0.0022616753647216738	-0.03470726023478935	-0.0427009716129553	0.03855269219837702	-0.00723663319791192	-0.013201004767896221	-0.009527820031694263	-0.007292951083488984	0.008225273467063489	0.015005916121076624	-0.019628754746320497	0.005518411351910634	-0.003443398991691382	0.012759998851316576	-0.023332945130260876	0.01831350676026821	0.025625447437604056	0.011518115243251022	0.0559334386135652	-0.031989817438348556	-0.0014255452790993956	0.06417797964000045	-0.04727052589157674	0.0005833629703182706	-0.02766920140149334	0.0012923240576759839	-0.04177489859997705	-0.003010066620332524	-0.04292096603809625	-0.02023834104624989	-0.03955371036880959	0.03080931873939799	-0.007753238224163042	-0.031508937373598646	0.04998260497155565	-0.004590857705601437	-0.032689721629953324	-0.016983187853145326	0.026189731461869502	-0.03302553057708015	0.00324217985068007	0.007884479778293908	-0.005813992958131056	-0.007222032360524096	0.0363501688887107	0.06689060947193468	0.04577639487027308	0.013888049609659487	0.0071904580147347545	0.009738757535661353	-0.05626321364992838	-0.021961189391939785	0.03757730159329527	-0.027515391265315967	-0.017189328792194255	0.03830227667674046	-0.005048085804163664	-0.012663219915647754	0.025555769836832	-0.0372582100836852	0.00250261643137481	0.007449630050304312	-0.003169118386383729	-0.014734400653674528	0.029570900873291096	0.009825309127362295	-0.021940628805433827	-0.004712780291540664	0.03442068671862423	-0.0001925295319338051	-0.004316204010389671	0.009029935825409091	-0.007480366461987997	-0.004365364379167549	-0.001529490366502207	0.0007285461023462673	0.0035188405963908404	0.0070583340815705215	0.006243059811564227	0.00322995832154635	0.0001830775221364417	-0.0003397350692829143	-0.0	0.0	0.0	0.0	0.0	0.0	0.0	0.0	0.0	0.0	0.0
108304	-0.3930883646406191	-0.0793358231723217	0.015676016405537792	-0.04088191481380514	-0.09510383376095617	-0.0007512129491387059	0.00898260356773215	-0.028378629064251582	0.04742908474117977	-0.04595688335205804	-0.007073313630557816	0.011933860406904175	-0.033959223545163626	0.0871967303535462	-0.013595066923122184	-0.013719623949754487	-0.0365624467637374	-0.016288048060292267	-0.022374976430106417	0.00949346274551127	0.009244323026870805	0.02637931942012447	0.03420459281779271	-0.027298925126526475	-0.007360396235949812	0.0026347145710737437	-1.4495828021093883e-05	0.0029084849129799367	-0.01045317245153427	0.006613488707443556	-0.014783680601285074	-0.00840261961217479	-0.022678550251571637	0.007276814061063441	-0.009668174845186405	0.031520779688307	-0.006429960752965291	0.010925844800350267	-0.011072939524841365	0.0057254447911962835	0.016774661129184517	0.026540396483027973	0.01055964161707392	0.006813176764980621	0.011437768418448397	0.007733262800089756	0.012660555088204623	-0.006557358584697682	-0.003648661275310695	0.0003089063640613144	0.005805828573465138	0.013930790624955064	-6.441318773094047e-05	0.008376745779608584	-0.00978381542013405	-1.2384537446617931e-05	-0.0034920657504616984	0.013495650558797765	0.0036553942487439826	0.01616679133354738	0.003032220030313539	-0.011405838105387478	0.002200978624934708	-0.00947005571510452	0.002481265736866527	0.005799453549520035	-0.00638727607796719	0.0006185420524486329	-0.005066087169347281	-0.020533282570820367	0.00777996177401379	0.012686689694622272	-0.001164712842762334	0.009702822185382123	-0.01717822129519307	0.020460546390528276	0.004530610076123286	-0.020809049096285104	-0.0006651519352480324	0.006351098629017736	0.011993410293517172	-0.008349000183305066	-0.013742043366881817	-0.008615114572191789	-0.010540477951730638	-0.0016129382196028701	-0.005246008846258986	-0.005740829241643698	-0.005920244116846494	-0.005477217025700578	-0.004260402479574901	-0.01587006166624858	0.007393649345930695	-0.00034994103747488413	-0.0	0.0	0.0	0.0	0.0	0.0	0.0	0.0	0.0	0.0	0.0
108305	-0.25167604628693674	0.1608780803729378	-0.09798629833579983	0.03796328200503011	-0.05971594108176717	-0.09408803033208256	0.056381559685190805	0.06080476855832379	-0.10855351646181427	0.04758397570787514	-0.002044599688642828	-0.00180568047800868	-0.07874497700046405	0.020021743316150732	-0.020531462361609173	0.04384013750524412	-0.0112866944569796	0.030341986292876398	0.004540557809450143	-0.0005956975128733327	0.04138483186775181	-0.020293584626015382	-0.011063392111971718	-0.04110529043171203	-0.010635547613151327	-0.015459898197388685	-0.037832228659940174	0.0003925738225772124	0.03269205968718283	-0.027174226976819663	0.021679484131841703	0.0062544232961828615	-0.003929431815300721	0.03609270997795399	-0.03428776783433857	-0.013456575606266159	-0.006145874729700773	-0.00787632408482149	-0.020173089060803385	-0.008612369042548996	-0.0031307453887733394	0.02369660727490265	-0.003798896857757665	-0.013199013812862042	-0.022805692913709923	0.025456620431100797	-0.0038288638577581515	0.004762714319547366	0.008316973301201628	-0.006737038819698051	-0.03107092873644044	0.0333960098990159	0.013070838465370322	0.01333346453670473	-0.01193601378965893	0.003388482540462058	0.004487062954013732	0.025365752498069008	0.010268547107844533	0.007796237707110847	-0.007856532835761789	0.013426028003218696	-0.003920746958720583	-0.007910203966223087	0.005650523783893246	0.027383788312862353	-0.01727828484010491	0.011681808616554486	-0.019550472959655105	0.02875347429166678	0.0184964176492621	0.025495276058457823	-0.03623973180271914	0.011518099116419031	-0.023278127761471444	-0.00809001908129808	-0.002610369025501204	0.004498417380585919	-0.015014368056647463	0.01347809734962531	-0.03840472233171723	-0.0015264400436046347	0.005360775851132755	0.00407675475123834	-0.005217916751618232	-0.0028240186355711315	-0.004975076028361184	0.0040609149724236135	-0.01778428091106381	0.00498074897141215	0.008873577889517289	-0.0003223202737473868	-0.0073886257031280265	-0.0037773122584444283	-0.0	0.0	0.0	0.0	0.0	0.0	0.0	0.0	0.0	0.0	0.0
108306	0.2295926681703935	0.03207272890048272	0.16729623804454122	0.10220388722747092	-0.030332875938307267	-0.025334534927421735	0.03550374886666599	-0.022748970169210618	-0.04076584234782386	-0.10172171609850089	0.11355266798507262	-0.010692682343652827	-0.043816508392492286	-0.029533705565809067	0.07285660952404645	0.06115084286383252	-0.041623038581749955	0.0072063804775509875	-0.05923421125381483	0.044653832161464076	-0.054548206736270054	-0.052969990248755774	0.03876288781763104	0.07510254134851191	0.01719687264743613	-0.04361961057011246	-0.015821050106643558	0.0006386847656480409	-0.04489909424582045	0.002854869953857993	0.043209264437116486	-0.059130336348287967	0.04508099445547113	0.038945049203666336	-0.030900151271432617	0.0018123916718429714	-0.04037529089545725	0.017343525591183614	0.04509887373178784	-0.04257257740236764	0.03852922353789496	0.06494558677535152	0.016540151050996713	0.04670858239220927	-0.01289269205503545	-0.04962784810579556	-0.006200860761102873	-0.005483053496110975	-0.003535089087879371	-0.00603433093155919	0.0134310374241595	-0.017483079540951504	0.010159458060640131	-0.027365750028298587	0.029081080530150984	-0.0196138623079328	-0.030472076724158425	-0.01593436697476205	-0.012679450675551348	-0.012607880802817712	-0.0008769699857784384	0.01882886741308193	0.004855856553442472	-0.022703733426374627	-0.04160192994010796	0.0208122713978661	0.01471232974350123	0.007552632455356712	-0.001269294003466047	-0.0038466675219733684	0.026018413596335877	0.0020979103841441238	0.0022371417194163436	-0.015792152733313556	0.00543963174953225	-0.029399567265922723	-0.002254031547066472	-0.0029850040000048536	0.001063512221857276	0.005782343616767021	0.0066294964368972375	0.004182406612573954	0.017660610582033515	-0.03137169998444336	-0.0018587476311837476	-0.00045969257646905244	0.010757174780518635	-0.0026210402660721338	-0.011356289474196883	0.001965832280184796	0.003912449909629205	-0.003864104486406812	-0.0002059929001659942	-0.0015104197613777048	-0.0	0.0	0.0	0.0	0.0	0.0	0.0	0.0	0.0	0.0	0.0
108307	0.30460373289715953	-0.03144377664461112	-0.00030952851627396384	0.08587496832956	0.004151519914412283	-0.05395153877959145	0.06795187670162096	-0.033851285229177665	0.014177466599265755	-0.034115650843500774	-0.03732873043027932	0.007492329976560352	0.007334640588984139	0.06657775186438898	0.09534266838631776	0.08351292613565252	0.02217573983889101	0.07891307829232679	0.12302800115925619	0.04047032510618486	0.005439528820684595	0.06312190941642032	-0.05354737353485241	0.0373560201697098	0.07172043033256309	-0.000821031065825584	0.10049036549072311	-0.037804126165955756	-0.05193717678500315	0.0012052440813378276	-0.0480526805546864	0.008144525596992478	0.011888484845035635	-0.08408005045883916	-0.025761347607928343	0.03237536100816725	-0.015358853657739218	0.01367098428342305	0.014434830048996532	0.01487646510635699	0.01927646241221668	-0.011827276989644489	0.014150226074907159	0.0024232649828248615	-0.05490809902900091	0.040473202885494095	0.0401613253988704	-0.0807795889920008	0.06023902235036085	-0.0014731456939442431	-0.024544813656512374	-0.007661727071279662	-0.011988901766192998	0.008274443462437893	0.009452912364667046	-0.009986075151036562	0.019636573748687974	0.02086166538522808	-0.01745822784138948	-0.031156157470303047	-0.012759701911889288	0.017737728059565045	-0.008897866172681176	-0.036687604128277124	0.012994898242659017	0.0016005069057129617	-0.017433958146212677	-0.012810860807489251	0.013567903920262003	0.005608633658795237	0.009544737404928807	-0.002796386974722338	-0.003274493651039898	-0.01483308971452629	0.004840140958778339	5.2635240089431104e-05	0.007173784345328434	0.005489403238657129	-0.002507378615688608	-0.007182443973805652	0.0013373332869796681	-0.008615152064982062	-0.004343019025099573	0.007061701145256723	-0.004705892246821505	-0.00382869009081192	0.0006715677612530416	-0.006449691578871685	-0.0017386541586186367	7.130148761692689e-05	0.00023080243916605173	0.002717681409360006	0.0012061663310727329	-0.00026940284913718203	-0.0	0.0	0.0	0.0	0.0	0.0	0.0	0.0	0.0	0.0	0.0
108310	-0.309906315026013	-0.1795598430764209	0.048112549818350135	-0.07406457816471293	-0.16029011190449785	-0.038207384946699535	0.05447381767832493	-0.044400842163597104	0.0026235635625369617	-0.03528121496155683	-0.03478420176437936	0.02973103364291231	0.020751712830898477	-0.14470513453405792	-0.043654562436999354	0.00472315279645904	-0.03929013251400458	-0.05454068955682281	0.02427143231855223	0.05982975258131465	0.02823941127424992	-0.03287269511511491	-0.006594695906310706	0.06663051519795425	-0.04596652607223348	0.0592657274266287	0.010438732155640371	-0.017671286321184535	0.025508570526869258	0.019692345126843935	0.043148176628520406	0.007267244691923019	0.014635101796480404	0.0361250261442367	0.024850561661438543	0.09090076473734265	0.030598503524005928	-0.024928498790221125	-0.027695291284152983	0.0005556398183561202	-0.005323449593626116	-0.004365506534402879	0.015965127939663575	0.014427977015292769	-0.03420192553500121	0.0038018456783454513	-0.0599562475224851	-0.035104353620489324	0.0284298434639446	0.023097975962224238	0.009902780407153098	0.016021168058879435	-0.006773280904081432	0.008811772954070969	-0.00636534581262983	-0.007854254808654338	0.02422578963423469	-0.02663238336033186	-0.006252383054371782	-0.04079642407364159	0.051925664887650665	0.0052077582044418496	0.025032310595707128	-0.008780589797510048	0.010655809242844013	0.013849205690720828	-0.0019447260205348762	-0.004218136593802627	-0.009443829887544069	-0.004738463260209942	-0.0010533152182412642	-0.008451023069930725	0.009120408360353225	0.0020949394402962314	0.0012263868973933798	-0.005051459694968786	0.018810161902537637	0.008430569635105547	-0.02136879239218669	-0.021138181651571306	-0.022479624927316595	0.0031651449422381048	0.018711288480149982	0.020543910663591985	-0.00566689620327273	0.0004390743604191109	0.005504565305810142	0.0041819612111789065	0.0072686987572054464	-0.002632407508668623	2.5443858589796004e-05	0.0071175929342943865	-0.001350737735884528	-0.0011625850109829214	-0.0	0.0	0.0	0.0	0.0	0.0	0.0	0.0	0.0	0.0	0.0
108312	0.31467333198230757	-0.03764070161081224	-0.029785754245298203	0.05367971245545275	0.019600598730931576	-0.010668260463321411	0.03333087943537818	-0.010571768679554804	0.011406925772795212	-0.058607324937310724	-0.06374475440886304	0.050881458984613916	0.01968630141011785	0.0022072615750959187	0.1047459906261485	0.05354537569004464	0.012584148085603118	-0.000189423115862289	0.013826076012564525	-0.016839166018558577	-0.00776782317718619	0.024528005585275528	0.09823973164729503	0.01822581010557314	0.020065845180937278	0.013964541546891541	-0.022410290233130854	0.020608703659145914	0.11469604647961881	-0.02388463826761943	0.0014722207800937444	-0.01763142690329877	0.0408313161971848	-0.02284133166771195	-0.015231252618924936	-0.009825679655862538	-0.013531712273305805	-0.031698639956112884	-0.032102599219897596	-0.01748179855617371	0.031339861859594836	-0.03156335636953841	0.0176024797451963	-0.00516879988357838	0.02979117261506247	0.025461268953490733	0.010882603474526296	0.02835812908689998	-0.012211969996899386	-0.018499282353664756	-0.04324429796516965	-0.02091257228520189	0.003380206338159101	0.00616405473068431	-0.016796282823375135	0.007451318260213486	-0.057840943164236824	-0.009645375063458233	0.0054408310462999	0.018907522937679666	0.06357991580524984	0.019613911448606386	-0.015176036801168285	0.02138626033952347	0.01883810652812485	-0.01789044957825171	-0.0033357678076433826	-0.004770292410802609	-0.006265431088229905	-0.005345741105446638	0.0058112365075475465	0.0054615644973271425	-0.005858154187866763	-0.017188526069632403	-0.009909711517194091	0.019193810633432628	0.025984636020729483	-0.003986455705258385	0.035539011111965293	-0.027911459274870744	-0.0371105585956515	0.021945034590495526	-0.007091831440335528	-0.0058345988087061245	-0.006916733122951851	-0.018690885497021883	0.008925381892350244	0.006687868679033179	-0.006802952838478093	0.0011805269921707495	-0.006300144916687017	-0.004004149643118831	0.0030688979865745943	6.571668610129868e-05	-0.0	0.0	0.0	0.0	0.0	0.0	0.0	0.0	0.0	0.0	0.0
108313	0.32987299416647525	-0.11115596016388798	-0.10126491591412012	0.07974132567748773	-0.008628979321352807	0.024568976783494716	-0.026371403163834708	-0.023740386306638248	0.008797474694825273	-0.030843377374750673	0.04282955517445255	0.11413612700011916	0.04356620442215841	0.02820255824184996	-0.02080508824269958	0.03886895979889228	0.053060245009260223	-0.04394501742725431	-0.07871105067837852	0.006176422896082497	0.04995997586283647	-0.04148417328154992	0.03288035105155855	-0.0018009047536130393	0.04764926523869218	0.03834335279088592	0.01662432873176752	0.006157678435456508	0.01149674095582182	0.008763647541673936	0.04014225314896778	-0.07249125209745676	0.025564445931410995	-0.039920123780364726	0.030147994508655056	0.010578672375161004	-0.050042680768960124	-0.020864573637972613	0.018705003188313845	0.023831554399328672	-0.08986035846393813	0.027097118589773067	-0.018398596319088426	-0.06797647480393104	-0.025085189323169513	0.03482357271435778	0.045334693590880534	0.01612625480703816	-0.005773168953398748	0.046115386962636444	0.034669733598526264	0.013211432571333937	-0.000749347196765413	-0.009191802725330345	-0.0053305821170331145	-0.02660213674301499	0.005790594034854018	-0.01029769519188758	-0.05623580145472049	0.017297996636940646	-0.015028782498191989	0.015761450811430645	0.006385981692284102	-0.004235773661113202	0.012497400350603701	0.007124561804587799	-0.025482645104048397	-0.03788050791651122	-0.03511144968944355	0.016015530894374602	-0.020282238207771017	0.021234391603139464	0.029922488049650205	0.0011088189918201767	-0.016549701128505328	-0.009150381110329916	-0.008648725391754259	-0.01828233072482334	-0.005185553157847964	0.002225449813106616	-0.00773390911474436	0.0058368320583294655	0.0020118499833784746	-0.0008662587401033782	0.010097498435063692	0.022187142183624466	-0.003147650908269664	0.005486391598880523	-0.0015403169960995695	-0.003176063910461231	-0.002916287981563572	-0.0019812288218862537	0.0009838245442783632	0.00047199126385546704	-0.0	0.0	0.0	0.0	0.0	0.0	0.0	0.0	0.0	0.0	0.0
108592	-0.07189034948483483	0.1479475006166703	-0.08017515404032992	-0.00268120527088716	0.03726605241162045	-0.1917344944337057	0.17028547188061424	0.024671365083023956	0.057505735611016226	0.007418539372459529	-0.06630547068639636	0.038568153407576244	0.19620429484820368	-0.0514891923078934	0.004659422896736938	-0.045291611470173965	0.03899391795545656	-0.03240500798925368	-0.06638978295848812	0.0046959318484736294	-0.027730308824058	-0.0009578777192341358	-0.0039032498672412837	-0.019814686258315773	-0.038464231478527115	0.009928472507197283	-0.0021590268368418554	0.03358121962632978	-0.08666138737261564	-0.0075400291876133625	-0.046204324349558804	-0.03055528566104286	-0.011832326759676378	-0.0032020770677715156	-0.02955717567342493	0.026859537058691183	0.007849218900851562	0.006238105849223581	-0.008586294538349623	-0.02760688028239369	0.026988995838031837	-0.019284351876648845	2.1004339957731817e-05	-0.023774787367387824	0.0047454858176587365	-0.01663460700707069	0.03858813762993949	0.0023407306645402194	0.01498979093293759	-0.002000393555368321	-0.014723565078367208	-0.024029202958381325	-0.015248370336770237	0.019040865333692054	-0.00014104971572395926	-0.020766887968728172	-0.02045662760513408	-0.01946996127515994	-0.0003128798287009523	0.0063229649828380145	0.01113790002234662	-0.0122612580101999	0.002036671478407997	0.014235631748900546	-0.027009252770699037	-0.021330167001239114	0.018050617983984107	0.017825864929307888	-0.00863193368179885	0.007285737075552285	0.008588716156486022	0.004922450936156689	0.00430690464618953	0.0003955693363903302	-0.001398737572964125	-0.002711794301863155	-0.010859918431595542	-0.004745753470689097	0.010373784293103074	-0.002256517239528184	0.008112073537713732	0.005655780022399211	-0.0003567930374029959	0.009891997580769528	0.006953247513866082	0.015711105484998426	0.011623157242152727	-0.0040903578446130524	0.006636919363843304	0.007124748614203638	0.015202916673025991	-0.006329512786213863	-0.004799857291102409	1.8161966352825937e-06	-0.0	0.0	0.0	0.0	0.0	0.0	0.0	0.0	0.0	0.0	0.0
108594	0.2972862582996496	-0.059436814732139236	-0.07858732508162815	-0.03348629829869919	0.060162373117729824	-0.054878175406504685	-0.021460381152081157	-0.0625326169481435	0.04784509431062704	-0.009708807402566223	-0.04356778881242007	-0.023029761125899297	-0.04026012200244867	-0.008207171351648047	-0.008072618685545655	0.09599940385913164	-0.016482540345531583	-0.013798910066844238	-0.0464636609187628	-0.03934398993858903	0.053992145039275234	0.05018553120844227	-0.015524820288088678	0.037813126044386455	0.08640668339665268	-0.03538120209672401	-0.06292368119120975	-0.049621335577475924	-0.07388789732245328	-0.017648573713141144	-0.002231895465974487	-0.01390401675783756	0.014104262948429093	-0.03295224987710609	0.036967633510717295	0.05030080125887427	-0.011162112486841208	0.01884561669774592	0.012069476961110364	-0.0043375472170630374	-0.04785211195383501	-0.003121274665602725	-0.01435296038791691	-0.01792275735657365	0.020675608521904844	0.05759305937265938	-0.04729766796655081	0.05802984836654462	-0.02010592657448904	-0.013193032978527081	-0.05764961935651567	0.008245081841590077	0.048019647438435446	0.005734105164775494	-0.016229270378010842	0.03186778174029511	0.029910283512846754	-0.0030061583897309802	0.024038505931610093	-0.012945289473160737	0.03760387023443316	0.012835684763505202	0.013285077228842767	0.017707171584740774	-0.042258799302316685	-0.015010732872916857	-0.008472323792057555	0.030139841095101753	0.008168536568593641	-0.030897320049227565	0.0013578971806082437	0.004864504382078548	-0.0037907926166788762	-0.009164760153590246	0.020357777253415244	0.011579576223866194	-0.011817764620879431	0.0049856970640243334	-0.002796822811129529	0.014061722906022428	0.011486191604036222	-0.014961001989280676	0.024173588317172007	-0.0022382398905630005	0.018070125444426564	-0.0002764419438112928	-0.0014657410349042854	0.000369155032432615	-0.0023312617984222223	-0.00706952185583161	0.002606339045383392	0.0028684091744581807	-0.002630739749832112	0.0008610482776006625	-0.0	0.0	0.0	0.0	0.0	0.0	0.0	0.0	0.0	0.0	0.0
108597	-0.36795586887478354	-0.2698735080165661	0.13521385284504053	0.0030078804806894428	-0.022968538336096612	-0.06316463107576334	-0.1318224794648321	-0.04731675370026861	0.013774568185092453	-0.027576232918827704	-0.019123946915530918	-0.004878439082312534	0.06882227606256106	-0.08484309832995642	0.013110815411784549	0.005557437057558021	-0.00785219957517716	0.01565401830541662	0.035370053857006735	0.07664735264737207	0.032711231844595914	-0.07245182004288642	-0.04627891182100237	0.021940959820243487	-0.0038483738558116112	-0.004129571645235782	0.01862273181150574	-0.05251105905243925	0.04556531226465812	-0.0425401727116937	0.014438106249112922	0.016000918996560358	0.02070591674111359	-0.04389610193515784	0.002188077751160413	-0.032507214942032216	-0.0004656116463588965	-0.02369271416810484	0.001036185294587957	-0.004375943039805376	0.02072725567593894	0.012178810753004646	-0.03436685215710311	0.014836103272724431	0.01875603783085674	-0.018055338887686023	-0.0034742671618614575	0.019266242231788976	-0.01514816821274583	-0.02407902022340968	-0.02409787613925451	-0.003231402826038563	-0.012024346740240069	0.025001623462874677	0.008708818512115449	-0.0260737043406048	0.01073176351106776	0.014815027855278905	-0.024346850478907917	0.003750609142720701	0.006453567901240012	-0.017782402602287337	0.005314625220073101	-0.002606430328157625	-0.00044877012409690406	0.03171537424360977	-0.005973798082877715	0.01287361360137949	-0.0009856133698634027	-0.0007264933006890237	-0.011545957862445297	-0.0033138143863487473	-0.01148578160761684	-0.0018259452902205915	-0.00027969022502327576	0.03184738190524245	-0.0009038379256501452	-0.030350291090565924	0.015057077641075577	0.04055551607472336	0.011366145061853995	0.0023630359035089754	0.016163176977402653	0.022048188333454167	-0.004610255223917568	0.004544972932881342	-0.013936749649540144	0.0013234272895909893	-0.009869852766158468	0.010802553934870328	-0.004510129554282648	-0.008149879434105221	0.0027915057681234577	-0.002407853736103519	-0.0	0.0	0.0	0.0	0.0	0.0	0.0	0.0	0.0	0.0	0.0
108598	-0.24062280677907746	0.15233934541924887	-0.06712882459743706	-0.03900490846428856	-0.03327160332134085	-0.09196912179987574	0.054594631789865636	0.07317447863124234	0.0811083138551437	-0.023708767181556713	0.04395011765176233	0.02048489564426397	0.032060805632178224	-0.03552616990305371	0.0031767989924364626	0.022748786349372548	-0.04971727083891311	0.033507492639708265	0.015439237872513013	0.06537461301665302	-0.02040344090186759	-0.023481793218496333	-0.059129334143903735	-0.0184588150182175	-0.0013631227435078057	-0.05432009035498796	-0.015822681785916528	-0.030337976643788196	0.014394441139192393	0.011316573599753856	-0.004569541188003971	0.032204087003309394	0.0006522708995901878	-0.024438012456407344	-0.012805543902458996	-0.010756471637613587	0.03081145993023722	0.05661173764146344	0.02819222739192673	0.009959825288381038	-0.005843491977879149	-0.05754253062725776	-0.01530882676757889	-0.03302410147264625	-0.01856749466083355	0.024243727977142575	0.02942516819699012	0.04192947310902527	1.252362930433827e-05	-0.016646781587968767	0.03281479830975972	0.012318559669733263	-0.013635247240496763	-0.032909388475805545	-0.010899738204302461	0.008607518054312467	-0.02461718247291684	-0.0031669971633920477	0.008080410150256272	0.007535617974162435	-0.0044582036260004355	-0.006112920214958084	-0.009393775224895625	-0.007392278028841895	0.0031538918407623545	-0.003011289188055266	-0.003131741773953266	-0.0014213671622598015	0.006418565836412627	-0.0482057004474562	0.014835448491282684	0.010064188772574884	0.029793550541031995	0.016902960673775152	-0.00036156567628421136	-0.014555389339337758	-0.003406945479462785	0.016915916279794285	0.0004593912878308579	0.027538875266647417	-0.02397384799851031	0.025494681182520414	0.007471142738339493	-0.003289253776323359	-0.0019164511829736011	0.002309789297547999	-0.007910962939273498	0.003001513556019249	-0.012653055123804371	0.022204860194492946	-0.008058595113530178	0.008097215227615083	0.005008770396940679	0.004522834026629494	-0.0	0.0	0.0	0.0	0.0	0.0	0.0	0.0	0.0	0.0	0.0
108600	0.29895191013262035	-0.031896188520836324	-0.0979181300292655	0.07667788425233232	0.012879611376695986	-0.011633608284946109	-0.010337155419973286	-0.14067719307371565	0.006272185127013959	0.0837722046246799	-0.00153752813359503	-0.02501146793647219	-0.02308797630281552	-0.01038643022532653	0.014883829059210053	0.04503389587951806	-0.006821387853347301	-0.02205636116236576	-0.014961985375242553	0.02274405745955044	0.04849779980892164	0.036391944762272393	-0.07080286611955863	-0.05251368750212605	-0.051108255630901905	0.02473086212323454	-0.028178352573013446	-0.029645661100311547	0.023069060380575147	0.012977843545966818	0.013025402880417309	-0.04231541206920414	-0.06991402578925879	0.02202924120525001	-0.04265344247901188	-0.0043525144148461	0.01923893265098112	0.0273108945168057	0.06888558092636081	0.016991081830176044	0.006325410760034195	-0.003190662888618763	-0.007830748044426648	-0.014955520395116084	0.02035862190605545	0.005000848037695936	0.01464265361968525	0.014901623488440627	-0.022739018949506484	0.06068409246932159	0.014497886721334858	-0.03365668388895661	-0.02877458134795405	0.01759884566920359	0.006306181623746811	-0.0027436894661844874	-0.019076111818262593	-0.02881558500328718	-0.01850171805463883	-0.03827332847267926	-0.016167470906662422	0.030174388670344773	0.02661733514158728	-0.030112565708481663	-0.03523450996025914	0.022013400602553315	0.02748095466724536	0.03111098707319975	0.011352616196406392	-0.026465790137577702	-0.045090696798502757	0.00405273611987643	-0.022840281880479506	-0.0077046807989480225	-0.02484881448214045	0.0038784397328735874	0.027639832254443563	0.010469785666147577	0.01922023604335688	0.00964079259659389	-0.012620370547871664	0.002068821203574836	-0.024618869855016556	-0.0004887499096537197	-0.01467469950705483	-0.013395125189705164	0.00014132004356467713	0.00226025121998235	0.011122435537177679	-0.0030897123424711574	0.0006874513296261981	0.0011110671024026817	0.0007153700707320642	-0.0007700922433901048	-0.0	0.0	0.0	0.0	0.0	0.0	0.0	0.0	0.0	0.0	0.0
108604	-0.2284204587129951	0.1515840649551698	-0.07633325784721962	0.032040111162123734	-0.045657656828795225	-0.2047398651076661	0.10089988344638548	0.10549973632442423	0.029585151126946898	0.015034352195706695	0.0029794755486614497	-0.011239011997308989	0.004448303979490189	0.02906296845477655	0.012182889716925011	0.01715065785335456	0.0573781095302774	0.007810403196985381	-0.019081398683672122	0.005595065658074008	0.03644554266596457	-0.03519771270771691	-0.012816344563327054	-0.01472823490121301	0.042912058499349086	-0.019604899120955265	-0.008357713512010595	0.010411010957732949	0.006187316889128886	-0.025728227624835728	0.014916447072998346	0.0075622617407334	0.03851050740357331	-0.03276307525215501	-0.06046618918478885	-0.04055189108731759	0.026008545753450296	-0.03689565315268183	0.01085194875855718	0.042886876723760396	-0.012556630953188973	0.009052769174856245	0.045537840479197164	0.026295547486635956	-0.033876862913243364	-0.04026619323605018	-0.026463466520950506	0.009973743387608756	-0.026539979203182348	0.03403726129523852	0.013496747413298085	0.002487519104001894	-0.01205842621997488	-0.019509418723269573	-0.0023127430837304236	0.051306502270160044	0.005774526892060907	0.02931826163993504	-0.0002095162093549104	0.0014209359134719612	0.016051428219499498	-0.02545882147310733	0.018667018776765455	0.008807073090271365	-0.018960002236131444	0.032975746788037774	0.014552648906101648	-0.007251572932534289	-0.019929061487429806	0.0021075262347046036	-0.00790349778893244	-0.008627150366315594	0.000431749051469858	-0.0018917270555043688	-0.020837828809105383	0.0009647273135398232	0.009759703278231632	-0.00941540949753459	-0.022071131056853995	-0.021156132928393193	0.02416945800794114	-0.017244160165966714	-0.00025231352374102185	0.010563131967032484	0.006332624675773324	-0.02120708978185855	-0.0065360699538098725	0.006667363804941879	0.0012307376011366047	-0.014333457400657204	-0.0070584354248988445	-0.007217012050105815	0.0066329883068334825	0.004777393619509998	-0.0	0.0	0.0	0.0	0.0	0.0	0.0	0.0	0.0	0.0	0.0
108605	0.28202833164770663	0.018392674397997678	0.07908696284755189	0.03146390518754881	0.0379196013667507	-0.016423217033853504	0.060703069943768284	-0.021088525225396774	-0.030052332096702918	-0.07733635366542067	-0.05874071036137053	0.015623279565588644	-0.007291986548490677	0.020238017979911677	0.0875015525714604	-0.0038869250755173964	0.07123415900699478	-0.014711544502383123	0.02251169186833671	0.05415538888762174	-0.01740086034004517	-0.011347432914148019	0.05452292869020172	-0.007559919378864474	-0.014451398930743167	-0.019663957558052125	-0.007762569279803678	0.012617135233667112	0.014290612272533218	-0.052672285417173094	0.037503125639812604	0.05335468114237742	0.0006121647103905691	0.0527534378364456	0.01697751796800244	-0.0023120568056570825	-0.006677282749624444	0.006798550348042533	-0.03010833078001295	0.0349981431820084	-0.00756678107496294	0.04597736231032571	0.028401469971440132	-0.061213150623537195	0.08041749284133662	-0.036290692384054433	-0.005683916383678916	-0.011109794272723511	0.056396907905666135	0.0351547303013357	0.004124088874816819	-0.03974111077250314	0.0127730173074281	0.026091513819556312	0.018101985798657464	0.06840983053055195	0.0343078042544428	-0.007562384801730007	-0.0012168890607766266	0.001771064692741619	-0.017888324992603136	-0.004906710489643253	-0.023532163366563844	-0.027796082260168286	-0.01222705194056388	0.010562335721592753	-0.010212812474758231	-0.014716189971409758	-0.000672801997512533	-0.02111438719033728	-0.008554293643919004	0.0012328330290021644	-0.006219864886385901	0.0624389358319237	0.029210432803299418	5.7638303695427536e-05	0.00015145790297213914	0.003562890165565298	0.009819481932296655	0.01935306936395323	-0.003944320276050989	0.002720049511343059	0.001462782174188638	0.004040474436692999	0.01850031919025823	0.0011862105038290438	-0.008125141513371813	-0.0021338772400275492	0.008272694477209167	0.003758001762647696	-0.00042596254284159806	0.0022650870960428224	-0.0011837811396604484	-0.0002442457178784489	-0.0	0.0	0.0	0.0	0.0	0.0	0.0	0.0	0.0	0.0	0.0
108606	0.31394602148218265	-0.1602043306998878	-0.1215812408652284	0.17276410968507727	-0.039892743766540395	-0.05426225108060731	0.020371690376231218	-0.06533149930295325	0.07655074177468482	-0.026234437471823427	0.1243456557454629	0.030814548957574874	-0.03561359832144775	-0.08190574430734526	-0.07541948030615737	0.023781158151265643	-0.008285501504033002	-0.01805307148321054	0.04919707687784705	-0.03382976395025507	-0.06386658759423752	-0.04838864484033646	0.040976095702918665	-0.031821257430458834	0.0482501719387023	0.0065641062977500435	0.047008064600560874	-0.049316542713756815	0.02124620809776444	-0.04612535702866008	-0.17984960469463437	0.010264196359469341	-0.013639491497244858	0.04115308256137335	-0.012959954568832486	-0.0007816994867203716	-0.02852677622935453	-0.009560919898194912	-0.021010480721527478	0.0384726844704139	0.020138080906118384	-0.039227399537761505	0.02510607825424149	-0.0017841221739606714	0.03309487826215899	-0.004561350371759267	-0.06454537917374199	0.03446258577114984	-0.00392710393126662	-0.008251721092230073	0.0271593495221976	-0.015497986648719885	0.0026273185830026705	-0.012519269203308708	-0.001905448859505396	0.003802762998628606	0.01191578025381168	-0.013071341368333687	0.004455539769585883	0.010880385000544933	-0.033889154336351035	0.012226549311982493	0.022973302120154488	-0.0007370128044349466	0.015199984404190344	-0.0042998097852825524	0.008478816175447948	-0.013113688183739982	-0.002840455213641816	0.01767817335043093	-0.002164760363167547	0.014044931908140547	-0.014722031145983194	0.0009749628451686794	0.00283358402305444	0.004087071361275822	-0.002050750223332362	0.005512126783031456	-0.013673454944606114	0.0017974274069429649	0.005147138108886038	0.00931438136029619	0.0004443168246887378	0.002544637328702744	-0.00015475492499012606	0.0012361547721382279	0.004804015868953377	-0.0025235088927120083	-0.001956373624626805	-0.00077078061871469	0.0014501222731397763	-0.0021471683900943744	-0.0024569125701991656	-0.00011682375698664834	-0.0	0.0	0.0	0.0	0.0	0.0	0.0	0.0	0.0	0.0	0.0

Biplot	0	0

Site constraints	0	0
