Eigvals	105
30.029384727736876	11.264728243795464	3.7382583303983967	2.211737679937882	1.8447643381340946	1.4982196120638709	1.300391150591203	1.0506198507935056	0.967183211044713	0.7236156566103783	0.6000391731517162	0.513679582616199	0.44733268472016685	0.42847655348005276	0.3664253930139657	0.35528631878210715	0.32354477236879975	0.3110992324738421	0.2607018294064848	0.2070849669062419	0.19876924581489852	0.18937126505781843	0.16776510351696028	0.15598599916419242	0.14677849515898	0.13503540649006074	0.133038322012491	0.1247668918452518	0.11093148972608269	0.10494310232725812	0.09793825725622429	0.09061483683316662	0.08569294644097003	0.07297774067437357	0.06198647090008513	0.05886488713840943	0.055559605511208754	0.051422111922855396	0.046740509528466645	0.04196582284227368	0.03928724169491282	0.03650603310061329	0.03460928132842611	0.0300355381410351	0.025042184943539048	0.023803436513828213	0.018751120007150734	0.016000462523385606	0.015078764705879988	0.012848809076472567	0.010505353013868346	0.007649632340400725	0.006761680122074676	0.004682267137716023	0.0025631084580507446	0.0018569556743713855	0.0	0.0	0.0	0.0	0.0	0.0	0.0	0.0	0.0	0.0	0.0	0.0	0.0	0.0	0.0	0.0	0.0	0.0	0.0	0.0	0.0	0.0	0.0	0.0	0.0	0.0	0.0	0.0	0.0	0.0	0.0	0.0	0.0	0.0	0.0	0.0	0.0	0.0	0.0	0.0	0.0	0.0	0.0	0.0	0.0	0.0	0.0	0.0	0.0

Proportion explained	105
0.49341983132537465	0.18509337971369855	0.06142419538593271	0.03634157818634637	0.030311753531081776	0.024617596230338618	0.021367030593506184	0.017262980053227687	0.01589201314583118	0.011889897793986583	0.00985938374327292	0.008440389149087816	0.007350227779961118	0.007040398285274451	0.00602082118077119	0.005837792451463665	0.005316239691749796	0.00511174412011555	0.004283652624196099	0.0034026614386980587	0.0032660238840015216	0.0031116034680655786	0.0027565875834666513	0.0025630423698166905	0.0024117517218606803	0.002218798290320502	0.00218598372901666	0.002050073928834538	0.001822741206507608	0.0017243446150679638	0.0016092463703071436	0.0014889135395604563	0.0014080408094283444	0.0011991142948991778	0.001018514175141419	0.0009672227035671983	0.0009129128494771866	0.0008449287263596235	0.0007680042244187587	0.0006895502327471687	0.0006455378405551516	0.000599839152822385	0.0005686731816250378	0.0004935209394958954	0.0004114739873257167	0.00039111982267052377	0.00030810403060121076	0.0002629073352983045	0.00024776270327304283	0.00021112178170567639	0.00017261590802187198	0.0001256928949201989	0.00011110274471353328	7.693542449367058e-05	4.211503347492498e-05	3.051207222306879e-05	0.0	0.0	0.0	0.0	0.0	0.0	0.0	0.0	0.0	0.0	0.0	0.0	0.0	0.0	0.0	0.0	0.0	0.0	0.0	0.0	0.0	0.0	0.0	0.0	0.0	0.0	0.0	0.0	0.0	0.0	0.0	0.0	0.0	0.0	0.0	0.0	0.0	0.0	0.0	0.0	0.0	0.0	0.0	0.0	0.0	0.0	0.0	0.0	0.0

Species	0	0

Site	105	105
108136	0.8201990634932879	0.3510035620810643	-0.05918510789370774	-0.0061393299999397246	-0.07066393548442744	0.048120882753538624	-0.030056432955640342	0.06162842779505895	-0.02020477110828565	-0.010299780060197893	-0.004320599813753212	0.035001564427870134	-0.06023514688668503	0.04338241827610523	0.02196977797636104	-0.03214250863569311	0.004390450666350671	0.0019355046478267462	0.046424592363859825	0.004965729997925971	0.017518278498355126	0.004783940924664897	0.001539313655143256	-0.005075624219955054	-0.0015177179052205743	-0.0027490539332979723	-0.018427461335533676	0.026886106707202904	0.01593421309575163	0.015853668044394836	0.024955951907938576	-0.026162796470568173	0.018198637884559787	-0.021391568434547155	0.0009605729739094071	0.035474325318823476	-0.030610339114992176	-0.007264827980853422	0.001966212462379873	-0.030923349501786487	0.013789591411223144	-0.002703363015991498	0.008170753967358465	0.0030042958076642676	0.01756415291348747	-0.020069923540663764	0.023897030330297945	-0.011303483262473862	-0.0008657833320723876	-0.026538362964709655	0.02929887176671053	-0.005771189335469148	-0.012769199732534743	0.01710381249347857	0.00893802292980999	-0.004954334224370546	0.0	0.0	0.0	0.0	0.0	0.0	0.0	0.0	0.0	0.0	0.0	0.0	0.0	0.0	0.0	0.0	0.0	0.0	0.0	0.0	0.0	0.0	0.0	0.0	0.0	0.0	0.0	0.0	0.0	0.0	0.0	0.0	0.0	0.0	0.0	0.0	0.0	0.0	0.0	0.0	0.0	0.0	0.0	0.0	0.0	0.0	0.0	0.0	0.0
108137	0.11102876634059099	-0.5396781379820133	0.2776922455210532	-0.37527889525267816	-0.1750313985595684	-0.05926989627538983	0.11279878347626202	-0.14845038132579708	-0.0709956634725248	-0.1925323003809456	-0.22489617354040137	-0.03415830285330757	-0.04845219531605446	-0.07263633189480623	0.01982343803415655	0.12293885671077448	-0.03391712194010492	-0.004714619903524941	0.04146808695096819	0.007735213206717673	-0.0077363205255519705	0.00970261571585723	-0.03451857830888905	0.007881063000179345	0.07172248742438903	-0.0025840266439666414	-0.010674050880274169	0.007886040507735682	0.006306093527113575	-0.03244951130656388	0.03684315020282914	-0.011374411032593533	-0.011096175798745746	-0.03182904562781791	-0.020146179707284904	-0.0017946458513129013	-0.022131720753464503	0.010665409220261478	0.027504726447716222	0.0005009476779601334	-0.00039781625019044567	0.0009728664013759951	0.005639933987124343	-0.012439744844026823	0.013324379411065491	0.0063826052598197364	-0.012828976476866162	0.004295935461927717	-0.009341491312197778	-0.007583943393179488	0.006535746772988141	-0.00020296009389744353	0.0043044783953404666	0.0012645381403539302	0.0009401010538081917	0.0012341084017242316	0.0	0.0	0.0	0.0	0.0	0.0	0.0	0.0	0.0	0.0	0.0	0.0	0.0	0.0	0.0	0.0	0.0	0.0	0.0	0.0	0.0	0.0	0.0	0.0	0.0	0.0	0.0	0.0	0.0	0.0	0.0	0.0	0.0	0.0	0.0	0.0	0.0	0.0	0.0	0.0	0.0	0.0	0.0	0.0	0.0	0.0	0.0	0.0	0.0
108148	0.6546477423891832	0.1740997542120672	0.18276045303261876	-0.058814366421078096	0.06497777180513432	-0.05960778428255107	-0.07110459906314644	-0.21923226252222908	0.09614389173173085	0.05081159661776028	0.06147699748269096	0.0475592857613623	-0.08766805976413823	0.020924387805589143	0.06603661617937057	-0.019958388905313318	0.02450213591359286	0.004474829963250573	0.027470969904212314	-0.01271581190487503	-0.003454070934149644	-0.010662816345206152	0.05298168115729097	0.04424496425914038	0.05148471480186493	0.03837653827054558	0.0017422411238080028	-0.03425096333993736	0.04783791711264186	-0.016227566644858256	-0.00465034986205941	0.0599131347082419	-0.01745369174593259	-0.027662329782999675	0.021566239036859444	-0.003185919238712964	0.00633385639308706	-0.022733563773790055	0.0065814843120476346	0.016452994999043017	-0.03907907544631136	-0.013005119266680775	-0.04069032751298321	0.013814503501340848	0.027259053727607042	-0.02529391119387037	0.003985007444496742	0.017452643299794967	0.0032713198149146735	-0.005195598515833033	0.015132944781522424	-0.010253426347702942	-0.004516745572980706	-0.0025949351110988368	-0.0015691895157607797	0.004648021348280648	0.0	0.0	0.0	0.0	0.0	0.0	0.0	0.0	0.0	0.0	0.0	0.0	0.0	0.0	0.0	0.0	0.0	0.0	0.0	0.0	0.0	0.0	0.0	0.0	0.0	0.0	0.0	0.0	0.0	0.0	0.0	0.0	0.0	0.0	0.0	0.0	0.0	0.0	0.0	0.0	0.0	0.0	0.0	0.0	0.0	0.0	0.0	0.0	0.0
108149	0.39075791760087925	-0.8366852286308798	-0.27105905462285607	0.09682863201488907	-0.0074947437199810694	0.09718240147753528	-0.0357409050903446	-0.013507046340944332	-0.05803100104231584	0.03232994914210698	0.09000645228349727	0.04804939784297613	-0.05743732759584085	-0.05004098739613613	-0.15670153602480233	0.03353771930599826	-0.046386317972678885	-0.0057375220292746896	0.05509267093199481	-0.1032660644122255	-0.05222696444076315	-0.03935287380287958	0.009818508533094569	-0.022626584655426905	-0.021467889228550585	-0.002804082951091972	-0.006284629207126743	-0.012293471584435507	0.023520215100562705	0.00014574564501658194	-0.0023769559121626133	-0.04918767543068026	0.017351316236549372	-0.021073503131359805	0.009718025722653767	0.014603880573885456	-0.007249046295407548	-0.006539552742030527	0.030725575996203264	-0.021688722032673708	-0.04009072610472809	0.024054512492025667	4.4134508249996805e-05	0.00605135602134829	-0.00998646356128057	0.0020513762007467145	-0.012842119514663844	-0.007417527461104683	-0.00011158541895648437	-0.0030440237234368437	-0.002194070420127196	-0.017403806775251374	0.009334966215099588	-0.0005166891567064049	0.0030781312567014214	0.0019728063590779233	0.0	0.0	0.0	0.0	0.0	0.0	0.0	0.0	0.0	0.0	0.0	0.0	0.0	0.0	0.0	0.0	0.0	0.0	0.0	0.0	0.0	0.0	0.0	0.0	0.0	0.0	0.0	0.0	0.0	0.0	0.0	0.0	0.0	0.0	0.0	0.0	0.0	0.0	0.0	0.0	0.0	0.0	0.0	0.0	0.0	0.0	0.0	0.0	0.0
108150	-0.6331381933381794	0.08610576343911197	0.010685295374343647	-0.03425841521133399	-0.3934685543397002	0.01474783859224344	-0.12595916210464422	-0.08425623521686737	0.06187362700809222	-0.16050502737915887	-0.04045895806271714	0.02876613180113116	0.008859888480212677	-0.05582619104070638	-0.025761933467552706	0.09809259311645918	-0.05553245232870019	-0.05543550367714177	0.11254682984535143	0.00601482864282712	0.03116766476860653	0.027005535106321903	-0.04998084236624569	-0.01140481075063337	0.02080213069208046	-0.002077054215345513	0.057486646928231036	-0.015043523418373736	0.0008376991311236338	0.04278456779212473	0.03746985040679444	0.006755435890748933	-0.01875986744732019	0.0368419587422849	0.042033240894145604	-0.03732845007520983	0.006489121179858482	-0.006383117172732445	-0.017765446860453896	0.014141033838042587	0.0024321321925812964	0.005717415421721861	-0.012418649623047976	-0.01127485894046542	-0.012583173578848758	0.00832742862115695	-0.022811827517986005	-0.020477065510284678	-0.008668732494286817	-0.013888175930872305	-0.0017518742452667581	-0.002230481896665005	-0.006427951786935635	0.007122539208210394	0.005119559636291445	0.0037340655793696763	0.0	0.0	0.0	0.0	0.0	0.0	0.0	0.0	0.0	0.0	0.0	0.0	0.0	0.0	0.0	0.0	0.0	0.0	0.0	0.0	0.0	0.0	0.0	0.0	0.0	0.0	0.0	0.0	0.0	0.0	0.0	0.0	0.0	0.0	0.0	0.0	0.0	0.0	0.0	0.0	0.0	0.0	0.0	0.0	0.0	0.0	0.0	0.0	0.0
108151	-0.5129758112094366	0.0876106841032001	-0.005701265943362055	-0.02544015201432836	-0.023675992836660997	0.03901669414566124	-0.09596050375538018	-0.00606765484617109	0.07058427966631342	0.07979775313999361	0.03325771438286884	-0.09893362019526332	0.0827593612879404	-0.004012612804418711	0.04343847255738809	0.10677229890951721	0.06043664692162314	0.04521820662255879	-0.00026473810147566537	0.005224018613677107	-0.042199326266621935	-0.0347915745949989	-0.0534504727671969	-0.0690046414124215	-0.02278385841573474	0.046326620923252154	0.09876166623047056	0.01659964184708024	0.04993342108301637	-0.0019745540206060216	-0.047576600503435026	-0.01757345862346582	0.0292803485449403	0.024038618499281118	-0.05353905335833621	0.01451913676803864	-0.038354104582316625	-0.0007803504238925319	-0.005830027721513552	0.05680433754314484	0.0015747220776942288	0.012584231178850401	-0.02385863556071291	0.019468263178105523	0.013203319675107125	0.024199331514671216	0.0027813606924742182	-0.011765051548545343	-0.010117922712221953	-0.006878305707157222	0.012845047818299898	0.009264684383979292	-0.015926408891665318	0.003325760142091442	0.005236916163526518	0.002868941816248294	0.0	0.0	0.0	0.0	0.0	0.0	0.0	0.0	0.0	0.0	0.0	0.0	0.0	0.0	0.0	0.0	0.0	0.0	0.0	0.0	0.0	0.0	0.0	0.0	0.0	0.0	0.0	0.0	0.0	0.0	0.0	0.0	0.0	0.0	0.0	0.0	0.0	0.0	0.0	0.0	0.0	0.0	0.0	0.0	0.0	0.0	0.0	0.0	0.0
108154	0.682068597224033	0.3191665903639894	0.07570943124889097	-0.1457121966853826	0.0007143840932110147	0.027920255612844593	-0.0443781339633852	-0.06630792070786372	0.030547341288759317	0.0008115710427302488	-0.04386106505592592	-0.09598027017526507	0.04240624476500564	0.03384914282880101	-0.028097956376612894	0.0009301355830536261	-4.279641268682914e-06	-0.02944071870286413	-0.05509505382367303	-0.0006664410288718376	-0.001497689053088612	0.011205658113234963	0.021988136126430864	-0.022351190520588496	-0.023070096368537102	0.029547134341367118	0.029954864512408117	-0.045117670359011736	-0.04409328650915901	-0.020836341867020772	0.008411434341603255	-0.006478139360538748	-0.024557386436498282	0.03234398509746541	-0.02193372737792339	-0.025871536348527808	0.0447269494974754	-0.03850762948857298	-0.030384626498262998	-0.02912551232559024	0.0008438097151094466	-0.013259817188545107	0.02757480484323154	-0.004489249590405733	0.02049357206721975	-0.01671546130426749	-0.005539495477548244	-0.007840091353922014	-0.02556531732695761	-0.01834748056458323	-0.013886749781439668	0.018812243151950403	-0.014598229466285712	0.003198104421200669	-0.0026170189412847876	-0.0052693745218645805	0.0	0.0	0.0	0.0	0.0	0.0	0.0	0.0	0.0	0.0	0.0	0.0	0.0	0.0	0.0	0.0	0.0	0.0	0.0	0.0	0.0	0.0	0.0	0.0	0.0	0.0	0.0	0.0	0.0	0.0	0.0	0.0	0.0	0.0	0.0	0.0	0.0	0.0	0.0	0.0	0.0	0.0	0.0	0.0	0.0	0.0	0.0	0.0	0.0
108155	0.12122738724312668	-0.39017359712462885	0.5760775472319267	-0.13273986920523273	-0.18310433082333682	0.11184312948808788	0.07110674062917464	0.0384434242343087	-0.12054494448661088	-0.04355049930447178	0.022453729758584208	0.06099511840045321	-0.07918295348412945	0.036237774297899185	0.08596577148678841	-0.07181697535212647	0.0030764651631373053	0.10855875697574342	-0.0222026257092757	-0.05003824319553219	0.05209333404650107	0.03287158272009519	-0.006897638538382169	-0.032343995841995966	-0.09678752969038895	0.051971678050218	-0.033751823764381524	-0.014256254080991517	-0.01725697220871565	0.05219107787426687	-0.026521887854330864	-0.026803559390255097	-0.017633070042264026	0.028283414669075323	0.005885216623584868	0.03910313759433735	0.02116669161548423	0.012202169552670929	-0.004898249426760524	0.015536872575153777	-0.011249364600694619	-0.0030930508822853064	-0.006418785617796706	-0.006372821161662023	-0.00013892648557098695	0.012619082359340963	0.021025306756730325	-0.0057783924502275786	0.000856975376672243	0.003892539730399545	-0.0141874770644857	-0.0019196810862851692	-0.0005979914530674847	-0.0016268652048205164	-0.002816262976018842	-0.0008816770944583361	0.0	0.0	0.0	0.0	0.0	0.0	0.0	0.0	0.0	0.0	0.0	0.0	0.0	0.0	0.0	0.0	0.0	0.0	0.0	0.0	0.0	0.0	0.0	0.0	0.0	0.0	0.0	0.0	0.0	0.0	0.0	0.0	0.0	0.0	0.0	0.0	0.0	0.0	0.0	0.0	0.0	0.0	0.0	0.0	0.0	0.0	0.0	0.0	0.0
108156	-0.5320307287775204	0.0075744188687166146	0.13616035176375108	-0.05517231986046969	-0.13129652689728097	0.0004989158613248602	-0.0630091854525026	0.02872646818492494	0.034193802361593605	0.07043593829903545	0.037304940313386034	0.006308176638043557	-0.018780117882923542	-0.016217561690308115	-0.0008511861019053287	0.04131640221275832	0.05520811991241817	-0.0110425231297086	-0.04761800874027408	0.03180777404466154	-0.06741063803364379	0.038995274495874414	-0.009187830218092987	0.005253049641549257	0.0368085691771698	-0.01874511553727579	-0.06307819459232021	0.017567038973171616	0.0630148133807044	0.006601991552097882	-0.05385194265978694	-0.01073138159827504	-0.0009877084441409338	0.03324580637738541	0.014319355120597425	0.03878207579428644	0.01291781347777124	-0.06474065674006317	-0.033575942022850344	-0.024096645153328475	0.0029716362920017567	0.024969213762591123	0.007694347554308872	-0.03762016214863287	0.02723459306942398	0.01741578657471237	-0.037193797448467264	0.005560035563735441	0.004847296715541377	0.005889674195361132	-0.010948406513847098	0.003185031367764321	-0.008176902652536054	0.0052961313727970345	-0.001689592997051388	-0.008204510447611418	0.0	0.0	0.0	0.0	0.0	0.0	0.0	0.0	0.0	0.0	0.0	0.0	0.0	0.0	0.0	0.0	0.0	0.0	0.0	0.0	0.0	0.0	0.0	0.0	0.0	0.0	0.0	0.0	0.0	0.0	0.0	0.0	0.0	0.0	0.0	0.0	0.0	0.0	0.0	0.0	0.0	0.0	0.0	0.0	0.0	0.0	0.0	0.0	0.0
108157	-0.41025278156746414	0.053317606299715464	-0.055092897301105725	-0.03278760852551867	0.25270230071464256	-0.043976952441547146	-0.13598814537609522	-0.031448232379957926	-0.053204574990030895	-0.017039410719867896	-0.12721651284156169	-0.046465101541152576	0.05316027931632255	0.009371941842158034	-0.0045155098938862185	-0.12384952902200515	-0.009224815673480454	0.11228568760783493	-0.019459249235524174	-0.05390789034724231	0.0003691358062373431	0.022660439492796586	-0.03140451964812428	-0.04201644639319994	0.06008597763439474	0.11000321064742095	0.0132466624861071	0.02522956490006413	0.01718821829750135	-0.018160189989640543	-0.02318478307976233	-0.004386845956724767	0.010029301497276774	-0.0008994572108686877	0.00997928160821893	0.006556031128842354	0.014904313226161304	0.008673422160168628	-0.01800776167072951	-0.023673974161413525	0.011895892443828023	0.03740830386567717	0.05584675054488049	0.006050812236900951	-0.01685131421719751	0.00209606257052431	0.0031467597736356727	0.02302873035364623	-0.01792204013319986	0.003893086501667534	-0.0003067869587656808	-0.007243293243438915	0.006480887519245108	-0.0008795169847627668	0.006032457178098123	0.00425090230787654	0.0	0.0	0.0	0.0	0.0	0.0	0.0	0.0	0.0	0.0	0.0	0.0	0.0	0.0	0.0	0.0	0.0	0.0	0.0	0.0	0.0	0.0	0.0	0.0	0.0	0.0	0.0	0.0	0.0	0.0	0.0	0.0	0.0	0.0	0.0	0.0	0.0	0.0	0.0	0.0	0.0	0.0	0.0	0.0	0.0	0.0	0.0	0.0	0.0
108160	0.7715481316149253	0.3461433796028921	0.02848637488324828	-0.09427707688308827	-0.06042078907781552	0.04613951093044457	-0.08034848678829815	-0.12328004479501706	0.00011783254406445856	0.07881281611553376	-0.025796325063108753	-0.021242586453796876	-0.026814792008638875	0.016907003166318057	0.01706407963014326	-0.014056664211476659	-0.06356985471504734	-0.06841240648906002	-0.06947561725816609	0.021155835536668353	-0.0051973881021597414	-0.06287339700627693	0.008634020988691737	0.0012305560555513422	0.011452816852527971	0.03178076806178055	-0.002838933424306767	-0.009011546821857381	0.032654256447903325	0.014340548355531956	-0.025998214226002153	0.021284088397316353	-0.013008640245553017	0.004955459029616257	0.03068097758471028	-0.027529763477117008	-0.03349564708548789	-0.008249769553022847	0.011213443364028552	0.008178120441991123	-0.010551819200150954	0.03350279989927417	-0.031981426556590135	-0.008012044169002268	-0.003998458822152525	0.005133767284828061	0.007295217653689294	0.0009494970076970815	0.01894822494639738	0.02833320997231611	-0.0028874223409563055	0.010714453693057156	0.004687676894786645	0.0030132991116344067	0.0017727332508353484	-0.0041358654966780935	0.0	0.0	0.0	0.0	0.0	0.0	0.0	0.0	0.0	0.0	0.0	0.0	0.0	0.0	0.0	0.0	0.0	0.0	0.0	0.0	0.0	0.0	0.0	0.0	0.0	0.0	0.0	0.0	0.0	0.0	0.0	0.0	0.0	0.0	0.0	0.0	0.0	0.0	0.0	0.0	0.0	0.0	0.0	0.0	0.0	0.0	0.0	0.0	0.0
108161	-0.06459873685808674	-0.391855506425606	-0.10780261866216445	0.14087678099819453	0.046872458259634604	-0.2246056838201507	0.12024471254840709	0.10783903373403866	0.09276257685391764	-0.009752719566535917	-0.14829681940470127	-0.08682742835219517	0.01603163428941647	-0.017558357618470785	0.05570280528782425	0.08376079307686748	-0.09295304999236342	-0.024349487951673715	0.043219958952114224	-0.09705142933784627	-0.07678039668354567	-0.06812821205079451	0.004460970274298351	0.0172321978492858	-0.06064794527423398	0.05994684446573809	-0.04654408121507308	0.027456935485435853	0.013800352144277167	-0.04006505474045683	0.003403981773460548	-0.0395991129087927	-0.005683558635475554	0.017204436888529958	0.019462920462249348	0.008260556961760325	-0.010671708002050055	-0.0005964342457160181	-0.005643799086954475	-0.005075676543651839	-0.030440817012600263	0.00020025602075894825	-0.007546316334388866	-0.020810887967918704	0.011202540180435821	0.013400846818672403	0.010780686480777058	-0.014376940893434727	0.0062193486056733435	-0.0016137558710142988	0.004074820956403222	0.006474973305559188	0.000879306668275125	0.003547056393627499	-0.004854472818599994	-0.001068818461521227	0.0	0.0	0.0	0.0	0.0	0.0	0.0	0.0	0.0	0.0	0.0	0.0	0.0	0.0	0.0	0.0	0.0	0.0	0.0	0.0	0.0	0.0	0.0	0.0	0.0	0.0	0.0	0.0	0.0	0.0	0.0	0.0	0.0	0.0	0.0	0.0	0.0	0.0	0.0	0.0	0.0	0.0	0.0	0.0	0.0	0.0	0.0	0.0	0.0
108162	-0.44023020520946166	-0.02777216284183847	0.1058458372591362	-0.027267779228303694	-0.2274049782069864	-0.16892914645276647	-0.08081880350469316	-0.08727073080858076	-0.0005424114930256197	-0.09031200184844194	-0.000849947070290461	-0.05240315419224368	0.01122997045418821	0.0441060021612585	-0.008614761923162568	0.03665588281941859	0.07732311259689688	-0.006561887684279113	-0.05704220295481904	-0.04148074734695322	-0.05547237950862433	-0.0161906379076655	-0.02880092052907529	0.01824525861653244	-0.007515083505341789	0.0425729364788374	-0.010903477821321627	-0.03251726739166573	-0.04044166084298803	0.04122318344510066	0.0406283151958502	0.009775827965710616	0.060843187732158105	-0.03378439296460386	-0.004949627493968835	-0.003991531056089572	0.008610699913825274	0.015365944576429352	0.019498912159303827	-0.007292710429904441	0.013240449916464446	-0.03682001402381208	0.008457285037939605	-0.023584084067029266	-0.00817369217040261	0.005087995202450386	-0.002020011603555554	0.02000537554302019	0.019644637871347875	0.012338557465671614	0.008624995562285681	0.008115258882678361	-0.00303763897166577	-0.004728034373553262	-0.003918628651052387	-0.005430252654959726	0.0	0.0	0.0	0.0	0.0	0.0	0.0	0.0	0.0	0.0	0.0	0.0	0.0	0.0	0.0	0.0	0.0	0.0	0.0	0.0	0.0	0.0	0.0	0.0	0.0	0.0	0.0	0.0	0.0	0.0	0.0	0.0	0.0	0.0	0.0	0.0	0.0	0.0	0.0	0.0	0.0	0.0	0.0	0.0	0.0	0.0	0.0	0.0	0.0
108163	-0.5175138342338202	0.18839294239310175	-0.1435843755914811	0.060459700135113335	-0.04390425674326702	0.09894765031371323	-0.12980806568304468	0.050364944936029214	0.23102349611515666	-0.08831626492725828	-0.003296266525419175	-0.06507672269778343	0.0236128648993729	-0.02998332889887469	0.039562440908227144	0.015085222531391126	0.016594628425496104	-0.022238203859020426	0.062006913455138944	0.06277112231313273	0.02346250534653414	-0.011088407868881281	-0.06651287502704863	0.08370325691588743	-0.04776540108532146	-0.0012251306254316757	-0.07405604544563461	0.005445063024519176	0.044051122386038095	0.007776917378059105	-0.008959646388079032	-0.00720104040958841	0.08127192938171988	-0.005230820298153629	-0.0030083648502436952	-0.007076858349051193	0.026070382675641202	-0.028490972015441755	-0.02860580353252709	-0.021837546223741674	0.03849725218735056	-0.010832060672683443	0.02023949536798083	-0.008571354772296836	0.008304451991216153	-0.004044798797677403	0.004178633906509075	0.00982529827861533	0.022496963712673776	-0.0006194092024488148	0.011550044884677028	-0.00975461792097885	0.010132121758893784	-0.004776475974383477	-0.0012457524963120806	-0.0008765457204769254	0.0	0.0	0.0	0.0	0.0	0.0	0.0	0.0	0.0	0.0	0.0	0.0	0.0	0.0	0.0	0.0	0.0	0.0	0.0	0.0	0.0	0.0	0.0	0.0	0.0	0.0	0.0	0.0	0.0	0.0	0.0	0.0	0.0	0.0	0.0	0.0	0.0	0.0	0.0	0.0	0.0	0.0	0.0	0.0	0.0	0.0	0.0	0.0	0.0
108166	0.803815244358534	0.4116940278356703	-0.03465426328603077	-0.12392343087346756	-0.03561047278093178	0.09250778413175684	-0.07792168862839077	-0.06197270578752769	-0.019331600496715545	0.0008716563494196644	-0.03715649900040618	-0.024129228141161023	0.031060703980426905	-0.007627593937059357	-0.033921679992231966	0.003482202308542062	-0.03135074272994965	-0.030154988381500276	0.01921835110793521	0.023904008420178008	0.02982944937782344	0.014103922522706508	0.0032974942691487907	-0.022886306264876245	0.00011457111933003625	-0.011811207950639084	-0.00020022816482111845	0.04466510640268433	-0.003953188070053685	0.0026978511212433663	-0.026870703585625898	-0.010571342261876431	-0.0072963626030303035	0.028533074123807237	0.017495893794394125	0.025987339186719072	0.02772332916424427	0.008611655109628795	0.0006642047466460272	0.0003284471287862437	-0.012114057348494802	-0.029919745013415208	-0.015087786223336716	-0.009301485474209939	0.00706841102201944	0.001938430700323846	0.004541797951504837	-0.011021105295853702	0.01713882040410831	-0.01623115210099845	0.013789099218832444	0.008840066951143682	0.037936788589766894	-0.00629782907552038	0.00929421163681173	-0.0016137260317577369	0.0	0.0	0.0	0.0	0.0	0.0	0.0	0.0	0.0	0.0	0.0	0.0	0.0	0.0	0.0	0.0	0.0	0.0	0.0	0.0	0.0	0.0	0.0	0.0	0.0	0.0	0.0	0.0	0.0	0.0	0.0	0.0	0.0	0.0	0.0	0.0	0.0	0.0	0.0	0.0	0.0	0.0	0.0	0.0	0.0	0.0	0.0	0.0	0.0
108167	-0.09757938676647615	-0.4914120712617295	-0.14163532709496024	0.013163142260147311	0.04488316650976186	-0.21298186243039255	0.07293516364496719	0.16397105859804118	0.11410266201501416	0.0009140085270237285	-0.10098143968397397	-0.0011751646565132884	-0.09820387588609311	0.07039544990765947	0.059406184448227636	0.017762089173118025	-0.1192179183296356	-0.03637060559200481	-0.030406609212668904	0.14293544809629846	-0.029233400286719453	0.041442135202723565	0.027111282985372145	-0.02773874644181593	0.02210014643659191	-0.0024783963826023434	0.022770418931419473	-0.008256302172984283	-0.0543583626422203	0.005547332990431044	-0.03391748739460902	-0.03696782116110549	-0.016588104982685065	-0.002435674189560083	-0.04965950304756117	-0.02799408701801008	0.01677767763685368	-0.004573951922620251	-0.017658331297481348	0.006153317244733863	0.02203236411462074	-0.00847359319100257	-0.01321029578873475	0.019698612370919577	-0.015662143305196812	0.003577675107219931	-0.0009334806620692003	0.004962374972999503	0.003948607260593147	-0.0007685862705338558	-0.004038135620623752	-0.010407366749873123	0.00042661593701571267	-0.004595117574786369	0.0032336652652807485	-0.00015670257915304637	0.0	0.0	0.0	0.0	0.0	0.0	0.0	0.0	0.0	0.0	0.0	0.0	0.0	0.0	0.0	0.0	0.0	0.0	0.0	0.0	0.0	0.0	0.0	0.0	0.0	0.0	0.0	0.0	0.0	0.0	0.0	0.0	0.0	0.0	0.0	0.0	0.0	0.0	0.0	0.0	0.0	0.0	0.0	0.0	0.0	0.0	0.0	0.0	0.0
108168	-0.6973213130054814	0.11585091847065535	-0.0772471066286857	0.002908112025113489	-0.06888996359334824	0.19511645990471962	0.007241198253121403	-0.008150433501183689	0.06349470027046594	-0.011382776119798996	-0.012766915909429877	0.015000369617819413	0.026277309225196527	0.03435458692936353	-0.044284393154527125	-0.03969421859789122	-0.06692087515666759	0.009433651685017426	0.07248819978432229	0.03349144403645498	0.055308695644110444	-0.06617077624098203	-9.686818547423174e-05	0.03756344664266251	-0.04308286021796627	-0.04946029254140814	0.07506802515399512	0.004958808562167014	0.019163961972069304	-0.02312595492083573	-0.05325504880641817	0.018344539313331028	0.01938473994850502	-0.022325532975400793	-0.009316936690937342	0.017683682292971282	0.029004110202534603	-0.03304805400968613	0.061395289261209664	0.024706151753349313	0.013363773002069144	-0.02301371615479994	-0.0020976818193748506	-0.008934103949202915	0.026560270971195378	-0.005770021873783816	0.007779735273222954	-0.006144224670164031	-0.005413000790971989	0.02148248626698299	-0.01458333989952466	-0.005772820938639936	0.0015761993901528654	0.002131276573172503	-0.0008069996432375257	-0.00035278342623610827	0.0	0.0	0.0	0.0	0.0	0.0	0.0	0.0	0.0	0.0	0.0	0.0	0.0	0.0	0.0	0.0	0.0	0.0	0.0	0.0	0.0	0.0	0.0	0.0	0.0	0.0	0.0	0.0	0.0	0.0	0.0	0.0	0.0	0.0	0.0	0.0	0.0	0.0	0.0	0.0	0.0	0.0	0.0	0.0	0.0	0.0	0.0	0.0	0.0
108169	-0.3587337515283289	-0.0011928971610837764	0.16523247490460344	-0.09879619071692076	0.1347820921262342	-0.09938052449161801	-0.14868532301233459	-0.004304537939818411	-0.030796370242282024	-0.02863454300499367	-0.055888428974209294	0.0029004823568046356	0.049373706387724446	-0.04400256907776276	-0.033537154361549595	0.0009735828054635694	0.05966080555323443	0.0623134764562751	0.1423528440181746	0.02821109887352764	-0.03543692747787305	-0.03724036699733164	-0.03649087052072303	0.021511683675749786	0.022806598645394385	0.012086528919066239	0.028315649203106245	-0.04558826912812	0.0910966106175871	-0.0022373503463966778	-0.03669793038559234	-0.07317057131272185	-0.025969564973339552	0.011120295698382	-0.00481679659266898	-0.0004045673494134543	-0.03120227154553961	0.03862597962916927	0.0011305987170679385	0.009274388866835154	0.019953181651955525	-0.029022243879948253	-0.004483302521076744	0.01670859752439586	-0.014639219305231871	-0.039599939459877824	0.014503648485467273	0.014243013559385445	-0.008759512445416508	0.005318638805518899	-0.021623434735293445	0.001004474828894389	0.002882605228977335	-0.003839953779681814	0.004426074311455712	-0.0037499233889405317	0.0	0.0	0.0	0.0	0.0	0.0	0.0	0.0	0.0	0.0	0.0	0.0	0.0	0.0	0.0	0.0	0.0	0.0	0.0	0.0	0.0	0.0	0.0	0.0	0.0	0.0	0.0	0.0	0.0	0.0	0.0	0.0	0.0	0.0	0.0	0.0	0.0	0.0	0.0	0.0	0.0	0.0	0.0	0.0	0.0	0.0	0.0	0.0	0.0
108173	0.3442004341511137	-0.11984915070248514	-0.46340757218623	0.014715908358138506	-0.06560465938754105	-0.34721063131282454	0.0029972613200035083	0.028269546275863134	0.1551208368703013	0.12919350989862835	-0.08558460025892509	0.045618966504230196	-0.16005237803470335	-0.0751404120163794	0.0016254175349295038	0.10323696433596494	-0.02667317111031515	0.05064950590467078	-0.031234962731396445	-0.023271491784118126	0.05468721342461047	0.04828866392566982	0.025379241858654318	0.03553883697139257	0.03209199224278595	-0.03513825864410979	0.00981023981817582	0.04536695721325655	0.030584158529292218	-0.03028840056420295	-0.02058938443892984	0.02942823507555648	-0.010857077882524036	-0.010284614066116955	-0.02564909659543099	-0.015005554382326302	-0.009099535230608325	0.009190834202750275	0.028442009159733772	-0.006579179823875682	0.0028936424613972634	-0.012080424171211064	0.0014670438876680351	0.000591915733768115	0.00044685502224842713	0.006654196948705475	0.0044925209398784995	0.0032607072182052597	-0.0031516856575033126	-0.002604701780501196	-0.0036098666073324094	0.0017118557736532781	-0.0034999138475113696	-0.004225888195195426	-0.002984427072773387	-0.003520126288656113	0.0	0.0	0.0	0.0	0.0	0.0	0.0	0.0	0.0	0.0	0.0	0.0	0.0	0.0	0.0	0.0	0.0	0.0	0.0	0.0	0.0	0.0	0.0	0.0	0.0	0.0	0.0	0.0	0.0	0.0	0.0	0.0	0.0	0.0	0.0	0.0	0.0	0.0	0.0	0.0	0.0	0.0	0.0	0.0	0.0	0.0	0.0	0.0	0.0
108174	-0.5796075836583487	0.06321548725485027	0.005279941481242398	0.02128592067367554	-0.09724329590014652	0.046627343972417384	-0.1224822715234537	0.053063414114131575	0.04018384928844116	0.05943927610968736	0.023481612345048405	-0.11751644988269837	-0.0006284856208719521	-0.012920305653027786	-0.0010782555649432384	-0.04105095068624839	-0.04727402460250426	0.029422167877862802	-0.014597489729962897	0.03651807877809861	0.0021041928056875587	-0.0821181235828512	-0.006539104637071523	0.0433857208716584	0.051771606205465365	-0.06992248720443112	-0.03551822414425596	-0.03244920331229591	-0.009137323210143385	-0.018182286837410824	0.0698937521149591	0.0627731249326021	-0.050744562371284524	-0.024166124411571115	-0.0011899632132189916	0.05592783692298959	0.010174206712378097	0.012461521480880098	-0.029121714788023802	-0.005555069713458963	-0.013658450326048776	0.010102757528125648	-0.0346456516540681	-0.0006219558610206349	-0.051192706908214765	0.018241710590878143	0.00967114458431891	0.0038457972759810897	-0.03729985026939832	0.02009157517552565	-0.004253546952508105	0.006269817406377411	0.009111124582859802	0.001211036967267902	0.003856169050304359	-0.0007408307807053797	0.0	0.0	0.0	0.0	0.0	0.0	0.0	0.0	0.0	0.0	0.0	0.0	0.0	0.0	0.0	0.0	0.0	0.0	0.0	0.0	0.0	0.0	0.0	0.0	0.0	0.0	0.0	0.0	0.0	0.0	0.0	0.0	0.0	0.0	0.0	0.0	0.0	0.0	0.0	0.0	0.0	0.0	0.0	0.0	0.0	0.0	0.0	0.0	0.0
108175	-0.45193978581984684	0.3815685182382002	-0.22591586900587185	0.03551353851706249	0.028580036514529547	0.011397448192685051	0.12788884697061778	-0.10837801645400459	0.019128208205598348	0.044906843862539375	0.09674269717966363	-0.034862964888426315	0.05926602073911868	0.016413823906591875	-0.02661524236857185	0.03979980108653261	0.02383089318470179	0.13277565722598922	0.029988256128427877	0.04727904457522315	-0.030934384619903443	0.057129655612110815	0.0563148777602516	-0.02478919256805374	0.01152925529421298	-0.010057696264865686	-0.011108718127924293	-0.08122626632013283	0.049022676946654783	0.039126369109711	0.03503748350672017	0.0033103235783501993	-0.04039972363164209	0.000983374302001009	-0.03414657295166674	0.031648360427418414	0.001840170241072751	-0.020646708376511065	0.037602614842602064	-0.010245641134521328	0.022574478491505626	0.011139529002637708	0.0005976780228248528	0.017867382696849704	0.010116413632944268	0.02655539310891322	0.013619607705642875	0.0158852397218606	0.008466639497107123	-0.01162476742058118	0.0006871434813723613	-0.00653703033634617	0.005567696533606616	0.006300648559331139	0.002203355418194126	0.00585512202685005	0.0	0.0	0.0	0.0	0.0	0.0	0.0	0.0	0.0	0.0	0.0	0.0	0.0	0.0	0.0	0.0	0.0	0.0	0.0	0.0	0.0	0.0	0.0	0.0	0.0	0.0	0.0	0.0	0.0	0.0	0.0	0.0	0.0	0.0	0.0	0.0	0.0	0.0	0.0	0.0	0.0	0.0	0.0	0.0	0.0	0.0	0.0	0.0	0.0
108180	-0.4341684600029293	-0.0770237179515495	0.1003967499521447	-0.07892830409612073	-0.008595009676093057	-0.1168140396541266	-0.07753019453558664	0.03842573519454548	-0.04537703596047377	0.09434703779707392	-0.016223928742241163	-0.03602718508800299	0.017599126065290426	-0.049519491478961605	-0.01208823209373763	-0.09474199573786399	0.004415555029414685	0.034464969914624395	0.016948692409987247	-0.027338270223113845	0.05396578956726833	-0.07258885568222148	0.02295195596349312	-0.029096612113950936	0.02374706076824048	0.005013506571592062	-0.01641758193251834	-0.03232155980654443	-0.0708121580800104	-0.09816498275408234	-0.04112477129415242	0.032848102886604114	0.025111448661404644	-0.03577721533090824	-0.0039339781065205436	0.01615147149459991	-0.0020550054358918625	0.024081425831986275	-0.012098727698185915	0.023489126245758017	0.02374496055047148	0.0008435873583377177	-0.0038504870899769184	-0.019809983760697373	-0.012635727588770124	0.03222174152665394	-0.019769825564226417	-0.03181886124617062	0.02715316943197156	-0.027424783472424392	-0.006492401733387739	-0.01731887326713591	-0.005901080050794044	0.010597012974137785	-0.00845178603192975	0.0029202062284112273	0.0	0.0	0.0	0.0	0.0	0.0	0.0	0.0	0.0	0.0	0.0	0.0	0.0	0.0	0.0	0.0	0.0	0.0	0.0	0.0	0.0	0.0	0.0	0.0	0.0	0.0	0.0	0.0	0.0	0.0	0.0	0.0	0.0	0.0	0.0	0.0	0.0	0.0	0.0	0.0	0.0	0.0	0.0	0.0	0.0	0.0	0.0	0.0	0.0
108181	-0.4705740075967092	0.20467715665235675	-0.02860299944548092	-0.046478637579119714	0.1525966145200055	-0.04297982723849653	0.08963884758429473	-0.0399324267602529	-0.0743195048457247	0.03898825564056833	-0.012589704986915397	-0.06624253136352984	-0.029745816610454872	-0.07524654556659145	-0.008032869347752805	-0.03007093883813985	-0.021552604867346545	0.03607339059125274	-0.044449090775970944	0.0361573109250575	0.025282639885284102	-0.09237383453015205	-0.08353595831178974	-0.038384869674268886	0.01606507460586884	0.014617764554726097	-0.021030645187888358	0.004606098965672151	0.03588888202067726	0.01639419037492876	0.0773932601778969	0.030332734554652	-0.0038163192525484057	0.009653714350808801	0.02087973371070779	-0.011214040903690119	0.045886026008706636	-0.009748252480644176	0.022999569236764862	0.014943563626324253	0.0149922117567892	0.03902051644167868	0.022859303739338477	0.04085757810397033	0.02182784953515853	-0.01647874701632868	-0.022996712389151623	-0.01917859452204419	0.02585614904792459	-0.005916690681272229	0.004726085213369743	0.020615358610919624	0.003159797697909111	-0.014025212432184762	-0.0008086655669339688	0.0047947893811776925	0.0	0.0	0.0	0.0	0.0	0.0	0.0	0.0	0.0	0.0	0.0	0.0	0.0	0.0	0.0	0.0	0.0	0.0	0.0	0.0	0.0	0.0	0.0	0.0	0.0	0.0	0.0	0.0	0.0	0.0	0.0	0.0	0.0	0.0	0.0	0.0	0.0	0.0	0.0	0.0	0.0	0.0	0.0	0.0	0.0	0.0	0.0	0.0	0.0
108184	0.7087345569807351	0.3034522334663269	-0.021574378899701086	-0.0290398568382436	-0.07020520164603625	0.007215105792768903	0.09952684430361862	0.1879626110421352	-0.03431515350349943	-0.12821414861977004	0.03824466710919714	-0.09700816973343188	0.03644126582914615	0.14103678865388072	0.052947394590735906	-0.032153395788161884	0.05055511935862585	0.010996007029537975	0.09884731071916433	0.02357076618798667	0.06311757653166203	0.05110898417977113	-0.043537126652618614	-0.028182562500711304	-0.008737358017450894	0.014162114201626698	-0.057883710845699606	0.06772418740674896	0.017781588784323316	0.056164810390772146	0.022787905104073927	0.03993225682792396	-0.049523165081253054	-0.03649025061547972	-0.02062994676699222	-0.02768791886483905	-0.03878469950675394	0.0015096792932909632	0.008748065864192554	0.031598461174713606	-0.01134297770308382	0.01374553221849712	0.026982848666071278	-0.01870321854524174	-0.023920236460371374	0.0022945010772158422	-0.003467132553689532	-0.004803267633851878	0.011826053218586935	-0.0002051762891950811	-0.01808062566425479	0.0011732479575872765	0.00025810899739172824	0.007034511571163418	0.000607193355323191	-0.00081741862037197	0.0	0.0	0.0	0.0	0.0	0.0	0.0	0.0	0.0	0.0	0.0	0.0	0.0	0.0	0.0	0.0	0.0	0.0	0.0	0.0	0.0	0.0	0.0	0.0	0.0	0.0	0.0	0.0	0.0	0.0	0.0	0.0	0.0	0.0	0.0	0.0	0.0	0.0	0.0	0.0	0.0	0.0	0.0	0.0	0.0	0.0	0.0	0.0	0.0
108185	0.2463449366194594	-0.5446202861049735	0.274756356732119	0.23111629257884078	-0.04331046884243794	0.11796117975635256	0.12792410684408806	-0.019748360303955503	-0.12252094914188089	-0.13413970111440587	-0.13864544803706327	-0.1259633455215043	0.048644036585259676	-0.05596808484110367	0.019526526051817795	-0.06575986189497401	0.08560536391798992	-0.022173050204794337	0.0586356846256037	0.06260316567208626	-0.0388876706561193	-0.021582619386995745	0.12253605529165007	0.03341539144138493	0.007144853442911457	-0.016927804790854147	0.024720612004308442	0.007634088682300992	-0.008503248437351339	-0.003829961665200447	-0.02480391493551646	0.058749136530635605	0.008846323588012803	0.030947178022721972	-0.021004138795329523	-0.005284393153722171	-0.003806154886607483	-0.026483506181996873	-0.0036493939599133783	-0.024248403528490458	-0.0027128054279726595	0.007979789752401932	0.0002572940556045747	-0.009303061189416812	-0.0203690008384097	-0.005100593168839494	0.0028176419462275656	-0.001306614921554162	0.018841606427257487	0.010839836475835082	0.00460305070492804	-0.004682178230898893	-0.015130296125828394	-0.011650012958751755	0.002346651683599311	-0.0003449529040935781	0.0	0.0	0.0	0.0	0.0	0.0	0.0	0.0	0.0	0.0	0.0	0.0	0.0	0.0	0.0	0.0	0.0	0.0	0.0	0.0	0.0	0.0	0.0	0.0	0.0	0.0	0.0	0.0	0.0	0.0	0.0	0.0	0.0	0.0	0.0	0.0	0.0	0.0	0.0	0.0	0.0	0.0	0.0	0.0	0.0	0.0	0.0	0.0	0.0
108186	-0.37201547325153367	-0.11712952890642236	0.3287520386090351	-0.1833955222599688	-0.11556648327477415	-0.19162541581562154	-0.022443966444765578	0.03377395171247721	0.002369168436504204	-0.00019786188336106756	-0.027104510553378525	0.11643402746855393	-0.009798083566053172	-0.08149922735062207	-0.05540775652110744	0.13687428452617367	-0.027267094122458726	-0.050415330007995925	0.07817972433154782	0.027145475960962225	-0.007173274752256137	0.05516008073339413	-0.03708172008626733	0.036764773681761405	0.010052662961572223	0.029847950342155313	-0.07145500802067599	-0.030616765079186464	-0.02443932980713686	0.00918510335322253	-0.004170230177844669	0.04566679642122053	0.008452930865189704	0.01553423732837048	0.029480073210349594	0.0005483903219121406	0.02186020837756428	0.007338736254136916	-0.015171560191176978	0.01068173926195283	-0.018687486248092744	0.022400306368750813	0.00501492440963993	0.010458933528077172	-0.009802929553759032	-0.0033833512202895064	0.02099543454503998	0.006897772777535678	-0.004655094172538572	-0.005412123688757834	0.003946084561571882	0.003529670184437778	-0.00700168644535372	-0.0028253078789144434	0.0005380840961850937	0.0032679630088439625	0.0	0.0	0.0	0.0	0.0	0.0	0.0	0.0	0.0	0.0	0.0	0.0	0.0	0.0	0.0	0.0	0.0	0.0	0.0	0.0	0.0	0.0	0.0	0.0	0.0	0.0	0.0	0.0	0.0	0.0	0.0	0.0	0.0	0.0	0.0	0.0	0.0	0.0	0.0	0.0	0.0	0.0	0.0	0.0	0.0	0.0	0.0	0.0	0.0
108187	-0.2633943603846228	0.16146290001806496	-0.037223695715732405	0.006380628506887975	0.40730421133648526	-0.04441577667548218	-0.1964460232562406	0.07023115705873938	-0.1629594132468778	-0.06898586175509168	-0.010430446321709145	-0.04961332332898533	-0.04367221495572519	0.056874651412577984	0.06071407512968565	0.12103443073716794	-0.12066955776613897	-0.06178249910557025	0.003921349599982433	0.0017492065541505235	0.01534654949778399	0.044130415407712814	0.01908809532730644	0.06870676581588872	-0.08569868305329749	-0.002431138676255938	-0.02912003485546683	-0.03942439494489957	-0.006989015264574996	-0.042174746480246925	0.0014454998381806313	0.01609626819055218	-0.015403890786932987	-0.010792869282716016	0.007619563001748193	0.005145948433818219	-0.006089824306222522	-0.0006324417988340401	-0.030262625113096228	0.011872444815985322	0.024223432678163077	0.027419676506071734	0.01115845300434989	0.003562508897029435	0.01302370335994985	-0.013140180260840835	0.004719608510366906	-0.009522261036248307	-0.003427853817734767	0.014375569276432142	-0.0014204889361494964	-0.002778177426891644	-0.0021268432183120553	0.005114240005098011	0.0011561290699337074	0.00019770480881597184	0.0	0.0	0.0	0.0	0.0	0.0	0.0	0.0	0.0	0.0	0.0	0.0	0.0	0.0	0.0	0.0	0.0	0.0	0.0	0.0	0.0	0.0	0.0	0.0	0.0	0.0	0.0	0.0	0.0	0.0	0.0	0.0	0.0	0.0	0.0	0.0	0.0	0.0	0.0	0.0	0.0	0.0	0.0	0.0	0.0	0.0	0.0	0.0	0.0
108190	0.7429422145434955	0.3132205855372405	0.06958394121274057	-0.09875009396929234	0.019630117270914228	0.013885531838446843	-0.10975445364072117	-0.11182240813279218	0.040069063916580897	0.053875343711254166	-0.05187760288881876	-0.01445097889690205	-9.791524420457762e-05	0.02644652404118205	-0.022936734939994735	-0.02243840650186628	0.000773213786199755	-0.014760516045687302	-0.07707886047113392	-0.011752618150958835	-0.014556928958992573	0.0039030810833090915	-0.007313072436492152	0.00016793571657353003	-0.01259118768756079	-0.004033848757654438	0.016967321388591094	-0.0037920204330291604	0.0022496378181389165	-0.011231174221912716	0.01633157968193001	0.00420922309735962	0.014651538112050898	0.021910839075463543	-0.019786913705028785	-0.024458200758992764	0.0010832574490289711	-0.024747478033119275	-0.01676960529655188	0.007981104842112443	0.0037044499970462588	0.010624817219867343	-0.003176849029090711	-0.018370708636964238	-0.01304439709062964	0.01831397499843845	-0.0019076402219678598	0.02021844961075073	0.013165802472129168	-0.0019809072801211572	-0.002664243403066625	-0.014728333443285087	0.010704180512008905	0.01850787010940048	0.0056247252935485255	-0.00044613624711947145	0.0	0.0	0.0	0.0	0.0	0.0	0.0	0.0	0.0	0.0	0.0	0.0	0.0	0.0	0.0	0.0	0.0	0.0	0.0	0.0	0.0	0.0	0.0	0.0	0.0	0.0	0.0	0.0	0.0	0.0	0.0	0.0	0.0	0.0	0.0	0.0	0.0	0.0	0.0	0.0	0.0	0.0	0.0	0.0	0.0	0.0	0.0	0.0	0.0
108191	-0.24896493595403058	-0.48666825434722727	-0.47687363765095814	-0.10639181518739912	-0.026309135793707	-0.19867404396245741	-0.09595210805600857	-0.028968574302125908	0.01563505951026872	0.10391890097785596	-0.05257561266848349	0.05707643039321839	0.027391574358299305	0.010686678829386047	-0.010062493440951453	-0.04153178428575255	0.1328331454989435	-0.07286278278937923	-0.022230657184220473	0.06268290552515751	0.03524906332586884	0.0193916332501978	-0.04714596412676645	-0.009945082696136493	0.021707113254213182	0.0011408577892868734	-0.037756332980749464	-0.05120529837773775	-0.012141976495951973	-0.004982669877453939	-0.022583480342011877	-0.001393658823815633	-0.005758374896744568	-0.028186672682964577	0.01842607139020317	0.016632292831153545	0.015403557850178298	-0.0010105698633820841	-0.00883329893926088	-0.0053121446403258075	-0.02062337413003903	0.01770625705731518	-0.008835818950598104	-0.0034225201767199825	0.014123229705505282	0.0010356329021393375	-0.0005827469136481167	3.62656630993874e-05	-0.003029217601945588	-0.0006748157165259083	0.0005012221663504473	0.0067765602010075475	0.0013416404760616862	-0.003995954664512937	0.00112356661109916	0.002627025106101552	0.0	0.0	0.0	0.0	0.0	0.0	0.0	0.0	0.0	0.0	0.0	0.0	0.0	0.0	0.0	0.0	0.0	0.0	0.0	0.0	0.0	0.0	0.0	0.0	0.0	0.0	0.0	0.0	0.0	0.0	0.0	0.0	0.0	0.0	0.0	0.0	0.0	0.0	0.0	0.0	0.0	0.0	0.0	0.0	0.0	0.0	0.0	0.0	0.0
108192	-0.35122839346440876	-0.167387152138357	0.16835921386589658	0.37239724255763135	-0.017898567623988174	-0.10089199159608928	0.054461123208681864	-0.027829260114578938	-0.16791084033460824	0.10670475624433429	-0.032356059317461466	0.029934084361588804	0.034013192963541036	-0.04142004679331445	-0.16123066449808673	-0.024364903706646707	0.009789637014945604	-0.061365968351891904	0.029902233605650162	0.052448645822997526	0.04067971037854946	-0.0034850016486720555	-0.0006950049548198431	0.00965613772370889	-0.009790140239931864	-0.012896110134319341	-0.007305664512003991	-0.035811805132959985	0.014823560343730634	0.04263218862002544	-0.0037681358940435416	-0.0002801379582531213	-0.032029921891766504	-0.036098005219792506	0.010093944606947746	-0.007513947899591007	0.0011223046934624335	0.02543351062055707	-0.02596028738480041	0.006937368372140163	0.012667626417032533	-0.009773704507080028	0.0014831972844197032	0.0009438817341596651	0.01508027521362714	0.005656632353366988	0.0034441056054089632	0.0016711727289931162	-0.010228773739034953	-0.016537812267507904	-0.00930503635801607	-0.003327597481061004	0.008306465537033653	0.005088965937045462	-0.0010058306873339969	0.0006123677582931074	0.0	0.0	0.0	0.0	0.0	0.0	0.0	0.0	0.0	0.0	0.0	0.0	0.0	0.0	0.0	0.0	0.0	0.0	0.0	0.0	0.0	0.0	0.0	0.0	0.0	0.0	0.0	0.0	0.0	0.0	0.0	0.0	0.0	0.0	0.0	0.0	0.0	0.0	0.0	0.0	0.0	0.0	0.0	0.0	0.0	0.0	0.0	0.0	0.0
108193	-0.12151621167024206	-0.08948446303549759	0.2671019054086851	-0.0728635012967896	0.21920053086555089	0.007332723004645171	-0.14659291702633956	0.15329685686449498	0.1570766420400898	0.017508918105045575	-0.0375085584778439	-0.007793131442557421	0.007474922824006282	0.027305961389575396	-0.06721896808755605	0.07441363469465413	-0.04573275609459817	0.08743714058630345	0.04889691537236738	0.0730595651843709	-0.04427179394752832	0.03420544173121075	0.05840204994898978	-0.02342026352254958	-0.07504773265461259	-0.022127309603768037	-0.013346475665602847	0.03657799120900738	-0.05835358757091605	0.016625810365935845	-0.024685568965060703	0.00036109649076639853	0.02432618611268553	-0.020878228145072186	0.001463898413443173	0.01844066037893437	0.003896243199512338	0.012490490193469846	0.033667144395740006	0.025273207897001534	-0.007068822813332143	0.017588154000801496	-0.01199114779467766	-0.0047651309149196654	0.013162571094393673	-0.01955596468061404	-0.01592655985204139	0.013336245491022443	-0.00793413818625138	0.016026549501787186	0.015129803457090299	0.004802329944810483	-0.0031971429840377016	0.0022804264820803473	-0.0040461462144770035	0.002531580896040003	0.0	0.0	0.0	0.0	0.0	0.0	0.0	0.0	0.0	0.0	0.0	0.0	0.0	0.0	0.0	0.0	0.0	0.0	0.0	0.0	0.0	0.0	0.0	0.0	0.0	0.0	0.0	0.0	0.0	0.0	0.0	0.0	0.0	0.0	0.0	0.0	0.0	0.0	0.0	0.0	0.0	0.0	0.0	0.0	0.0	0.0	0.0	0.0	0.0
108196	0.8585278399057177	0.40037939706329156	-0.11039296256877056	-0.06287067673720174	-0.10762250120950093	0.05680010043959448	-0.01888841045452383	0.10066646164355225	-0.07226735076784115	-0.015473981432562726	-0.0020167521938203293	0.06358924322329348	-0.02921150492527523	-0.043292435968051955	0.053232331465758516	-0.011535042410631656	0.03480271633271613	0.011285107317313671	0.012589427421480852	0.030262649869728576	-0.035821745989717095	-0.00815767177414281	0.03172426650901286	0.025819636154981434	-0.0011595972347481355	0.014431872484251252	0.010518701965230234	-0.029911256207843035	-0.016894270676379507	0.0053975906139798226	0.017442541200445444	-0.018544346751613778	0.04546010547643902	-0.039681701218177295	0.017167410370704555	0.002610822715318902	-0.03291602313348644	-0.02020768107905892	-0.018024630055229952	0.005338712891859049	-0.020354907925158216	0.00426478784464862	-0.004596223352907933	0.021007206857577926	0.019256481513589673	0.001166706532688669	-0.024636965051406105	0.0015394989688437637	-0.028946574670790384	9.32715985465048e-05	-0.000547817921646995	-0.004931952061690675	0.0133029714507528	-0.012870589669970397	-0.014500969589957407	-0.0027052284237922236	0.0	0.0	0.0	0.0	0.0	0.0	0.0	0.0	0.0	0.0	0.0	0.0	0.0	0.0	0.0	0.0	0.0	0.0	0.0	0.0	0.0	0.0	0.0	0.0	0.0	0.0	0.0	0.0	0.0	0.0	0.0	0.0	0.0	0.0	0.0	0.0	0.0	0.0	0.0	0.0	0.0	0.0	0.0	0.0	0.0	0.0	0.0	0.0	0.0
108197	0.4927988768780492	-0.3518993022443156	-0.30326732994456046	-0.07833614556027323	0.01069480433544679	-0.09254721792782046	0.24857094218837628	-0.028189329757494556	0.06915473298309707	-0.003442104011601691	0.13791455048010073	-0.1277838293419527	-0.07962654573566338	0.033179899525878624	-0.023690225987389565	-0.006274944387687459	0.03669133706703943	0.049833365638884866	0.06250248757375923	-0.04196817581357269	0.016586840166649235	0.04031481317043729	-0.02498145800514289	0.004917053272649349	0.029561254131731596	-0.009433459337002717	0.018095450191199843	-0.07660054221878371	-0.021252700480011617	0.02934492745283522	-0.046829892856297795	0.014459000232114135	-0.00036722140731964593	0.025832511228993955	0.03121944307569725	-0.00110566733146724	-0.008325695443351877	0.00028078881323897857	-0.011717481158947383	0.005705505147758346	0.016439428800635855	0.011851573926900795	0.021359737517822188	-0.001909914948706277	-0.009539801700892284	-0.010741882353462321	-0.00045073407055848754	-0.005393795737663043	0.006450901164192223	0.0015371476563857485	0.012719107241196842	0.0005823387503602022	0.0024012306997767833	0.0008162062316345455	-0.002092266782446037	-0.00020245372706685698	0.0	0.0	0.0	0.0	0.0	0.0	0.0	0.0	0.0	0.0	0.0	0.0	0.0	0.0	0.0	0.0	0.0	0.0	0.0	0.0	0.0	0.0	0.0	0.0	0.0	0.0	0.0	0.0	0.0	0.0	0.0	0.0	0.0	0.0	0.0	0.0	0.0	0.0	0.0	0.0	0.0	0.0	0.0	0.0	0.0	0.0	0.0	0.0	0.0
108198	-0.46651592440931466	-0.03878678753701654	0.1190841295201663	-0.015321681218184247	-0.12455006568278662	-0.07569847127101523	-0.06379500846896312	0.0038236304590327157	-0.058904178218457025	0.07725039538503832	0.04703239771447524	-0.01963474708566264	-0.01047894524893418	0.005780972453017049	-0.008180889868994012	-0.046240070692185976	0.013713716558639009	0.0446959231163197	-0.061002897159552455	0.002827705676641148	-0.03847883550246075	-0.002858324375079772	-0.035241542434541945	0.05715588729351477	0.02434085280014427	-0.05174740673886475	-0.0353271118525477	0.018112623420491497	-0.014351862276276023	0.04170251711436629	-0.023423431967675053	-0.009533248174067218	0.04140643534898734	0.022482354130542264	-0.05484794867988396	-0.07599356837573147	-0.009158674515568717	0.006598745405371535	-0.0016598680807680592	0.0028804193801763526	-0.0385038763773229	0.004247544427743151	-0.008000820866489433	0.031085205149374937	0.008301319955192413	0.023157213484780923	0.003696613710227528	-0.02882850728716447	-0.015514750786009663	0.017800280888033346	0.021553084420171956	-0.007080074602839022	0.004793387664516952	0.007798955896492867	0.007679403100285516	-0.007627356266876042	0.0	0.0	0.0	0.0	0.0	0.0	0.0	0.0	0.0	0.0	0.0	0.0	0.0	0.0	0.0	0.0	0.0	0.0	0.0	0.0	0.0	0.0	0.0	0.0	0.0	0.0	0.0	0.0	0.0	0.0	0.0	0.0	0.0	0.0	0.0	0.0	0.0	0.0	0.0	0.0	0.0	0.0	0.0	0.0	0.0	0.0	0.0	0.0	0.0
108199	-0.44210026139292713	0.2896789123167666	-0.07128037541245805	-0.011591343839790123	0.16994107360969463	0.026689874784530103	0.07079078722231766	-0.0365670722940197	0.04481159723257612	0.028232396808810054	-0.013025259725546965	-0.027773831713120346	0.036076235658732074	-0.01144868201190058	-0.008534411084458932	0.01873784201597989	0.023753837600501006	-0.004435439595275735	-0.08759455605481936	0.013386879216505488	-0.004458193924764505	0.011327018887516653	-0.07391964810930657	0.01385564539224446	0.03581450747892534	-0.05361771879554878	0.022349236639366887	0.07620724387351176	-0.03376321634306103	0.04201862841099706	0.00618129508110205	0.00047969997898808633	0.015948600800334774	-0.023854292604204238	0.03588829543040873	0.013640826616193981	0.027039308227544134	0.04510176529578389	-0.00025095546588498616	0.002476891970872993	-0.04115365034296393	-0.011207947412039385	0.03411248789469188	-0.029394658060489912	0.020819618091855542	-0.026004772864548387	0.001600792023531703	-0.01181764126993378	-0.004512914369630318	0.020074849527027788	-0.010293045975761896	-0.014438685088462801	-0.0055646970249951236	0.013777883792768038	0.002531973514326186	0.0073581428191003394	0.0	0.0	0.0	0.0	0.0	0.0	0.0	0.0	0.0	0.0	0.0	0.0	0.0	0.0	0.0	0.0	0.0	0.0	0.0	0.0	0.0	0.0	0.0	0.0	0.0	0.0	0.0	0.0	0.0	0.0	0.0	0.0	0.0	0.0	0.0	0.0	0.0	0.0	0.0	0.0	0.0	0.0	0.0	0.0	0.0	0.0	0.0	0.0	0.0
108203	0.43143481191468275	-0.3325743286680691	-0.05088194320062999	0.01279986228086895	-0.03117869796776511	-0.07773215957411071	0.3491896307347664	-0.006392297642962314	0.05818458016068518	0.020910819263873094	-0.051957833159283213	-0.13735173718836416	-0.06223119789323908	-0.0619441040625146	0.13912448003433847	-0.030408103111135485	-0.06327982539602967	0.004997673912784829	-0.031094296078134437	0.034436283673878465	-0.013035171399704391	0.005782336792740741	0.0024497429573879016	0.00849557613888996	0.007201139998450069	0.0037878787069822463	0.01700217880664719	0.019735743716260364	0.03105573913610244	-0.034173705323243306	0.055180541407847346	-0.048292461797400474	-0.0129334919718102	-0.01591400136057041	-0.03189971509764547	0.017136328219619607	0.03799661194995379	0.008742616896025216	0.025022140616008097	0.002990543296179583	0.009545359383998125	-0.001486158664060892	-0.004391161231698229	-0.018994298855818215	0.01755045449214382	0.005255921380425318	0.001435834318319292	0.0023605033505723124	-0.007785379929130137	-0.007943224754315	-0.00548948663013926	0.002183541832070687	0.0038020971109689215	0.006977223514009456	0.0035300335804190246	0.0029397755386080656	0.0	0.0	0.0	0.0	0.0	0.0	0.0	0.0	0.0	0.0	0.0	0.0	0.0	0.0	0.0	0.0	0.0	0.0	0.0	0.0	0.0	0.0	0.0	0.0	0.0	0.0	0.0	0.0	0.0	0.0	0.0	0.0	0.0	0.0	0.0	0.0	0.0	0.0	0.0	0.0	0.0	0.0	0.0	0.0	0.0	0.0	0.0	0.0	0.0
108204	-0.4705214305321431	-0.03764124944984737	0.10370757207983249	0.008099104224315758	-0.16682129437158827	-0.04196513113198642	-0.0631902123024457	0.02274714847057983	0.05196804614821078	0.07289337224323957	0.08527186017073532	-0.04267656150543085	-0.0055977981813030864	0.025022438141787746	0.006936368672279506	0.005110080907591567	0.08965821994719814	-0.005168354077849163	-0.07421049129076683	0.004756502537090865	-0.05889009488964687	0.025268418529645505	0.06217928824191565	0.05213895209344585	-0.02497963596516646	0.011079564792321382	-0.00506284676105297	0.03397616577245208	0.013636665260566517	-0.022956307962969488	-0.012594852531103434	0.0018020837217057638	0.06436420822854205	-0.038842762486681094	0.002190174600065276	-0.04403429830712229	-0.013220120965699791	0.0057729672383188355	-0.003105408775763712	0.0016336705275862052	-0.01081411504163628	-0.017311743248861217	0.006669643740840369	-0.004177828014924101	-0.010086900655734874	0.0006646809577759237	0.01857800334287395	0.006218901297947406	0.008412190643418511	-0.020929046251206722	-0.019618539933666187	0.010282245959474716	-0.0007575674552213792	-0.008644641663721217	0.005538670932827231	0.02057723696940562	0.0	0.0	0.0	0.0	0.0	0.0	0.0	0.0	0.0	0.0	0.0	0.0	0.0	0.0	0.0	0.0	0.0	0.0	0.0	0.0	0.0	0.0	0.0	0.0	0.0	0.0	0.0	0.0	0.0	0.0	0.0	0.0	0.0	0.0	0.0	0.0	0.0	0.0	0.0	0.0	0.0	0.0	0.0	0.0	0.0	0.0	0.0	0.0	0.0
108205	-0.6163510718742978	0.11524005392789968	0.04228312350491502	-0.04315513644563912	-0.049261133069670615	0.1502965688306781	0.022606889155605776	-0.026848381528316864	0.06689610561837638	0.07083763510682393	-0.01879272983709872	0.052095635687890614	0.05014801252379823	0.0489266593733696	-0.03540018300029263	0.0481096603164367	0.03793492034521969	-0.020590573999864616	-0.01233453924619078	0.01964805619066841	-0.002931562151366171	0.030294177750452882	0.05490043974821782	0.02138137249460999	-0.034531056646947805	-0.0049533918860131115	0.05447105908909614	-0.0022104722334670823	0.012570875118876097	-0.02628555733943464	0.018476524809755316	-0.012856831282282585	-0.07403387686223485	-0.03989079600549109	0.009022756643426283	-0.021692766343014345	0.021806179805163244	-0.03888320092273643	-0.01322618468367742	0.009035574444900456	-0.028918167980805497	0.0139366833516528	0.04799512280052325	0.023967051920177725	-0.007602846750925963	0.029232105453764038	0.022047624101888087	-0.0028306421390537693	0.020465309379547637	-0.0006831109728127991	0.007998811716006483	-0.0031001860703265	0.0037823995054367017	0.0017497629837220081	-0.009276333056730606	-0.0036086021312345283	0.0	0.0	0.0	0.0	0.0	0.0	0.0	0.0	0.0	0.0	0.0	0.0	0.0	0.0	0.0	0.0	0.0	0.0	0.0	0.0	0.0	0.0	0.0	0.0	0.0	0.0	0.0	0.0	0.0	0.0	0.0	0.0	0.0	0.0	0.0	0.0	0.0	0.0	0.0	0.0	0.0	0.0	0.0	0.0	0.0	0.0	0.0	0.0	0.0
108209	0.5296671692076549	-0.803973812258548	-0.2206950663925742	0.210117645294489	0.014841748195447294	0.13856572248114543	-0.01866071739233047	-0.10081711208736326	-0.07444188728554979	0.023784915326052064	-0.022503187668367428	0.0018586709652575804	-0.023657273383781915	0.003830782578264031	0.029303761801806764	0.050689903384900904	0.04133429764625139	0.0441119545471596	-0.0014858079361812985	-0.035857222507296886	0.0895392015983722	-0.038950471024355365	-0.027597555973422106	-0.01881307271936051	0.0005484065590109964	0.03840257692887584	-0.055024171907139006	0.031994973232065585	-0.00804360979168608	0.021889756078990404	0.012828303344019224	0.01669516936263306	0.01388272036827335	0.03025577047906049	-0.04256523489953891	-0.010881651976788816	0.012939018371944663	-0.007313404172691505	-0.04767799806143954	0.03240610483469587	0.0240358097569916	-0.028282099765402958	0.0026715318681642584	0.0077573332242416	-0.008668987016875759	-0.005901466124122721	-0.003088110827088134	0.01904426621728645	-0.009682942052732178	-0.0030017347131673687	0.0036511677202496922	-0.0028860664718150485	0.00015121704331948294	0.006291335542045762	-0.0026409595533396584	0.0009047153411500787	0.0	0.0	0.0	0.0	0.0	0.0	0.0	0.0	0.0	0.0	0.0	0.0	0.0	0.0	0.0	0.0	0.0	0.0	0.0	0.0	0.0	0.0	0.0	0.0	0.0	0.0	0.0	0.0	0.0	0.0	0.0	0.0	0.0	0.0	0.0	0.0	0.0	0.0	0.0	0.0	0.0	0.0	0.0	0.0	0.0	0.0	0.0	0.0	0.0
108210	-0.46731957178445066	-0.0019726583956450224	-0.06513644031296513	0.42166004092374143	-0.19498637227418825	0.0714991823289197	-0.14840895816360156	0.031045557962045493	0.046980558263746953	0.07921483412060545	0.05686664466990015	-0.09911376522018035	-0.0325835859643687	-0.012991456711772738	0.03926922481151433	0.0194215478073593	-0.04517450830369791	0.04094084380885938	-0.04326597279918325	0.00194443429183247	-0.013680775912369684	0.03802419722696951	-0.03586154850078879	-0.019503277319145466	0.024326754394967925	-0.02572958791811735	-0.010877974312643823	-0.054297423733360294	-0.015098988716962572	-0.006349656017915666	0.04571865335144688	-0.03160932661142626	-0.010826831717657526	0.008030318086844311	-0.0006617618501720562	0.0024015577605593606	0.013631781392688561	-0.006520232041981919	0.012141706805388985	0.0008712013054810377	-0.011589474581388488	-0.025749312014384875	0.012714429895274274	-0.014063695525540357	-0.02028242876629129	-0.013507924120653863	1.3178391187099217e-05	0.018566250728368303	0.0043531639296041135	0.008534927873688274	0.009040033166215107	0.010600259554287807	-0.009806258423089801	-0.0007686298375244244	-0.0011210156335671447	-8.860192089991102e-05	0.0	0.0	0.0	0.0	0.0	0.0	0.0	0.0	0.0	0.0	0.0	0.0	0.0	0.0	0.0	0.0	0.0	0.0	0.0	0.0	0.0	0.0	0.0	0.0	0.0	0.0	0.0	0.0	0.0	0.0	0.0	0.0	0.0	0.0	0.0	0.0	0.0	0.0	0.0	0.0	0.0	0.0	0.0	0.0	0.0	0.0	0.0	0.0	0.0
108211	-0.5776954020762668	0.20752027053148706	-0.04543836001326438	-0.0032691809706450413	0.07259018134285074	0.2308859625258442	0.08017008812362537	-0.012665014390728977	0.13679603293064	0.06288322868335874	-0.07403325407152923	0.06275767181331968	0.11689754559284393	0.10083954638451542	0.047709971675295976	0.05446277070238304	-0.02717506996492471	-0.02534764630587331	-0.017578854125471305	-0.04060621430632764	0.02587597624726911	0.03166104668863659	-0.050760246294726974	0.0682167673763934	-0.04257992918866336	0.00985289822056116	-0.016370793291323738	0.008714211839037856	-0.016683169952438782	-0.018901499206329577	0.016854097611338444	-0.030452077133439184	0.0006543273786793834	0.024595102208517752	-0.008393600240828131	0.03013106108919791	-0.03788352224217794	0.01967747820050666	-0.00015646438878714797	-0.029609822832670326	-0.006381187421321502	0.01882586536000539	-0.022299760910453943	0.04141157453263298	-0.031048151013453554	-0.00918806763811542	-0.022521032110202132	0.014457623583023608	0.005685865294319713	-0.014585009900368382	-0.0022088143479726693	0.012818006802098537	-0.005652765014262325	0.0006520216639640738	0.0023497342139180834	-0.0026498699813528323	0.0	0.0	0.0	0.0	0.0	0.0	0.0	0.0	0.0	0.0	0.0	0.0	0.0	0.0	0.0	0.0	0.0	0.0	0.0	0.0	0.0	0.0	0.0	0.0	0.0	0.0	0.0	0.0	0.0	0.0	0.0	0.0	0.0	0.0	0.0	0.0	0.0	0.0	0.0	0.0	0.0	0.0	0.0	0.0	0.0	0.0	0.0	0.0	0.0
108215	0.8057885022506781	0.17376259512997702	0.012715459040617934	0.30495634966419616	-0.08923597193225687	0.037448835575014314	0.03878843339989729	0.03828967528818055	-0.10619342695505174	0.09405406749570301	-0.06240009473246024	-0.032731983193680994	0.021416133349858923	-0.009547583592271505	-0.08353647517791621	-0.025913574001483662	-0.06725112415883883	-0.0482464384250319	-0.050552555168957035	0.07532284273720367	-0.026626082494496547	0.027298709008737765	-0.05889779812385952	0.007829494778710335	-0.016772952214991813	0.03073444541463213	0.022180739718321706	-0.016964776166052777	0.029809772814853388	-0.01719039904125515	-0.012189440450603564	0.02265617729997812	-0.02015876232663536	-0.004185391700778059	-0.015484467231716991	-0.019634832058956993	-0.030838225859219495	0.026343718462270203	0.007186458843507364	-0.019174348343856906	0.014814072629993505	-0.02923949268615611	0.01119866728607194	-0.009565039376352318	0.013133308120942154	0.008703945154515554	-0.0068711026619207045	-0.00356319408808899	-0.015708637703736143	-0.0018359091954626631	0.00031851610902652443	0.005418653177345592	0.006857232471021744	0.0021906249303509486	-0.007589247067287972	-0.003995674311634175	0.0	0.0	0.0	0.0	0.0	0.0	0.0	0.0	0.0	0.0	0.0	0.0	0.0	0.0	0.0	0.0	0.0	0.0	0.0	0.0	0.0	0.0	0.0	0.0	0.0	0.0	0.0	0.0	0.0	0.0	0.0	0.0	0.0	0.0	0.0	0.0	0.0	0.0	0.0	0.0	0.0	0.0	0.0	0.0	0.0	0.0	0.0	0.0	0.0
108216	-0.39938251144867676	-0.09069401801173153	0.22027040587945176	0.028101784631651153	-0.10912330287270097	-0.152136806997036	-0.03940933042378449	0.01744175063379291	-0.06521436086127129	0.10043378369760357	0.04515951179237362	0.08194515228868894	-0.029047487758137817	0.028297640320568973	0.004934109234948684	-0.0230706678060401	0.031041698944822026	0.05438461298007133	0.0518422270999858	0.027878903097278362	0.03948781923656387	-0.00661744314531394	-0.03435439934568181	-0.009206570812401692	-0.022117966355423197	0.02277188914399345	0.06306563375397342	0.049463774301157566	-0.017421915700166848	-0.010653434860599593	-0.005091899501687156	0.0016023325678998005	-0.06216792130630037	0.012115701112868114	-0.008342929108182831	0.02416110506856885	-0.04873980392277934	-0.01782082717049479	-0.013572628837818608	-0.05119788136085548	-0.013014224627849078	0.016999795427994492	0.0044173517005417365	-0.010880097236445084	0.011150131615241313	-0.002285908019918344	-0.026624920424747234	-0.00018508604434512352	0.003857522250066857	0.0062098468917167115	0.021715693670433914	0.008826671927600933	0.0022507420635951396	-0.0034398963146175625	-0.006202876298684136	0.01071441976430461	0.0	0.0	0.0	0.0	0.0	0.0	0.0	0.0	0.0	0.0	0.0	0.0	0.0	0.0	0.0	0.0	0.0	0.0	0.0	0.0	0.0	0.0	0.0	0.0	0.0	0.0	0.0	0.0	0.0	0.0	0.0	0.0	0.0	0.0	0.0	0.0	0.0	0.0	0.0	0.0	0.0	0.0	0.0	0.0	0.0	0.0	0.0	0.0	0.0
108217	-0.4222434616029329	0.11235674673282596	-0.003971988732718317	0.05994487376176504	0.2129446262408894	0.0073868490549607365	-0.10504718608761307	-0.001335866305205522	0.004157799865821759	0.0050856235925953435	-0.08303124966743691	-0.025297971863856503	0.022400785879800458	0.14779795891375405	-0.022334517262159185	-0.0054485202126054585	0.05139583659358015	0.10111313474924255	-0.008593546390610985	-0.008460491706768249	-0.06802548659075416	-0.03198148706718608	0.014590871741220441	-0.029317245609763717	0.00041406365182932554	-0.043986798008584765	-0.032200675541923594	-0.022260619400968452	-0.030881876487998502	0.0895824911982704	0.06224746892293275	-0.010333589237200626	0.008259591196287129	-0.005713272851361198	0.014693142256608185	-0.010176653812692218	-0.01467149243469066	0.011098903105420737	0.03169476034977293	-0.009230881748508031	0.031744080265895765	0.008003314560975517	-0.05812869793760111	-0.027016160674995602	0.012956513600623786	0.003930595558680761	-0.01195959373710329	-0.016919798009400657	0.004920199413574062	-0.022586510226522718	-0.005412647066725598	0.0007141870958424647	-0.004142323013113239	-0.002639559598162741	-0.004842492047327243	-0.0018710291589608546	0.0	0.0	0.0	0.0	0.0	0.0	0.0	0.0	0.0	0.0	0.0	0.0	0.0	0.0	0.0	0.0	0.0	0.0	0.0	0.0	0.0	0.0	0.0	0.0	0.0	0.0	0.0	0.0	0.0	0.0	0.0	0.0	0.0	0.0	0.0	0.0	0.0	0.0	0.0	0.0	0.0	0.0	0.0	0.0	0.0	0.0	0.0	0.0	0.0
108220	0.6768783931804657	0.19974111499580352	0.1735653369244931	-0.09819912097142876	0.1131807330523093	-0.03192922941901862	-0.091797741012899	-0.2573828161252393	0.1146228325098838	0.07202150071869294	0.029100028488544257	0.06451645826031895	-0.06514170380558641	-0.05486069309567069	0.04930743914914085	0.0018072963248791651	-0.003873352013213247	-0.008198685872411649	0.05247620998582746	0.022101791014461383	-0.016137700514840234	0.012821657014189674	0.02779560826477625	0.033937468387227075	0.03438426431485605	-0.0002718925882979149	-0.010544043329129841	-0.029628993135549134	0.007709641172139786	0.00594229580354246	-0.022282450843937037	0.0023186428800965435	0.004243596258177603	0.01549108473536328	-0.007092914228291667	0.007009327023275634	-0.02108537091637843	0.023233549210714376	0.034928445570427784	0.0006685439628129031	0.002152967135884102	0.015659365234564356	0.02394004728716469	-0.01671822912469902	-0.033028341868198884	0.005039456789933258	0.018611093608389494	-0.011730694186802716	0.0157089704838464	0.0021116567178672122	-0.006980769121164162	0.012977732336342581	-0.0027978348512060357	0.011677633890806666	-0.00643958164172923	-0.004426780724742682	0.0	0.0	0.0	0.0	0.0	0.0	0.0	0.0	0.0	0.0	0.0	0.0	0.0	0.0	0.0	0.0	0.0	0.0	0.0	0.0	0.0	0.0	0.0	0.0	0.0	0.0	0.0	0.0	0.0	0.0	0.0	0.0	0.0	0.0	0.0	0.0	0.0	0.0	0.0	0.0	0.0	0.0	0.0	0.0	0.0	0.0	0.0	0.0	0.0
108221	0.5600326335240337	-0.2856237475292693	0.2001872729369085	0.40584339040092154	0.1323872835714176	0.05643774753334933	-0.05174130782174337	-0.037546045682522546	-0.015310084477741256	-0.139533670392616	-0.05710691944479273	0.1187706283525587	0.1657960763761713	-0.08773222643641918	0.16714095995504505	0.07125911255755091	0.06028294071059571	-0.024737899376748217	-0.030232913608316026	0.008680344558213917	0.040444013460954796	-0.08020264578536107	0.014149186817534219	-0.04766226093349014	0.010634362575719597	-0.05965795161838209	-0.038753367668845025	0.010655898891359351	0.03214704550455657	-0.00614100529623757	-0.027234674335415203	0.03573320735100383	0.009877400877842075	-0.027323500479802063	-0.007353245229999086	-0.014735115906418059	0.008492561853478653	-0.010176833794161934	0.023549420157113175	-0.018833656446172957	0.0007994735822240132	-0.008532304139747858	0.01848684393308163	0.02012623536316844	-0.0010302544301597513	0.0007387571834249305	-0.009459480893299638	-0.003641492298481495	-0.007419326363197917	-0.00041272964875586514	0.01118902788935024	0.0002860353915580157	-0.0020888114472961813	0.0005638741672579333	0.0006859494634697925	-0.00032111121998936587	0.0	0.0	0.0	0.0	0.0	0.0	0.0	0.0	0.0	0.0	0.0	0.0	0.0	0.0	0.0	0.0	0.0	0.0	0.0	0.0	0.0	0.0	0.0	0.0	0.0	0.0	0.0	0.0	0.0	0.0	0.0	0.0	0.0	0.0	0.0	0.0	0.0	0.0	0.0	0.0	0.0	0.0	0.0	0.0	0.0	0.0	0.0	0.0	0.0
108222	-0.3923897416050751	-0.1170313184536498	0.16508430377370087	0.03409342947585416	-0.026171261468372474	-0.07465735246196419	-0.015269272496327856	0.11847993931402646	0.023402705500064996	0.18001785439876797	0.028115727017714177	0.03581195011739672	-0.028523420009283755	-0.005192019004363291	0.06413527113322577	-0.04528122518055467	0.009987325921932024	0.011850550680543276	0.022421402166894	0.0073091979556292146	0.05776163831109642	0.04762716927304126	-0.04999326406477622	-0.0034652108541893658	-0.027266097161051668	0.019551052279122877	0.040340094189739405	-0.005395743557482412	0.032714636678551685	0.005817562121909176	0.0272148457601897	0.03166030322511678	0.053116646853661936	-0.044866832610656555	0.015259665881047822	0.0124613333213195	0.04668920011728737	-0.00879739047025255	0.012099252386947404	-0.002685408688429496	0.0007424335079204138	-0.012259117527664419	-0.021722351644861318	-0.004330395285318207	-0.015307643735513798	-0.03609059732491323	0.004374832924302414	-0.017657984284921543	-0.002522209924538971	-0.004342649352707894	0.0009393202399687623	0.007785940029472932	-0.003719744714403291	0.008928935767920563	0.0017728125401047603	-0.005078180827658107	0.0	0.0	0.0	0.0	0.0	0.0	0.0	0.0	0.0	0.0	0.0	0.0	0.0	0.0	0.0	0.0	0.0	0.0	0.0	0.0	0.0	0.0	0.0	0.0	0.0	0.0	0.0	0.0	0.0	0.0	0.0	0.0	0.0	0.0	0.0	0.0	0.0	0.0	0.0	0.0	0.0	0.0	0.0	0.0	0.0	0.0	0.0	0.0	0.0
108223	-0.1666275900872913	0.0842636915285338	0.032943858481867205	-0.047086260076620166	0.3804022659343117	-0.05230754666695022	-0.022984493468834164	0.0036262784935884077	0.025591138742667344	-0.08203029266839534	-0.03666526871444207	-0.027864175287598894	0.0032280526934564476	-0.03937545104108286	-0.020746600478453676	-0.026839930785314672	-0.08827169150747745	0.16537711327891352	-0.04166777148721777	0.0637427839590044	0.03150502191469927	0.016398335907958844	0.01066289459511454	0.011008487912124353	-0.04789899927602512	-0.015614726686534896	-0.008994935412601683	-0.013273271085592165	0.03208665516717502	-0.003372292617673537	-0.002601337476421548	0.0034977614117386695	0.03720027765834692	-0.015117302435519522	0.022142821375724635	-0.013631265633163563	-0.02147992549874364	-0.046454410898755086	-0.0140882317416293	0.007484046073177626	-0.043151726502692694	-0.019496842102126256	0.006271646801772374	-0.012004438495264494	-0.03029845190640028	0.020311575727272296	-0.005444815242108748	0.005722347040098766	-0.003305118838897374	-0.01958140753598879	-0.00524744069613755	0.003083940104093333	-0.0006442869258277341	-0.00423810330389498	-0.002151952681309601	-0.002283499604975497	0.0	0.0	0.0	0.0	0.0	0.0	0.0	0.0	0.0	0.0	0.0	0.0	0.0	0.0	0.0	0.0	0.0	0.0	0.0	0.0	0.0	0.0	0.0	0.0	0.0	0.0	0.0	0.0	0.0	0.0	0.0	0.0	0.0	0.0	0.0	0.0	0.0	0.0	0.0	0.0	0.0	0.0	0.0	0.0	0.0	0.0	0.0	0.0	0.0
108233	0.2063169528928534	-0.04625022355292282	0.05833277726132876	0.25692848363313936	0.07237939898936278	-0.23318946741358765	0.09320633304690887	0.07575867992361125	0.1390837378422205	-0.05980246278600104	0.12123601682561538	-0.0378375740320437	0.038731059021975565	-0.027606253132588066	-0.08543364856288485	0.10397887141979742	0.05042772898644067	-0.013494874704737474	-0.008167991354246673	-0.05676048366015499	0.048638463472993936	-0.08355898635324079	-0.013984609483899357	0.07558778869615812	-0.013559194194027482	0.03972091738439306	-0.0007001803553226794	0.03353091451548536	-0.01434850518099484	0.071601347851123	-0.05286775324745759	0.00020845976102719976	-0.04457170191963434	-0.030820745969257993	-0.016307500004595604	0.0038944416166675597	0.0018216392387888005	-5.277763486194966e-05	0.003987048378271657	-0.0016893223888202835	-0.001483901580752187	0.010335521483092348	0.0019081496598253433	0.005043578708975812	-0.011223206555861898	0.003971375791352837	-0.023076960564313246	-0.008766325265990216	0.0022507451607225427	0.010300199426481292	-0.016054156292859893	-0.0018571203541606113	-0.0019797493033390447	-0.003092725653850177	0.003664780148083589	-0.000410283707780276	0.0	0.0	0.0	0.0	0.0	0.0	0.0	0.0	0.0	0.0	0.0	0.0	0.0	0.0	0.0	0.0	0.0	0.0	0.0	0.0	0.0	0.0	0.0	0.0	0.0	0.0	0.0	0.0	0.0	0.0	0.0	0.0	0.0	0.0	0.0	0.0	0.0	0.0	0.0	0.0	0.0	0.0	0.0	0.0	0.0	0.0	0.0	0.0	0.0
108234	-0.518725393051242	0.035028233218685124	-0.016578264165060978	0.1928531525169202	-0.37567791460455807	0.008191103873391697	-0.17968950203058073	-0.04456031555021617	0.050428268773248686	-0.09952480177066152	0.06353174421446052	0.027117668066340573	-0.09028706268197066	0.04785050115035091	0.01624414012844473	-0.040633613612364394	-0.01863019895223824	0.048543243849249955	0.016388227482724442	0.027790852794909438	0.08022000216899584	0.03488857843466733	-0.0023344641042061048	0.0165013654542232	-0.06903044350314835	0.03906957586662793	0.0007738322178121151	0.021343218543024883	0.016460063008695798	-0.05061407484187464	0.007891432697858424	-0.023678287080509428	-0.011796328128082977	0.0006568266334619773	-0.001136099463776804	-0.0058518633096814555	-0.017781876144907692	0.0018774608702215396	0.013280822572860495	-0.026642333188205795	0.015381253610414947	0.019343993641958653	0.0004215837642488279	0.008662941284716943	0.016351726733956646	-0.005834483571419845	0.00463260455135866	-0.004684028403410556	0.003288523827165479	0.008491897586544526	-0.012374625316745753	-0.009898637608682953	0.002177231788833504	0.0015744914818755513	-0.0014653959644141538	0.0016177870379810268	0.0	0.0	0.0	0.0	0.0	0.0	0.0	0.0	0.0	0.0	0.0	0.0	0.0	0.0	0.0	0.0	0.0	0.0	0.0	0.0	0.0	0.0	0.0	0.0	0.0	0.0	0.0	0.0	0.0	0.0	0.0	0.0	0.0	0.0	0.0	0.0	0.0	0.0	0.0	0.0	0.0	0.0	0.0	0.0	0.0	0.0	0.0	0.0	0.0
108235	-0.17988279648542924	0.07966938290916559	0.1170367571217036	0.014649071050007836	0.354290295695195	-0.04868400664156548	-0.01297359201805839	0.08551065257411834	0.10809954026235169	-0.11481382160514492	-0.05765674415013363	0.024565408794254624	-0.11302875802394807	-0.07240606497933465	-0.05748885250894592	0.03415689166198937	0.00548276484288782	0.017280986027271125	-0.0031921652335296785	0.06444527090851125	0.012356421300687929	-0.023420025522269083	-0.028790595822557212	-0.09704083053965817	-0.03343114290076413	-0.0004879823839293496	0.017361588464338138	-0.01706127233430105	-0.03800113767553977	-0.00053257737212482	0.018958948401021164	0.021648574019848304	-0.016441853016229406	0.023805104971819892	0.03006155870023584	-0.03905482283260978	-0.013453084605292955	0.0013582471672478745	-0.013675939553682837	-0.03808902865337309	-0.016120716564779976	-0.021941121005120773	-0.013955261341111497	0.015975480430837078	0.0001573424118858588	0.005866810861031156	0.0249033198542907	-0.01106128156045046	0.009300090013060881	-0.0015529380833186018	-0.0010942106786301525	-0.005970980826308686	0.0012453972671805193	-0.0013738321141937696	0.0028420026217641186	-0.00010069621835646046	0.0	0.0	0.0	0.0	0.0	0.0	0.0	0.0	0.0	0.0	0.0	0.0	0.0	0.0	0.0	0.0	0.0	0.0	0.0	0.0	0.0	0.0	0.0	0.0	0.0	0.0	0.0	0.0	0.0	0.0	0.0	0.0	0.0	0.0	0.0	0.0	0.0	0.0	0.0	0.0	0.0	0.0	0.0	0.0	0.0	0.0	0.0	0.0	0.0
108238	0.49148208378515995	0.06305468113214582	0.20617412140750901	0.022719519427521893	0.04947160517233057	-0.06299714808156101	0.12206948834440746	-0.03308119840216018	0.12368247961011539	0.013184026398266028	0.11571613899161876	-0.08046333022480241	-0.028606398805882904	0.056654722641797196	0.04408117825129493	0.005742538499771504	0.029932062311155333	-0.006331850236325523	0.0784003467402163	-0.040715555846217354	-0.0830003411784725	-0.0536101240924398	-0.02658105888050848	-0.009501500585303297	-0.006410966534373231	-0.05360824478976653	0.011684035242306422	-0.043367816014377746	-0.07145673720469788	-0.007709211991888342	0.002994065785456618	-0.019399320651765074	0.01409776465741942	-0.031580364172057764	0.044272904746869284	0.020585595109919898	-0.03310614155920683	-0.012148314039849659	-0.0023593319202612514	-0.012097501944422284	0.012284128284000275	-0.0181934834151852	0.040181265192881226	0.01463768732296178	0.0005169116853332549	0.0030111758006021784	-0.004215199636592697	0.004972713672127846	-0.014513312271955767	-0.0027426916631924725	0.0008717597066282685	-0.004510777757456148	0.004521619982111155	0.00333761175856854	-0.002601139401827229	-0.005247271110984325	0.0	0.0	0.0	0.0	0.0	0.0	0.0	0.0	0.0	0.0	0.0	0.0	0.0	0.0	0.0	0.0	0.0	0.0	0.0	0.0	0.0	0.0	0.0	0.0	0.0	0.0	0.0	0.0	0.0	0.0	0.0	0.0	0.0	0.0	0.0	0.0	0.0	0.0	0.0	0.0	0.0	0.0	0.0	0.0	0.0	0.0	0.0	0.0	0.0
108239	0.38067553281306793	-0.8771797124267433	-0.4406005766988689	-0.33974976565112425	0.0434550319863095	0.1740264133882499	-0.1289917807572092	-0.0993916124644233	-0.03672869364451237	0.03891388506447688	0.12952876728879484	0.12431439255027281	0.032674312466586655	-0.09056762023085066	-0.018182733242416756	0.01150487417180717	-0.04018992684402115	0.05157857758408653	0.029551574477893854	-0.032010494156090676	-0.13810918960849125	-0.03260034324995553	-0.05648986270785626	-0.015922480351393188	-0.10232082534129107	-0.03797638052765932	0.011190911043070193	0.061762921247081895	0.010456492864410123	-0.002769324754676442	0.015026539741070887	0.06683340301537091	-0.044064527636574174	-0.01428273726532185	-0.01304775866834087	-0.019080238486775546	0.040224892955552594	0.005694045276153652	-0.01786745590395975	-0.022236997840788864	0.03149840361217418	-0.00425937734441981	-0.004667200243889866	-0.00550776300245034	-0.00806443020416005	0.012561839019290217	-0.0011493005387858454	0.010603315516614581	0.002159948536048821	-0.0017505841880209015	-0.0038994408983304045	0.0006628022841165837	-0.003511148230957086	0.0004560197934845004	-0.00010879175545840831	-0.0015510196524981192	0.0	0.0	0.0	0.0	0.0	0.0	0.0	0.0	0.0	0.0	0.0	0.0	0.0	0.0	0.0	0.0	0.0	0.0	0.0	0.0	0.0	0.0	0.0	0.0	0.0	0.0	0.0	0.0	0.0	0.0	0.0	0.0	0.0	0.0	0.0	0.0	0.0	0.0	0.0	0.0	0.0	0.0	0.0	0.0	0.0	0.0	0.0	0.0	0.0
108240	-0.6157370470565271	0.038320778546556314	-0.011960559472284544	-0.005977203608062231	-0.1500720412352334	0.11415434135484744	-0.024622807233687777	-0.025174052168068273	-0.00959283404474477	0.025605312372524155	0.0010304986963609107	-0.03375611691800885	0.05320250339256542	0.006872811281126425	-0.02637635550730932	-0.0827136178862522	-0.10375306749640353	0.06320134081043907	7.588576685129742e-05	-0.028520760278265223	0.025172503761801156	-0.033162541012719926	0.08486146297868942	0.06954480159199247	-0.006480743406057671	-0.08366734794987804	-0.04075150384085904	-0.01129468805151804	-0.004644143665648377	0.002294747737733945	-0.0175104930878862	-0.037872786750524357	-0.04392824117933579	0.007587069910234354	0.005069761929143781	-0.04094165238763315	0.00025489856865984684	0.07186851156162995	-0.03195336000741452	0.03040701278350645	-0.014523928324096127	0.027406127787970844	0.021201720777346042	-0.014726655751010028	0.038206483881815044	-0.013605638349307385	-0.0046735436206106675	0.019563602992004367	0.008596228344122625	-0.022259505701384696	0.0070352118884335684	0.006311796820695809	-0.007447029755743861	-0.009212975832843643	0.002713058899598413	-0.005125503644113165	0.0	0.0	0.0	0.0	0.0	0.0	0.0	0.0	0.0	0.0	0.0	0.0	0.0	0.0	0.0	0.0	0.0	0.0	0.0	0.0	0.0	0.0	0.0	0.0	0.0	0.0	0.0	0.0	0.0	0.0	0.0	0.0	0.0	0.0	0.0	0.0	0.0	0.0	0.0	0.0	0.0	0.0	0.0	0.0	0.0	0.0	0.0	0.0	0.0
108241	-0.4888577847958725	0.04843289361949835	0.14574018034663436	-0.09760934288583739	0.20955477240196077	-0.08517702005600222	-0.13334415303209265	0.12599148809161625	-0.017767738960351567	0.009844385545783018	-0.09496790970024419	-0.021193885251865215	-0.06659178510045141	-0.09738420193322352	-0.05697179186801915	-0.15422452952383472	0.1216127401378189	-0.19333151694969264	-0.0002057698738673745	-0.06491735180409357	-0.005458720904509446	0.007042650781395839	-0.05985378764522925	0.014483951045379558	-0.060090353837939765	-0.054142897927526155	0.047728211022150746	6.103303184950642e-05	-0.007480622405496202	0.012892629964082828	0.010257991222114349	-0.042961493445976495	-0.05587262528266307	0.012800540369002661	-0.01153261242751158	0.0016089076283007401	-0.018890826249728536	-0.052933615207958834	0.028282047632361872	0.035660447807488733	0.006405815693600688	-0.020844383685664637	-2.325704317159869e-05	-0.02091942728439268	-0.0005339008299209359	0.015377191898143341	-1.941870642488205e-05	0.025278749840061072	-0.006060362144181625	-0.006051475463090907	0.008211256300596728	0.0005119713840907055	-0.006010594894935621	-0.0024918895515376295	0.0027855977327492986	0.0024667569612177843	0.0	0.0	0.0	0.0	0.0	0.0	0.0	0.0	0.0	0.0	0.0	0.0	0.0	0.0	0.0	0.0	0.0	0.0	0.0	0.0	0.0	0.0	0.0	0.0	0.0	0.0	0.0	0.0	0.0	0.0	0.0	0.0	0.0	0.0	0.0	0.0	0.0	0.0	0.0	0.0	0.0	0.0	0.0	0.0	0.0	0.0	0.0	0.0	0.0
108244	0.7774844794196246	0.24455992967492016	-0.01466241023732983	0.12753790172010418	-0.08692672649268081	0.02068706931440245	0.012500839155394806	0.03664572604302716	-0.013964662354930862	0.043828654851883496	-0.016924244793456104	-0.02487302582566327	-0.0694878220498174	0.05453574197138123	0.0007815211618708318	-0.024509068851635486	-0.09494183292725879	-0.02698269937829179	0.006533133521804076	-0.023451105891436036	-0.061317460684513096	-0.042993943129816775	-0.012873524988476145	-0.01792402057686736	-0.018682969344297036	-0.011905902121230327	0.013906987059571517	-0.02687317565897496	-0.009097055957070893	-0.016025067071293947	-0.0034968510821457312	-0.045267679421931994	0.009055952444702135	-0.0024536285648654975	-0.0028407788285113185	0.024257448745760964	0.013511022962492772	0.008029033336089765	0.012093845732100683	-0.040219441744343595	-0.02620852781989155	0.0014763283496748133	0.023266667643853923	-0.002830286939278593	-0.012134412254419165	-0.006466650281351509	-0.01422231718886366	-0.0012203562244478647	0.013954843666843266	0.003648152092043907	-0.004099998558958592	-0.005189684172117281	-0.00819751440285777	-0.01055278838240718	0.014572256484822643	0.00404189721447495	0.0	0.0	0.0	0.0	0.0	0.0	0.0	0.0	0.0	0.0	0.0	0.0	0.0	0.0	0.0	0.0	0.0	0.0	0.0	0.0	0.0	0.0	0.0	0.0	0.0	0.0	0.0	0.0	0.0	0.0	0.0	0.0	0.0	0.0	0.0	0.0	0.0	0.0	0.0	0.0	0.0	0.0	0.0	0.0	0.0	0.0	0.0	0.0	0.0
108245	0.5074853099485596	-0.8843304170541638	-0.2030993435231571	0.19169798341638566	-0.020285265606803625	0.17764594477377305	-0.06807716807261956	-0.10177028267272352	-0.10401501609186738	0.06787083264278386	-0.034703786235314074	-0.006794758802241566	-0.0327226281105624	-0.017148682876029216	-0.03466089451872119	-0.04125503281466443	0.006351587975510655	-0.007799203613546596	0.0025394956509502465	0.10155204585025826	-0.007905656961697309	0.031674196382522765	0.0158866978500999	0.008234547507672111	-0.03809746738905787	0.03603283686441735	0.006184265962423642	0.009615892524872455	-0.013589102088392204	0.032595844928406364	0.00865927142482745	0.02375973377293627	-0.0028703356795734	0.01994022199570578	0.00842926928223316	0.031230232287636505	-0.028764160353419745	0.01559193893627732	0.029524180942076747	0.005756178853014968	-0.008547515853497058	-0.008158055957719259	0.02597386313003996	-0.010645047107351797	0.011144739362980677	0.0042463795175561895	0.005545016521039955	-0.014346275584254534	0.0008149750337344184	0.006099713602218393	-0.0010614311812290537	0.01046886675776745	-0.0050077381143629075	-0.003738400478025343	0.001026524465626302	-0.0023407690248899386	0.0	0.0	0.0	0.0	0.0	0.0	0.0	0.0	0.0	0.0	0.0	0.0	0.0	0.0	0.0	0.0	0.0	0.0	0.0	0.0	0.0	0.0	0.0	0.0	0.0	0.0	0.0	0.0	0.0	0.0	0.0	0.0	0.0	0.0	0.0	0.0	0.0	0.0	0.0	0.0	0.0	0.0	0.0	0.0	0.0	0.0	0.0	0.0	0.0
108246	-0.5438156813100509	0.05125467272761968	0.06097588767083733	-0.04390307238899162	-0.13695030930238236	0.022922201539024373	-0.12749009577172563	0.04347109973395514	0.04094710540470275	0.08949765863427096	0.08529177496248115	-0.12256719479553374	0.0026483605370554203	-0.05782568463817797	0.01672881439303877	0.05644067224245173	0.05814060464948956	-0.06860484039368539	-0.039142227365212195	-0.039791418613998625	0.031378818295547124	0.022513942234353896	0.0796720348489829	-0.04138462922616195	-0.017344476503881753	0.006369390385921166	-0.03027242514899334	0.03574420217694056	-0.05432497490553411	-0.03026493294168441	-0.024679352297752002	0.0353638848495778	-0.014293685216240935	0.027762543684109617	0.020269051502407952	-0.02178954279172603	-0.002447474276286431	-0.0054174708401546826	0.07343999811682203	-0.017176630800907346	0.005326012406649284	0.0015266859162343688	0.006929190591628316	0.01565319339844015	-0.019790752975985773	-0.023214891440008472	-0.012459975579537425	0.010064993734726411	-0.02170524610014524	-0.025657978453773277	-0.011583599986303934	0.006376396490939909	0.016276332279694373	0.0039034700536102088	0.0022596423490930384	-0.004136155271429582	0.0	0.0	0.0	0.0	0.0	0.0	0.0	0.0	0.0	0.0	0.0	0.0	0.0	0.0	0.0	0.0	0.0	0.0	0.0	0.0	0.0	0.0	0.0	0.0	0.0	0.0	0.0	0.0	0.0	0.0	0.0	0.0	0.0	0.0	0.0	0.0	0.0	0.0	0.0	0.0	0.0	0.0	0.0	0.0	0.0	0.0	0.0	0.0	0.0
108247	-0.62082340558809	0.05211893664817452	0.018760951327286765	0.04404471184444278	-0.06984499000690163	0.07764288643530876	0.06901934772577933	0.05771569404921051	0.08955973241290609	-0.053240557801756544	-0.07396832274842807	0.03342877100457851	-0.15279576807029202	0.008380612978301645	-0.010739372719472251	-0.020522184641638047	0.06619374931442862	-0.10820219802394025	-0.08598454975345346	-0.020296527371170728	-0.048907590492429584	0.009562485910695313	0.043280219048036035	-0.10652114635503984	-0.043530493910055076	-0.02203488590665672	-0.006925101247360888	0.022581677838784942	0.01482480190589848	0.04956822096422364	-0.01603106495362425	0.04872969508074342	-0.005963330387016903	-0.02832790589166452	-0.028184796961000482	0.010437059868119391	-0.022461469024021758	0.051719581667206485	-0.02541685777138589	-0.03037949757822978	0.008138463997868495	0.034459824597272516	-0.004949647797736105	0.015531047720374152	0.001248521676385202	-0.01796222361410433	0.015236739428923994	0.01271045469061763	0.003014356176981188	-0.003964846684108472	0.009578298902306426	-0.004522495821496188	0.0003577363099203109	0.005054103229080506	-0.0010577077496493818	-0.00021451013367326194	0.0	0.0	0.0	0.0	0.0	0.0	0.0	0.0	0.0	0.0	0.0	0.0	0.0	0.0	0.0	0.0	0.0	0.0	0.0	0.0	0.0	0.0	0.0	0.0	0.0	0.0	0.0	0.0	0.0	0.0	0.0	0.0	0.0	0.0	0.0	0.0	0.0	0.0	0.0	0.0	0.0	0.0	0.0	0.0	0.0	0.0	0.0	0.0	0.0
108250	0.8379686835594206	0.4215178327653626	-0.08558735717524642	-0.10995108548642565	-0.06257847780990765	0.08398366354750844	-0.058957124493711016	0.02155056711680827	-0.04973487875008604	-0.012024425198140702	-0.026225782440267034	0.010111407411973687	0.01541935874968078	-0.05105462126523757	-0.008852301830448776	-0.02217805131978268	0.01622452473939691	-0.014881413749468038	0.04290452591417259	0.017635920501808507	0.006784867682021998	0.01329198676605024	0.027432255796124686	0.007827866945938766	0.011702181679909236	0.00401856138009027	-0.015543001291221142	-0.023707837851156044	-0.02738202968770205	0.01642273678213012	0.009353448898605196	-0.037910495462028154	0.03971956610877023	-0.010031621477713122	-0.006426410386450067	0.02849382187599591	0.01684986091979159	0.0034279507149663994	-0.009475508567303755	-0.022076693930057737	-0.013388615455825242	0.004666285644945717	0.005747211204111408	0.00885113589389453	-0.0033777653641556714	0.031770895764737274	0.0062390263205650874	4.008515051285255e-06	-0.014604760361983524	0.016458630876919768	0.002790677348376176	0.008921491605177244	-0.01075912014710455	0.010012889435417819	-0.0018809958010451982	0.011841300043236871	0.0	0.0	0.0	0.0	0.0	0.0	0.0	0.0	0.0	0.0	0.0	0.0	0.0	0.0	0.0	0.0	0.0	0.0	0.0	0.0	0.0	0.0	0.0	0.0	0.0	0.0	0.0	0.0	0.0	0.0	0.0	0.0	0.0	0.0	0.0	0.0	0.0	0.0	0.0	0.0	0.0	0.0	0.0	0.0	0.0	0.0	0.0	0.0	0.0
108251	0.304649203594707	-0.6377808103425786	-0.1710553293021912	-0.15792213458713378	0.04088082885914436	0.04265646372684082	-0.012550105840010425	-0.006911364243146696	0.03025819067327335	-0.09779396588124971	0.05840398889891876	-0.08939564301070747	0.025223439696134418	0.1955877482976744	0.10236322515157438	-0.05678121758830815	0.038871082965739004	-0.006616285798970871	-0.00324199959906903	-0.0023128426590372786	-0.013999176868008766	-0.011844069073699942	-0.04780410818801918	0.039272897282898594	-0.0031546445153061205	0.06069714186631493	0.00023327961057003865	-0.05349677321630301	0.001377790707862846	0.008483948606120674	-0.01815438627526324	0.039198764273598294	-0.058980667236480884	-0.051315088003695594	-0.00709571514373118	-0.018156159711510973	0.005106828622844708	-0.0030233173124808456	0.00019798662126836717	-0.0127363598814209	-0.035604929057636174	-0.02924358484777418	-0.013256147231174256	0.01382655769072516	0.016600226623415443	0.0009970113410787077	-0.005455351421543969	-0.0017875383244367951	-0.008728671483372545	-0.005920796687350089	0.0037150588277203517	-0.0009825921162250166	-0.0006307584447070232	-0.0019950704407639083	0.0006445379988386145	0.0007195671466770982	0.0	0.0	0.0	0.0	0.0	0.0	0.0	0.0	0.0	0.0	0.0	0.0	0.0	0.0	0.0	0.0	0.0	0.0	0.0	0.0	0.0	0.0	0.0	0.0	0.0	0.0	0.0	0.0	0.0	0.0	0.0	0.0	0.0	0.0	0.0	0.0	0.0	0.0	0.0	0.0	0.0	0.0	0.0	0.0	0.0	0.0	0.0	0.0	0.0
108252	-0.5330929477680096	-0.11781343625914532	0.001111695982389021	-0.12742550164280786	-0.05231418456750597	-0.02888534251637708	0.13109590676048594	-0.1525457989209947	-0.11973410433162543	0.021041930831153743	-0.1667565736480159	0.04702272965006061	0.08127549429444213	0.043942210884058364	-0.02848398060902716	-0.042060367193667236	-0.07099289243600404	0.06525575622625839	0.014617437312219284	-0.08386836553227929	-0.051920303602348776	0.05084188740144734	0.015441976301131026	0.07102215481107058	0.03815266552652197	-0.012773011021613333	0.02568091012837401	0.05272245994590166	-0.08325772053442619	0.036615393760002043	0.0154832185720559	0.03018491402873365	-0.003807308161630988	0.009430791542585752	0.013294205814440336	-0.008707064622794747	-0.011917434853485677	-0.0627307165142153	0.007022687902850673	-0.004662283690071984	0.011809283243769786	-0.021647747479132572	-0.004907253799881406	0.024157699037721338	0.0005112547057570276	-0.0196834241462651	0.01085484744484678	-0.008903973110605234	0.00777966146181968	0.006658623143238767	-0.004082198189837679	-0.0009664822060817925	-0.004168455103708787	0.0018500259930553378	0.005185592012435974	0.0017139872038382435	0.0	0.0	0.0	0.0	0.0	0.0	0.0	0.0	0.0	0.0	0.0	0.0	0.0	0.0	0.0	0.0	0.0	0.0	0.0	0.0	0.0	0.0	0.0	0.0	0.0	0.0	0.0	0.0	0.0	0.0	0.0	0.0	0.0	0.0	0.0	0.0	0.0	0.0	0.0	0.0	0.0	0.0	0.0	0.0	0.0	0.0	0.0	0.0	0.0
108253	-0.23525084415859623	0.41885615395904796	-0.18019321466662036	-0.11412257067248784	0.05685006326564405	-0.0554317806321281	0.2778019464645278	0.08629986937204473	-0.06007771431580326	0.26499500262211867	-0.10264471338725199	0.0714793770021903	0.032894942411362475	0.0010175336352544284	-0.059267237974231626	-0.03389649267981428	0.01165690817955816	-0.029399319746609073	0.09436735862117232	-0.0061903473971682554	0.04790674626674134	-0.006897556291471045	0.034382836981027835	-0.019172609786478615	-0.03734173099325618	0.024374140459258897	-0.004953412108086997	-0.053917566066001225	0.01114993893383296	0.007819800016548077	0.03863936624196583	0.046565248663853594	0.024496358543959287	0.001803271224178064	-0.029489903107500406	-0.009969491497719089	-0.01216614370446732	0.005204558334533721	-0.018703897606002162	-0.003980045883704019	-0.011296015155068409	-0.013807259930312286	0.007569352574428496	-0.010225458282685163	0.0013968273267944088	-0.008454077151199007	-0.006201334227218828	0.005582244242154955	0.008364943904024461	0.01435456976780643	0.0008827774235009388	6.26317952591055e-05	-0.0052567090778692085	-0.002254631734704583	0.002958112168526771	-0.002066135168858122	0.0	0.0	0.0	0.0	0.0	0.0	0.0	0.0	0.0	0.0	0.0	0.0	0.0	0.0	0.0	0.0	0.0	0.0	0.0	0.0	0.0	0.0	0.0	0.0	0.0	0.0	0.0	0.0	0.0	0.0	0.0	0.0	0.0	0.0	0.0	0.0	0.0	0.0	0.0	0.0	0.0	0.0	0.0	0.0	0.0	0.0	0.0	0.0	0.0
108256	0.7635624935751357	0.3765166633818973	-0.004514852901488525	-0.11729121486080629	-0.047684304863968144	0.07520987826663354	-0.07465277515221941	-0.09068386376946372	-0.0051265497253434635	0.039629515370883835	-0.02629958361136354	-0.02433662422822738	0.014047756261759352	0.004047665069463021	-0.007302466324910375	-0.005412181635332967	-0.05933601758769145	-0.05820621489899295	-0.01992831133127399	0.012828586025713627	0.002783605830004081	-0.03748449783547324	-0.01692706638388311	0.0002062028494711958	0.012920200161036876	0.005071860931188603	-0.005540951527108657	0.031765930882531254	0.023537633421462287	0.0052889297745892915	-0.016618834160651873	0.007253047044283457	-0.01882347877343962	0.017610218705662657	0.019279424105958367	0.022928523131288646	0.01743718756973093	0.03443249909053315	0.008992025098623995	0.01137811684599671	0.0063703975705408766	-0.03047377779077708	-0.009427802360838922	0.02556338084693705	-0.017170338362198077	-0.006622039288110295	-0.0218699488819827	0.020522622404231132	0.007787011625212854	-0.010600714885089974	0.0010135208841409067	-0.02826160799714137	-0.024303928944999706	-0.002863588935608131	-0.008380225151301378	0.0017458680239942836	0.0	0.0	0.0	0.0	0.0	0.0	0.0	0.0	0.0	0.0	0.0	0.0	0.0	0.0	0.0	0.0	0.0	0.0	0.0	0.0	0.0	0.0	0.0	0.0	0.0	0.0	0.0	0.0	0.0	0.0	0.0	0.0	0.0	0.0	0.0	0.0	0.0	0.0	0.0	0.0	0.0	0.0	0.0	0.0	0.0	0.0	0.0	0.0	0.0
108257	0.6099155809731166	-0.04815191087020367	0.2836146301908703	0.2753269203066817	0.1132692170702012	0.0492721702061458	-0.037268473875198035	-0.2950415345901439	0.035154393894165505	0.04624460144491778	0.09812662075400518	0.0019086605311574322	-0.04410194921426477	-0.05691143672128455	0.019699207649398497	-0.04070062686579337	-0.0830557791222252	-0.07730737047069088	-0.03212255720895969	0.07813837354835226	-0.012879309145501262	-0.006316795784257356	-0.02633212433622999	0.0006236926218566889	0.004305113860524129	0.06505973597413221	-0.007543855427225254	0.027694064398610226	-0.04654116966348402	0.04424544382582323	0.007285281842276056	-0.06373899226822556	-0.008001947313001686	-0.03312055208415723	0.021125913845795714	3.9465517382677285e-05	0.0060849456133419124	-0.009306611560999522	-0.022351770603745314	0.023219366546097724	0.008851489783667532	0.009437559788799295	-0.031483317526426725	0.0004054659385813784	-0.005840746779688694	0.001994089121524794	0.0022434591044061753	0.006150977856057252	0.007689504473527639	-0.004348346108942543	-0.0014498062896190734	-0.002471616842349497	0.0023763216037194046	4.197356583006731e-05	0.00042970960314366486	0.0019227211874616743	0.0	0.0	0.0	0.0	0.0	0.0	0.0	0.0	0.0	0.0	0.0	0.0	0.0	0.0	0.0	0.0	0.0	0.0	0.0	0.0	0.0	0.0	0.0	0.0	0.0	0.0	0.0	0.0	0.0	0.0	0.0	0.0	0.0	0.0	0.0	0.0	0.0	0.0	0.0	0.0	0.0	0.0	0.0	0.0	0.0	0.0	0.0	0.0	0.0
108258	0.02722082910270422	-0.3448700509242334	0.49242258608061323	-0.03512192501510575	-0.06920952788687465	0.17267091743822166	0.10262808057623458	0.12738282821083108	-0.08863366257400922	0.07463925767114306	0.14514399399478436	0.06350995766014006	-0.06148901143114726	0.011069418589249386	0.010247493874443975	-0.008996939361217347	-0.025265884991664826	0.039949873468278496	0.01996001099051301	-0.02002214604411205	-0.04537035351571141	0.00548566910749524	-0.05107875635926365	-0.02070850876404262	-0.0022152987047769595	-0.052338798917567216	-0.0015633951083020097	-0.0474627292961244	0.03078620082882795	-0.055036659551234546	-0.01514523964244422	-0.02457594047095203	-0.003751383778746493	0.0037942618473920365	-0.012935123156267343	-0.06538156098466284	0.02407067649851274	0.010652187402284928	-0.004561135226376747	0.001801155835481565	0.0004931744025174447	-0.015104148274475591	0.0011910549969731603	-0.006127419040337705	-0.021983892866168607	-0.011721185226352782	-0.0020077802239753173	-0.011218242831516111	0.006287676719944864	0.003132149400122022	0.013115049648297265	0.007749606866735831	-0.0008013399315028352	-0.0018454950207988782	0.0001432113359779501	0.0035952034447051112	0.0	0.0	0.0	0.0	0.0	0.0	0.0	0.0	0.0	0.0	0.0	0.0	0.0	0.0	0.0	0.0	0.0	0.0	0.0	0.0	0.0	0.0	0.0	0.0	0.0	0.0	0.0	0.0	0.0	0.0	0.0	0.0	0.0	0.0	0.0	0.0	0.0	0.0	0.0	0.0	0.0	0.0	0.0	0.0	0.0	0.0	0.0	0.0	0.0
108259	-0.3901329750165055	0.293378500228318	-0.09246867668940316	0.01191257066342105	0.050139127162859	-0.08173706703951931	0.27467039435827023	-0.12325839413859647	-0.04453348197596604	-0.06755766144464923	-0.01526844535787866	0.1477578592153595	-0.05306338780207091	0.1342047431742944	-0.0514101086545687	-0.034051628440745677	0.05748390880056607	-0.04129768301691709	-0.04439601459772313	0.04665420970275808	-0.0699171032288743	0.030659227524487718	0.0017064830330516176	0.0547133627392568	-0.0026667958900327663	-0.013463854978193763	-0.04376031053543697	0.03974172223392254	0.0762180188613348	0.008439739224764507	-0.016513267665700625	-0.03952904328836193	0.011467612333002072	0.02916470047102649	0.007093389659452163	-0.0009666321823298568	0.02162476016497126	0.009120796354810619	0.006939189284124568	0.003600052015247169	-0.00778297053640187	-0.015230264064544632	0.002188049858104431	0.025931627797747287	-0.028408914050718888	0.005762273811490153	-0.014304056659994478	-0.021065144875431336	-0.011302522859154071	-0.01087097307768522	-0.009525498433118708	-0.0016710538017465088	-0.004066238762657948	0.0011509708564151314	-0.007303642038066057	-0.000523640709005797	0.0	0.0	0.0	0.0	0.0	0.0	0.0	0.0	0.0	0.0	0.0	0.0	0.0	0.0	0.0	0.0	0.0	0.0	0.0	0.0	0.0	0.0	0.0	0.0	0.0	0.0	0.0	0.0	0.0	0.0	0.0	0.0	0.0	0.0	0.0	0.0	0.0	0.0	0.0	0.0	0.0	0.0	0.0	0.0	0.0	0.0	0.0	0.0	0.0
108263	0.1349189656312274	-0.6456228840681122	-0.11049417715946548	-0.23321831544278543	-0.01330918758369516	0.0479762803297199	0.08091003961388221	0.040642519760488514	0.01102363594019841	-0.08394516155751763	0.04540868974412257	-0.05399260655800057	-0.0830760275150881	0.09349233114488857	-0.05635832513106657	-0.007879618612862247	0.081665392071328	-0.03392082825012789	-0.021572804118727563	0.01110365161732924	0.021239935128444104	-0.05196170162432286	0.030141373314482234	0.003723462891055739	-0.0023142520978898795	-0.04954046240453628	0.0014578118099671392	0.03961009094968967	0.06669098436538608	-0.05286202413933841	0.06258575739171203	-0.004754792041635068	0.037956038922619534	0.005383712478280179	0.07030151850294385	-0.003871873768988352	-0.03438782444783017	0.002760413122145072	-0.020738365101001875	0.020093517424276647	0.025829039234288725	0.01068537426472202	-0.0001541123277683025	-0.0015144070800923075	0.0061346562088748545	0.0016551376174180762	0.018503291834181316	0.005124311177425341	-0.007796162564305162	0.00547912552507413	-0.00107495393906545	0.0030987160647329513	-0.0009754367819388298	0.004094294737348278	0.0013211728852070503	-0.0010579230793874477	0.0	0.0	0.0	0.0	0.0	0.0	0.0	0.0	0.0	0.0	0.0	0.0	0.0	0.0	0.0	0.0	0.0	0.0	0.0	0.0	0.0	0.0	0.0	0.0	0.0	0.0	0.0	0.0	0.0	0.0	0.0	0.0	0.0	0.0	0.0	0.0	0.0	0.0	0.0	0.0	0.0	0.0	0.0	0.0	0.0	0.0	0.0	0.0	0.0
108264	0.11180676832681595	-0.6427452946993384	-0.0727868982464182	-0.35480805434094576	0.0694779251232411	0.20193006301948252	0.10425443931996432	0.06734699550070701	0.046317697008372266	0.082079819490637	-0.020489945314970226	-0.06490829416181426	0.07285805995268589	-0.0047000782250480955	0.03363244028335064	-0.017508346982337258	0.023553163696404603	-0.07695306106512914	-0.02137940847349084	0.031289734608677844	0.09772794545454302	0.03779554480930248	-0.021927513065361108	-0.04858150133548545	0.014215199375579921	-0.044875766136675745	-0.0062654737163820255	-0.05150333125638774	-0.005188057319348372	-0.00023504283213942142	-0.04702445590093997	-0.042386928370583596	0.030177792551879187	0.015451287504215998	-0.004997800557751886	0.01036019722232526	0.014595832040743734	-0.010268994187703284	0.006961009257821761	-0.011607238366133364	-0.02002110005394425	0.019989024480344442	-0.016593809120093974	0.014992469050795336	-0.013840695106035512	-0.01894237571493244	-0.009810783049686168	-0.008825599296566063	0.0077970389746258445	0.0024634907463665975	-0.003251695617131197	-0.00892397776819158	-0.0009994414993531949	-2.0392583701341876e-05	-0.0027726069102905837	-0.0015508566261334673	0.0	0.0	0.0	0.0	0.0	0.0	0.0	0.0	0.0	0.0	0.0	0.0	0.0	0.0	0.0	0.0	0.0	0.0	0.0	0.0	0.0	0.0	0.0	0.0	0.0	0.0	0.0	0.0	0.0	0.0	0.0	0.0	0.0	0.0	0.0	0.0	0.0	0.0	0.0	0.0	0.0	0.0	0.0	0.0	0.0	0.0	0.0	0.0	0.0
108265	-0.612955672377267	0.3612872422727446	-0.23922824483752547	0.044340690721427815	-0.008189719557471001	0.19325825677152117	0.3369295793604925	-0.05768187842286699	0.17798898460166115	-0.1075048303106178	0.028458499274402867	0.058071574657160285	-0.030713043846853874	-0.14265967974727065	0.030677858584283988	-0.09400439534406468	0.026687660208395567	-0.02605504761852687	0.009462407094692198	-0.021589550589055713	0.04619382325845837	-0.037805840584989425	-0.012607217784280209	0.07427513616743536	-0.04538737554304854	0.032083921021862416	0.03791873581510014	0.009853907493226077	-0.05955011184752966	-0.018410852770290233	0.036083043015218946	-0.02198594710556924	0.009104845385001432	0.0018276449998875434	-0.02044404107774385	-0.01595360240045642	-0.007445259794029129	0.001766224065840873	-0.001998794683350532	-0.004645521749239595	0.012976641468455492	0.029217807183799037	-0.03443969572406371	-0.0011587894490005322	-0.008441876222415344	0.0029672100431108062	0.004014814182544586	0.0048108653106399375	-0.0038604042959345503	0.005358135837226174	-0.0008240832760190691	0.004580358177964216	0.0022061267593162176	-0.0016226965840412774	-0.004800604926045006	-0.00010957782749680415	0.0	0.0	0.0	0.0	0.0	0.0	0.0	0.0	0.0	0.0	0.0	0.0	0.0	0.0	0.0	0.0	0.0	0.0	0.0	0.0	0.0	0.0	0.0	0.0	0.0	0.0	0.0	0.0	0.0	0.0	0.0	0.0	0.0	0.0	0.0	0.0	0.0	0.0	0.0	0.0	0.0	0.0	0.0	0.0	0.0	0.0	0.0	0.0	0.0
108274	0.8706655481638012	0.3997089894388719	-0.13373652178296477	-0.056558309287001375	-0.07580140745817888	0.03717989095171699	-0.025822714663297875	0.20369633169766796	-0.0902035041825519	-0.07532245284336336	-0.03782273807060467	0.07681765975878928	0.014263545501010378	-0.03467621018210756	0.011119474930144707	0.014107793716222013	0.0899026936389494	0.10292187294083613	-0.033273095624742406	0.029849961184464934	-0.004094505012098596	0.05929126837620136	-0.010537589502949283	0.03890250533222658	-0.04095464502159356	-0.0030247366963046703	0.016233574150766414	0.008209582955086288	-0.01459288104135425	-0.026662864529896052	0.04152070845702036	0.01250911282435604	0.007040836489056455	0.03040342704900188	-0.008919316686978696	0.005387253100873657	0.011030178434872773	0.023997789684362066	-0.0026873986523325015	0.017575897684703592	-0.031557634562165364	-0.004817018622400611	-0.01770334586769857	-0.021241320492602286	-0.001548592077063132	-0.0010710251140813622	-0.02246037592209225	0.007622789664536178	-0.006987378106315055	-0.003576770466974095	0.0019239920260662236	-0.015398343109640505	0.008122719658352059	-0.004538363642405455	0.002774342841643366	0.0012068915412506286	0.0	0.0	0.0	0.0	0.0	0.0	0.0	0.0	0.0	0.0	0.0	0.0	0.0	0.0	0.0	0.0	0.0	0.0	0.0	0.0	0.0	0.0	0.0	0.0	0.0	0.0	0.0	0.0	0.0	0.0	0.0	0.0	0.0	0.0	0.0	0.0	0.0	0.0	0.0	0.0	0.0	0.0	0.0	0.0	0.0	0.0	0.0	0.0	0.0
108275	0.13084743353397768	-0.7148945333370218	-0.37579989751429954	-0.23059980258718896	0.03648941513925469	-0.03417651494331537	-0.13393863968781275	0.06106426736289808	0.02299829266258434	-0.013936447669029139	0.1518004713257322	0.10011262549576898	0.05674120320571829	-0.010604773708521793	-0.04897550527479582	0.009823783580102538	-0.06842483841384946	-0.0226278049662482	-0.05130591085027782	0.04632773436205936	0.057885952441881744	-0.046540057834074916	0.10484774260771641	0.009106123126879147	0.03004149088270054	0.05804260191309221	0.006682668054336749	-0.0005328195679042114	-0.03632192271657414	0.05493125100407157	0.04068841102032841	-0.03392041089183111	0.030311347743355203	0.04569045667623211	-0.018598363444302293	0.007520903936163936	-0.028860918862584194	-0.0035693455430309737	0.0066829322790935225	0.02011727671300507	-0.0015029715517346648	-0.021395974523398694	0.02239298873778112	-0.005926603962239932	-0.0011773105926865537	-0.013461058725317457	-0.0029570824245139884	0.0012215901946011183	0.00020308585592439834	0.0025538977276594837	0.00025465818334622313	0.007546778145568917	-0.002725818921144524	0.0038651666377514907	-0.000632433596448425	0.0014830441051054382	0.0	0.0	0.0	0.0	0.0	0.0	0.0	0.0	0.0	0.0	0.0	0.0	0.0	0.0	0.0	0.0	0.0	0.0	0.0	0.0	0.0	0.0	0.0	0.0	0.0	0.0	0.0	0.0	0.0	0.0	0.0	0.0	0.0	0.0	0.0	0.0	0.0	0.0	0.0	0.0	0.0	0.0	0.0	0.0	0.0	0.0	0.0	0.0	0.0
108276	0.08629691975379739	-0.4937709539995103	0.36925401656015316	0.16305960708803166	-0.014665767804949258	0.1442696897530029	0.14135944079430723	0.09747396196080445	-0.05111992322744286	0.12087102073941525	0.003656063620999859	-0.05149146081094796	0.0983271430522119	-0.07150740495371426	-0.07332233946176722	-0.014997680400466186	-0.06844701995545363	-0.006575352968754896	-0.005013259195900394	-0.022940574384212386	-0.0260258471610528	0.09995144219150778	-0.016739641388777732	0.02859107478726735	0.02682608975038974	0.03259571600803824	0.02603648958630925	0.04865656027270187	0.002530361037724262	-0.01258045344094323	0.013928670183823374	0.03211290932677732	0.045797290478945006	-0.02158970732400345	0.0379682203180685	0.00241526405001681	-0.026279304649766178	-0.010883517464971723	-0.008715540688648883	0.007324674270246189	0.018781751207106078	0.003927451889093906	-0.00628488307878638	0.027833104488058265	0.009771327166723283	-0.0025810571945625656	-0.0008776799703412506	0.010207895438176334	-0.005009110061977297	-0.006115635845160807	-0.0004648554967008885	-0.004305215836616152	0.0063842840864162895	0.00617951724024064	-0.0028806977769130476	-0.0024159077535889496	0.0	0.0	0.0	0.0	0.0	0.0	0.0	0.0	0.0	0.0	0.0	0.0	0.0	0.0	0.0	0.0	0.0	0.0	0.0	0.0	0.0	0.0	0.0	0.0	0.0	0.0	0.0	0.0	0.0	0.0	0.0	0.0	0.0	0.0	0.0	0.0	0.0	0.0	0.0	0.0	0.0	0.0	0.0	0.0	0.0	0.0	0.0	0.0	0.0
108277	-0.710053651052786	0.1580217090657128	-0.2081621012594502	0.2512810886058169	-0.028321930680882658	0.23072749931016473	0.05043493902936681	0.03371409564527489	0.09701234449023971	-0.13696896343652226	-0.055566153894568926	0.1266083279383483	-0.14493987749099937	0.15769232435455305	-0.01611452941816732	-0.02445231271256473	-0.04942118964694191	-0.022856237135735976	0.06697568661255383	0.022754936489035524	-0.0802192410282284	-0.04725396805013387	0.0022455982435965654	-0.03716829374423393	0.07158069548385769	0.012168654359298618	0.0374146329090788	-0.02300024339048382	-0.027569440915427186	-0.0008480269914256923	-0.06465713517814572	0.05593650053157487	0.02784441281194685	0.026282904770703865	0.0011617296512280845	-0.00029184123566000273	0.02634190753794015	-0.01611800254771975	-0.0034665624281321776	0.03082438264373295	-0.005126191471653169	0.014214419981399839	0.013047123740330601	-0.009779544943347412	0.005100943054481736	-0.0029992230209807914	-0.012669408791645374	0.00950528592964643	-0.011756423712400245	-0.010874525335526233	-0.008824286967483745	0.008716550672534159	0.012013208499657766	0.007405848745222976	0.002506474661624225	0.003303210416753409	0.0	0.0	0.0	0.0	0.0	0.0	0.0	0.0	0.0	0.0	0.0	0.0	0.0	0.0	0.0	0.0	0.0	0.0	0.0	0.0	0.0	0.0	0.0	0.0	0.0	0.0	0.0	0.0	0.0	0.0	0.0	0.0	0.0	0.0	0.0	0.0	0.0	0.0	0.0	0.0	0.0	0.0	0.0	0.0	0.0	0.0	0.0	0.0	0.0
108280	0.738569784814041	0.31148190621731564	0.051642074403051214	-0.10165881173537909	0.015621824252496834	0.022983897168663923	-0.1044109516429675	-0.10463403945132389	0.04135514637107362	0.05318802081316316	-0.06011693771419222	-0.019970767393089447	0.0004606171505822841	0.019959522586285323	-0.0138735299586821	-0.017381890733503116	-0.014656801572371179	-0.010161835380871814	-0.07555786826444572	-0.02427388919323405	-0.020649748343606018	-0.016056888547045615	-0.011182942324046045	0.014570464935812088	-0.028568613308586305	-0.013782765995372077	0.010040460353027246	-0.01035322204353226	0.01598338040789472	0.005213780377785702	0.015329953386287795	0.002567132562764305	0.019792372424855063	-0.0043691271213208045	-0.027452903539895022	-0.012711173494780565	-0.02915404465446926	-0.0018435380253487195	0.014446946347492023	0.029905686748641278	0.037349789923821555	0.030212434450700213	0.043574231892142726	0.002939130901762708	-0.02043349658749915	-0.010367192420874602	0.004227289990420452	-0.03353627380401513	-0.023148622008210332	0.0023393818433341406	0.009835409496367437	-0.0070944262955864295	0.005939577167720193	-0.013239244362393935	-0.004167728491728064	0.004788035850219508	0.0	0.0	0.0	0.0	0.0	0.0	0.0	0.0	0.0	0.0	0.0	0.0	0.0	0.0	0.0	0.0	0.0	0.0	0.0	0.0	0.0	0.0	0.0	0.0	0.0	0.0	0.0	0.0	0.0	0.0	0.0	0.0	0.0	0.0	0.0	0.0	0.0	0.0	0.0	0.0	0.0	0.0	0.0	0.0	0.0	0.0	0.0	0.0	0.0
108281	-0.3342380725268785	-0.20317847263502486	0.09368020936482545	-0.08272537154346792	-0.13942715363830469	-0.28944588897108675	-0.0168699541424346	-0.017621777439711293	-0.0520291644657961	-0.10181912044504744	-0.030636538615797026	0.07843549982643419	0.13127609692114828	0.011164539776519452	0.09902756132774905	-0.10745838279276189	-0.03450476198795869	-0.07791041852899593	-0.002879407360494442	0.011797626242271363	0.002661185929779376	-0.07410914296665096	0.0817376265080511	-0.05020569080412552	-0.06321617607594061	-0.0011860212167484508	0.008723677625491767	-0.031531260833997404	0.050573800971809094	0.02820549207871794	0.028281466160677764	-0.012292563506347647	0.026413469661689247	0.03155284556977321	0.026972268344829027	-0.007131424955040422	0.007271992793512164	0.003082580837901733	0.00135157362536006	-0.007618141928527335	-0.01139779218331167	-5.751842706979765e-05	0.004578654166006335	-0.0017390149746360115	-0.007600476419688198	-0.003406613694533589	-0.007363789832523796	0.0004275126046961088	-0.009884940662314299	0.0046409075451237505	-0.004619840832498645	0.0021741352021721473	0.010148008160741158	0.006599652960373451	0.0008557898665798787	0.0015008027769558892	0.0	0.0	0.0	0.0	0.0	0.0	0.0	0.0	0.0	0.0	0.0	0.0	0.0	0.0	0.0	0.0	0.0	0.0	0.0	0.0	0.0	0.0	0.0	0.0	0.0	0.0	0.0	0.0	0.0	0.0	0.0	0.0	0.0	0.0	0.0	0.0	0.0	0.0	0.0	0.0	0.0	0.0	0.0	0.0	0.0	0.0	0.0	0.0	0.0
108282	-0.6301336091567673	0.005959929453566183	0.03166170720963604	-0.1004998367913905	-0.15875471858600843	0.007357390310201431	0.10107423576578133	-0.11104836207945513	-0.013363300591736174	-0.07949254003756212	-0.10580265374496521	0.05654159324580927	0.049338441967001975	0.01168448601121361	-0.04166227611313449	0.044130172692462284	-0.03192595632954996	-0.01983702492951539	-0.07311763497833751	-0.03784651500277142	0.004175961610335399	0.06274075739375648	0.03624832471891564	-0.04347681949171336	-0.02516542148512972	0.0009917383851614958	0.004530023430771578	-0.05729306699289837	0.020042874034213155	0.015123307717436273	-0.02267404135186059	0.0020520729125373715	0.0037555235982712027	-0.07030401664226964	-0.00594330851250972	0.04449400205572132	0.013238716526602003	0.019493583053921397	0.007539370962250651	0.029715017572458712	0.03213682702831258	-0.0009886563958137744	0.006443951320832315	-0.011876803628023073	-0.017045319224717293	0.005201480740912031	-0.01613359073654391	0.0005747169294605378	-0.0015327041700286723	0.01466542467663792	0.017401331767938216	-0.0010658000174688545	0.0001928104336497445	-0.008699178036350532	0.004417154391701163	-0.0029335402633096606	0.0	0.0	0.0	0.0	0.0	0.0	0.0	0.0	0.0	0.0	0.0	0.0	0.0	0.0	0.0	0.0	0.0	0.0	0.0	0.0	0.0	0.0	0.0	0.0	0.0	0.0	0.0	0.0	0.0	0.0	0.0	0.0	0.0	0.0	0.0	0.0	0.0	0.0	0.0	0.0	0.0	0.0	0.0	0.0	0.0	0.0	0.0	0.0	0.0
108283	-0.5801387160996165	0.2581347577629767	-0.05549144676818658	-0.024197521350875512	0.032449786435499874	0.0852182523736627	0.1787887103436212	-0.0660420825845331	-0.027625458824402076	-0.01856304023483391	0.014731538784413186	-0.021406068205711632	-0.020909582522858475	-0.04355025235409628	-0.0123888073252731	-0.002522911489454246	-0.011246282569403828	0.037219671105475347	-0.05229579831819987	0.00932432313242712	0.019879475147567504	-0.002493390763283211	0.016944382361514708	-0.04852418405339741	-0.013569658521788566	-0.029874608845861555	-0.10476041470307126	0.01269367482603414	0.0048844839797377426	-0.052495829887796594	-0.030064763264077345	0.007047087509428961	-0.02828207026443468	0.0146132779127441	0.033482841111558706	0.021908516882238663	-0.061102974511450775	-0.007297518929927116	-0.006588596214492488	0.01684010201499948	-0.001197726281947748	-0.06328306884984272	-0.001403171484461703	0.025976247423588037	0.009048213110676311	0.011383774813779073	-0.023161504634097232	0.002875707853190983	0.011483781412541423	0.018979666481184935	0.001187302891397122	0.011614862849258011	0.000393899891403344	0.010029486175692482	0.008073748696093449	0.005550720890963259	0.0	0.0	0.0	0.0	0.0	0.0	0.0	0.0	0.0	0.0	0.0	0.0	0.0	0.0	0.0	0.0	0.0	0.0	0.0	0.0	0.0	0.0	0.0	0.0	0.0	0.0	0.0	0.0	0.0	0.0	0.0	0.0	0.0	0.0	0.0	0.0	0.0	0.0	0.0	0.0	0.0	0.0	0.0	0.0	0.0	0.0	0.0	0.0	0.0
108286	0.7471569794599128	0.19646447787713447	-0.004335141226270868	0.17063548983141458	-0.036826401124877284	0.003137151527048442	0.03076919319129257	0.0881349406729327	-0.02325444268933946	-0.01236634791222702	-0.08875658916254885	-0.05650009689215515	0.002340518884686693	0.040396448324105064	-0.0723608406708571	0.059338179912464	0.007237473364866651	0.020434626476998945	-0.06648190686558231	-0.0906857001704134	0.011443292364732278	-0.041727411671542744	0.010901034583774569	0.004538535236183088	-0.03323615394718601	0.03067159887105657	-0.008516045091100894	-0.02274267094073496	0.04266783666570933	-0.0091842286534213	0.010389692791613829	0.020877553124202607	-0.02794779754818286	0.023465721484613417	-0.00426318347518063	-0.003588791713967614	0.03162601241107796	-0.026706154254779395	0.017682659482653455	0.04042814144396389	-0.03869457324088241	0.023394830570282382	-0.00855366521302298	-0.008133204624417122	-0.005390607927625957	-0.027985012128219005	0.010545960962682776	0.006796355783790867	0.0009652897138337343	-0.0020324732564440304	0.0047369961864851306	-0.0068413944732183055	-0.0012862919650208165	0.008234741689045137	-0.0032397196260027556	0.0002724722810058079	0.0	0.0	0.0	0.0	0.0	0.0	0.0	0.0	0.0	0.0	0.0	0.0	0.0	0.0	0.0	0.0	0.0	0.0	0.0	0.0	0.0	0.0	0.0	0.0	0.0	0.0	0.0	0.0	0.0	0.0	0.0	0.0	0.0	0.0	0.0	0.0	0.0	0.0	0.0	0.0	0.0	0.0	0.0	0.0	0.0	0.0	0.0	0.0	0.0
108287	0.9210281722291443	0.4393304168932131	-0.1805784584199984	-0.11875238593186087	-0.1681985673312151	0.056048855574403866	-0.019738046812072252	0.2133610979932918	-0.15548674155316955	-0.025818165616761497	-0.04800980819581464	0.09377006870156261	0.05438689532003227	-0.13138686033183952	0.03306923613032926	0.015368924720243633	0.06957126484373423	0.07042058948882503	-0.05348966722991178	0.05769382437976133	-0.07277841798251128	-0.0573426521195031	-0.01923019011211611	0.046887686709695224	0.007041685946024385	0.021466777390515526	-0.008284296752384946	-0.017651259474858752	-0.03624361432197165	-0.013950769350580547	-0.04238542666499106	-0.0006950011176048289	-0.023775050382976025	-0.029345806333791594	0.015612217380161442	0.015408972255771609	0.006871880000832087	-4.6986488561202176e-05	0.014022793874169949	-0.011801819846292956	0.023427101704452155	0.0164869701291157	-0.007353398920875969	0.013468080845245327	0.007518576354264615	-0.005373815346043474	0.02162452232239583	-0.007015564549775867	0.0097112145452383	-0.007961215277355566	-0.021606702887400374	0.005804339509690296	-0.008197090910234172	0.0035656869079503453	0.008247796468765958	-0.0035536369294548397	0.0	0.0	0.0	0.0	0.0	0.0	0.0	0.0	0.0	0.0	0.0	0.0	0.0	0.0	0.0	0.0	0.0	0.0	0.0	0.0	0.0	0.0	0.0	0.0	0.0	0.0	0.0	0.0	0.0	0.0	0.0	0.0	0.0	0.0	0.0	0.0	0.0	0.0	0.0	0.0	0.0	0.0	0.0	0.0	0.0	0.0	0.0	0.0	0.0
108288	-0.03742034161353554	-0.23340237002599246	0.3041864399017205	-0.01887410726972852	0.09849829185497969	0.039530049312832924	0.04144010661823321	0.21751067866406928	0.07944895287110296	0.08181319091957752	0.09454592207236429	0.19168171120948269	0.10424643347264097	0.061259252523080066	0.10733531576393902	0.07912693442660547	-0.06934302825903603	-0.035663377938482614	-0.04839221750757494	-0.008997591007123185	0.06860033639549633	-0.05289140419954391	0.02879161381462777	0.022911674913467874	0.08524767477248496	-0.04195066386132031	0.050586757254908965	-0.0006291185888448823	0.01778095027224051	0.03768141541867742	0.041590092815807674	-0.012806268050759989	-0.023960014807854712	-0.012760431863309302	0.004932767348518858	-0.002346274632425995	-0.013344404727447403	-0.013518873022899692	0.0006759074420313457	-0.015091717202162886	0.012795915397799727	0.004695541877315218	0.018923331159975534	-0.014788987151736717	0.011113691741594933	0.02022678698669766	0.008083418129959354	0.008008768154395775	2.2204734883596253e-05	-0.009350500615025134	-0.0008144495483264458	-0.00836345543019766	-0.0017907416654741387	-0.0011457009420358804	0.004970537936291601	0.001506206148814649	0.0	0.0	0.0	0.0	0.0	0.0	0.0	0.0	0.0	0.0	0.0	0.0	0.0	0.0	0.0	0.0	0.0	0.0	0.0	0.0	0.0	0.0	0.0	0.0	0.0	0.0	0.0	0.0	0.0	0.0	0.0	0.0	0.0	0.0	0.0	0.0	0.0	0.0	0.0	0.0	0.0	0.0	0.0	0.0	0.0	0.0	0.0	0.0	0.0
108289	-0.6198455169107858	0.15017862441987823	-0.007688957060364888	-0.03622174250047254	0.058579605026499657	0.21172994041708754	0.10897268184899044	0.01869105747782884	0.04217521167793491	0.11696854625259163	-0.0022942617073485297	0.04302335696362213	0.05669882178983022	0.042175314678717456	0.07279571179645565	0.07371146147159847	-0.030167183989485414	-0.02147995809467271	-0.042858602169622305	-0.05985278235072737	0.010877071122314971	0.0288529165350409	-0.008637580608641572	-0.03123828038742035	0.00744255327414706	0.08754725613754012	-0.052357499404045604	-0.036094823865228096	0.0059230870282375335	0.002292145628027869	-0.03303643821868978	0.013521358244284305	-0.011113935221560768	0.025747107939098277	0.03924138160124104	-0.0257449477860884	-0.010073972282047023	0.004632337391816866	0.02245731326967658	-0.016893662886443967	0.028819389089482315	-0.01684428643479997	-0.015946638924295223	-0.03993147809682722	0.013857837310321554	0.024659391743579246	0.021209678330239748	-0.010704834456998453	-0.021778755448143915	0.008005521018194975	-0.001140205412059268	-0.014298355457300764	0.0036712028415171126	-0.016916124608743557	0.002999690058536857	0.0018200263781128563	0.0	0.0	0.0	0.0	0.0	0.0	0.0	0.0	0.0	0.0	0.0	0.0	0.0	0.0	0.0	0.0	0.0	0.0	0.0	0.0	0.0	0.0	0.0	0.0	0.0	0.0	0.0	0.0	0.0	0.0	0.0	0.0	0.0	0.0	0.0	0.0	0.0	0.0	0.0	0.0	0.0	0.0	0.0	0.0	0.0	0.0	0.0	0.0	0.0
108292	0.7116625484827559	0.10385830768788089	0.10863329048601268	0.19039190301682557	0.06520509339916587	-0.05407500840200291	0.02160919302376853	-0.08381419878750028	0.05972720953323025	0.03819765247461125	-0.04200088470956151	-0.0008108382549283467	-0.027259127005513608	-0.018307544755133184	-0.07894769918804646	0.030431030067453284	0.027876164955295095	0.021947928499788966	0.06168268760245986	-0.1183003253597399	0.05124521991187616	0.0006549230108945785	0.06292442678831833	-0.012729525051707956	-0.013862488436994131	-0.029673268535442172	0.0011416759795004076	-0.017232619039955627	0.024576542255044992	0.022864450716659303	0.0031614778477713616	0.0012238236897935157	0.05667549448710223	-0.004010654129436073	-0.03435144925096516	0.0176706210559041	0.03153797240171842	-0.0042560499874899705	-0.04419267122751797	-0.015855330505085894	-0.00039287627758162545	-0.005112594458055714	-0.019578262546375045	0.011505810780550964	0.01715220297529086	0.014090751836623583	0.0035312988977286106	-0.00552570807046319	-0.008027040694322973	-0.002584029148112631	-0.013527882818161422	0.012162583540146538	0.0002978214866559395	-0.0012669732405898395	0.005845331496087031	0.0002015897568700554	0.0	0.0	0.0	0.0	0.0	0.0	0.0	0.0	0.0	0.0	0.0	0.0	0.0	0.0	0.0	0.0	0.0	0.0	0.0	0.0	0.0	0.0	0.0	0.0	0.0	0.0	0.0	0.0	0.0	0.0	0.0	0.0	0.0	0.0	0.0	0.0	0.0	0.0	0.0	0.0	0.0	0.0	0.0	0.0	0.0	0.0	0.0	0.0	0.0
108293	0.5102914781130271	0.3392565803132888	-0.07956638562824059	-0.14804045736122468	-0.09894304924759455	-0.1023030417378708	0.041943909784083064	0.25157137260572543	0.01876303814572611	-0.07044893915348657	0.07431748317535808	-0.11352624003956865	0.09879086302280211	0.04940144015793582	-0.15255739646318506	-0.004104633064781644	-0.05296248943748558	-0.05232999931456315	-0.045425843916719603	0.005048869421860066	-0.0070230888785500455	-0.035723716996452305	0.009806416045435352	0.030768843978636353	0.02733707482951952	0.047793974977146644	0.04318799782672178	-0.011707332161358743	0.02230053273847462	0.004254644903724505	-0.01582285994722716	0.02168883787539345	0.004542697677041255	0.026428323756594516	0.019756149537959393	-0.010078231829057437	0.003307616934186809	0.016844407034953424	-0.009545604123047257	-0.027678324924344754	0.028639268890543183	-0.020091056715788876	-0.017255805468522727	0.006764484023225041	-0.0026261962351243526	0.0044121943575123595	0.0025786089710967933	-9.043651385769767e-05	0.012573582980847386	0.006799523651483249	0.015259380579474714	-0.0021343795151684566	-0.0004485122082095061	0.0005904732282521371	-0.0010195102443854385	0.0019209761974852584	0.0	0.0	0.0	0.0	0.0	0.0	0.0	0.0	0.0	0.0	0.0	0.0	0.0	0.0	0.0	0.0	0.0	0.0	0.0	0.0	0.0	0.0	0.0	0.0	0.0	0.0	0.0	0.0	0.0	0.0	0.0	0.0	0.0	0.0	0.0	0.0	0.0	0.0	0.0	0.0	0.0	0.0	0.0	0.0	0.0	0.0	0.0	0.0	0.0
108294	-0.5413654322620145	0.03173599000009092	0.08598120129465794	-0.05994415618950619	-0.16863771763683844	-0.06200051300132195	-0.07951272995384528	-0.041546880468995524	-0.007845540159146005	-0.010640512760348454	0.009322216342870913	-0.05751520881471504	0.02267051840459602	-0.03218104920131632	-0.018183372820378824	0.049636839606094885	-0.00042612701817831833	0.013207351555138285	-0.04915445042993172	-0.01651260307975147	-0.030964950748771494	-0.017870143068598816	-0.004565136755977112	-0.031684341036973096	0.024068371028034916	-0.050206636960411145	-0.050247631553914616	-0.013687169219709867	-0.013470117385575612	0.0075257950454295066	0.023702356349257533	-0.021327008319938542	-0.035194027968997614	0.034863907881827624	-0.058377660161218044	0.036196564772853226	-0.016165466610955165	-0.04009837885218086	-0.02848129644117455	-0.0096268296901692	0.007112149651229078	-0.013905308447616801	-0.005785883431499426	0.010948865537454559	0.013140279310781166	-0.04436943999702047	0.021148867146327622	-0.01852187192678088	0.00790461762486841	0.008144360469362415	-0.015292764143336288	-0.01847705384008523	0.01356486154531512	-0.0019400498278523196	-0.011849798492898946	0.005917679183584567	0.0	0.0	0.0	0.0	0.0	0.0	0.0	0.0	0.0	0.0	0.0	0.0	0.0	0.0	0.0	0.0	0.0	0.0	0.0	0.0	0.0	0.0	0.0	0.0	0.0	0.0	0.0	0.0	0.0	0.0	0.0	0.0	0.0	0.0	0.0	0.0	0.0	0.0	0.0	0.0	0.0	0.0	0.0	0.0	0.0	0.0	0.0	0.0	0.0
108295	-0.5717830749998094	0.34283464293532184	-0.3029747378971519	0.06694499159781718	0.15293637163214918	0.07568023021460095	0.03699943931349651	-0.02978469744749776	-0.18565553859044068	-0.0634114966392717	0.13586620019420195	-0.021299941441265985	-0.05102249355891468	-0.1435212037781861	0.14554538190819863	0.10392598375661034	0.042215618626940905	-0.06590434763409235	-0.04429663474657008	-0.04716913026761233	-0.05003961279021508	0.07505202253788705	0.04184925617354129	-0.009212036361321748	-0.0055478409604082235	0.0037710047975404535	0.07956418919975365	-0.0432036758125441	-0.00046036625757964585	0.009095445318089562	0.015410754271000273	0.0025796335520150743	-0.0019299452957920538	-0.013899069998081106	0.015722744920100045	0.001923793373722374	-0.016043652838614652	0.015462443752960991	-0.039733627148672734	0.029193280977430437	-0.008946600745789117	-0.0122034685251535	0.0056204174210157465	-0.0020826294791697368	0.0062608963228534854	-0.012808313237944307	-0.011095436906473695	-0.012542206660565446	0.010287562575255451	0.0033173669283786855	-0.013086261081289989	-0.002005689062077252	-0.0011387790430480071	-0.0009639356211447902	0.0033936995530285704	-0.0028699917591475162	0.0	0.0	0.0	0.0	0.0	0.0	0.0	0.0	0.0	0.0	0.0	0.0	0.0	0.0	0.0	0.0	0.0	0.0	0.0	0.0	0.0	0.0	0.0	0.0	0.0	0.0	0.0	0.0	0.0	0.0	0.0	0.0	0.0	0.0	0.0	0.0	0.0	0.0	0.0	0.0	0.0	0.0	0.0	0.0	0.0	0.0	0.0	0.0	0.0
108298	0.8914199383611774	0.3275063777478305	-0.13093720437232667	0.11446610411131546	-0.12298011096711152	0.03624129256835836	0.045253639460727205	0.20439563100768318	-0.09105125813718518	-0.012262137561271005	-0.038749597609788286	0.08645865467756723	-0.04257409512991618	-0.05073659478994781	0.03111726677309115	0.06637528576682991	0.053135897841495784	0.07799104613925943	0.007149448548906968	-0.023943369894545923	0.011358329512436	-0.018308055885037183	1.1446903959665302e-05	-0.021510404457542015	0.035103757258455236	-0.020468083220353598	0.005204356152730835	-0.011475612924674356	-0.03678139192637743	0.023101155578049967	-0.019565139892623328	-0.041658424343302636	-0.011318179305613343	-8.005901819335784e-05	0.02374395242433009	-0.015623916165958594	0.004776279011507288	-0.0214586261552596	-0.0021408614536047904	0.0324910423790124	0.02323862943695718	0.0011640853400685868	0.00251191926175537	0.004567823359921069	-0.01572380794572463	-0.003085324955749455	0.0019821756964669484	0.013393103081864933	0.01503920876247303	0.006061807491128904	0.013606078700612234	0.0070704050285127365	0.011802082798519834	0.0011388005715482223	-0.0026768729758510617	0.0015024330186464714	0.0	0.0	0.0	0.0	0.0	0.0	0.0	0.0	0.0	0.0	0.0	0.0	0.0	0.0	0.0	0.0	0.0	0.0	0.0	0.0	0.0	0.0	0.0	0.0	0.0	0.0	0.0	0.0	0.0	0.0	0.0	0.0	0.0	0.0	0.0	0.0	0.0	0.0	0.0	0.0	0.0	0.0	0.0	0.0	0.0	0.0	0.0	0.0	0.0
108299	0.563906973865416	-0.7098931602906586	-0.118385138519467	0.19942379331160054	0.10241692585831966	0.08418762460017788	-0.12322169614239828	-0.05117013818619865	0.010860615361562687	-0.04472612492537331	-0.14318956515655715	-0.015133595486204429	0.05381988705677843	0.08035379030656105	-0.039986629440525695	0.005634115506204188	0.10508420128499743	0.021800056081099105	-0.05500453583636495	-0.0338454932694196	0.049721104998478614	0.06946377084240098	-0.03832001343979668	0.03167998128862278	0.061574685707789685	-0.056957063219259495	0.029550800342297893	-0.014727331488691243	-0.01786815086328287	-0.0346728668052896	-0.02158951137757775	-0.04359438660168902	-0.003926562309783766	-0.0027260513049853622	0.03107998691785441	-0.006056980606838146	-0.007437878943164425	0.0050424776995906615	-0.0025482720466033734	-0.0024723894918842436	0.003800355160679876	0.02495567830171175	-0.024797878380976798	-0.005138280869599972	0.004684187800659255	0.0028133698331909668	0.012286448626773262	-0.0015650367919026445	0.011854016714542314	0.0045081914826120215	-0.005520533533274645	0.006998152753411861	0.0022228520130912178	-0.004626364831357185	-0.00020225273528905158	0.0007992453764365389	0.0	0.0	0.0	0.0	0.0	0.0	0.0	0.0	0.0	0.0	0.0	0.0	0.0	0.0	0.0	0.0	0.0	0.0	0.0	0.0	0.0	0.0	0.0	0.0	0.0	0.0	0.0	0.0	0.0	0.0	0.0	0.0	0.0	0.0	0.0	0.0	0.0	0.0	0.0	0.0	0.0	0.0	0.0	0.0	0.0	0.0	0.0	0.0	0.0
108300	-0.5422883052509724	0.0949012357672247	-0.042647692848406804	0.046606327254588534	0.05251926155775273	-0.05871340770430199	-0.12452462733435801	0.01503817192109326	-0.3606113525706994	-0.026028086833725463	0.058031478716398445	-0.03238390001500215	-0.10361219682635499	0.08561562122643909	0.08633645733738966	0.0004701167967740953	-0.07568184281360382	-0.055461668695275405	0.01247223289701084	-0.028726528181220682	0.030788382151916142	-0.0239238625318717	-0.03941184335592238	0.049965116039697687	0.033333286580951436	-0.026672506694433704	0.026606822820007703	-0.013030420588434524	-0.007510772845991738	-0.01744486894588513	-0.00986580205859684	0.04624352926488735	0.047930467969123376	0.024617206328936533	-0.036750656973238476	0.025895780794094332	-0.037170470004720346	-0.00015480590331565705	0.004514873293897832	-0.009343616228030252	0.0002239593800976764	0.014273514188559934	-0.010439331382915102	0.0032217182896061365	0.0050709337168776195	0.0039114297046126114	-0.0010316678958252991	0.008464270962592054	0.007431296090498621	-0.008940324257987844	-0.005719157675582428	0.00042884292743499086	2.5450683666743957e-05	-0.00405738008360747	0.0009972365856869968	2.1576939496530714e-05	0.0	0.0	0.0	0.0	0.0	0.0	0.0	0.0	0.0	0.0	0.0	0.0	0.0	0.0	0.0	0.0	0.0	0.0	0.0	0.0	0.0	0.0	0.0	0.0	0.0	0.0	0.0	0.0	0.0	0.0	0.0	0.0	0.0	0.0	0.0	0.0	0.0	0.0	0.0	0.0	0.0	0.0	0.0	0.0	0.0	0.0	0.0	0.0	0.0
108301	-0.47847586862435615	0.30354080801499606	-0.1739118633136119	-0.0024987158590500567	0.16994202247803036	-0.0781902971351293	0.07970889120683884	-0.05781755884846977	-0.29555222662133884	-0.03054301573581767	0.1189765579319084	-0.05096092065077491	-0.0743292531378847	-0.07122821900213226	0.0022659450934464833	-0.02835598161435745	0.005309741699523799	-0.0011639364933149652	0.034820307288390376	0.003274439110388106	0.0439993519428379	0.013492293130739432	0.024979032407462638	0.01976072370222959	-0.0001930741118340816	-0.0007471688111037218	-0.06997210880604905	0.009051382246806655	-0.008462495368159842	0.021303580580937675	-0.03494020754989341	-0.037246999020677095	-0.005298971799308748	0.005711367856080379	0.011417665507785814	-0.050289099703283845	0.028484020353081542	-0.0228707962551499	0.04246573413455598	-0.02273104308776038	0.024097534371115534	0.021934954735886986	-0.015166711212370171	-0.011264752764377209	-0.0011052833945742995	0.0038714464367292784	-0.001477142675184061	0.012338182248172475	-0.023138170146925804	0.0036611435886212923	0.015303705645174285	-0.008032026628900424	-0.01111135875691114	0.003464277795370959	0.001787933005897349	0.0018263997249266164	0.0	0.0	0.0	0.0	0.0	0.0	0.0	0.0	0.0	0.0	0.0	0.0	0.0	0.0	0.0	0.0	0.0	0.0	0.0	0.0	0.0	0.0	0.0	0.0	0.0	0.0	0.0	0.0	0.0	0.0	0.0	0.0	0.0	0.0	0.0	0.0	0.0	0.0	0.0	0.0	0.0	0.0	0.0	0.0	0.0	0.0	0.0	0.0	0.0
108304	0.7975182086068172	0.3001753644185176	-0.02407288634167239	0.060636505598145186	-0.0582320671095018	0.022196583007911407	-0.01681593968159222	0.047205824285549036	0.0007045563287900237	0.006793390944721175	-0.028003429925130583	0.012044050383015741	-0.06576193648736067	0.07352989180402887	-0.00038455765952475485	0.02583248110601166	-0.029437599828654144	0.0027297086416407266	0.0018523325029885574	-0.036835751914398134	0.04652742213887825	-0.0006959015825332833	-0.0019098453630693164	-0.04433550683100668	0.01722956297086973	-0.06590266091910062	0.011893563613730292	0.04160225706942215	0.004298858849847856	-0.004391512432584675	-0.004629713579255585	0.002203798589918822	-0.0021742714557211012	0.032376557365853556	0.03876204378975927	-0.0006322811150897567	0.020540514779839814	0.010659738902815285	-0.0031895721860777417	-0.004978162804805645	0.022308950403536667	-0.010844898738536873	-0.004618958041267414	0.00966036609892156	0.0016363848833425394	0.017574437122953455	0.015624332569841345	0.0019618696630349405	-0.01566717716465949	0.010532090027718644	-0.006903806551203887	0.011873076093697511	-0.018632581519683063	-0.008702094514298412	-0.011480308393651292	0.005237708230124863	0.0	0.0	0.0	0.0	0.0	0.0	0.0	0.0	0.0	0.0	0.0	0.0	0.0	0.0	0.0	0.0	0.0	0.0	0.0	0.0	0.0	0.0	0.0	0.0	0.0	0.0	0.0	0.0	0.0	0.0	0.0	0.0	0.0	0.0	0.0	0.0	0.0	0.0	0.0	0.0	0.0	0.0	0.0	0.0	0.0	0.0	0.0	0.0	0.0
108305	0.7296299101679973	0.3855532500262871	-0.07374492737850014	-0.1358364920113236	-0.03897326943386565	0.03231869697642197	-0.015643424116494702	0.007623572452892167	0.0004001189636324391	-0.03280197978719001	0.09771635823599416	-0.042732757066143885	0.10235483894174563	0.013458356514410264	-0.0424190396627894	-0.03236571138490036	-0.08694064230916324	-0.10184773287859748	0.10933445528258647	-0.02067230090112093	-0.007226176256472179	0.060297611459638835	-0.016468126087151782	-0.11392766354379094	0.037873320409915735	-0.019839760674018502	-0.07118880113528327	0.05421433084870533	-0.007640973928009178	-0.01456701354246813	0.010493509747811497	-0.012441147527649823	0.01965075662389174	-0.06779624264783506	-0.0450159875602313	-0.02938925434245357	-0.012968634145580913	-0.02502657836913157	-0.004031404236839292	0.01633560235183036	-0.015293299527577306	0.013670507199716846	-0.013464747135514923	0.0018428623794909497	0.012085768584985999	0.0028024834099818893	0.006519247677410949	0.007118773164431029	0.0032489930661041082	0.006290691054070634	-0.01823369682257629	0.007183298391432851	-0.004831916867633466	-0.01298578711605607	0.0006502547181809733	-0.0012201491179709208	0.0	0.0	0.0	0.0	0.0	0.0	0.0	0.0	0.0	0.0	0.0	0.0	0.0	0.0	0.0	0.0	0.0	0.0	0.0	0.0	0.0	0.0	0.0	0.0	0.0	0.0	0.0	0.0	0.0	0.0	0.0	0.0	0.0	0.0	0.0	0.0	0.0	0.0	0.0	0.0	0.0	0.0	0.0	0.0	0.0	0.0	0.0	0.0	0.0
108306	-0.37627260555522013	-0.07342381397296467	0.15808186598587126	0.06512898111301076	-0.08584395204906826	-0.1389825663466484	-0.060338562327568984	0.05286600668090165	0.01782778276840547	0.09077457179326766	0.03721384734800195	-0.017459976144240722	-0.06872274910655632	0.06469409114940768	0.007176312321237658	-0.019253463126877493	0.09379246448651929	0.011313144158444286	0.03517179419396879	0.028342521945507414	-0.018436562399466297	-0.025245143284650925	0.03955336362576982	-0.029933977513457073	0.023631663130643348	0.05158014197884155	-0.0060307447564404955	0.05521156112181104	-0.03815363077684603	-0.04517476551515892	0.05921832409296689	-0.018563951067099682	-0.003512615822144884	0.023091259542988695	0.026915822771590124	0.02240134902689579	0.038053198940246884	3.5899327855310425e-07	0.0024240851760016172	0.03926134667170226	0.006813468535834653	0.004829232294012818	0.011341182836767187	0.04247874105312385	0.010871966047971261	0.023820383737506664	-0.00036637323766602734	-0.0010135306512396931	0.0004099333518943591	0.011350630145706479	-0.003403394545368788	-0.014753394244123556	-0.0062259372371498015	-0.011807040143695267	0.009729974297643695	-0.011834172168573355	0.0	0.0	0.0	0.0	0.0	0.0	0.0	0.0	0.0	0.0	0.0	0.0	0.0	0.0	0.0	0.0	0.0	0.0	0.0	0.0	0.0	0.0	0.0	0.0	0.0	0.0	0.0	0.0	0.0	0.0	0.0	0.0	0.0	0.0	0.0	0.0	0.0	0.0	0.0	0.0	0.0	0.0	0.0	0.0	0.0	0.0	0.0	0.0	0.0
108307	-0.6141742791732638	0.2814347888723102	-0.2326248317232809	0.11554345490896059	0.0321859962142389	0.1662935265057	-0.17087563203238046	-0.036899136735217886	0.12813429420791422	-0.14001075552463235	-0.015604354415238565	0.13127354078546236	0.00805066895396955	-0.022888884588857093	-0.07973008768585106	-0.062409481984379775	0.024679737517436462	-0.015665068068243415	0.008978522024145825	-0.04546710346825356	0.031742134684299796	-0.0020080989247179895	-0.0034225193127783225	-0.010767027154965348	0.04629305434073235	0.049379687864670146	-0.05399309726339338	-0.022486195155129594	-0.029850460680465533	-0.06240703506755944	0.02674349188557043	-0.013259526899587443	-0.02119835221902423	-0.02086937688570053	-0.022798087011770482	-0.007942128235140098	-0.01058344457740107	0.00622735042386744	0.008587055647896955	0.002466963938527743	-0.017541966975642306	-0.027917786056048943	0.011826610871646796	-0.0014867090348186494	0.004653086345802096	-0.0023266500087837476	0.00945205428052118	-0.022060718904137255	-0.002575573454258882	-0.0003551712593094167	0.012140999939005151	0.00021437062553875965	-0.01034011577280566	-0.00018782410501572957	0.0018474757175034318	-0.0031233841042595783	0.0	0.0	0.0	0.0	0.0	0.0	0.0	0.0	0.0	0.0	0.0	0.0	0.0	0.0	0.0	0.0	0.0	0.0	0.0	0.0	0.0	0.0	0.0	0.0	0.0	0.0	0.0	0.0	0.0	0.0	0.0	0.0	0.0	0.0	0.0	0.0	0.0	0.0	0.0	0.0	0.0	0.0	0.0	0.0	0.0	0.0	0.0	0.0	0.0
108310	0.7047329814768123	0.21062939034962078	0.1509265353407958	-0.028919790398358878	0.09368410393492951	-0.051145811320482855	-0.08223842624224718	-0.15770695218378267	0.10033986009240696	0.06947134270981967	-0.006016582506071499	0.07237156641446811	-0.08213860443306031	0.029276825347623263	0.018268148236725543	0.000756815573105683	0.04244129030829101	0.04802934737339266	0.02379027568690127	-0.028041535239960093	0.054623478849038114	0.04310189678693731	0.02157035673537776	-0.011443611495997711	-0.005276212034758939	-0.02162020600133404	0.042089205622954394	0.018979206547706157	0.01560053382439999	-0.00530084798020358	0.03631456492313235	0.015311962728757553	-0.003437035987957823	0.013692797521323031	-0.005770117903205208	-0.024728352517382687	-0.013768855115819803	0.007585528964958737	-0.011461743343690545	-0.024103992931462728	0.01659929219956771	-0.008499902068199582	0.0030502185765933242	-0.018417227390383213	-0.002791358049747224	-0.0036247086692650626	-0.03142053603282765	-0.005322276845392209	0.007575308106901952	0.014596560474440806	-0.010913806044857548	-0.007329486180659152	0.004312840935547221	-0.008821702432192888	0.00750134671571846	-0.003373908963702147	0.0	0.0	0.0	0.0	0.0	0.0	0.0	0.0	0.0	0.0	0.0	0.0	0.0	0.0	0.0	0.0	0.0	0.0	0.0	0.0	0.0	0.0	0.0	0.0	0.0	0.0	0.0	0.0	0.0	0.0	0.0	0.0	0.0	0.0	0.0	0.0	0.0	0.0	0.0	0.0	0.0	0.0	0.0	0.0	0.0	0.0	0.0	0.0	0.0
108312	-0.48705917589195985	0.2800221995445849	-0.10834844905029267	-0.003161598882992708	-0.005373053551083391	-0.01768190470252928	0.1498937692755242	-0.1069655930932188	-0.062459912144077354	0.019168368722049276	0.09632551285127026	-0.02186963574254517	0.04489353131518325	0.007822523049734523	-0.02811714512635201	0.038937939973802	0.023395188842868588	0.03681541541608684	0.0028127495615974463	0.059348164788419776	-0.0010125999534599016	-0.04626111334577419	0.036050747010305986	-0.029104396351671797	0.03137716809519831	0.012546660635140245	0.021725878916643016	0.09584377444664928	0.004443792728692153	-0.027107970638509043	-0.03508108971915154	-0.017742991704383364	-0.016694964176892514	-0.020585750930708708	0.0025686497854842815	0.031144969774358273	-0.005938809490602332	-0.026028090432963096	-0.043030739499352114	-0.0019173482816815543	-0.006360892134672743	0.0025373614408619465	-0.014774454055079368	-0.05392419853872811	-0.03370522663234501	-0.03276297650283265	0.017518958256550653	-0.013622081273311869	-0.01717886833155767	-0.013683481156304671	0.01919285865671701	0.0005293333054699806	-0.003110764009800515	-0.012265239167647482	0.0011069854471190538	-0.0047053240048545285	0.0	0.0	0.0	0.0	0.0	0.0	0.0	0.0	0.0	0.0	0.0	0.0	0.0	0.0	0.0	0.0	0.0	0.0	0.0	0.0	0.0	0.0	0.0	0.0	0.0	0.0	0.0	0.0	0.0	0.0	0.0	0.0	0.0	0.0	0.0	0.0	0.0	0.0	0.0	0.0	0.0	0.0	0.0	0.0	0.0	0.0	0.0	0.0	0.0
108313	-0.5683960227187196	0.08984103818651056	0.08922095559674367	-0.08498304858576108	0.06414594447258426	0.04675665537060623	0.048451598879481035	-0.06600595224830501	-0.08623593440628147	0.06696466231842992	-0.03307324713710427	0.018719069147974804	0.03773500441846193	0.03975346974967141	-0.005740426685673985	0.058253732448328176	0.06787342072281835	0.04894903431575793	0.02891995177732449	0.014709959973790479	-0.01654448507278064	-0.06718055599067534	0.023624003269455615	-0.046927388965645675	0.045112289573994845	0.05362004626491484	0.02708859478538503	0.013834135070807514	-0.015984035169319996	-0.04973607021526471	0.011984074188141175	-0.04336374540040521	0.008334049620283125	-0.019143284507423596	-0.013003228416036546	-0.062240927935735164	0.008718806849150386	0.029118807752020862	-0.004612342461494509	-0.023608625279985217	-0.0018632012018338568	0.0049033478216911255	-0.011907862547421811	-0.010536246695575074	0.010139854277349276	-0.014710093992216303	-0.00964863745043974	0.019866410565570702	0.003751940992640106	0.022529614266205204	-0.0069236696976737394	0.002202005086739275	0.0037800092044138543	0.014413031099759737	-0.00826682512713082	-0.0021584681677098193	0.0	0.0	0.0	0.0	0.0	0.0	0.0	0.0	0.0	0.0	0.0	0.0	0.0	0.0	0.0	0.0	0.0	0.0	0.0	0.0	0.0	0.0	0.0	0.0	0.0	0.0	0.0	0.0	0.0	0.0	0.0	0.0	0.0	0.0	0.0	0.0	0.0	0.0	0.0	0.0	0.0	0.0	0.0	0.0	0.0	0.0	0.0	0.0	0.0
108592	0.1199579932797079	0.0736251402367733	-0.2953793539022868	0.18202711069741914	-0.01511480234470883	-0.3592260000528826	-0.02080485870928444	0.011968473344117924	0.06607480005212364	0.07871276181650469	-0.0060499038375551465	0.13458966313562634	0.14450752273165351	0.0068237872705882744	0.15317931412593808	-0.16347086617043372	-0.039496005762524704	-0.012510487875000509	0.04627907333839391	-0.0582096237550316	-0.07559944011461169	0.03817118077640888	-0.027186752009262145	-0.022535309276362017	-0.005081817309620768	-0.032301316361085734	-0.020438981547905688	0.028608800712667873	-0.014441166658739669	-0.009425132882095056	-0.02704786139137734	0.010807095687225961	-0.010721676020546326	0.03225156427590148	0.013994810062921905	0.0042248342173000705	-0.002642686963930217	0.006118608933918862	-0.007398121519994633	0.02660887454155515	0.0101022026811202	0.00047264892484995497	-0.0041075693892861235	-0.0022673061229126117	0.0019229509131551668	-0.009200670311699537	0.010296305514397164	0.0032176847380506624	0.002651208450555888	0.0037624854119885404	0.005583840715676303	0.002955309094348057	0.006356060274176295	0.0011496829521399539	-0.004072318285183163	0.00038105860127529007	0.0	0.0	0.0	0.0	0.0	0.0	0.0	0.0	0.0	0.0	0.0	0.0	0.0	0.0	0.0	0.0	0.0	0.0	0.0	0.0	0.0	0.0	0.0	0.0	0.0	0.0	0.0	0.0	0.0	0.0	0.0	0.0	0.0	0.0	0.0	0.0	0.0	0.0	0.0	0.0	0.0	0.0	0.0	0.0	0.0	0.0	0.0	0.0	0.0
108594	-0.19447445980509	-0.1437769153752904	0.38403929984002366	-0.16334359144090285	0.26349160899136626	0.15989358613070684	-0.0019674814936475747	0.2320984443980875	0.07195435573542708	-0.06647216561305551	0.05906909277402263	0.08250671031637094	-0.12820814093553998	-0.07378591600547411	-0.0430547999495029	-0.0835915188907935	-0.008473126448736186	-0.026875780764559536	-0.03856192142899085	-0.05634428154216213	-0.031095706153108194	-0.001203390605586922	-0.003089036173767901	0.046755528426932785	0.10066972917212647	0.04676212787039008	-0.03218246447370535	0.022626291296471188	0.028257548731905963	0.017915289165857298	0.002806773876569605	0.014524892489206664	-0.006260841301873146	0.013137168095222551	-0.05145704480070084	0.03607487052597971	0.005589393426183039	0.00828809816445816	0.007943527658247983	0.004409449655783579	0.0031358565506598344	-0.012232553395485079	0.006774652670241418	-0.010605238388917184	0.00918853290200809	-0.0005749675488822975	-0.0021441996662811312	-0.0012187561602195701	0.005098506645153647	-0.002322954204986151	-0.0032695799213320314	0.011222024325932764	0.00529636843519159	-0.003350335969959925	-0.004336202846191899	-0.0021974227838339475	0.0	0.0	0.0	0.0	0.0	0.0	0.0	0.0	0.0	0.0	0.0	0.0	0.0	0.0	0.0	0.0	0.0	0.0	0.0	0.0	0.0	0.0	0.0	0.0	0.0	0.0	0.0	0.0	0.0	0.0	0.0	0.0	0.0	0.0	0.0	0.0	0.0	0.0	0.0	0.0	0.0	0.0	0.0	0.0	0.0	0.0	0.0	0.0	0.0
108597	0.5363049554991365	0.15408301498240737	0.24940139387951218	-0.17129713849545034	0.10112006093597628	0.002481258767560109	0.06558368011942865	-0.13621926079129107	0.1368911959036013	-0.002714040885190352	0.05116156794281861	-0.08656788017142794	0.047441676839028724	-0.018065549017616957	0.04176409052812582	0.010025313894535993	0.0753035458284423	-0.015687926259532414	0.05058645523545301	0.014203777559895785	0.01659842622879519	-0.00015243545598022428	0.013448540585261777	0.053770620770300606	-0.029184450951906447	-0.02596655881939035	0.0048062451646730476	0.011242212589405809	-0.0473251770305128	0.0018216845203366115	-0.03549849442536363	0.022539749070177088	-0.020207640807912916	0.03807858945089077	-0.018027183173297216	0.01342831338511342	0.02412164437392814	0.04933224602172119	-0.013325981474425763	0.00172608903666477	0.006362431112663712	-0.002913449139741602	0.00962966890986561	0.00483623438257139	0.021927275626969174	0.010676774156571605	0.0007358788937092164	-0.0007037074517468539	-0.010655093169504687	-0.00025433563279439084	0.007895563266237275	0.0023896303615704184	0.009480608191996389	-0.00075505748068193	0.002260719232990361	0.00331187290355237	0.0	0.0	0.0	0.0	0.0	0.0	0.0	0.0	0.0	0.0	0.0	0.0	0.0	0.0	0.0	0.0	0.0	0.0	0.0	0.0	0.0	0.0	0.0	0.0	0.0	0.0	0.0	0.0	0.0	0.0	0.0	0.0	0.0	0.0	0.0	0.0	0.0	0.0	0.0	0.0	0.0	0.0	0.0	0.0	0.0	0.0	0.0	0.0	0.0
108598	0.22386399037109364	-0.04406056953065765	0.14445685847527948	-0.034957263266775514	-0.022803780537976163	-0.28493329750938956	0.0012472924500556482	-0.05487305315988049	0.010363735517534172	-0.2843463811777918	0.1581792386073305	0.05101819598887061	0.04267971126896438	0.0004889209565735398	-0.07704175251253512	-0.0836811651384	-0.07255664851664023	0.06904193463432333	-0.12249147990686007	-0.037424239906386735	0.044713491806255695	0.059730941030809635	0.0014308393023347006	-0.028384921453431525	-0.008962858031549358	-0.01462122294815477	0.05249694906505454	-0.005950918746024574	0.004486326644993976	-0.031053725419572888	-0.029926647940812144	0.0020530130886855717	-0.0028411798028444425	-0.03320406960340306	-0.001952283195488812	0.012652672666489052	0.013884186397340714	-0.004857209116629652	-0.0025541465065022874	-0.008372282753816756	0.014794475616739692	0.004226298521975235	-0.01692929813347874	0.0142980453814558	0.007366814509134422	-0.004077524785360214	-0.004066198173287821	0.002826139016779342	0.00021160246397053576	0.003760457926312897	0.003250361985872212	0.010471130354829765	-0.0020463715269381927	0.0038377493615839057	0.0009186775085270417	-0.003775487221888008	0.0	0.0	0.0	0.0	0.0	0.0	0.0	0.0	0.0	0.0	0.0	0.0	0.0	0.0	0.0	0.0	0.0	0.0	0.0	0.0	0.0	0.0	0.0	0.0	0.0	0.0	0.0	0.0	0.0	0.0	0.0	0.0	0.0	0.0	0.0	0.0	0.0	0.0	0.0	0.0	0.0	0.0	0.0	0.0	0.0	0.0	0.0	0.0	0.0
108600	-0.6100792263098909	0.021942102401063663	-0.1872799598981248	0.019015009381275406	-0.06034989851081463	0.11365436301654928	-0.13964065360861572	0.10623299556708805	0.12799064774718968	-0.04917701727192933	-0.036810741729856385	-0.16056328710488565	0.008609555139003595	-0.17775629231065626	0.07796544925195412	-0.10500716169187371	-0.05042472092009426	0.05014019959332542	0.04174075011342367	-0.04153072768822045	-0.009678308345507619	0.060085511088535	0.04049663239331064	-0.02709060986688592	0.05810050682228893	0.003631444293337593	0.04548973887022609	0.01948562364841557	0.05460011977175899	0.07130646797483475	-0.009901887325526644	0.0064224238662572465	-0.003212425258243956	0.009014098713340205	0.029323819140347703	-0.011554283685622982	-0.0035540254412894843	0.022193800776194508	-0.002844598658201902	-0.018567385938183252	-0.02421036560883265	-0.002989460500188351	-0.003401048173061354	0.013447355953326195	0.0018847115214009238	0.013459629730615546	0.0001335984168833415	-0.006671245654632338	0.0023382313545414553	0.002021671786405049	-0.0005993360904729377	-0.006008074840827557	-0.003626979558984755	-0.0012146420714415592	-0.008113643719994398	-0.0024220539997399713	0.0	0.0	0.0	0.0	0.0	0.0	0.0	0.0	0.0	0.0	0.0	0.0	0.0	0.0	0.0	0.0	0.0	0.0	0.0	0.0	0.0	0.0	0.0	0.0	0.0	0.0	0.0	0.0	0.0	0.0	0.0	0.0	0.0	0.0	0.0	0.0	0.0	0.0	0.0	0.0	0.0	0.0	0.0	0.0	0.0	0.0	0.0	0.0	0.0
108604	0.46156235323453926	-0.09506661358726141	0.0844611174122747	0.2747022226025209	0.15913090192558194	-0.08672244864717453	0.0921486028695642	0.0007529451901830935	0.046868952441250646	-0.12745965212107316	0.17837742930578318	0.038341071330012355	0.15956009516024075	-0.005276207419499773	-0.06229455834637694	0.005149784295320819	0.03765203181538813	-0.044488366436039324	0.023334971305282934	0.040617274147499154	-0.059977234813426025	0.08906134995870338	-0.015591164167180645	-0.015010393067938357	0.023712906778185206	-0.005087627324312763	-0.006574662720311033	-0.026736183251990567	0.0008845637201157069	-0.08057764476559041	0.06117000854518602	0.027747625755113265	0.01180030385272304	0.07133043347109846	-0.0194118439489144	0.012849038254237626	0.004856934194453446	0.022034236853810032	0.027542784951531594	0.00705028831566648	-0.006595006683904012	0.023963405697038486	-0.009958433043837298	-0.01732743692320742	0.005952457945749056	6.692618540848048e-05	0.0036304932839806695	-0.0014311950654552776	0.0029393434879620697	0.003492416184506648	0.00035139990908319903	-0.00768709021064172	-0.0032931893910536883	-0.0009073269071435328	-0.0010244852616529208	0.000534217739611755	0.0	0.0	0.0	0.0	0.0	0.0	0.0	0.0	0.0	0.0	0.0	0.0	0.0	0.0	0.0	0.0	0.0	0.0	0.0	0.0	0.0	0.0	0.0	0.0	0.0	0.0	0.0	0.0	0.0	0.0	0.0	0.0	0.0	0.0	0.0	0.0	0.0	0.0	0.0	0.0	0.0	0.0	0.0	0.0	0.0	0.0	0.0	0.0	0.0
108605	-0.49823027623826166	0.2263793065147523	-0.01621436591106563	-0.048893408204479225	-0.058509010857472066	-0.09260546540484019	0.14237171158166548	-0.14523938117417948	-0.11253776269794712	-0.04174380942793222	0.04892772152970389	0.015534347664733272	0.017058572344726592	-0.00286024436969704	-0.021788573726683514	0.06311358827203943	-0.02706335454605275	0.019560066635031015	-0.038924099203417696	0.018254338840446135	0.054680631037002006	-0.057518516133792524	-0.10538365690401856	-0.04252361792130785	-0.01893791641258371	-0.03649849118638451	0.04004919576863503	0.004184711547150948	-0.03421161799100964	0.01323354374767681	-0.01890310430132391	0.01818827880745072	0.05249113153277229	0.02708354471905191	-0.010461090567838283	0.016250743785435475	-0.014736812453195853	0.010007811294825426	0.019664087706015777	-0.008005262434213258	-0.04736979652395487	0.002386186802549337	0.01880037756193027	-0.0029773022803295445	0.00883637188485871	0.01737102002719901	0.03315483098190518	0.03178530230877299	0.004965002103745068	-0.012361982862028338	-0.007389330062388451	-0.004656897196808188	0.00010374218921786257	-0.008967508606450793	-0.004996290119896091	-0.007507263343019032	0.0	0.0	0.0	0.0	0.0	0.0	0.0	0.0	0.0	0.0	0.0	0.0	0.0	0.0	0.0	0.0	0.0	0.0	0.0	0.0	0.0	0.0	0.0	0.0	0.0	0.0	0.0	0.0	0.0	0.0	0.0	0.0	0.0	0.0	0.0	0.0	0.0	0.0	0.0	0.0	0.0	0.0	0.0	0.0	0.0	0.0	0.0	0.0	0.0
108606	-0.538912169548369	0.17524595883812763	-0.11678331136582745	-0.007787329502131676	0.1780367943117496	0.024055702993461027	-0.15486190506818812	0.012327466761795646	-0.2611011248120466	-0.023963143708093944	0.014100046340030427	-0.04771507596309388	0.005518130877992721	0.10742615075564106	0.02755410520929779	0.07878444177209706	0.021690673801387006	-0.07998562030327733	0.0684840641181198	-0.030267330397355692	0.007399644127448754	0.03696682038960239	0.05083484817720428	0.018242304150205394	0.014020053729723966	0.002604706321041558	0.03709209271181247	0.06454040736025375	0.007863355424824508	-0.0011293591862661762	0.008767707650465036	-0.03211085440761362	-0.0063876407210769915	-0.013537541043865065	-0.012157922267285931	0.021600004242282332	0.058097581208336975	0.02484114081026344	0.009884026908908121	-0.017243398723747576	-0.006644645284276603	-0.02400078131570737	-0.005698169159917224	0.011107287664140219	-0.014766620517621306	0.022237366044916412	0.005726366665740849	-0.008238636558545507	0.015513936947334819	0.0018239530010833527	0.01095451331962781	0.009295862360030471	0.013302859387226331	0.0020899196636553347	-0.00804502715519268	-0.0008137318404844182	0.0	0.0	0.0	0.0	0.0	0.0	0.0	0.0	0.0	0.0	0.0	0.0	0.0	0.0	0.0	0.0	0.0	0.0	0.0	0.0	0.0	0.0	0.0	0.0	0.0	0.0	0.0	0.0	0.0	0.0	0.0	0.0	0.0	0.0	0.0	0.0	0.0	0.0	0.0	0.0	0.0	0.0	0.0	0.0	0.0	0.0	0.0	0.0	0.0

Biplot	0	0

Site constraints	0	0
