Eigvals	103
7.626108401572118	2.676981981171934	1.2214002678166134	0.9824221513283321	0.7791817603278212	0.7534785363050203	0.6778735459946136	0.6430911001441504	0.6044597843036649	0.5126430235791721	0.5067105147272444	0.4716627408549598	0.44604741397550496	0.44256685028219483	0.42321844230478883	0.4071044518554866	0.398609580440049	0.38836276081492077	0.37592071878302735	0.3667668870845965	0.36534951350280276	0.3458697893605665	0.3429406839667333	0.3366919410557224	0.330748620730526	0.3280218296255071	0.318994629117023	0.3127484944894785	0.31026280107578735	0.30591167504864436	0.2998625128100828	0.29389100190516376	0.29018987858010276	0.28744533087793617	0.28371788652310553	0.27789505160382755	0.2757308305674587	0.2710313660081495	0.2644092211199643	0.26362662808079723	0.2573682474088558	0.255310155409028	0.2546364311969152	0.25108814293284815	0.24934870317451027	0.24723941135938884	0.2427155891247439	0.2395612903844813	0.23717111128765384	0.23551145462329157	0.2332736505256904	0.22956265852087393	0.22483356511447367	0.22347949408981935	0.21971900435272015	0.21748651203143504	0.21436214658758942	0.20905071864486963	0.20826646648409058	0.2067984717419995	0.20345283930526703	0.20212093174436635	0.1991182944519603	0.19611122400242004	0.19257676232973867	0.18698925515191137	0.1858574784759913	0.18491544824318845	0.18201711932935347	0.1804586132185783	0.1757559133080173	0.17422671933734962	0.17138467311632838	0.16956378574835476	0.1678113679290023	0.16391004096472084	0.16176615467863	0.15893440245796803	0.15544558734682756	0.15416152065677685	0.14981617227491142	0.14428838428315585	0.14043101937179442	0.135658071398876	0.13388967931695736	0.1289349181811467	0.12619371633271165	0.12346324238858049	0.11188918653464029	0.11079370266240308	0.10705588273382184	0.10084456715023775	0.09820740990984822	0.0959380541699837	0.09235288445414028	0.08866848352124225	0.08394950102218912	0.08121490327818433	0.07500294723009487	0.06404605716258696	0.05828385317806115	0.05755665182076058	0.0

Proportion explained	103
0.20422449345187582	0.07168863334960388	0.032708668414077546	0.026308918736267898	0.02086621274319757	0.020177889468766478	0.018153214492287812	0.017221752859331772	0.0161872198454454	0.01372839937477309	0.013569528879969482	0.012630961856163778	0.011944992436232316	0.0118517841680353	0.011333640626111427	0.010902113644890087	0.010674623984318397	0.010400217768560547	0.010067024270950867	0.009821887886399818	0.009783931121752435	0.009262270979246414	0.009183830569823512	0.00901649143844569	0.008857331416200891	0.008784308912081125	0.008542563666137122	0.008375294383670651	0.008308728390695375	0.008192206770224393	0.008030212338867533	0.007870297382839892	0.007771182605490583	0.007697684585961522	0.007597864940717769	0.007441931475151203	0.00738397439906516	0.007258124395553262	0.007080785690916472	0.007059828125329033	0.006892230898112492	0.006837115920195901	0.006819073823401599	0.006724051915084515	0.006677470331814157	0.006620984240900926	0.006499837876898777	0.006415366869078691	0.006351358715823458	0.0063069136956722185	0.006246986091157323	0.006147607034044607	0.006020963580456981	0.005984702035964526	0.00588399744703792	0.005824212090019435	0.005740542685320654	0.005598304518225563	0.005577302521946488	0.00553799014047919	0.005448395283746364	0.00541272726899672	0.005332317701262943	0.005251789415144578	0.005157137778068501	0.005007506306423637	0.004977197726192496	0.004951970488789098	0.004874354262646436	0.004832618018646928	0.0047066813735695354	0.004665730098344431	0.004589621102865789	0.00454085838133397	0.004493929250166687	0.00438945308996599	0.004332040571320823	0.00425620724554136	0.004162778007284922	0.0041283911541843315	0.004012024257016249	0.0038639920441128866	0.0037606931721850456	0.003632875308772499	0.003585518392487426	0.0034528316366936877	0.003379423217947557	0.003306302088695214	0.00299635295481359	0.0029670162830654906	0.002866918783615907	0.002700581942866869	0.0026299598020302043	0.0025691872556629905	0.0024731776750745228	0.00237451071748976	0.0022481380304350206	0.0021749064672764258	0.00200855247511381	0.001715130823333539	0.0015608210328165867	0.0015413468369342399	0.0

Species	0	0

Site	103	103
2019.3.14.cow.fecal.1	-0.14150523210400415	-0.016454022981341472	-0.04453319714247899	-0.10304932516016735	-0.05415823427668	0.03673659350966707	0.006661170623125988	0.12264283473267083	0.01503160975329859	-0.09532088580905297	0.2000800786812723	-0.12634992698776784	0.040316771373866564	0.15646186830897416	-0.028836098195458165	0.001440493009024578	0.0347563265353566	-0.08125157519187713	0.18909112971588365	0.20536239920310886	0.11349242753674568	0.03082956554978672	-0.10084263142664929	0.0635328032768665	0.02464528786841028	0.08400495494255165	-0.02955031053602284	0.012556108815705526	-0.045348583172333305	-0.07714550520458084	-0.013685609701300219	0.00923144156002701	-4.7550006551609296e-05	0.042441764085176414	-0.001453711252369132	-0.00830096155097799	0.02003803087365928	-0.01634894270479174	-0.0633805536899021	-0.047982124801317395	0.016490745433476374	-0.10863474605192841	-0.04789300326905311	-0.0629605536809571	-0.04878929098307563	0.019108773425589	0.014373383854005191	0.052862986516933705	-0.01094488357014187	0.06805913620368241	-0.03672987114897757	-0.004590508081952941	0.03001077615223412	0.021993162130956728	-0.050994686492823744	-0.0012210688436026136	0.053101971965072714	0.007865510453692104	0.03598126277638514	-0.05119240645981004	-0.01024465405057293	0.0417186309356731	-0.051416567431590246	0.08418471600164183	-0.03997858373718622	-0.046633791399643194	0.007921651722833753	0.07481997703808943	0.06287718153817286	-0.03622012101541263	-0.01068243055808328	0.010708945644832532	-0.019951207390027627	0.010901081350943493	-0.05539800431590642	0.02663390298372526	-0.008745019319353054	0.004849198654726791	-0.004327335295073531	0.0030292813632742236	-0.0005409789387877101	0.013602005373406932	0.0011543984256847132	-0.01000012042386512	0.016640401078522583	-0.015220199512430296	0.0020727216105791983	-0.024594763059064342	-0.010659897479597722	-0.006126489574368008	0.008176666569259208	-0.010549095326396894	-0.009905515818674321	0.00912028338042535	-0.0075193196982796	0.0026810416731224257	-0.0147545592034816	0.00484910070134373	-0.004891609743597567	-0.004970966097186762	0.0002963031575277614	0.0023172872342695798	-0.0
2019.3.14.cow.fecal.10	-0.24970130081375835	-0.16140375577810462	-0.005564469445335922	-0.007737309503419619	0.012470570052788735	-0.01093395594128543	-0.05715280542954877	0.0015261231146984407	0.0008007253935061202	-0.0008084458828832312	0.08070033454233633	-0.036391233987321935	0.11365490693211872	-0.00055586591272623	-0.13295987924404706	-0.011486918620432938	-0.01556393563615692	0.06758246417790954	0.005917072021823095	-0.06826162191059522	-0.045775573514136615	-0.15255945491536077	-0.06084934857656323	-0.03814727805423066	-0.09350859256903916	0.06318479821754754	0.03494032905286356	-0.037126712156984897	-0.05255409002235985	-0.030417915360495405	-0.025296137507428797	0.0015771792625294974	-0.011082548578421874	-0.04385235521528567	0.03543947958091548	-0.004553566571381797	-0.08330635162697074	0.05315127686839323	-0.04188849553156697	-0.02379442103981716	0.07342678613322105	0.027423302010708844	-0.08537589957383299	0.06843772486214937	-0.03692387376661822	-0.04333778074070386	-0.017706341033668877	-0.0719743075246233	0.04083940235002046	0.05035282748309832	0.015949738638475625	-0.004807590082042226	0.0426970904248073	0.02366326848452741	0.009053466742014899	-0.02762619638218537	0.03390767687165703	-0.0287973324723649	-0.019394772118667095	0.03317774851894113	0.11423019400883878	0.04493446135939203	-0.07202561742200382	0.013614655807740487	0.09045228858722701	-0.0488927779743444	0.12981122354143526	-0.02891064339744444	-0.021471758877997203	0.0516695129371364	-0.048863073504617015	-0.0064679885412597	0.0028224122827955585	0.06426240134115928	0.09449589016153619	0.014991644749629152	0.0463950686094109	0.030559495621062912	-0.054398435352975325	0.016925771059574192	0.08063698688883986	-0.020170818083691505	0.0026012573943041727	-0.00965119245040637	0.050813441085673795	0.01562643467342128	-0.014748193614702927	-0.008641097354695189	-0.0076848433794834935	-0.004937908875125087	0.02715713667424426	0.010297177616582848	-0.004332480858995438	-0.009566814415357231	-0.019888547845787564	-0.01798537564227351	0.006847816349528967	-0.0008711793107476866	-0.008681205130541951	-0.001437484267105002	0.008244427651970329	-0.004120924460029944	-0.0
2019.3.14.cow.fecal.11	-0.27152496009665866	-0.1744979177965298	0.009883984117170822	-0.014898234180513014	-0.002691263457998114	0.018424608922345723	0.012819169339544153	-0.0019354776783319805	-0.009934175755837408	0.012439032374430031	-0.0757147312244661	-0.05463370258464	0.019147908825412823	0.02934907884762049	-0.06850256200816528	0.020458657015341285	0.04881803237493636	-0.01852998666073045	0.013201089001709394	0.019539015776442886	-0.021784115611339454	0.017010834361010252	-0.0017253051664934372	0.030082817585639576	0.02942432031065868	-0.03692019205387178	-0.0668917101317151	-0.05250220245744376	-0.02556709621742576	-0.009729290615591659	0.037430838237951326	-0.03415193620670463	0.006942056616593595	0.05186089843728222	-0.07764925764933978	-0.017379018560055384	0.007702962029488303	-0.04793502442359538	-0.10623977493467898	0.042990844132817806	0.009533485903336013	0.009216224122264518	-0.051191546061435236	0.10348198645790681	-0.04947326431288078	-0.010567924393692144	0.08325806791978048	0.022727211894242365	-0.012795222041883705	-0.06699837177654898	0.01796031031385053	0.09620131474333266	-0.0961680658809015	0.07509688646368481	0.10393262371838691	0.016605117840969994	0.022235757475240283	-0.03321888154884211	0.00898865701756151	0.0238747601530373	-0.05754939716396919	0.04730920396806833	0.06857898271403519	-0.008411386479917371	0.07182294698068033	0.09651382101179065	0.0680406652742205	0.02681442712279855	0.012007852846255489	0.08286190933585569	-0.050619464971479296	-0.001563853861633422	-0.07910008612792264	-0.03529927816518056	-0.04918207236015921	-0.05094901698109146	-0.06404543702469892	-0.11056894679751245	-0.015581780427062625	0.10637713283235546	-0.004372719250481883	-0.004139097778314281	-0.03082317336358182	-0.0029186074163768867	0.020078241585001263	0.011849071341257249	-0.00457737759274166	-0.008250940259024092	-0.02681802760547717	0.01978654048757233	-0.008386305534506294	-0.002205187197766548	-0.00533888262813198	0.01653006246826835	0.007953036759700115	0.023447228507178577	0.005654144805379059	0.026050746847712188	-0.013080051827159165	0.0016763410118478361	-0.011100161486384647	-0.003878742198457357	-0.0
2019.3.14.cow.fecal.12	-0.26338488686923617	-0.1567572396200506	0.0076863644791270195	-0.05251477881462138	-0.0097539332924388	0.010259264809187976	-0.023970232486707668	0.05598860894464541	0.012601897778456902	-0.03822789132454855	0.12297026434355993	0.039417653615911825	0.09557362896544927	-0.015303695703811874	0.022736068191694023	0.0013984790782363688	0.056566328383060104	-0.08146845736963462	-0.019754669026454303	0.0493211501458804	0.0384892346707466	0.03426913773485354	0.012709020796682987	0.005752724169224855	0.0745789653781013	-0.0042373596553010534	-0.006833506003637094	0.07521348885369708	-0.0655734259593621	-0.015111414840998079	0.041359147339561725	-0.01417962707639932	-0.029753226504520978	0.021518599223402848	-0.06833225886939821	0.06306527255173063	-0.014713382198154193	0.014398630869165539	-0.02902203571838523	0.03891027331302487	-0.05474191562740978	0.013376093809417601	-0.012655318708784223	-0.0027823391064800787	-0.006333263809330127	0.08377523793368562	0.05739931999696818	0.042100583629226904	-0.012556540757720716	-0.06016416510294316	-0.003238945890759993	-0.043361992706589	-0.026184349367539744	0.02718650720683982	-0.0019818007802606327	-0.010192070679156421	-0.07104852293785112	0.08589554722339039	0.0324274942134906	-0.010708525289329229	0.13564276612318057	-0.054195622764253354	0.013122432399852672	-0.10290294818232153	0.0692732723921729	0.031614750953275636	-0.038831071629274606	-0.08673578057785948	0.0023638884651886387	0.017613628083410687	-0.07947951531495301	0.03594443129588366	0.09604889008704219	-0.0674888475053592	0.005541074882088289	0.022705458945228463	0.09121894694424049	0.01718293014552703	-0.04307699256047956	-0.03314137218695797	-0.04634218510939311	-0.01244053646075732	-0.07596305657528761	0.001351519749278001	0.029030419253187705	-0.007003324464193181	-0.007123429393027609	0.004484385452774594	0.016276922542192342	0.011702915188052393	0.0692104590865546	-0.014800700697837952	0.018396654414181556	-0.010145191627335202	0.048958080527892835	0.014284378400622732	0.021066453935923303	-0.003981584799240309	0.008067716335450975	0.00376236824495068	-0.023892291095921232	-0.0004729425625487932	-0.0
2019.3.14.cow.fecal.13	-0.301055183045855	-0.19941738033635528	0.02795085246354431	-0.003062604836297752	0.00781815436280951	-0.004138139317205217	0.027422692757556957	-0.016898221633969115	0.0020020719941293928	0.04959358418566117	0.04932068909209235	0.07973615917961893	0.009384657530080272	-0.060890881101021706	0.06730548487982414	-0.05420111775362835	-0.007463002818897373	-0.024106323843853892	-0.06151897997768439	0.0006616223959321855	0.01807442043514719	0.02894314191920556	0.007097726870471938	-0.00597132267581807	0.021181308210048183	0.042443454666830735	0.0014893283773462652	-0.003052342780257676	0.08774011462861618	0.061897829744523146	-0.020026789587888102	-0.07915017347397392	0.03905176604342412	-0.006561233920955496	0.033737340776735805	0.009959450468290408	-0.013448716774675837	-0.007474548841060402	-0.004348344582435471	-0.1075110233199238	0.03611794559001036	-0.050513787242736335	0.029750535329708044	0.021077956049568778	0.07684381148871801	-0.03054912604936499	-0.011424627747699234	-0.0033349414027152185	-0.040536519170581174	0.008976687179140288	0.015781255479272765	0.08024649073349965	0.025415840890984316	-0.05854279788712232	-0.0601926062189009	-0.007477301564291919	0.050436795044753555	0.022679117495704528	0.02514591439787978	0.07116250909518924	-0.04524239322159873	0.017077178181927673	-0.034462830820045025	0.026516230789141063	0.04449880344701352	-0.04395603456347095	0.009503822191549088	0.05387329506335074	-0.030957746612652198	-0.015048352871872962	-0.008993121222645933	0.0027229383810217066	0.01293315422813955	-0.00279246071961185	0.011228036016133126	0.029926122638011553	-0.032765502939717486	-0.014598080022243528	0.02800827542050833	0.01163988526809356	-0.027331801925285337	-0.022595635877433372	-0.013299031944755483	0.011552971089820098	0.018070790619490292	-0.026462279407930434	-0.045103035120615476	-0.0014975046255762121	-0.03194475331044828	0.007148258037924696	0.019400427705770867	-0.10528055412484134	-0.02525332372244497	0.018613034034729536	0.09552622507452213	-0.05675959982201966	0.10447804426741104	0.028710012460445765	-0.042118353748858466	0.010547253432306612	-0.03977822686794595	-0.04268912541461673	-0.0
2019.3.14.cow.fecal.13.rep	-0.2956042005365239	-0.19397142110327886	0.02627484936100001	-0.014886952380056686	0.0049662735326004735	0.00639037534887299	0.0442425806817278	-0.0013757578903000388	0.003150311477144048	0.03523072855225134	0.0661456654134174	0.039344108625161786	0.023992067596466705	-0.048450115120946574	0.08457311328569324	-0.0446876113958021	0.020558943062836846	-0.03740131874524562	-0.061344563657041315	0.005422908728000598	0.03836668450596772	0.0557144554620203	-0.013521563432498176	0.0012828482856812014	0.04124921012240739	0.03912196513726908	-0.007860281751446182	-0.02263490802416464	0.07524274935596025	0.03688092273368176	-0.007348204782691651	-0.07884054366564779	0.012078877182474815	0.010009715698118074	-0.003398531539023752	0.046171927273991255	-0.0012376784436205588	0.008332474510959434	0.05585942202029231	-0.10137724509085963	-0.0034153013079856157	-0.045931367853662766	0.02702479710260556	0.014016961925983543	0.06678809619248893	-0.06156731313197806	-0.006488448594725515	0.013252003508766786	-0.05877389618109017	0.0423234070013312	0.049269699853472675	0.0646321607053671	-0.007089300323834413	-0.0670107810716846	-0.09072774142568046	0.040287243098081224	0.006952879319023071	0.06128159599532516	0.0733931863190414	0.0714503315196655	0.0035035583926573436	-0.009885678991926067	-0.0025746483408732907	0.0002658827846518756	0.07955508328118711	-0.013939039153980794	0.032324427758306504	0.029334956815342143	-0.007577371116713585	0.029328737145756817	-0.020186060464554692	0.020202574486837984	0.007785958675650307	-0.02260961343509456	0.020270802633542175	-0.025516080193323888	-0.03415749218839665	-0.01179079886129148	0.05112943539213705	0.010136943009307533	-0.002902093561659627	-0.0615016968690973	-0.049351250282755346	-0.008596315057825188	0.03437522511940398	0.031088031778203334	0.037291175189171404	-0.0015264616070331796	0.0038355789004572353	0.015605700169791589	-0.0015735260194783482	0.09188287569460295	-0.020626582268950408	-0.03242086095456651	-0.08553044091555811	0.07117231793656492	-0.0687159554513254	-0.019106288786079943	0.0468538842784658	-0.005407777713608288	0.03861685413502585	0.0406492427512379	-0.0
2019.3.14.cow.fecal.14	-0.29579214610107457	-0.1507317820032686	0.023023252600042784	-0.025847174444857034	0.005317681525773466	-0.01725955135881893	-0.027078266337779617	0.0039417831848600204	0.01753609455473434	0.005450892931046435	0.07413980061609357	0.03334912456711408	0.026564661577571612	-0.017873759416880696	0.023114692576741157	-0.0344418852545818	0.006898802120048314	-0.021688819167977314	0.026796980522225858	-0.005157393382821202	-0.020738677393351404	0.06642595072211255	0.050211319106480724	0.06119493421052522	0.028132010851335473	-0.0396432274929838	-0.045904314205093236	-0.028013113876979346	-0.10970835474220896	-0.04375448704026158	0.022866090321022728	0.1416794616995732	-0.027031169938322094	0.020597656015681427	0.007465193722946349	-0.061626368826256515	0.028103877459761232	0.009738926103247551	0.07599796389659062	-0.022834172614870987	0.0061349356159602865	0.03442334576486617	0.0852391035434402	-0.010747456750830723	0.09294544429272233	0.022346932781947635	-0.036919458835085586	0.004068933595903954	0.06238185379382228	0.038348621771855836	-0.0037783399696277443	-0.039980625638196696	0.06184552602192996	-0.0138403611001173	-0.007106653685757993	-0.011368936061038675	-0.014873612912124658	0.03167800555169915	-0.07364814884967726	-0.025266911969864546	0.01978129801079839	0.018976419945479876	0.06205432542824234	-0.04074810128691413	5.5539661958990746e-05	-0.016423751433684918	-0.0011070601063273696	0.007259995893266371	0.011883587860057205	0.05674386596225661	-0.033099035330544334	-0.030372317124230008	-0.04193573044321032	-0.015117890927304064	0.057348130467751064	-0.031718764853786094	-0.04127838375706256	-0.01421540494917501	-0.03592454996922345	0.050982476314533245	0.00013497941345237587	0.010407819203632637	0.002292546861201316	-0.017848680308815732	-0.023554475858070884	0.016653374427474214	-0.00420182936577024	0.011490962085565111	0.010316642655619995	-0.06514175004698451	-0.021726093648261793	-0.09927155304231892	-0.1122349440841982	-0.02855348734390028	-0.04479031095332183	-0.018811431666331365	-0.02174021079162304	0.06784964906340561	0.06432472581394992	0.0007302593292184526	-0.016241714926415136	0.009982773484279563	-0.0
2019.3.14.cow.fecal.14.rep	-0.3008470446417078	-0.1463658421175975	0.020178053496455073	0.009874426382433526	0.017842851741520185	-0.036089646094713136	-0.007482862166311577	-0.031344053139803554	0.004911617146507743	0.01598121058539305	0.08275077523469475	0.021868418201607585	0.034740638357756086	0.002323555030525932	0.011546822982251157	-0.048530663512278964	0.005084460996909273	0.0025703033417661648	0.040255523763006666	-0.019498109701451573	-0.027634349594938278	0.05680667152421807	0.036139804815213554	0.0690591242457285	0.023525130160275142	-0.086536727595427	-0.02426536213849305	-0.048957985753523496	-0.09140477224965778	-0.027501854335975275	0.029592191257376665	0.1449338153373411	-0.03314682997024804	0.02980438593674116	0.05028708909440006	-0.05309068670825474	0.0638696527307967	-0.0017187542851324754	0.0546114827241192	-0.035121960679610216	0.025611610683790496	0.025822735899732763	0.1045152043347217	-0.016080666850504875	0.032800641029076115	0.010017505607821406	-0.03850062693345596	0.004979753109356649	0.04216506497712937	0.03884099040554736	-0.009222480261590458	-0.0031155539875080407	0.07384176995531463	-0.0411219810455469	-0.0325765848011399	0.012246291451164366	0.0031408147986581353	0.012121282716304868	-0.02809675230899071	0.007754657992887617	0.0015872901687218387	0.04028349477699134	0.030897344600571447	-0.048133017170402616	0.044568982974427136	-0.036331388508491956	0.008286207674568398	0.026118282356203722	-0.010753668544630224	0.03331476663327452	-0.013475765179346028	-0.007317601072673957	-0.024521951007722958	0.007603386998862072	-0.030635475906505793	-0.04782277715557478	-0.013952282499620059	-0.039227961087364205	-0.00017071870897487538	0.009792869225407026	0.019353335141491644	0.04787278727116078	0.01460906810494195	-0.034550009476312656	-0.02663971398677044	-0.015110191180073075	0.0042503070597097094	0.00853805562473737	-0.03424581632401667	0.04344544081963183	0.03150032793516147	0.09703589941739818	0.11788500333921366	0.03926750019054373	0.03689409745425747	0.003944332761737955	0.02394708080277384	-0.0868666052462608	-0.0662800633340174	0.0011539014204324871	-0.0005108201174424043	-0.02389960327992702	-0.0
2019.3.14.cow.fecal.15	-0.27249482623832744	-0.17194734305247203	0.008619254970628792	-0.02898538325298452	-0.0022488039457709843	-0.009260392951592781	-0.1185294014915001	0.032725369668262214	0.006686711080734108	-0.017271886048239808	0.06772237066183638	-0.057738371573599956	0.14864956699668358	0.02539432433375335	-0.2094552178552364	0.16426146410285358	0.00729798465567006	0.06063265130802854	0.017476665665729807	-0.0967708973826549	-0.04764778799859978	0.01110096696138227	0.03763704091846757	0.013576377434629375	-0.022559424463035264	-0.004498505351714073	0.03597610079170429	-0.013307215445830738	0.014519124534216058	0.006865813775467812	-0.0392095196966866	-0.027752887494983447	0.016564970118488235	-0.0035061922945135576	-0.0024441459512145594	0.002717794510730475	0.057835007402747975	0.02868733281441341	0.060540616579714344	0.012656116294283969	-0.026038164830122352	-0.006588932661089748	0.054107533270258	-0.016729032303041028	0.011737857653579289	-0.027178464711460452	0.005608322757802782	0.040082272692463485	-0.04395425000224847	-0.020881547298052625	-0.03245908451676249	0.02604251170590143	0.004904784089840653	-0.04935147106894537	0.01982918741714686	0.014682568950058192	-0.014751172499915094	0.00774012388477781	0.018326802463799623	0.023838888415816124	-0.02975940880880465	-0.03382409098135059	0.028216220931028567	0.008164728505272407	-0.004016986445015883	0.00661075936232268	-0.009101055604760166	-0.009197187615149791	0.027781033466830207	-0.006722668508952833	0.040342565056054686	0.007495519016170672	-0.013514308008943031	0.011916153209576799	-0.01667621920173698	0.00913941259440201	-0.0025196130497913746	-0.0024105809310157665	0.019755838165273314	-0.010818519564171618	-0.034692682242049466	0.0074829828418089585	0.029769872228124813	0.02851225360195527	-0.017126484887467153	-0.016176562285504414	-0.012254840057422858	-0.005920957764232275	-0.014050290130146872	0.001385450731047799	0.028550085790269183	-0.03276776452109238	0.012285239824524572	-0.0019863505472896732	0.060050867290606595	-0.035875537275541936	0.0018786186094082937	0.016641050826997718	-0.015206341014716124	-0.03158265758495765	0.055368654758096145	0.13981196378477484	-0.0
2019.3.14.cow.fecal.15.rep	-0.26519560406264436	-0.17301096385746978	0.011102443426494673	-0.043306166720111734	-0.002634313675993267	-0.006908668311589687	-0.14775424301837323	0.052784671927358494	0.0026124019172688367	-0.01685121665459335	0.07844836316166715	-0.08278015140482821	0.16381669828066084	0.027646874937507625	-0.19813175275345452	0.15636228927844267	0.010167268984147633	0.05481913800964191	0.009219732757063523	-0.07144483005996141	-0.02777076435521228	-0.00790926132143669	0.01825793915995305	0.0034930952518726407	-0.014904557367797205	0.013151503177761	0.04157319840874534	-0.021829962643467832	0.048920650284239205	-0.0019888607614224566	-0.05179970435403404	-0.046408359015432867	0.013628356856701431	-0.010245327465081947	0.002316212680574244	0.01723399499794541	0.03907235669917348	0.018764835069402123	0.05977979341464117	0.008896948143758167	-0.04204522119098837	0.003594494118346272	0.059267948592545985	-0.038107493750974726	0.0001569473183886618	-0.00877113537400904	0.015992115514440432	0.03746163810811117	-0.06431947750228388	-0.013716015832816597	-0.005791015295657238	0.015946187424190614	0.005723586311479559	-0.0440440575710307	0.006255468263869281	0.020964205271934894	-0.014958766762414533	-0.017614503271437838	0.013699444572952017	0.005315825050560885	-0.02297211851328738	-0.045084467443806994	0.037036383615856656	0.023257256439463414	-0.015492725743100207	0.031082495053168485	-0.035298073939932166	-0.018902387480094106	0.032131673977957485	-0.007318018047506183	0.02888908828784929	-0.012019089495780302	-0.011559347942989944	0.004907829601721639	0.011830501027990136	-0.0067326687805495415	0.010804490011280223	0.002434054950375333	0.025247630095638227	-0.0157784958700846	-0.005909911256059544	0.00281684892740391	-0.010215507226223412	0.02217939638338192	-0.015050609533060972	-0.007303890174353225	0.0004022208574603588	0.010593116816623411	0.024819602635753873	-0.008011720620420762	-0.04197277705723377	0.01917257156487267	-0.017109815954708882	-0.002165288530101186	-0.042898491030061575	0.0389686204751357	-0.0007741366618872162	-0.01683464871524833	0.02549545053551318	0.03194443118100879	-0.045131406649694214	-0.14128337206107544	-0.0
2019.3.14.cow.fecal.16	-0.20991521691946274	-0.1531783120199306	-0.0034284866554174175	-0.029707372055360396	-0.0362359882216836	0.07819592283213252	0.19961533122807823	0.04180858725506335	0.021499996642923846	-0.07532985649449843	0.06365467585077421	-0.05697771596787061	-0.08844290720188464	0.013610693701163648	0.09028870591141841	0.09473041872147477	-0.12598629351299992	0.2072173571665129	0.047521055082106176	-0.062235779629006	-0.0025743614758907143	0.039505746752949954	-0.058213211339052405	-0.04289956314120156	0.017879918033232346	-0.030922211803353635	-0.015598087531385705	-0.028329475080753258	0.042210790029247956	0.0052736747470870995	0.011203059299994145	-0.00452228192736101	0.03737523906860946	0.01942969226544877	0.0068720241404946186	-0.03129952344425315	-0.018513485145162323	-0.05047118590009135	-0.006657078356916715	-0.011378649575061019	0.03840556307848872	0.048168883054604546	0.027486584716116518	-0.05664373359091548	0.04137943933812518	-0.00035581744616309754	0.03478782834370998	0.010804161379780275	-0.0394655259457547	0.11178865965383	0.061874004238526424	0.004381692829847309	-0.031061033713001444	0.0018783978266101405	0.03704697779031063	0.045668978144714774	0.08240468229003203	-0.0005294429504292662	-0.03814232215665984	-0.04048148569888868	-0.038722850871708035	0.025768879646728846	0.04455440446811184	0.014331388518033599	-0.0514873150965849	0.019426960280710278	0.07713827262872572	-0.07365451409059577	-0.02188001807038584	-0.005269416873096846	-0.05406032002790922	0.02421820313983013	0.050983660119472904	-0.013806305544512324	0.023578395238722717	0.054790316164560836	0.1115690593059405	-0.03861702076469473	-0.02437709550210573	0.013807299616756526	-0.11013353327728814	-0.0230144647281709	0.010502144545788315	-0.06396947047784766	-0.019949893998620728	0.02185062545819051	0.01840815614795825	0.021809788166050212	0.04050892939912137	0.007435935683365328	-0.014128230163579208	-0.0025098146899730184	0.022376018215637488	-0.003724898330738259	0.006098602358372807	-0.0103761421340354	-0.014155645326037329	0.010676874964880729	-0.01159317372328208	0.008276981886598846	0.0012172226096690893	7.121732130666917e-05	-0.0
2019.3.14.cow.fecal.17	-0.28155019527949643	-0.20179736983826344	0.018164677860701722	0.002819850962879389	0.012473083990841577	0.018037681946528283	0.15786443793385432	-0.03771799275152719	-0.01027314062504703	0.03962872049591979	0.005641571365481017	0.045274272789177755	0.018355528971615194	-0.021067677214212994	-0.0054364401814837645	-0.08861376015739007	-0.00066386152597512	0.013900877981050748	-0.020191348394371988	-0.05627922120786942	-0.04971377890001977	-0.06173866805224808	0.06749092501655549	0.018780176724907845	-0.0215700598757771	0.059527165650493485	-0.05223018751207362	-0.02995170074260431	-0.0743837307418663	0.010285951963517262	0.02613193728679529	-0.09714945399774895	0.09910238017669058	-0.07930069360223088	-0.02818510011418159	0.036380737376603994	0.01855166198785452	0.06518913740367531	-0.00026750191431346577	-0.0072159431479479775	-0.025939357983714616	-0.053786353125026595	-0.06941711859273805	-0.03794680485147702	-0.035910903706539835	0.04210427937246726	0.0356164903738257	0.023859643184710733	-0.04526252002877264	-0.05077794055920337	0.02210731973210761	-0.05770055067710609	0.012793763168654377	-0.0390366443701691	-0.04178834652109909	-0.03454079213394741	-0.033060585759316	-0.02088500551045148	-0.08578485783495102	-0.02389459559340744	-0.007371230329510275	0.026358810413552234	-0.011222776215700269	-0.009387667986799996	-0.024096281013153496	0.00537597552211681	-0.04310337305848056	0.024509809953861966	0.01565734424479952	-0.020984869241179385	0.007513934695081445	-0.0008887984498374803	-0.024279425041206767	0.000435119498930814	0.024926276337652244	-0.004860662315574483	-0.008876770203822461	-0.0015394794081995894	-0.025686138202866794	0.007138213223584159	-0.014639681814495466	0.010472025115745565	0.02833613329051643	-0.0472059965791093	-0.02867134098723173	0.024509444870927696	0.008703624729240323	-0.011075849364871026	0.038502031065212126	-0.027970088507047436	0.0016866043109472028	-0.09107179680861417	-0.008990448654618847	0.061905975676701204	-0.030213432094511897	0.10675327114837696	-0.03913756873907864	-0.05445031134881646	-0.09549373891357876	-0.0009071423353584403	0.010082833795975934	0.01028157442338494	-0.0
2019.3.14.cow.fecal.17.rep	-0.28206084051952723	-0.19160109290311722	0.014344844130507567	0.007966879567255142	0.009591298413059836	0.021054411257429375	0.15541551886026597	-0.04578880833635206	-0.007453392062561559	0.04416833687927937	-0.020329107415292525	0.02474201098521469	0.0014826498987414675	-0.017287743969023512	-0.004671414551810209	-0.09306842553225056	-0.010139477427545139	0.03588581777723139	-0.009304110575791322	-0.05012498128518958	-0.040084577351350154	-0.07164603745550605	0.049571066703195325	0.019033224111817734	-0.021381421704107468	0.074912758358505	-0.0626232478265189	-0.04020586295920952	-0.04589406552449697	-0.004484478637904257	-0.002533528838077975	-0.0539103415495122	0.10240762830614758	-0.07009943048399275	0.006168420333184167	0.021856874058345903	0.03690631859304924	0.04614221568779884	0.011867030720303932	-0.009069018331647628	-0.02749904224045008	-0.0801299201913448	-0.07056775747484467	-0.08428543843537643	-0.024692235112208114	0.059263744650243005	0.03203627334309403	0.05863733760282097	-0.03630703427464604	-0.03808684412975565	0.005941435183136997	-0.07656726940615934	-0.006190736598439203	-0.04247470026168721	-0.02225659954158666	-0.029255084969213585	-0.028022824962134315	0.008276367774364496	-0.08255833480259407	-0.02260342249670632	-0.02279430425312611	0.05362125923879859	-0.01939931817196248	-0.019369278492089265	-0.05337337333686348	0.008805106462331779	-0.0013191904945353097	-0.013553184184990848	0.0012321021817264502	-0.023340308497685574	-0.0005234560690195099	-0.015363428028309414	-0.02261982303305236	0.007920375588925808	-0.04294361192284114	0.012416630293629995	-0.01204605051954662	-0.027527523941126317	-0.021787139597745864	0.04952654604781327	0.010471941339576815	0.012888644110255225	-0.04429476072698961	0.04182121974683427	-0.0050698642564876335	-0.04278318349861847	-0.0036437654668466627	0.016611215154277013	-0.035059586912902986	0.007431483472091202	-0.00011087734179167187	0.1077664578990111	0.02933644188750068	-0.06037630433567845	0.022523411210355497	-0.09639735916926179	0.012026909344710054	0.04586601557284421	0.08510442123889796	-0.0020235566785256065	-0.009099472317520549	-0.00574306684861953	-0.0
2019.3.14.cow.fecal.18	-0.2960043117747121	-0.2211052278470346	0.020641700264308317	-0.010278888567865846	0.009871034022113338	0.010390733054717338	0.05808102516169276	-0.028269298608353366	-0.006441057662146154	0.026735553077328812	-0.021821680154387228	0.01998602726814003	-0.00916406440845833	-0.008797029830965709	-0.028925518383541186	-0.02029024875779975	0.023186754844274557	0.009793969131438852	-0.014049867545651327	-0.020745840629830713	-0.020482911140897595	0.04237652249501145	0.026542620460205786	0.052103426806730496	0.03904739031729056	0.004668439529447007	-0.048504912218432165	-0.04514227486035106	0.03360396533142345	-0.02316650344713365	0.04854801731840556	-0.010982255886201615	0.0054688824783540495	0.049580060523234756	-0.06027189772499941	0.0073636747408861985	-0.014391362793539959	-0.09965419878936778	-0.006720644722872026	0.10909614945961925	0.0299764543201085	0.0645642696824905	-0.007497806745403495	-0.05046027026271737	-0.0685897502517538	-0.07934045549751952	0.016937087410440862	0.045852672782587894	0.0441226887746253	0.025277005668208338	-0.051115828415031726	0.008776576485610702	0.08606828260426423	0.006082662123401576	0.02894186347073406	-0.013383823933813526	-0.03559372675683605	0.007439564149844093	-0.021558624918702512	-0.018991065849663678	0.003412545007204153	0.004228278393443958	-0.06931268792590416	-0.029845584490628303	-0.021483546261794478	-0.05453757774969812	-0.006391919053181537	0.01767773588550361	0.011749557602752748	-0.020935076496314316	0.052784641660834936	0.02308995474326761	0.024522748646634777	-0.0159106055816111	0.031514125497290595	0.028456370292268645	-0.023599868480020696	0.02439403526964258	0.017762019517139502	-0.0542747336383172	0.05420463367775892	-0.015481012802170237	0.01592670447194067	-0.03609495981716123	0.0037002731751169227	0.0031525413963789423	0.0021468031693539827	-0.005541319394988539	0.04053291749659408	0.20012328627055032	-0.039613542895122776	-0.0190728703391595	-0.00964025804889069	0.0013346556801924786	-0.026990517457798516	0.0305301635741954	0.05178398882633235	0.049966114006062365	0.02552216048036932	-0.0024457560277734687	0.009787994133579	0.005176861185506472	-0.0
2019.3.14.cow.fecal.18.rep	-0.28591223508047015	-0.23276242582615594	0.017897184761074412	-0.0066452971764190665	0.014838799156935685	0.007244559765359303	0.03932848350526216	-0.022844188724512434	-0.00421752771495036	0.035829860589308274	-0.03477587301901298	0.024784941948329996	-0.03241509076518474	-0.015274316006204264	0.0015053271557219196	-0.009702288712394317	0.014248555939967614	0.006086112777171916	-0.032101886908814	-0.012061318327371149	-0.007907998168982244	0.05150000477371891	0.003990841771329863	0.0407915909517256	0.05627130904285728	0.021607593131189935	-0.035573013828680465	-0.024989507064556132	0.05631602593672372	-0.005984858934739364	0.04472951027387656	-0.05748663841701697	0.009114242818856418	0.04622959264438724	-0.06301181029654414	0.02926616059745308	-0.020299234440638615	-0.08616523584279372	-0.054360076267521894	0.10512876951894339	0.06109397148321141	0.0911789613269191	-0.03049010714386118	-0.06022370919585421	-0.09621063458001403	-0.09204766194231481	0.014109469052132043	0.028253091386573344	0.10468977010497629	0.03582089902395113	-0.04080339784397456	0.04673371835508156	0.06452482373658183	-0.0044710125635969945	0.031503302366436864	0.011119301760171776	0.011047716414793182	0.036039183731084515	-0.007447563643370391	0.02079156558594569	-0.005118077990487857	0.00029461103827837403	-0.016099747211021677	-0.011851637239829814	-0.01560054144755962	0.010249839746658862	0.01959087392305176	0.04703018580934099	0.04039661940378389	0.011247369288342142	0.05329560656446406	0.04538196105774904	0.010724752477281867	-0.0040411354116879385	0.04314397323422162	0.0016453481879470783	-0.018081924398034285	0.05768639294489955	0.038624060218066074	-0.0363926701929603	-0.006409744034860394	0.0029677053639222597	-0.0217867932443275	0.025774740428222333	-0.04393669155362907	-0.007186846647994296	0.014578936062876474	-0.0006271227356993788	-0.017432197283839962	-0.172565416328011	0.04065283387358638	0.015870294543890454	-0.0019884067134207438	-0.03259360138509923	0.0307785381291581	-0.03654555401075597	-0.03555815019918283	-0.06784393358145059	0.0015269698105527087	4.921894078570796e-05	-0.01428574569464254	-0.0071947561874974135	-0.0
2019.3.14.cow.fecal.19	-0.2863125149985052	-0.19288247209677467	0.013325504488168513	-0.04860811111504116	0.009400863365658553	-0.04842612847536056	-0.2827519998142949	0.03715170556869231	-0.008742417839726114	-0.020058386160060657	-0.05104892855337283	0.03337239482015852	-0.09424307319341542	-0.02007411451884255	0.08456169590196384	0.022288398304184207	-0.018101870421407207	0.026228494768386495	0.002338169364801431	0.016659922661070387	0.012870027737934013	-0.04620363981216781	-0.03146013284008444	-0.020325498536783223	-0.027287883247002407	0.06573008427848967	-0.0053650131079983334	0.009068223590675214	0.0053066633550239335	-0.006094838860042202	-0.006972884091366376	-0.02555529232131622	-0.009608772148075002	0.0014865573290119127	-0.044336040436231065	0.015559697209037068	0.028575141119880076	0.004647446937119934	-0.03257965880413637	0.01825282026554567	-0.03749439614405344	-0.029031215263058355	0.01337233086288641	-0.010141711390073006	0.0022471025503659533	0.0013003881574605773	-0.017808528718780973	-0.012530028552706737	-0.00048768873073319125	0.014315644156631077	0.028611105183714472	-0.031032924954692516	-0.026459531929033386	-0.0018849615363405964	-0.0030392094585317223	7.469371670530881e-06	-0.003537246508232838	-0.02790636052995775	0.011986010756206455	-0.02207041502955245	-0.014026871114168268	-0.0019994917493126067	0.03508493721521451	0.011968459804151234	0.004882295344028492	-0.032339320939129425	0.005316767857076422	-0.01613461538928641	-0.013033996824506747	-0.0028235979157105744	0.013279821492190952	0.0024387255797771873	-0.026459471290125883	-0.006129737154429683	-0.012769737502017112	0.002941645845246784	-0.0007278768184324229	-0.003341003096957803	-0.01013719471481305	0.002806198127220139	0.010083629020163019	0.010995900952285627	0.011535397221883315	-0.0023951755733737485	-0.02373278814782733	-0.012597072562483502	0.047576195463858516	0.008813443564552662	0.04155056415253967	0.009216973758269253	-0.006930176378177351	0.03025334893107207	-0.01424344548902436	-0.031303237777520525	-0.08661735036095644	-0.026849452153576717	0.06703308120068793	-0.04400943143251152	-0.041570077482076875	0.015319589321201305	-0.13743174564110677	0.07874782827147513	-0.0
2019.3.14.cow.fecal.19.rep	-0.2889037413866907	-0.17465946754061723	0.019232452787019495	-0.03947186189409684	0.015394971225705224	-0.05729531348561294	-0.2718156340520039	0.033201508721788994	-0.008607168800145124	-0.013568194008620985	-0.04756318017731388	0.04635797092179861	-0.10152675825012136	-0.01412780358061871	0.10909461987383491	0.032800114884068386	-0.008398062400325139	0.015540428756949316	-0.007171661343755822	0.024185703030947005	0.014445865104798472	-0.028178030093462474	-0.028841560613644034	-0.03811635046669116	-0.014623485149409995	0.03566552744035752	-0.0007534454749459238	0.019292846386737894	-0.01753444165212124	-0.007792755992322875	0.011604106736031712	-0.013499394706749698	-0.01633399842384417	-0.001738337785228324	-0.0209090530879894	0.025852038818152977	0.004333600450097715	0.021304755603170345	-0.020749819526562175	0.0243457413205822	-0.014108115266462863	-0.013875272058814616	0.006105602777569807	0.0012452511146289359	0.013864099615269085	0.01772281206259759	-0.011269953236734498	-0.019789098800759283	0.01347966950201614	-0.01201389317394969	-0.008599846840501964	-0.03362488657301787	-0.0027731333591866857	0.010173550962554267	-0.00016778143163030093	0.009257039782160475	0.012643438096746454	-0.01464461205408111	-0.004086427743563803	-0.0162443911946637	-0.031351401013892916	0.04505346882940716	-0.008262270209737244	0.02159007229001173	-0.018212128546493803	-0.013684586843650802	0.011527118703740288	-0.003575180122425128	0.017095179417233607	-0.007735945511812576	0.0005595333053354599	-0.0038719975788004757	-0.03611160065971414	0.0020260973927127774	0.0036245308182243905	0.012944787139123707	-0.012702759568551615	-0.023236682298505208	-0.04589098260522569	0.04450365227773925	-0.035706471845906626	0.004174523205451936	0.013830225782606972	0.01089306487942175	-0.0076819336249011345	0.028086402894065516	-0.00514250654867459	-0.02670831118744687	0.06499789122309496	-0.025805789634607286	0.004579740256100649	-0.027331279842935333	0.029166852239478788	-0.016617284120107337	0.02748490653313427	0.049024200407743225	0.10406821362742227	-0.07630409072778223	0.09537078984343791	-0.020321546230233047	0.11193906312496248	-0.026359893567269033	-0.0
2019.3.14.cow.fecal.2	-0.23314906000697935	-0.15710438432320126	-0.005165462130501412	-0.009189230687452175	0.00035428311499047693	0.014583203963305544	-0.010623296006539388	-0.011269143252229163	-0.018993813398946895	0.01959699851063232	-0.005393144020859507	-0.017345425228646932	0.065593545032777	-0.04237136756547814	-0.040765616608186214	-0.07891185573094149	0.00222333751073998	-0.04204368464669276	-0.06511811136327997	-0.037540030861276254	0.013025545391636886	-0.1230029615019769	-0.02627551528378326	0.06602562507579131	-0.0965042483720577	0.05983904448241884	0.05757688693200674	0.11263801684736764	0.18571808129091957	0.01465579085697354	-0.09397532057680298	0.07009494096608312	-0.040774160567403926	0.01417424823904189	-0.01884014175341419	-0.11378225485296639	0.008350205516520312	-0.1688032768490764	-0.10448717650123963	0.06023665526521982	-0.029353700632156275	-0.12201830404636328	0.037154396687837814	-0.07873701079583446	0.03196329611453535	0.15221282989583987	-0.0293444121197444	-0.01079557248910677	0.09764863474391448	0.02900373453120871	0.00831674197993911	2.7629849702638958e-05	-0.06213775795496768	-0.020884604129815836	0.012660143626157543	0.034466165441318655	0.005492019140178756	0.005870181121951478	-0.051228120339748676	0.02558363347128229	0.025487596586834003	0.016819383946634982	0.01199046716817548	-0.028547570176031614	-0.013005403561509369	-0.002749233106554809	-0.030799438207433784	0.023490328522247254	-0.04494637708987082	0.02186448215561579	-0.0440901283670922	-0.0007149950885044088	0.02133361119189853	-0.027832999911243238	0.004516421184206722	-0.020683973472153595	0.0006950332340837513	-0.018090699685882602	0.033129938699164856	-0.00552776778718824	0.009854830976847464	-0.011606705950950966	0.051883291715346024	0.005009224104188153	0.010935232310708993	0.011395224886050765	-0.0013355995251905744	-0.001985231237535127	0.011457546752530185	-0.004972328087278999	-0.027803646615727984	0.003728329620175236	0.005370943089927559	0.009746504225488084	0.0190430620327839	0.01507370635353554	-0.03166113266219663	0.004585944525115263	-0.0027637333853872395	-0.0012262557426119562	0.013272079614001946	0.003290144992018395	-0.0
2019.3.14.cow.fecal.20	-0.2911135767467716	-0.2193862825693377	0.021975364760451588	-0.03371219561984955	0.009055934697953688	-0.026378516924627518	-0.20298829246052544	0.01634743816418028	-0.01014485291612554	-0.009145149606254576	-0.08579880737519875	0.05384999081870006	-0.09904561770084723	-0.02279031077870421	0.0920901523469888	0.04082809179172154	-0.015544194466161955	0.011251629172033097	-0.026049622968933397	0.018651406362733883	0.03246439108752721	-0.0034766868047027724	-0.023117451751340272	-0.04460502449481171	0.00824096052188063	0.03912166289673565	-0.0011395523904529244	0.009479753468915464	-0.013318533107427496	0.0012511329701707403	-0.015668816445998573	-0.028393976106940378	0.0008050513343525462	-0.013670907871192942	0.015154103364398586	0.025594951926261073	0.01294345747808884	0.03786985193695189	0.014793819996642038	0.005420634601245004	-0.004155142794418771	0.019296144119203433	0.02220799859750937	-0.033012312206378	-0.02437320857306907	-0.027598403372510898	-0.01522557188761018	-0.0168030999783592	-0.00568917590168392	0.025998917470586653	-0.015250632654296133	-0.020564942450045375	-0.008111797786291996	0.009808809829525958	-0.006926454532101464	0.04539570927386062	0.005111042450631648	-0.028176777470582937	0.015504282337256642	-0.003153389533163477	-0.024832678952883144	0.013818923283942746	-0.024218923907886616	-0.0056429790129964505	-0.018152946089273418	-0.0006614757675977106	0.0013394232494922927	-0.039843131966792705	0.05033108784241065	-0.010060192285019446	-0.006924947183982927	-0.028316713167037093	0.00334081654345717	0.022649756993591938	0.01888872124314791	-0.017174202436368486	-0.002971921337286771	-0.005475376224060513	-0.05371409851687415	-0.004548369563757434	0.03853778939365421	-0.009355704466052705	0.04462483164894251	-0.0037756269160450643	0.04076571689986463	-0.002340565154535614	-0.01956424592878391	0.02132621550552145	-0.10307548288068806	0.059443352797112506	0.0040308203335330224	-0.0376846637601852	0.020452601210832647	0.07847680890636208	0.0930772763009222	0.01906102384488112	-0.1459991116863312	-0.004032739216654911	0.06002430228239192	0.01762208882486093	-0.04654523399499724	0.0006391935171890879	-0.0
2019.3.14.cow.fecal.20.rep	-0.3031115845564975	-0.21196122606582576	0.023083540548350122	-0.04889054936705175	0.00896801073418628	-0.03433582647375332	-0.21337323540511438	0.03344015837134983	-0.011902082148885496	-0.010936191772631864	-0.06203998853440288	0.03780326485488301	-0.09224241277248696	-0.009587591284268587	0.08354133666167796	0.03515893714768842	0.000929674939806002	0.00035094632654887706	-0.022318888044353013	0.03406378282264919	0.03332381663757782	0.00980117466652111	-0.012967068546405662	-0.017737960870224678	0.020835327859598053	0.05053284462684989	-0.022331315142962688	0.012226806350156825	-0.009528202234459594	-0.013630971951542507	0.01642721339494607	-0.03493544080927481	-0.006761916172746661	-0.0008492857067913654	-0.02090174597719644	0.04407889349076431	0.023947173820512015	0.026859392636610097	-0.00382953291788246	0.0169184466326341	-0.03885700672574638	0.016383915070450103	0.021148496847063863	-0.01744586102209021	-0.017569530069394435	-0.014051127224973379	-0.003379435538284388	-0.008212580214796561	0.0042654057078516236	-0.00490809669110102	-0.0024538308014833	-0.025665863390753958	0.004503501005703309	-0.005162130007131363	-0.0002464962390007819	-0.004016049905666131	-0.0031475129592020497	0.001254454964690385	0.010415655135220777	0.007818784739357472	-0.003542509767161201	-0.011154103510469927	0.018091545110455475	-0.025571972593218962	0.005916071050205697	-0.01981084603384483	-0.026526903441035716	-0.017242779109287516	-0.002289163648115668	0.009394533690667084	-0.0074470373551861445	-0.0072709768245748	0.013949355786718902	-0.028292389013147377	-0.012330180512676904	0.0026463998771989704	0.030149124449493976	-0.01014397801963344	0.006760682008265494	-0.010043892314373006	0.033333550026499514	0.05048071462771592	0.021267512152332396	-0.008210366571548382	0.025524591217083684	-0.013750960856585184	0.03395477053166432	0.020653132517776	-0.020087405447277603	-0.022844951576082347	-0.011406046432985822	0.037452596718380075	-0.01709233603668032	-0.02550994801592285	-0.038252231019784644	-0.05864305372339148	-0.034494991778451924	0.11671661442011866	-0.134611640378271	-0.01808690494261478	0.09125406466599897	-0.051014320736049994	-0.0
2019.3.14.cow.fecal.3	-0.22262262183281897	-0.18623397667508496	-0.005525153856979847	0.016934642618570597	0.004206200438832326	0.05514580607713134	0.16768961614921396	-0.028663212128358227	-0.0117401843005208	-0.001650945197401688	-0.09454867678572927	-0.06607540455642429	-0.017981871996657538	0.02193324913614156	-0.0016969121488449425	-0.02861400880112298	0.005680856249859233	0.07845332982365667	-0.027583596737220974	-0.04258347400831132	-0.031754949786674216	-0.15649721204205289	-0.07933007081079464	-0.10463139031713249	-0.05192184969022941	0.012491993593071913	-0.06736360722100382	-0.04031753341911125	-0.1440053951901985	-0.06289806139330581	0.06092848745030599	0.15594470016321338	-0.09545688726141914	-0.04294054247993675	0.019917799966974063	0.0700265216837061	0.011846288086656855	0.012162606067406262	0.007344081512751679	0.06049365920960325	-0.020906809995842865	-0.039361062014539115	0.01589043476719858	-0.04604892095282272	0.005045120962418261	-0.021999003288330547	-0.02493040325031014	-0.056391066696910026	0.06255702302607165	0.00043728204727911074	-0.015074999194094925	0.05532050469466149	-0.09250672616761692	-0.004456103852015916	-0.0946587520858193	0.11041539996015426	-0.07554191538574259	0.030303456815251623	0.1465949720922883	0.008210399288269525	0.01110629113702462	-0.05255397714203683	0.007758483329994633	0.019763783865783667	0.006489947963764362	-0.0027001359208319677	0.005760406277955035	0.027113508372632003	0.020949399174496355	-0.019757894040685436	0.06351187515277723	0.003566671957238454	-0.0023117654468565022	0.003069175558099062	-0.04859323242885846	0.02068937611066675	-0.0321764408991594	0.011944590317902532	0.037476665236441005	-0.00914759450330868	-0.05778721001689784	-0.027398687470033385	-0.007395271108770674	0.009499892773072099	0.007623761890525377	0.002342308466199402	0.01763386420152886	0.005311358780801292	0.005536894921427093	-0.0025833679814221432	0.013083044619476382	-0.023237454660494816	-0.008508898530357883	0.0072999221434176245	0.007363492770406552	0.002901963235261482	0.011606190854466078	0.022485361466668862	-0.003652581811678375	0.0047356348608341755	-0.003928624849495526	-0.01360812766736201	-0.0
2019.3.14.cow.fecal.4	-0.2716966330649107	-0.21754995355738657	0.016323608993249073	-0.02500775448483021	0.005538013435287615	0.011669025673578621	-0.024825326391559294	0.012427286676331363	-0.012096021835154333	0.010372134186338516	-0.04126016769867186	-0.006761976397405458	-0.008083308829760435	-0.017640615081260864	-0.0008416094937263067	0.00989879833492205	0.0013817122760265558	-0.0030307910793942396	-0.022147253172054817	0.009336883926750968	0.02317350920704293	0.0077083648979460115	0.019753743053761926	0.031959202833443785	0.008875466003323505	0.011239408403001383	-0.117169056445786	-0.019474595453039766	-0.0766917728667199	0.001535610956091549	0.0685273328539253	0.0590165569741269	-0.03648476634409498	0.017436785015662364	-0.04862457687404288	-0.012015953546986383	0.04195996044946216	0.00035382598263482246	-0.05271514941149739	-0.11367321923264441	0.012629795180947931	-0.04801932162050068	0.027895426246872777	0.12273490281809482	0.04973155548249575	0.06464454133925387	0.005276924243488426	-0.008915954173131116	0.012174775849878146	-0.07480485192624196	-0.0740744513218793	0.10756077857930532	0.047773387782289525	0.051144304170961295	0.029649243839048687	-0.061936762627507615	0.02172671036289449	-0.07369561185361105	-0.04335061229000486	0.009177718079756194	-0.058218502166162436	-0.06172496464315758	0.017919781923359617	-0.007071239713356624	0.002511650350684119	0.05432695787437457	-0.011728621848246974	0.050564267579704475	-0.0948084742562903	-0.1292180373967166	-0.013545877880622406	0.012819914998510212	0.04902570120581047	0.11640223280107898	0.01391992011782612	0.04784834867361465	0.09180606619447151	0.04521273002868526	0.01594289350462676	-0.06074192205869488	0.02349274617271866	-0.045880559749260905	-0.005007894502159935	0.027002555088102516	-0.009879859040595122	-0.00820420504439195	0.007762979929469743	-0.007742472469668073	0.022649605532701934	-0.019115762738949965	-0.055520157620243434	0.018753232595392594	0.0176986217023225	0.006423821814689296	-0.0015378361657218094	0.0024408074482888827	-0.02756716153433183	0.003263424049647372	0.020432148799009387	0.0008979344058298121	0.0019492389142912296	0.008295271803659977	-0.0
2019.3.14.cow.fecal.5	-0.22940683842762166	-0.23948464463584102	-0.009987624522732375	-0.010355070188102387	-0.008104189199656308	0.055601668235059645	0.05816586505190118	-0.01742603184916958	-0.01330846984224715	-0.01639567894719322	-0.2850710743409335	-0.1044204076098669	-0.11849228148497076	0.1021832032850977	-0.10613309264621301	0.061825575911039606	0.01600577289014472	-0.07058876365741258	0.07820724238340233	0.054523718678135005	0.01944362020310716	0.08175627603486949	0.05142996046439453	0.005085987584578801	0.00739177167517194	-0.05922533321743444	0.047527103610318186	0.017707625225037556	-0.005889864176522141	0.010223880366236154	-0.01529469929217097	0.002769766469223269	0.06122559253366927	-0.034295366012657404	0.04997848317862519	-0.06534951511200777	-0.05866222070163719	0.01572516736641951	0.041704895183141515	-0.033581153354804334	0.016493759259963457	-0.017676613639990315	-0.020759483427820538	-0.01120363815339662	0.029068550330140015	0.016654562253846296	-0.038519850982053606	-0.026593789254720716	-0.012118434898841205	0.02714690656266424	0.004718542300670294	-0.015255595122542577	0.012569812613990755	-0.003994206692217508	-0.018837465370958865	-0.0042721301186259076	-0.0019373417257069626	0.024927674451803824	0.010765631150415008	0.017362110350930642	0.037689911593514515	0.012941336259783045	-0.034758142967207716	-0.014960954855846689	0.0033724914529370638	-0.017913785758557833	-0.009572139268989812	-0.026938562205598444	-0.01555075671398409	0.00565815754945839	0.013917597492811698	-0.011834421759261872	0.023813658068633323	-0.011670810726241794	0.03372359555572449	0.013048444035935785	0.0064744396160401835	0.005847550934594835	-0.028255326524854473	-0.012447738961629347	0.014180508813839877	-0.008865899663170015	0.040065864198033006	0.012930812110806494	-0.01094564792026306	0.004166782510802458	-0.0032720415409923267	-0.01268890369954468	-0.02720007516127312	-0.06168185563044977	-0.010470873309636268	0.0552005511031645	0.007910975444830255	-0.052608644748977786	0.05525561551048234	0.13006079186938801	0.053269136519553534	0.06670919051311387	-0.011614942147156864	-0.0031515410221258965	-0.03012925102833147	0.013024160419143688	-0.0
2019.3.14.cow.fecal.5.rep	-0.23999786108648	-0.23202591818495372	-0.005994264613635847	-0.004389446837464015	-0.003553584351547425	0.046649660410217966	0.0414996600667563	-0.025443813533889092	-0.023194494925106026	-0.00687572501019979	-0.29258136605244633	-0.0978024654428994	-0.10912532053336092	0.08551945978277706	-0.1215835612339409	0.05251289958165284	0.019509877549232713	-0.0772632681438315	0.07474659637652699	0.05293659431553115	0.01946218283811561	0.055360261293638434	0.052374742331457336	0.018205063557861112	-0.005665284442491617	-0.0583332159140165	0.040640053755548265	0.029808921665738793	-0.00314601745832846	0.027180865196440494	-0.00868866026818835	-0.001334485608379038	0.053327282002429276	-0.04499586946535195	0.016576206669822117	-0.042194196168425485	-0.014050123653672825	0.01370895674916009	-0.008629204684959728	-0.022991576429618986	-0.010231906192790545	-0.003692362915391446	-0.00807552286282845	0.015644432962686156	0.030815073325625914	0.0066028300067612075	-0.012555738988677735	-0.014867582167715962	-0.004580471444569345	0.019806593344964044	0.05064798037983062	-0.008330973804675179	-0.015231562086489224	-0.018401929561348764	-0.018694729236732967	-0.016278340637032488	-0.012044914872056608	0.02683322398139233	-0.012987831022060406	0.00446499264587758	0.042562082172152314	0.005693912180710275	-0.007201426703014348	0.0018556714037747746	0.02614121106198281	-0.019495646926134695	-0.01244183107025323	0.0018053812901535386	-0.004472253750145118	0.005380633417689492	-0.04412139822377855	-0.006319487553437791	0.018662189004766665	-0.011821082204297624	-0.01765577751050178	-0.022643058803505024	0.0033838036778497493	0.02686087977221831	0.03901511520075597	-0.011257632765800673	-0.02213844027047943	-0.015511990711238372	-0.05340687767000174	0.01296788349697877	0.0050516318107810725	0.007423163808848619	-0.02482630175371702	-0.007596666178954815	0.052233103343825533	0.05741151200837083	0.02812492724603695	-0.04979001748708648	-0.013240438787600551	0.045098598380068564	-0.060546154272508805	-0.12862974643863262	-0.039416621801453854	-0.08551023137829651	0.008284354628344707	0.0038836462009779913	0.026199433180048786	-0.014726388230383629	-0.0
2019.3.14.cow.fecal.6	-0.19022083631223818	-0.15210388014929183	-0.02333985760338212	-0.023838875058782644	-0.033551105774650154	0.09223014606476221	0.2364201350093435	0.027122128398195933	0.0016256292074745481	-0.04412288055779935	-0.019099803677807694	-0.07123207749851955	-0.03383585501702835	0.05026291239398979	0.04743208866425068	-0.0855115984990664	-0.028040724355716345	-0.02591241608614208	0.03679433151892221	0.07490977810186987	0.017691107981663356	-0.08553645432255527	-0.1299537933250022	-0.04875248264294789	-0.04325673325468334	0.029717948813429786	0.14244375975820228	0.046319831949186256	0.008280104851458274	-0.06849205281585555	-0.06479880086531593	-0.08265080706921542	-0.13491298483895517	0.07379429147134108	0.01776803246022131	0.036289983679788904	0.050209729241959135	0.11093670481498857	0.04535925524251044	-0.0057378310408463815	-0.05974741051368246	0.056990165153512906	0.09148287750806477	0.08350852631864394	0.001497347142519201	0.021844205510684743	0.0001838879022440161	-0.0016568903685755306	-0.024857926075514652	-0.04761818170034235	-0.02412459270527752	-0.05296475257421985	0.00483078911496131	0.002334357561466025	0.10304950992255485	-0.019003996324647495	0.03235405358227014	0.05155011713376013	-0.05606711778437121	0.09403236100559108	-0.07941725483524166	-0.024421069279209087	0.022768494765282248	-0.07070285894079492	-0.029442068432906726	0.022962676257927007	-0.01433252613154108	0.05019753877395717	0.05311416064875288	0.04977050590853232	0.050737455782218714	0.020949059707920156	0.03628632874839887	0.011330270361973102	0.06229534283446552	0.002132156799232956	-0.01092915997560572	0.009779702103652744	-0.010250956961009607	-0.00033363508236375095	0.043887971837543054	0.020503264116484933	-0.0012242690121022596	-0.006742138778761801	-0.025555827678157138	-0.004337709105389513	0.01119366508250164	0.011659844985102358	-0.01656276399651802	0.01986424735622771	-0.013128772969390348	-0.00036293158898103694	-0.01123928521041003	-0.009094673324140651	0.000942330682561087	-0.008951962922597758	0.0176126461867169	-0.022845863478758874	0.0009340021917098155	-0.0004476532198396967	0.0017092645412317702	0.004142354582562099	-0.0
2019.3.14.cow.fecal.7	-0.2938574994367643	-0.19453729742299075	0.027142659963867236	-0.003268570896718919	0.005461677287785467	0.007210419302793651	0.059877003316869064	-0.012696049971079018	-0.008605995751749213	0.044735950862721974	0.03398724303869073	0.0756644840838926	0.0546630739639831	-0.051106591805820244	0.006840883322753024	-0.08477666524699079	-0.003429276293027438	-0.06852940796766482	-0.04461219938607305	-0.006639095764761376	0.012919782883776288	0.002561696209681506	0.05491058949113441	0.04240220278713713	-0.02087066430636792	-0.011403973595709598	-0.006667215355513766	0.04972356511789992	-0.023335023085192953	0.041432914396586716	-0.04860036113171596	0.029359505554153717	0.05678388038971433	0.004301076840418288	0.00687854297270662	-0.11901685084797066	0.010440007888882448	-0.02018311569333174	-0.03368087035336631	-0.01256451549422125	0.02101823561353355	0.048536957353911406	0.022179264424774126	0.030749379779905744	-0.05228255453762994	-0.020449379931296918	-0.04333061578890518	-0.03427544735600748	-0.04741310675572827	-0.00885261530569691	0.02750106361717876	0.011863524131938117	-0.06971458644240669	0.09362818500193126	0.03862447241392372	-0.010964989217087717	0.04109780562259449	-0.003889411563827751	0.06648345003265582	-0.015255411637645343	0.012805939016032983	-0.04554475292536776	0.007378196537735299	0.05417035190484712	-0.08412237443700502	-0.0003513994029497932	0.01255535868533192	-0.05586762373335564	0.04327588050815496	-0.032284612001000655	0.014964457498007075	-0.032201119567813574	0.02336838045666017	0.01503439394060992	-0.008358771934695676	0.01907652683632819	0.03127597957344243	0.03659766551375199	-0.021118503553235548	-0.021148497267758647	-0.065993590726481	0.04382806490822378	0.034715832984769254	0.020730250440060997	-0.042913931254192045	-0.0408038022276935	-0.006518294418712545	0.05496265918186801	-0.14177259404795953	0.012531129365069373	0.05686244965744713	0.013682797466911138	-0.046851148897951125	0.03435140871081915	-0.09051231559123946	0.020166739488145773	0.04884754293121805	-0.017764512937775707	0.014596366496332641	-0.0030804775326233225	0.027576353635377273	-0.0008158818788541937	-0.0
2019.3.14.cow.fecal.7.rep	-0.2918626705228316	-0.15083331783314166	0.02383448850117366	0.0050506952138648755	0.008489912305387606	-0.010414790280374188	0.057825490154214794	-0.01449990061385773	0.012089710482034596	0.02908338083179392	0.07895177886156808	0.0708370582431937	0.04767611089754094	-0.033881809377704596	0.04732028642662328	-0.11991828906848791	0.014396833039817166	-0.0687175800889758	-0.020311612263951277	0.016978632585810373	-0.011547820278129018	0.008008863270775391	0.0400631461521363	0.0336456070757283	-0.006342834988680628	-0.022154293807230357	0.007962590508990734	0.00039786087506773983	-0.042522212458676205	0.02968756986170996	-0.049361388410830445	0.015477703144903179	0.06839838131794965	-0.002396630279194499	-0.002311580747159035	-0.0898533152232879	0.016799774497337126	0.028666989723038327	-0.0213842487419531	-0.00041898729239800853	-0.02048330376659389	0.07515211436051447	0.03920201966743346	0.04862170793066359	-0.02481562789116321	-0.038309768589699665	-0.06218171137052911	-0.05082913798815923	-0.04726160380561037	0.03292574928641816	0.07859481042160482	-0.05038688475649148	-0.06961486169550152	0.035011111986042884	0.04747335089189297	-0.011884861998908335	0.05642216905494147	-0.019919004439052188	0.08347270249745792	-0.0027854585827008197	0.0070162997906996205	-0.03072721213548182	0.007303806332769009	0.08027998403992073	-0.021228205733937598	-0.016466622254652088	0.009681335532212773	-0.044176083198734145	0.06975889543012075	0.01919570359745105	0.060578573070200536	0.010235669326227914	-0.02067449796548424	0.0048220639676353465	-0.04987157310011477	-0.0384592009615395	0.005381658925841495	0.033043377047550004	0.003204217045251002	-0.03485874083459916	0.04428242647535234	0.018992666726275934	-0.0332676529851341	0.04229784083805818	0.011773025043505822	0.015697329534712152	-0.022895934025479518	-0.07635115966447324	0.15097099758505658	-0.01327617000734723	-0.058347057031692254	-0.0031945641247069223	0.05597122031163625	-0.02282607587715261	0.05827943082025922	-0.00929280928234347	-0.039160220645389675	0.03426893973601437	-0.006802308271883022	-0.0024706133560064483	-0.011990481924436374	0.0011240321496091901	-0.0
2019.3.14.cow.fecal.8	-0.237847236155667	-0.2160966335410012	-0.0020658161557788146	0.014041875603570233	-0.00456884934817966	0.040976241266220625	0.14188110680352958	-0.04337954692906008	-0.007137411687569934	0.027726190159585315	-0.06997333688394877	-0.006723408454006605	-0.01872123694146074	-0.011823161516431445	0.02590288825855101	-0.06024295198398788	0.004100757013030165	-0.008359863729486317	-0.026769025844300052	-0.015280196616763041	-0.0031334470046957574	-0.018876991035379837	-0.05849539616041993	0.009862984605098091	-0.01959640398669282	-0.0011835095108063177	0.09896742310292944	-0.020109644064605314	0.13902866855571877	-0.004984330871865621	-0.03319815304863006	0.06489146221971906	-0.12752684676352094	0.09849332798656826	-0.01776860962989236	0.0573048196271293	0.018222536036274627	-0.05603463670912038	0.11596564509081925	0.011167299843878957	0.022612737174673193	-0.00915922691891036	-0.02892369898195763	0.07063951571107761	-0.0204962949835644	-0.08514378425817681	0.014640576882364696	0.06027109111593995	-0.0636165523383248	-0.06386821720522076	-0.04714733816513818	-0.015029495156673496	0.09821290955648981	-0.022535284171329825	-0.028509057684602948	-0.05902851244071472	-0.040685240820019744	-0.08532466406114707	0.028029078096707703	-0.15439689916069038	0.04435378261990693	-0.032537913995558346	0.0030391964473484145	0.12096377527130275	0.028666103938018432	-0.007703956094193986	-0.05206050340133807	-0.0696471147370114	-0.038810932023334875	-0.014759370261306274	-0.07105052534538751	-0.04188759477204391	-0.04704379800696825	-0.027439859951873338	-0.040290111969501864	0.0017051604325341045	0.025113721567592968	-0.019536404614587832	-0.024870967285209274	0.0367779926294148	0.0009236372131329446	0.03238746794387256	0.010463230472484167	0.0107500083510172	0.030614226999119067	0.014690246812047742	0.008073957822106029	-0.016339412710221	-0.001073357812546795	-0.03700803708545548	0.010995047552714734	-0.006751537318942714	0.014997940056087757	0.012434625748727817	0.00018825791799503553	-0.005725934085252725	-0.004481389540411832	0.001549287645116794	0.002463793556027355	-0.0035837483619111407	-0.0033260432988551996	0.005073733092654782	-0.0
2019.3.14.cow.fecal.9	-0.29177621904870205	-0.1723783315945748	0.027914982889659833	-0.03466721337352816	0.001975788068741371	0.0044468136158118485	-0.013564760943021696	0.0013279754693779856	0.0007535994924107495	0.014479140782317958	0.08092658444854472	0.003647882731611734	0.05299390911884805	-0.032035522416557174	0.0035248857240232443	0.047786884375069894	0.024459406396715094	0.02147421765604807	-0.044370912223614445	0.0020709184296396985	0.009685086599497069	0.07646437139703478	-0.028805822850189376	-0.051907953085766415	0.05937758293902223	-0.06301674329713741	0.0028476737925851574	-0.015234734084256586	0.05656706072449315	-0.012332801192798797	0.008416227787875454	0.06037043580292877	-0.054367840967142374	0.006964062131943262	0.09479861796446411	0.050329389015547815	-0.10539977430843808	0.020824251812966533	0.009888968142970644	-0.03596600971694458	0.0315041621116198	-0.0030158914521970664	-0.13193732760543073	0.007784744883038054	0.02856441764898592	0.05595656405987703	0.01383751128767591	-0.04941445170382396	-0.0022015000930301408	-0.026069027824661452	0.02365009794146591	-0.014138648126754375	-0.029718471075488122	0.0839656186424184	-0.041437703880295836	-0.0006223029963148254	-0.0232063366918709	0.0014879257435033797	-0.011281120058195357	-0.040927367859085996	0.022905312192566692	0.007250784393845407	-0.030360195492225014	-0.0219215257693441	-0.08096766196107025	0.050152343769531614	-0.00632044488294748	-0.015370477555627232	-0.014490497419158518	0.013916949083717085	0.04999894662743643	-0.015190797460008763	-0.003737922417329491	-0.0242900431603318	-0.034200216951619795	-0.019207333269034926	-0.03744476704682596	0.012901843030356124	-0.0025532629653249477	-0.014683475294400634	0.008930072390057399	0.021395322864866194	-0.011406380432938939	-0.013746243255156915	-0.000602034912192776	0.008976577383167206	-0.05053503335055777	0.024210656964416093	-0.03735025772238139	0.03147643476784168	-0.13845237178227615	0.013037724468219554	-0.07511549840699053	-0.07649734585559301	0.04392443092707334	-0.019653361835949967	-0.00879767873113591	-0.08395579340570787	-0.04349852879723547	0.0031263737092058013	0.013846626800657673	0.012770349116777761	-0.0
2019.3.14.cow.fecal.9.rep	-0.285899130937128	-0.18625335120064404	0.01954658375505218	-0.03718368523665606	-0.0007295667426995905	0.007244265146057382	-0.03561835559374523	0.014288138614444418	0.0021147486369208052	-0.008259722880930655	0.06286017802634626	0.008088169941447664	0.060093623907513806	-0.026327988438569837	-0.004616635681029715	0.050217366526167026	0.03165598509739791	-0.004202157628031532	-0.059228005445579185	-0.009008533255386692	0.0007656405729512178	0.06921728363626076	-0.03754747053268703	-0.06957727594212602	0.056770360010312305	-0.08290529644536306	0.03377490703406669	0.030252564018391142	0.06157431171601436	0.004318045036135901	0.031175687042997995	-0.015517151900357422	-0.07907108451646254	-0.008005669370913368	0.11832615538127493	0.06260346082377613	-0.08529525771718924	0.03350750525225415	-0.01499901113014267	-0.052720398475233	0.046914523609068344	0.02028624414072176	-0.08150467491432899	0.027954080164426392	-0.027712537522928963	0.03985070055699516	0.017559224393083005	-0.08353004455103515	0.02240208116441495	-0.0024312180782746396	0.010505576037399102	-0.05725544708431591	-0.03358681620144209	0.025418413746991848	0.0006234014880385128	-0.0005060635077911494	0.00863594144974384	-0.033065236336043836	-0.06536102707907213	-5.6606187884651135e-05	-0.017383413986284606	0.04317734894120973	-0.005145887304813276	-0.01883955789057154	-0.05526576300582283	0.03221422212042936	-0.04454870107535741	0.04964228069650374	-0.047766116302997375	0.0016979538799801273	0.04533452244108151	0.007759509088584525	0.0023456372585191473	0.007453669211889009	-0.04181250266544911	-0.0412350180718478	-0.05762932450543278	0.012352584475022873	0.06390520731848488	-0.031083450367211565	-0.026765218079575586	0.013492222022487012	0.03393561150398809	-0.0543612345244923	-0.016565813602005795	-0.002434149127773476	-0.007204546140682863	-0.02923217426048495	0.043911791193277795	-0.02545934743381079	0.10904607126559258	0.005480801462039659	0.07045243390704002	0.06802089136334354	-0.058967503572007855	-0.0032944775238342994	0.0027602201550305295	0.08038725708342022	0.04147871215219375	-0.002666989748838283	-0.018948835817743478	0.003324335775689581	-0.0
2019.3.14.cow.nasal.1	0.2771590406678903	0.0066590563068058455	-0.11767723235338824	-0.1455936807374332	0.1360260257396356	-0.00020845117549998882	0.021002875116347044	-0.03415618189800512	-0.05885674232479923	-0.11645023602796273	-0.1175135601352887	0.18170341427133127	0.17706052570214229	0.20009868070274908	0.09158264338320964	0.011341584488991512	0.05112492913961982	0.16766136651719807	0.033032534547135485	0.08350687828414122	-0.11286050024856707	-0.08425804550441039	0.02168186328800333	0.10435871578885551	0.17078331453280465	0.06636927379277871	0.04273641411653215	0.10919488433798118	0.0380607943183115	0.11909459985078161	0.05407588154140744	0.05269555301540973	0.005503196186916377	-0.00014893857211647826	0.02975772115191389	-0.02482079629464575	0.041224064742219436	0.026476075444127313	0.036875833873508373	0.02819533267580755	0.05174071333951088	-0.05661263866087404	-0.033021729917334916	-0.025730680551135705	0.04091178076659519	-0.04899832778326934	0.066111091952148	-0.09528875591921533	0.003593578825641723	0.0049690651544929704	0.01833757571794108	-0.023519655221499187	0.03096134350283277	0.008226193646338783	0.057470626012054084	-0.015705128796160938	-0.013738477432170597	0.007465321034919717	0.042675262313053686	0.022169082473918484	-0.015499937895015083	-0.0018205520285517998	0.015296740912701648	-0.004077240865690591	0.016330633462510742	0.013379046709977567	-0.01845775266829825	0.0065532080145630466	0.021247680133110323	-0.01212536404485663	-0.018246908914253047	0.022939372341859252	0.013224624276041628	0.03457022901792353	-0.0008777247108787036	-0.0034114626343528472	-0.005057387674748852	0.02550890271380109	0.006914824290177559	0.03931305964768585	0.007100986935682737	0.0004103130946794818	0.002868655518371977	-0.004404598701393644	-0.0031605282385233045	0.007540500776479146	-0.013695380460386966	0.007624261747825376	0.00036113300272657214	0.0023219194566635273	-0.011265202890080307	0.006387494463955134	-0.0030147481404659286	0.0021556337812581074	-0.005695342332276286	0.0017994079515141594	0.00137473645319581	0.0007144634898844401	-0.0009161994775605015	0.005542931142427005	0.0004503207042459134	0.0008738492085519948	-0.0
2019.3.14.cow.nasal.10	0.25671242029393115	0.09676676626584746	-0.05515298032359115	-0.15736349429455457	0.09619859145782997	0.06717749834129408	-0.006078299522928132	0.0819510168843596	0.04064454215871988	0.0017404648993491242	-0.06632088623514758	0.07707143069814255	0.017603342405949362	-0.0755300438359559	-0.07510941670446061	-0.11763630205332391	-0.06965089151250273	0.09754945121010095	0.03724358033951136	0.030154802295867224	-0.055616692224574334	0.1385263923720379	0.052397673538796985	-0.13847388334078464	0.05991364010869997	0.06791911100712764	-0.01409294888370818	-0.027805940656628576	-0.02969793121357333	-0.00380756344540634	-0.19779023718248442	0.05885984848817399	0.00852933130778529	0.1274900520596214	0.07372087498949868	-0.0285097006701996	-0.026514687059422466	0.06933879203313366	-0.10382720324272897	0.024162408744890944	-0.17511254824203418	-0.023951462535264447	-0.013192967878501107	-0.030786328315114405	-0.01075361591672206	-0.05948046750672041	-0.01904101761057172	0.002440487605258915	0.02660153503507366	-0.0445096531867216	-0.017843530869078486	0.07184056375174686	0.04203255275570906	-0.015223385890890513	-0.03064351769828356	-0.013261626530946629	-0.01939224041567271	-0.04023753659891302	0.015276723540741022	0.006344999730962728	0.0031251934086469987	0.020591404862434003	-0.07416515152363504	-0.017326554880162683	-0.020879776216612723	0.0273360506907082	0.006308201643874734	0.05196344068183599	-0.01760426420661782	0.033165942017870126	-0.0166881792363415	0.01168518604111525	-0.02880981601286253	-0.03577810547945213	0.010251632787443525	-0.040348981700294405	0.07123956810661837	-0.0057113479332056745	-0.009720926537109783	-0.010992383111764313	-0.027058711787440366	0.0018912214322536495	-0.00401936618322698	0.0075996184397152675	-0.014710370213971943	0.02559067550214819	-0.00695819105670543	0.034333599977682976	0.016740596063190026	-0.001285239907286161	0.006208970965810953	0.0027367766646738782	0.008455605826572277	0.009846349765878561	-0.0063937417519775745	0.002260837743296958	0.0014609447344964954	0.008223872914234997	0.0053121249072263475	0.006375784941409633	-0.000507305439927207	0.004375584855608676	-0.0
2019.3.14.cow.nasal.11.rep	0.35987115501493033	-0.012713598304538682	0.059574772135869127	-0.11165881125198411	0.0015671231101991405	-0.10251138631239735	0.029535827134019293	0.04817897333742954	0.08011817327713694	-0.03549051328415391	0.020425440540420434	0.03651784905854386	-0.020529340864848825	0.09536622787047887	0.02864290564719621	0.04969043305398143	-0.06878288588797986	0.014251190633730699	-0.08604262074831853	0.08770247601611302	-0.04274789367723849	-0.04105407300224998	0.09230747057581447	0.020786752006773216	-0.025719266049273833	-0.03292758905442359	-0.04920452496463783	-0.056428910935579744	-0.00028856610022532335	-0.1661757169486086	0.021825239195174106	-0.163030308213803	-0.07204047707573699	-0.020982337844880808	0.05913946228876031	-0.05631158760238139	0.07460665472348708	-0.06974728274113093	0.1004898374506641	0.05305930238486807	0.034254348461346604	-0.05868597965448237	0.01833587064847431	-0.004227458962980029	-0.08019469974301469	0.049652437868746666	-0.051271191117292884	-0.09702545946951828	0.0100497237683189	-0.00492757280541122	0.07675693388927662	0.07393368859821134	0.04565125335109082	0.07101985194913557	-0.0434729228520543	-0.05761509253122441	-0.0075513900162895164	0.018716552364829303	-0.03796591977110455	0.030563708196913356	0.019048545400003933	-0.07439991295745686	-0.06420127168565327	0.0428324099154666	-0.010232022818021155	-0.00026382942857454606	-0.01201694657855907	-0.005415028653194221	-0.007664648469759215	0.05302980592484601	-0.0028863322757370154	-0.050329776335196794	0.001851838576842163	0.0015796570860478973	-0.026584694274084438	-0.06397877115243533	0.032519033699923094	-0.08524108141837414	-0.005273574380893712	-0.052691521240682986	-0.017805072795532832	-0.03557152018396402	-0.0224128689010855	0.018673115227371882	-0.00788703294823078	0.034835308273257544	0.0009053698114169906	0.04230008224485932	0.0012290267890368296	-0.004573527338920289	0.005256006806501347	-0.018740403916117396	0.019426583721760645	-0.014748221205012693	-0.00021267641153248568	-0.006544087590204207	0.003877591969663186	0.002969668236237463	0.005690494102497145	0.0012155968812226712	-0.0009664932080309021	0.004879266686385915	-0.0
2019.3.14.cow.nasal.13	0.2992535685976509	-0.01685591775956658	-0.17132747030170511	-0.05951557878711096	-0.04568394307258922	0.03544638569644148	-0.04274542031227564	-0.19675360776812167	0.16045333304606432	0.0678785329098956	0.02904793558232917	0.04024625141658233	0.005172384980009458	0.15552660197094734	-0.019682347036238633	0.046401084986099336	-0.205838329573564	-0.1915152934124544	-0.0037776094072248267	-0.07155379091145923	-0.10700886201787435	0.021441288567118192	-0.036867671383454356	-0.10022039210977747	0.08976447357210005	0.14007317358359922	0.09227736212443231	-0.1235542033421102	-0.053945686219668464	0.04086035387377884	0.06256298396138289	0.0300762691569944	-0.0353065339200455	0.008261902059281586	-0.08400829498229923	-0.0044432352300530515	-0.019999137199373063	-0.13927316297056816	-0.007537362945092419	-0.09879987550871722	-0.07069404443755653	0.061321588300578926	0.009569226093844954	-0.020985933757199954	0.011812625967906878	0.021325537651097622	0.050963000265095926	-0.03923487617914345	0.001707263294537909	0.0005782960035875972	0.011315609941393301	-0.06525842348510476	-0.021040611843826947	-2.7973775545879187e-05	-0.009854520089818481	-0.021447234000276462	0.009330849956661617	-0.028483266074245946	0.0008569258171103497	0.05375267188127493	0.03792865864709069	0.021741806206811688	0.0067348546989784664	0.019660779438697717	-0.01822782448856518	0.017575739475968664	-0.008538066557070054	0.009518501518850631	0.021920526097260244	-0.033881801103342345	0.015304074201865858	-0.03872095748933218	0.01212629691695427	-0.016746737940353026	-0.0082019601388103	0.01927792464745508	-0.0005436368819979929	-0.018997107896955474	0.021843698546066954	0.013685118094582671	0.015238258887982798	-0.013503818495173616	0.0023206315440764185	0.0074178437685227016	-0.01347769614418887	0.014953436573824459	-0.006650613877456841	0.009397121330106815	-0.009995549941351434	0.0030014662408994956	0.00457469901788877	0.00021992756770249645	0.004942620011469746	-0.0028858756262023252	0.0013353105068849948	-0.00035707150909888505	-0.0018049891867502996	-0.004156786843863133	-0.001759917620369196	-0.00746984916923149	0.0011293770190221805	0.0010530218022818812	-0.0
2019.3.14.cow.nasal.13.rep	0.35175718309696724	-0.010700264417830988	-0.06850070250049418	-0.225572359193294	0.129721460550416	-0.08440525648381778	0.02303679588665878	-0.03142325282275228	0.011141875236388694	0.15017653150899013	0.0534519103354804	-0.014677701988387934	-0.058234456064139045	0.13378357664514076	-0.02256298235030534	0.0061460405397590545	-0.03597866022962098	-0.00370101514691112	-0.0679896325410835	-0.0631453942102065	0.11850575285373821	0.027012274650436662	-0.03451009926188019	0.026729852704455027	-0.017905784973596177	-0.03572016236859552	0.010722756006860946	0.06483656999870693	-0.11443222851784794	0.00829837591443973	-0.06725986052905093	-0.05628272985657892	-0.00011205038192262269	-0.04648776591178441	0.02481561962108259	-0.0007987366516504365	0.018242009896352215	-0.08439548407618781	0.05196972058224767	0.006683816038930205	-0.05555482942442857	-0.019879350201654922	-0.03164644563192334	-0.023560704924232637	-0.007528416342347603	-0.024193902792022458	0.004488214495534777	-0.03533770319557193	0.03673523575529697	-0.09273583472745626	0.028368665541895054	-0.002721306754439671	0.05185235112823927	-0.006940901088455674	-0.03968333843527103	0.06086029848631422	0.04745763190690056	0.02191412726552063	-0.010995012112096612	-0.04861218220169564	-0.07668826403555946	-0.05763513864450017	0.04528867556669276	0.01460354570159254	0.005579739630436834	0.04046784615973759	0.09565835728593419	-0.027039521768152174	-0.09762025345897572	0.03856948842576511	-0.03933981645192685	0.10053415907936	0.010621117173364128	-0.0397400025176237	0.006015738339112005	-0.0036090484691125566	-0.05358306028668883	0.11135431858538064	-0.037738314726011836	0.009281402433173486	0.008421259504092754	0.05212019668860225	0.029650371677748623	0.001993802325493824	0.010800745885311132	-0.050969188867471975	0.0010406989600531904	-0.057358371325206194	0.005783841470892684	0.017276614878957805	-0.0020759007316122438	0.006507587426494088	-0.01312908938343519	0.012439617630459912	0.005349519936063662	0.001767990934529718	-0.0008737818336106055	0.0005112002410109766	0.004724877546384886	0.007183001615124379	0.0013264973211159433	-0.0037114937734095835	-0.0
2019.3.14.cow.nasal.14	0.3057811341806385	0.050106043758117794	-0.07109402873377958	-0.15748553680946437	0.1166607901045749	0.021411121940710303	0.02731358528312053	-0.02836037313177648	0.03299381186660997	-0.013840715276911187	-0.04312642105679072	0.18775290885699292	-0.0423898489425413	-0.09890956788322351	-0.05710980983150833	0.008286944592362355	0.10351416628777561	0.013157334493192025	0.09577535314206186	-0.16548214495141145	0.11208033973079537	-0.02317194448841483	-0.12232475369357375	-0.00664984621072443	0.04730014014418077	-0.08644106243086164	0.08196737819400299	0.05890650838031574	-0.03866685016596616	-0.170946953286746	0.03280033855730195	0.02963712586785855	0.15172607767417234	0.03880262071292099	-0.03956102866671372	0.08269678900469082	-0.05993115402310693	-0.05797071076140286	0.050109559617842574	-0.057814940973134846	0.03508511423871063	-0.05950741751730549	0.017388758490467643	0.004933910477718757	-0.02538793692024844	0.010650416368683689	-0.005137395285992614	0.004797622459299938	0.01457371850165188	-0.011959194071541926	0.014278858941937837	0.006716731453083246	-0.018741200293493434	0.021641790545749138	0.023580187415005574	0.023186567117516675	0.055158646621811	-0.06942672624407213	-0.012409417860380275	0.06154617535603252	0.04204448771170451	-0.05909452093849327	-0.015000259125535462	-0.008957302222981734	-0.028985664729651965	-0.05387968364785219	-0.06608884882073535	0.017656150763319996	0.05745183134772652	-0.018707361854335507	-0.01877164129745846	0.03337336207422682	-0.029882594476032896	0.021748180742774317	0.03683514301460876	-0.04193963409958493	0.029171170436463317	-0.06796561227654256	0.02239348201558253	0.010221863064795701	-0.013558354504156224	0.010392478488907935	-0.01679701872326056	0.017819551359613085	-0.0005169928407962525	0.0007859080869376764	0.019618729703427318	-0.02790588134891758	-0.007838524492794263	0.004644191334316961	-0.007967542327568798	0.0030727281824567006	-0.007484847193792429	-0.0031617598333077107	0.00013585151367480526	-0.006904328478225199	0.004266742105967949	-0.0014758862968510028	-0.00015729614264200004	-0.0035980154496353303	-0.0020474436812617488	0.0006756572684888498	-0.0
2019.3.14.cow.nasal.15	0.32871246900908974	0.0182491821274285	-0.008562690908505238	-0.2480352614508999	0.06849633787937459	-0.028971181016516575	0.007293590046337003	0.04531461877271098	-0.1220049639224956	0.15427151486153923	0.07814031664957512	-0.09913157060162947	-0.08016892461633487	-0.007040663187927187	-0.022643376101801272	-0.045761169088781445	0.04081495672273611	-0.03050099382460336	0.06899438870626184	-0.001749850811446955	-0.05201324126431172	-0.030034117431941405	-0.034654509788941495	-0.07554366893631782	-0.0332788260789999	0.007857619494423058	-0.059702006485473705	0.08397021988770668	0.09314565521243934	0.06918240769762618	0.08635303137034628	0.03987957659637798	0.01587049366127492	-0.06680322862831321	0.02775225385583686	0.0007555294115153602	0.0777085319387707	-0.007990375489276105	0.02340198701194648	-0.029421273339288345	0.00906113105526854	0.07437472246402439	-0.010955945951541757	-0.011561983278149742	0.010036996639054713	-0.004868032013159195	-0.015563102250190522	-0.015831408632993045	-0.05395182302010455	0.01195890880628741	-0.08109889267365179	-0.03556886154299173	-0.019679214006518155	-0.0070729901871460586	0.03570321915427566	-0.08519852291806397	-0.058062189734053714	-0.02049302287700471	0.04474488823133325	-0.004455639176776719	0.03685230279949914	0.04718151286101393	0.013401512390116652	0.01315639021057937	0.02541732141133462	0.02156496744608417	0.05105855082819222	0.049644449360139106	0.017965407015066923	-0.04732788338914447	-0.018655015153222102	0.06587260351915693	-0.0010995057940049431	-0.024280005921670938	0.06818530515488185	-0.0976713212804024	-0.047684936505589345	-0.0872510511594347	-0.0712941249350966	-0.1178896569078257	-0.0633885171461386	-0.024805520158657442	0.016576183394108743	0.03035954374309697	-0.006946774753888604	-0.01198686368805839	0.007459834280449521	0.03332444675624112	0.002097662819790249	0.001212801515043011	-0.01807949306566248	-0.0029862811926784504	0.013182235533059911	-0.013376320658217995	-0.0025148159027452276	-0.011614259879910632	-0.003300936996584629	0.0049825465455803014	-0.0033421278595819697	-0.011277373889183024	-0.001318843004069325	-0.0038156519194734164	-0.0
2019.3.14.cow.nasal.15.rep	0.26104192798564324	0.06788942092805503	-0.02290923390497912	-0.27553857086622396	0.06978779881353812	0.0036279920518473793	0.014540998546779314	0.03869671022116811	-0.08907954973911607	0.0776471792296749	0.1056605265303303	-0.03560144270933535	-0.13130264349745935	-0.06508283828326795	-0.06638201467119105	0.029395258027475682	0.09364947381340699	-0.06493209025113302	0.031060080096969016	0.013299404330035089	-0.07696282160583663	-0.06722272495669224	-0.010976158444128421	0.020383278000532832	0.015240477908881092	-0.029701502499789832	-0.05541416286272164	0.02176464672885258	0.10741852991644824	-0.021591904279819798	0.07527016863308582	0.018303713235512775	0.06545680423373919	-0.022752009594947484	0.004247800176537895	-0.013836203226800277	0.04083538637442581	0.0040790194449705965	-0.006957943877930529	4.195351633335222e-05	-0.07751673494079357	0.04598368794807277	0.003226691754479168	0.03329825188472937	0.0014002592021914795	-0.022348615563065555	-0.02427023621167767	-0.04648465745032435	0.03666188309264855	0.0030786155040198352	-0.029380392311687643	-0.0254004133283949	-0.018044501622952007	-0.021052384239638754	-0.06436017087212494	-0.09580129404444941	-0.026050919394590644	-0.011280098548723696	0.03479512860604802	-0.012676688349134288	-0.07140038653471897	0.002604309337370815	-0.007838996379277725	-0.03392266361215145	-0.020030368356957182	0.005554297229689775	0.00938339650547516	-0.028816178525491523	0.001311101159167579	0.11030470281012292	0.03121345738398844	-0.10661404349791563	0.03454574357666393	0.029432560873018206	-0.030129299541873076	0.0824039389381095	0.08395885439042103	0.04833511460036776	0.09692156619203082	0.10533534541722993	0.014928994364368274	-0.001011902281158645	-0.019458777616646227	-0.06115552346227932	0.0005368471633239505	0.0209421980969591	0.018236252752192622	-0.025717518371802018	-0.016572312251631163	0.0007896896789230715	0.009728632507895024	-0.0032662620383472544	-0.004350633401648847	0.0031030117790990315	0.018948945999501803	0.01120261643205292	-0.0012893807045049166	-0.006623006396266674	0.007745959826171595	0.011766784303491972	-0.0031338240687126214	0.003244062760303149	-0.0
2019.3.14.cow.nasal.16.rep	0.3955644269766493	-0.10609848857427995	-0.05143194771619688	0.006291829936630519	0.16492373764487944	-0.22095208529451293	0.05687493767017157	-0.03327737826117105	0.07780219152137881	-0.16426254352841724	-0.06929100413853974	-0.009363670221331928	0.10576333582909739	-0.02272671118099963	0.042236331796212584	-0.00249262636098468	0.031952580401933627	0.08616911479359483	-0.030291424589898065	0.06721329768165232	0.027546825023273314	0.03190021046803959	0.027444818100064144	-0.0017984753835248197	-0.02257046161158863	0.009407983778026659	0.031109425903581275	0.0095134159788562	0.07632821894544324	-0.15040083815716404	0.030543731324786157	0.02194003599571607	0.01778390707069531	-0.12776802400923915	-0.04280035342318609	-0.06505749368598857	-0.08799220344208593	0.010128378793027084	-0.07012342830271727	-0.08949365033763002	-0.055457885853381454	0.020100655047394594	0.08694013714809905	0.061667297370179855	-0.052684902970896834	-0.07259365655105421	-0.003910947834321318	0.15836765716524281	0.06260177720437275	-0.029594932606157066	-0.006833246370923409	-0.08724337428286338	-0.008796023704093556	0.00231848475391263	-0.08146952793716622	-0.020798797932154885	-0.012331274176502191	-0.02445776284587073	0.008394147113175219	0.020289389550200987	0.008944251515770052	0.028676779343867607	0.054691709128456674	0.028000502472821525	0.014637691172086317	0.06410677084192178	0.05455293933753274	-0.005205526915510297	-0.019479140301229863	-0.01554404040811362	0.03460007890281439	-0.030042944256986375	0.06452942017066969	-0.014509075372322953	-0.009898033913320206	0.025300209128442427	-0.06187394862810208	-0.007872836677612068	-0.017890140480919553	-0.021350053974298615	-0.010821254026499328	-0.0010242094393562728	0.029456763861416834	-0.004457337780167821	0.005791584356099669	0.0026757548941132164	-0.004086808183731487	0.012028024378582294	-0.007319142646853528	0.0017180327472317827	-0.006867404426840768	-0.01907462980919155	0.024738900208690948	-0.022584373306706367	-0.006839775689400345	-0.002845732898187958	-0.00464941444428245	-0.004129087398244604	-0.00018041961400296424	-0.004112281364672848	0.0004457255558373643	-0.00208251941461773	-0.0
2019.3.14.cow.nasal.18.rep	0.26881401345940026	-0.05395377235095516	-0.3501539236422611	-0.09305055520624023	0.08364751928363236	-0.09027133067034601	0.038263757626445793	0.053825130095981916	-0.038091403930700166	0.1514703285223772	-0.005797982143545633	0.03740303856857241	0.07204698409345558	0.21256129947066496	0.08669354789074528	0.044966356288767696	-0.03490493024216179	0.005487883576834436	-0.009609923288336026	-0.09642177770878498	0.23214620123526064	-0.0571874111006314	0.09019594310087739	0.01155702016501316	-0.10319137259042381	-0.09679476976515533	-0.04980052030844834	-0.0857836251964452	0.0063419050239536656	0.1301581913834053	-0.04111243865356608	-0.023117974203038696	-0.04209797007514325	0.08041782720041984	0.004198605873430134	0.07166106188096166	-0.07011231673921672	0.06483273445239016	-0.07276272642360086	0.024438234880005964	0.02491458108226526	-0.014399311970408597	0.0347359901247133	0.01942777512028285	0.00995659498700268	-0.012817673329203796	-0.08825048328631463	0.0778631970390759	0.01066913448904616	0.06020949774392653	-0.009878241474770896	-0.0019468045699872344	-0.02932149841386196	0.028620224656102526	0.01850298452668453	-0.044377238945483594	-0.06502790160968053	-0.00572621209834189	-0.009632032418769065	0.006140949644458753	0.01526883177130473	0.038260303365379	0.011195474548974705	-0.025264014903443016	-0.013891234883686931	-0.028874237500354616	-0.041736633438394635	0.003188209615780155	0.02414785054162925	0.01397887914405917	0.017569956270698094	-0.04096971533587075	-0.004429882324778344	0.016397849566901865	-0.009380311053948997	0.0254457595813307	0.016017597326762764	-0.03637064738183679	0.008994621869969608	-0.0026052855334399144	-7.227338919564662e-05	-0.014656584247711671	-0.020227388726223636	-0.009491955039064423	-0.00036206333241106886	0.007687490615639499	-0.0015724325054369433	0.009527505883853229	0.0021787399855946726	-0.008970162281772234	-0.00046464019844564365	0.0016011245010281304	-0.00303000017881742	0.0034793333419629847	0.0016354761933234751	0.0007921705966167727	-0.0011420015403462217	0.0020363149030694157	-0.00028468841921264795	-0.0017179828676068254	-0.0012426177142683134	0.001031326685884249	-0.0
2019.3.14.cow.nasal.19	0.28910139191842593	0.034039345270292905	-0.04122418436764967	-0.09130281825085074	0.017923956994315933	0.18636322650680018	-0.05075539039756689	-0.08322341123716927	0.15399713059208506	0.0879421077751517	0.035316277409845796	-0.04974216883973803	-0.08014281693183868	-0.20103371512003593	-0.06402201496907975	-0.03128549247528684	0.07869102440620884	0.18607009159068402	0.039555866319199676	0.11912151746765623	0.03767792229694681	0.0038596065049970713	0.04513807554747451	0.12605414831532571	0.022491854740756236	0.0002513681146659898	0.16611961659803404	-0.07502190203151402	-0.11090299142944753	0.15006087183100936	0.005732557922906385	-0.053078239480261684	-0.12754479413282252	-0.04344619579700287	-0.10278437586870315	-0.0044950404990903555	-0.048526492557691335	-0.019545907382512134	0.04946180806846685	-0.016466167774514512	0.0721437634058805	-0.046658946225380526	0.035621412220777235	-0.050202506301923806	-0.04734234344844004	0.017332669036287558	-0.05964559260191462	0.005401054682461537	-0.0024429533474055317	0.014558109671902403	-0.0452240642298497	0.01639106662155371	-0.08436406031871331	0.018054952826953748	-0.04863556262664161	-0.06152592066299035	0.004685370655640168	-0.012435838294117815	0.01642586506827982	0.019833107466314528	-0.00911311653517086	0.021156795627251822	-0.013963533592482591	-0.022142673401161304	-0.01773120536615179	0.04264968158086038	0.005856807995739749	-0.014998187384549786	0.0015193309417977868	0.0031534114213902413	8.808030695018909e-05	0.0009367334747728256	0.018552243491092288	-0.006873894583544373	-0.0020715653679045797	-0.009402769285013747	-0.007419877750480555	-0.0006727542491495867	-0.004094899325358975	0.0021886547271028887	0.007250551612559229	0.011072295924679336	0.00034451965875021204	-0.003747256007822901	0.00410330992474273	0.005566326939133782	-0.005573409318937462	0.01047852759676392	0.009961779818485613	-0.0012954923445287403	-0.002105251671438715	-0.0059387906132881245	0.006026498546462479	0.00042421606073458527	-0.004987060202680084	-0.00491260567636487	0.000948195439010424	0.0037492651845376815	0.00027118872110593024	-0.010778517304002371	-4.002346144241608e-05	-0.0028441468641863016	-0.0
2019.3.14.cow.nasal.2	0.2651066814305224	0.11091779646843797	0.008721393698892051	-0.198441067506172	-0.008949481868306	0.05627435803701815	0.003585577074778875	0.08227729329586111	-0.1086170115873217	0.09523351875164587	-0.05088526415770273	0.012367492191162078	0.008437626810215171	-0.12046958287978067	0.030001987448256568	0.054144062702594295	-0.06320234445503588	-0.05255232827261737	-0.06433665573790574	0.021701594975572055	0.004626710659816326	-0.11669101619764727	0.011799315559648348	0.1315630092343106	0.05751947184376338	-0.0452996522622402	0.08272746343212138	-0.1428608276125669	0.023499213434380304	-0.12780044333128862	0.008489697211916716	0.029506906314288164	0.013167449294885624	-0.006550329656484329	0.005109837750388697	-0.012394353148137884	-0.06223645246667096	0.055720545001150694	-0.02391457357263951	-0.07677877674215645	-0.046728111709009236	0.045883717471037685	0.0006054600443668879	-0.04028249389318063	0.015272870709307256	0.05948329658674228	0.04739959871903791	0.0380079515234784	-0.025207179789911976	0.04316505499741031	0.062054579620959456	0.016955432456367898	0.027646175987029627	-0.01325087121312452	0.12599893038383606	0.09202608598749216	-0.07364160410453785	0.10805632259560757	0.052892491228070215	-0.06490309615558215	-0.06879553226707108	0.027704308092269432	-0.07893385519306294	0.015057742575472597	0.04342981399532884	0.033402085595217894	0.01895103704856578	-0.002626303558678211	-0.006193651005034584	-0.07361735328818583	-0.048186398865200215	-0.011765729367210842	-0.032730732194635695	0.009351612290493817	-0.01889967203082991	-0.005368277328114315	-0.009267578149782112	0.023013500927221788	0.00850841646738813	-0.03812677061280138	0.040758258557574464	0.016289922612202874	0.03301745982923875	0.0010595441634993292	0.005850732247461709	0.008583475059255684	-0.026147447435629186	0.030666525324370968	0.01284050589872878	-0.019853176226587436	0.01629076801078639	-0.006443412300454484	0.00128935923595281	0.003328107744877972	-0.008915227381486068	0.000272475522598783	0.010960133323737176	0.0008717476241651402	-0.004002941452280125	0.006331089050746218	0.002881639725272814	0.005365958254860279	-0.0
2019.3.14.cow.nasal.3	0.32815163155205795	-0.05533714691483432	-0.018508017637211743	0.10908999525489975	0.3133825972489941	0.08383644917319358	0.004341309946881292	-0.00825353005245836	0.01703511207808823	-0.11214401830596131	-0.09254743656175568	-0.059068294541024	0.1879127845710348	-0.14282240912486535	0.10524284576338654	0.05425452394612882	-0.022186536284185064	-0.02625386405200997	0.02870242821958235	0.056818962142329905	0.004302874269860369	0.11919919937793112	-0.10928042531604966	0.05068901333770981	-0.26011775669198084	-0.0007956030012774849	-0.03623057172596162	-0.046088281867963626	-0.04552287817609643	0.056969677183370426	0.05535780681037824	-0.0516035618437362	0.07468115002117212	0.06769790706889373	0.04632347501128398	0.05735395619215239	0.012874707149941475	-0.08859128097300185	0.058187099059722434	-0.021210698153098836	-0.07331766504291562	0.05378640603750802	-0.003640889223367514	-0.03847676225143302	0.005833258561801892	0.060750919563890386	0.05195506404942904	-0.10098106954507745	0.024710212408715567	0.002960167680883773	-0.013722543971094358	0.003711117613212439	-0.002566067958015789	-0.006306064573702487	0.02689873445509168	-0.05743266848798516	-0.030549172884513396	0.0209271650435193	0.030553178456210674	-0.02965340198094794	-0.01324411503244582	0.02896968439860368	-0.004641872879858887	0.018992664979275604	0.0014279086804360934	-0.02365725979610173	-0.0051916123860634164	-9.569152960508655e-05	0.00022866925460275582	0.017894242293663435	0.0038333938271573062	0.006840889029912395	-0.011095407853681662	0.007798255697703033	0.0028181401240174784	0.01202786687334274	0.00011823708938177802	0.007305425057850513	-0.0032057951591056193	0.006756786377213852	0.0130592161754266	-0.012183503839218904	-0.009468527155276883	0.005415164620575471	-0.0046237707618372965	-0.005419674718277195	-0.0014021043266279074	0.005268596557211182	8.093591705019054e-05	-0.0030266380363651348	0.0048946172158308345	0.010858739189883445	-0.014323508075392524	0.018330304764179055	0.00839512260352672	-0.0001376485733901695	0.0012008906870278925	-0.0009363372111171987	-0.0027747823900914595	0.0013571468215354747	0.0014086832726730837	0.0012693793488302867	-0.0
2019.3.14.cow.nasal.4	0.42055129960208015	-0.10263613334754296	0.07624886229392126	0.05805272879196171	0.009395544545556269	-0.15905409962296685	0.010860922197638304	0.011666088566170222	0.11722024269565179	-0.007818616268642989	0.03381472098761243	-0.015212712310526868	-0.058522631110867966	0.12323467834399834	-0.0402584790025559	-0.014354920167073518	0.032022968873863994	0.03877830048363406	-0.18161315810153755	0.037882181660357624	-0.052326182971989633	0.057077127921281404	0.026104003572987904	-0.005426264520601901	-0.08964631022873812	0.0004044874170794038	0.011856346640380183	-0.009165577259960164	0.01819654197746107	-0.0220803763718464	-0.0023588828944435493	0.02192854019875719	-0.014788381178285908	-0.027258140090243327	-0.028531176592754157	-0.02401398148103849	-0.014114258814482528	0.008950185824582	0.019776384069315884	-0.015110625579557906	0.043621403038629825	-0.02230405370038141	0.022314660345106978	0.06657110023709031	-0.006065054738396027	-0.018298468994827802	0.06293429523795586	-0.016570467852889095	0.013813289201034152	0.019708907239330734	-0.014996662702679013	-0.027166286775438798	-0.07454351490829801	-0.11212124424250818	0.030245949693189004	-0.0019214821213533269	0.1063116784775124	0.024508725282692004	0.09696615848311296	-0.11831819125095486	0.011350540853260446	0.033722095585553495	-0.07979037602498491	-0.1644856132532333	-0.035619944851664545	0.02016536084860843	-0.04766112935347908	0.04968189294577276	0.04490709075693638	-0.04360499577758569	-0.026744275999619795	0.011378038188814544	-0.10466956971453704	0.004363776680517793	0.03860954616663774	-0.009193360373013264	0.06999062146959283	-0.003413670335675309	0.0032848351584667634	-0.007155675106958345	-0.006741528030463179	-0.0014902434024415456	-0.016743589264878518	-0.007049957653315453	0.006421119457334892	-0.02080820475736242	0.018774318980181438	-0.045799602043059356	-0.00871810979789646	-0.0005231934563378934	-0.008543718245103566	0.013909435456456173	-0.02637283888118548	0.01783168055303723	0.0017931915466780541	-0.006795157164847022	0.00846707529514343	-0.0010929528266653639	-0.0016249517003751423	0.004093480258785024	-0.0017999095353062396	0.0016961823743386047	-0.0
2019.3.14.cow.nasal.4.rep	0.40931954470370996	-0.10756403126714788	0.1501123998046997	0.13167590190432604	-0.08164882371592289	-0.07039070956275356	0.002638616141712982	0.024407666131432665	0.050969382131182316	-0.0506784404325032	0.04875213079049588	-0.018335978930760125	-0.0759076030840127	0.08727606182936441	-0.039409646762919276	-0.028690892890392346	0.0883799367019351	0.02961546159552498	-0.025362622873161215	0.004153894033729648	0.0023848794843980632	-0.07768583748599865	0.011751377474753221	0.031581638870335334	0.003033087177662302	-0.039314766404108234	-0.04599632054457053	0.06011268496944116	0.04907799091770377	0.10550661587766928	-0.04759556699348888	0.0800819658998095	0.02871880124516427	0.028229565481991747	-0.09958626026322029	0.0676852697679609	-0.09537673264520428	0.03528212939225013	0.04554254442664534	-0.11889898386277752	-0.09081694882517634	0.05350303350883139	0.09151808629553689	-0.10239209514787363	-0.07476215253402083	-0.018263716073171555	0.07129851638752091	-0.07350036659677381	0.0019560380849695867	-0.07029503077036131	-0.017540288635661795	0.032011242489636244	-0.008326239502450835	0.12558276723098544	-0.011593132379960548	0.04345049714709326	0.01912527952920227	0.08867242474071102	-0.1080645092473838	-0.026590119085242243	-0.013740469434082126	0.05648902270302595	-0.02062257838804515	0.08691907808765202	0.07300937567476296	-0.045711439862147686	-0.01976329636850244	0.002830575140433572	-0.031489322047850224	0.013499239471717913	0.06858379027798536	-0.02031916329448104	-0.031931397129413536	-0.009560558586745161	0.016187721769887947	-0.031819535920203264	0.04097838613698941	-0.005507023472363345	-0.002158720659474857	-0.0006112127489785496	-0.008878753900349822	-0.02152976662874184	-0.014760539488375624	0.016706123595482656	-0.004378212893365097	-1.584602928174506e-05	0.015291337981729866	0.011843115323066016	-0.0015783402347878625	0.0022592369780493177	-0.000268217578284247	0.002991180758777674	-0.0015371470571836213	0.0046726014696163755	0.006309742363483817	-0.0017441105615169537	-0.0002515330820610951	0.004302173092895083	-0.0016717540732998548	0.012249063420848453	0.0012163329497392867	0.005811990392551307	-0.0
2019.3.14.cow.nasal.5	0.40670692812290105	-0.10434613060356333	0.03576316421775193	0.03387664082788765	0.07478012920699435	-0.12031485473222531	0.016561316217189936	-0.07533909298782861	0.019243789179556554	-0.06586787239377204	0.02634934038782718	-0.12646061166413122	-0.06132187203208514	-0.11982223614303035	0.0006211997944735743	0.06678155950281513	-0.08857982358245155	-0.09439448961897347	-0.04791908367824008	0.037916731754868815	-0.1407201703912542	-0.049349083417630495	-0.07353962539764287	0.0935974163544871	0.05743490135751173	-0.0926180180187451	-0.11812184905910009	0.0694920057144978	-0.08432127578200349	0.06996692484439757	-0.21175257297114886	-0.012784004687646408	-0.04222569807068853	-0.042011104766133456	0.035679278226873966	0.09771074962117686	-0.0008455337215905729	-0.0518560486098132	-0.03695389377997297	-0.001861789382713056	0.08657394880519076	-0.04671009137589154	-0.0028976914003536434	0.02674495574960004	0.02784212769478887	-0.04528612455228814	0.012263485330768938	0.08463982202102627	-0.0048878484754815935	0.03541598691650092	0.05906376085383979	-0.0819378873762062	0.07017806280064728	0.06221187820163277	0.021284927708450415	0.013819433283985317	-0.08368755651971954	-0.03842733369085829	0.038987462871635306	0.08746979240431654	-0.00842011092357403	0.011822248087002952	-0.0015565698212435027	-0.0026249052668455906	-0.018291083952492466	-0.002629960630954395	-0.025492347096575156	0.010945598421948094	0.025296544048195337	-0.034884656587003314	0.0023609973739335045	0.0065707659677466355	-0.0060020047206901005	-0.01169683723987236	0.026481221862089475	-0.033074696266194886	0.050010964365574666	-0.0031959144296395334	0.02079822982317627	0.04078473146313435	-0.017522275395903713	-0.0016618138250438128	0.009211724482538505	-0.0004791058719919155	-0.007622323708144273	-0.0029077176077656783	0.009121953265469322	-0.01588483201641969	0.0006272247684458226	0.0021019904460401343	-0.004833690965061007	0.004245248630433794	-0.006115925658887225	-0.002171634572060654	0.004027423773786976	-0.0016279926547076854	0.0023612508392798796	0.0025947286799376545	-0.00294366792879849	0.004019221266641043	0.00042923972300707976	0.000586489962974337	-0.0
2019.3.14.cow.nasal.6	0.40436661824525627	-0.08837422300649607	-0.09429376414007125	-0.03733350722880091	0.18221262957554357	-0.1622587657987473	0.015497815821696875	-0.11117971122726665	-0.03797118848939702	-0.11191210367332423	0.0008215749427437546	-0.03428486502459437	0.004799691977684505	-0.05023075429566026	-0.015294077536991852	-0.05009759767747488	-0.030235908586822936	-0.03455793627754749	0.024715733103522767	-0.04717906504197423	-0.03213369225166873	0.0835287065881638	-0.07707545164130476	-0.059553032872437385	0.055563863096622396	-0.007603551725966227	-0.0029616934188192614	0.036122148702335585	-0.004224350194390214	0.00875450205060842	-0.03320540440014746	-0.02463396931730639	-0.07570537074594252	-0.07452237145552791	-0.06800611383004067	-0.021547755100810223	0.05778314353594376	0.026666987814088668	-0.05514060539546478	-0.005412439323134763	0.05496575497106356	0.01883463989665954	-0.05256358641170974	-0.09233203181952516	0.007983262141512158	0.02390009333381869	-0.16553897507559306	-0.019081209425341562	-0.13231102243948348	-0.051320290626593004	-0.0311306427898899	0.09286352672132152	-0.012521870239671426	-0.022856093847599356	0.08448335504347493	0.08578604530350087	0.035410631957623	0.024627518259284765	-0.07077362577671953	-0.1323141073225811	0.024603042153037324	-0.018608850223655535	-0.0029573784599232294	-0.05494907260187273	0.06158238817235548	-0.0544603625996081	-0.0027147181127835937	0.00847799506172144	0.030933298098777397	0.00959254167631867	0.017746615620028897	-0.04854355945103702	0.03331840719606964	0.046929778746837764	-0.03432216720636592	0.039994016564543634	-0.03507983502095586	-0.0009376421092531742	0.02650048178564552	0.015174688043803333	0.017112413892485953	-0.009613703577204136	-0.02415759958225114	-0.006166024330134177	0.006363116301112239	0.032036133753150516	-0.01074817210679823	0.014403438544075707	-0.007435268263097629	-0.008775122832062545	-0.0013609889578264592	-0.016515854208963284	0.01924761857532079	-0.02246153822028466	-0.013494076181368319	0.004531455522495815	-0.0015580369955929222	0.002066595969457734	-0.002434036709324706	-0.012224734598975762	-0.001277833196215428	-0.003312684526988358	-0.0
2019.3.14.cow.nasal.7	-0.052935262072227686	0.01047662829536772	0.057301986751477116	-0.10016022651183036	-0.06609567778062965	0.06284545605146931	0.07189952756621928	0.08759249706134861	0.05584077503451401	-0.04329427159590367	0.11528713688132793	0.05740601710205188	-0.018254147814889467	-0.011507213047894697	0.0711267009608836	0.030953265853772963	-0.03948461155723312	-0.16192171625004825	0.015285625031781496	0.011458456603192368	0.08319659200445192	0.07433185474643336	0.028868145128537925	0.017902067131630478	-0.07387084721870212	0.04879295955916254	0.11517630854740911	0.09858238272769022	-0.06334287879794269	0.03651732504081549	-0.003010471890025215	0.008440940194295725	0.04259877075833828	-0.1035239575034939	0.05772714688249828	-0.0856990733776689	-0.08413053299449595	0.03668574451395681	0.058035933155091354	0.15328727093003175	0.024362097207052125	0.0033150568444358704	0.04845786456792349	0.005370063974678529	-0.07471230653545244	-0.060718008968197984	0.037022533402175664	-0.04294550453358828	-0.010589404837561055	-0.04093818785577951	-0.05420078817698588	0.026176711377012163	0.029314644124722917	-0.015536318322142348	0.025769476407469488	0.09589613193314846	-0.09046045695549342	-0.08202420139910377	-0.01009430166515505	0.013872480124666022	0.007888797463362556	0.058510263373500564	-0.002866527462252424	-0.019071412789680595	0.04793058646051934	0.04846971486629215	-0.004560849665927425	0.002439719066501548	-0.06443366314847493	-0.06502215094251954	0.024883280354247667	-0.01871058559518861	-0.03576690331457251	0.06656747569079614	0.009400811200495551	0.02577387214735119	0.004010261255507596	-0.04585119402271571	0.04869492585042425	0.054053519486101126	-0.03309731210103925	-0.05244821488792334	0.005396837259904432	-0.018328152050375055	0.01348763541511949	0.015985879263608564	0.014631815478581446	0.03135563419765689	0.016186419829593263	0.0005463017375467042	-0.017759374736743935	0.0092016439828068	-0.004934969804968088	-0.022834565727499086	0.002300697315351173	-0.01987593551893964	-0.003375211750206735	-0.006955915435959394	-0.010900783524169688	0.006958541467981759	-0.0022373753190396317	0.0007331477104871441	-0.0
2019.3.14.cow.nasal.8	0.28753291793245883	0.04699467326576261	-0.07087821855677921	-0.20070418295589895	-0.006287216258535348	0.10297063749117714	-0.038528286660238165	-0.18179044309700632	0.2000382417241478	0.13601333738538227	-0.008807106141172897	0.0025030616455886294	-0.003029399028454175	-0.05999140554746978	-0.010990350497576526	-0.015767112339280964	0.049793444253109005	0.07428541989300252	0.08876077581448419	0.029187233701804035	0.025356164221447035	0.015707358210215752	0.06678298506042228	0.0006010630002467499	-0.04644256530842831	0.04559609590592936	-0.13895735328637956	0.09376489872748589	0.02874013157663542	-0.07206287059638981	-0.08079382996702214	-0.018062716268858334	-0.06093272185649021	0.014766991713221565	0.015380034134261403	-0.019553718348168287	0.030510988836475714	0.016027885989332715	0.03795930165811779	0.06572565473088915	-0.0004947962121163785	0.08303785070750384	-0.07847680363486438	0.11336871232379422	0.09533273513622278	0.037117102835725564	0.11959104790308343	0.027959860440847195	0.02558492322165036	0.03601053446740012	0.05019982527421708	0.010731440887293012	-0.006033443324740591	-0.027541117651798425	0.002128567426080102	0.07623439987708983	0.06872732817218115	0.05686329969718905	-0.03622400960202406	0.006206025842205925	0.044498616418822766	0.04139284583859605	0.016655260021333215	0.05083535773073331	0.06479136827694051	-0.029857310339417607	-0.07501900660697584	-0.043489258167966914	0.013539611488131282	-0.047204135722424476	0.08050142788878163	-0.038291360486977365	0.008092313591895623	0.028890213163417038	-0.024246429603227114	0.05262714179097324	-0.028994952444665833	-0.020243886144584198	-0.01857770315116889	-0.017603829137656696	0.0026909307426659767	-0.018218971113017613	0.010893988838485325	-0.005632764517410081	0.0007927483995139883	-0.022412305276929098	0.0072617258431615294	0.00020388847636980336	0.00031423659942418836	-0.0038246033265691708	0.00851536434383848	0.011911051465942277	-0.00515711431718426	0.009941847344165575	0.000613303928965951	0.0028971590083758064	-0.005984372223523556	-0.004150546179046409	-0.002968195371518133	-0.002711715694476355	0.0014093470217823106	-0.00379660878642332	-0.0
2019.3.14.cow.nasal.9	0.39098899191909936	-0.027420887700480786	-0.008282540504793814	-0.10882626190689794	0.13959935615447366	-0.0936270614081272	0.026030816682742073	0.0009133576461709985	0.050641780207414985	-0.05174774400401475	-0.01188977511661604	0.010308677420478179	-0.015479072399928934	-0.04352601329284478	-0.024627307460994743	0.0258613049948391	0.005225196288376902	-0.11224887871117857	0.005890873477102328	0.0447097723589416	-0.10731312400036887	-0.01607217686555801	-0.03965991406442279	-0.07264160947378935	-0.019133936444942257	0.05594334411085054	0.00041481001630132926	-0.08702203097612925	0.07989214383426992	0.12082994422917287	0.12074758136863152	0.05754564295761314	0.0222837207299002	0.05869252977345919	0.016916727695160373	-0.034977634319664816	0.01557020347751049	0.15080618014755998	0.031080001069902784	0.07766991740720817	0.06707975929496587	-0.003143399375300763	0.03663769287494035	0.06456003074398936	-0.09219916294556167	0.09363866802631783	-0.005201663447516329	0.10282712411822956	-0.0027918721715058845	0.06790697070732926	0.02297649740122149	0.08455006907013786	-0.016547241065520513	0.035975965481205005	-0.08269327874992406	0.0921365064130987	0.017915575888621603	0.022548663207299445	-0.08283468247535522	0.06533213022572353	0.002999615663511371	-0.04348664651824287	0.011411220064024504	0.02529102864405267	-0.05677507164981768	-0.02191239042147383	-0.02016906347283808	-0.043558647832950846	-0.034899539921737575	-0.005355022204383163	-0.04374914463417559	0.08155624182093058	-0.06459119794962873	-0.04228107911112185	0.003031929719539009	0.010781911254574117	0.009692609816877614	0.05106914607686064	-0.02249134476319003	0.009692944564396911	0.014197878642913376	0.029020982507468384	0.007304082975814087	0.007474932585277272	0.008181929437665115	-0.02186967983290909	-0.003352001950653168	-0.023887282726484375	0.001472815053713463	0.007728636366582781	-0.0006869178689838508	-0.0023938048365909114	0.0001715813175793609	-0.0006685774617936655	-0.004411663586600433	0.0015138223785888928	0.0002152751608463318	0.003527773693805074	0.001985606877082165	-0.010802778239391018	-0.002114278587744701	-0.001321725274662543	-0.0
2019.3.14.cow.oral.1	0.29936439314088437	-0.027693205387178677	-0.06744173126469491	-0.011270281420171257	-0.11849781223673969	0.15767913928111957	-0.05773293211183165	-0.2958769050258161	-0.3223602592747055	-0.1589555951147716	0.09120909790244608	0.07371543903439384	-0.054639586946123885	0.05139878809582616	-0.03534969603770289	-0.03648857920909394	0.058363485658967436	0.04919071929577986	-0.028604108395166403	0.026026385021285712	0.034770215543212045	0.051922274319029134	-0.021068631326545007	0.01454534774142543	-0.0719834048787947	-0.019711800785712618	0.002636392823070443	0.023206222028319682	-0.01286283051360947	-0.006522316933364405	-0.02143938201525072	0.0036897292846844094	0.013202288236472973	-0.013547358228704605	-0.013495132827789073	0.024002479942425495	0.023954671395381866	0.0062163442533633454	0.0011888313411931384	-0.011973308032235591	0.019730859029329906	0.02570683728334517	0.013055338753626218	-0.001889974663125669	-0.0026708997194096265	-0.004202889967142258	-0.010737018249146833	-0.00975129386764972	-0.0011947747489341964	-0.0027681338900733187	0.04868662193319996	0.027898814492573688	0.03417149972967655	-0.03662007542106245	0.013186854086456095	0.03185428915204319	-0.040810035300957906	-0.008007483010879292	-0.007912170733002478	0.06559602377295506	0.02713608023128737	0.00790592003521283	0.034336175778289346	0.0038122664683616124	-0.08488710333939146	0.06725646549125339	0.03536202244195493	0.029857783221867662	-0.03273523651097575	-0.000402857805154512	-0.011381712746399132	-0.07987223846969194	-0.09694748659563093	-0.09903780853037965	-0.02336233660365846	0.08073169512386943	0.027212203386138563	-0.006527904113401781	-0.03325811637088968	-0.08369664832945152	0.051124768463731984	-0.043520280857728556	-0.025383959139228668	0.0044244361535810735	0.019766263330159607	-0.009407425015186361	-0.0045418310096631415	-0.016430467894269628	-0.007082163440262163	-0.006575376436710673	0.014980054575665761	-0.010981128564896844	0.010011497945645466	-0.001148863126443478	-0.0083270525400047	0.003228462440257668	0.005334878764652209	-0.0019775962970652247	0.0007414830039127453	0.01176484803309433	0.004225527127193534	0.0028957257074469387	-0.0
2019.3.14.cow.oral.1.rep	0.2949577700411616	0.01647576075815893	-0.016615895711074698	-0.033610682234819056	-0.15277476583275085	0.17882485974467793	-0.053378735564195735	-0.2724596154451501	-0.2741731421918659	-0.13748055095559633	0.051693312769217924	0.08528934295474447	-0.01712141267299768	0.03458552116132839	-0.03820288323504416	0.019956432040566418	-0.003459296369487345	-0.011395821243689023	-0.06301864770644723	0.03949332142221827	0.003998042257420144	0.03171210318677811	0.007710026099111359	-0.036092903949758066	-0.05730567940611197	0.018526772877001565	-0.04106309405438817	-0.10732545989524377	0.003728764101515883	-0.013202530988438353	-7.253160130407392e-06	-0.038601288661965084	-0.018928024921323183	0.013853077206384413	0.0630353975490655	-0.05449996854130819	-0.03827289700127269	-0.009588193419722637	-0.007131727601587186	0.018805421290425225	-0.020057758324125208	-0.033674240087284604	0.010349106740933147	0.029405458027355214	0.0035362499406404874	-0.003151440090223017	-0.00971785745008513	0.0811104620434248	0.02082405607918612	-0.020879158686618993	-0.052840375640987036	-0.04693784793997876	-0.05489030911191025	0.04629027782246576	-0.01964352442622775	-0.01802946377972223	0.01731656956287876	0.02353786170312975	-0.0012913579595612015	-0.050706145224214634	-0.03708443139801511	-0.010446833269651238	-0.037568138417859366	0.0004512464377358638	0.08918871876876648	-0.06480585741098925	-0.023070272848892934	-0.05051243309614144	0.010735957350238063	-0.003389448313135173	0.015520859947427697	0.08647391731049665	0.06781768295502383	0.0856162372423704	0.03830195098991053	-0.10405449475228581	-0.005709593176050834	0.002782500997116843	0.033708173468890094	0.05656393523671462	-0.06886488034086251	0.04252370886316474	0.02230890443755309	-0.0028903438672621285	-0.01801846446355978	-0.0015946398090785937	0.015649267265473905	0.00086493578628791	0.010467028565490031	0.0019364220823496932	-0.012251484804827255	0.010273877024671921	-0.01870833506766071	0.0012686062741619378	0.010612092959476974	-0.003484910737448811	-0.005133289201650376	0.0018840131038419313	0.0011719166604811304	-0.005839193882730161	-0.0030310870804320777	-0.005421388517686752	-0.0
2019.3.14.cow.oral.10	0.4240879858494184	-0.07812221319293507	0.1681764605206745	0.05686818389429545	-0.1591324152343695	-0.0634604183419739	-0.0214551870989428	0.02975780502256937	-0.06959466347691405	0.09638173626864602	0.0018063324520508441	-0.02329036281917195	0.028135977626495834	0.06632103237316722	0.04236880841159429	-0.07045776081267233	0.04786166848497765	0.06403512453492527	0.0899504669787054	-0.0227550538992476	0.012326760677208132	0.06713601509497417	0.016196521841631326	-0.05234766283934554	-0.011686097990039461	0.007318019898670996	-0.039646330879692895	-0.00023193741734976148	0.034977250950765794	-0.08011488484558571	-0.04872988185141124	-0.022486350136883583	-0.01110001165413917	-0.06807041698559141	-0.027220205730499117	0.05008143605928634	-0.0014358291320395377	-0.058518929155317125	0.06391424881126803	-0.011450279842868415	-0.0016272687968461104	0.027686838948646493	0.03202515121433831	0.04055693023347141	-0.04057625949718565	0.07041959003854546	-0.004629251732175404	-0.002500120589900942	-0.02566834529235179	0.02338289460723321	0.030164720464544086	0.06368494744812726	-0.02131915741124884	0.029369350619994614	0.0020978508241844703	-0.02648700615986455	-0.04179546197334014	-0.04204075310830594	0.0561469247435345	0.015227226718525024	0.030149625065815103	0.0685930556080668	0.059371600079294665	-0.030731394541981347	-0.052803326821619104	-0.042778955983421865	-0.029453822904369882	-0.004250163969924081	0.016797623240970852	-0.03501813203487901	-0.04538203369998418	0.09287449939434783	-0.01379006536799431	-0.008771038154825543	0.01659536027181891	0.02247911061038621	-0.015336018892472107	0.11624950412555135	0.03580536111306595	0.11308653306370366	0.05215488731630209	-0.008970500174465745	0.02200944540485216	0.03930385925468486	-0.023702191238269305	0.06410684539338297	-0.07707071595985027	0.1109753143692644	0.015089450636473647	-0.001092269180857777	0.013167897357888871	-0.007222364439232242	0.03724839342312303	-0.005780350867302839	-0.001776757345817782	0.0038334752052738416	0.0003123953075935299	0.01058950537650239	-0.007556562915298573	0.016723115105621078	0.0019896737049490956	0.005201684342433847	-0.0
2019.3.14.cow.oral.10.rep	0.44231952085404974	-0.03411384961859805	0.1416655439590152	0.07910546205286755	-0.09648112771875843	-0.05905977127720782	-0.0073637134982518625	0.07525362534945053	-0.00667783505113792	0.025962504775148405	-0.05883059894568744	0.05919155303644313	0.03575102232733289	0.030874612460158546	-0.005237080962861248	-0.08352169359997703	-0.025206079541051196	0.030760597432674744	0.0030083961431032575	-0.019411092723143404	-0.02930057785467419	0.07038714916079189	-0.014503749410611114	-0.014365942050430361	0.044974499028875056	0.012109182295146712	0.018133709960271072	-0.06096462713752309	0.013686738709715282	-0.09858309333926157	-0.059401915946420455	-0.022264636780388335	-0.017577045361854025	-0.019646718215910235	-0.02921299695593617	0.01649431918182753	0.0012459468724632951	0.03970075604789543	1.3646725581532695e-05	0.04841814186261107	0.014259133247326299	0.02026749682496729	0.029515854877177998	-0.044291656558829384	0.022825984836759922	0.06051528835249743	-0.019088540654971037	-0.06731730512151043	-0.04312470352191743	0.05172578851247617	-0.027150410812531348	0.08731649061289011	-0.023758853401613985	0.003592722929348067	0.03135989332556006	-0.08083129889349316	-0.1124293422084081	0.009104840691801785	-0.0027109439892343983	0.04647783730422413	0.03633919259926833	0.1035945852951142	0.062402145982072325	0.05694249882697204	-0.010651076424509132	0.01744579363988829	0.006624129249172878	-0.028944323880185745	-0.00999290394024846	-0.028927173574825833	-0.014349553781095866	-0.0008461158297688837	0.05325237528638724	0.02909758472541682	-0.000734868523917874	0.004191839442320276	-0.0041025154568051	-0.0012283787933277718	0.018602827069517575	-0.0007428069588156763	-0.030335985008401876	0.04296987283690462	0.01743886912051725	-0.04863986471338181	0.04062292437856464	-0.090712915252519	0.06406916226255074	-0.17298458445482043	-0.023879396852264916	0.0080978153782079	-0.005105046924007495	0.006978135270475559	-0.04040102304861873	0.00011269028376893548	0.00816317919758513	-0.0005304400203241705	-0.00511643735845308	-0.016851519595152756	0.005955521795913119	-0.016035750360644314	-0.0021238093781216646	-0.005271619027880538	-0.0
2019.3.14.cow.oral.11	0.44059242268696647	-0.10253581866274969	0.1179700543318244	0.07815737583441128	-0.018440040755956223	-0.11252917469366233	0.0003755425503394996	-0.010407646226873107	-0.024015279480356592	-0.018942225600900357	0.05184511670407364	-0.15513358718308864	-0.06287944386006007	-0.0189752354919962	-0.020475440879343276	-0.05968669486120446	0.038336610481487766	0.03794479485617449	-0.08875469713907104	-0.0025473396995408138	0.030535918903764354	0.029552307050050644	0.12542690001475193	-0.04545591050323616	0.024852668492379208	0.061067960386295236	0.11137803009528932	0.02573622051770479	-0.05449880770318989	-0.0023240471194522754	0.027222704222368253	0.0413933014857753	0.04357072232064763	0.07890966873929307	0.01922192781878191	0.020111716520935463	0.019643677889767914	-0.04422894433182601	-0.061103632375748326	-0.012253214727929902	-0.01264031632300052	-0.00440784595522938	-0.044319158433292434	0.00827172576860991	0.040778239553723866	-0.024386435002507152	0.046715679988276956	-0.02467991058727783	-0.002532374485678078	0.026476328244398124	0.0037363383333524577	-0.04631859190148274	0.016805814182267894	0.025600088772121825	0.014367479359476321	0.01766183336899475	-0.06716243509121585	-0.017396919798277545	-0.006598039721645186	0.05536608191569721	-0.07041112721314914	-0.037241782538373285	-0.006962475980341633	0.022894080189743208	-0.004650176571950776	-0.056346940415604105	-0.0670226140248959	-0.06283533004884925	0.023418528430010816	0.10640868545756474	-0.08954410148170326	0.05281358308542765	-0.04193368308697761	0.13069562480210284	-0.009585907562938182	0.12116459523071584	-0.07511850995935106	-0.04801434157121829	0.008860054957484464	-0.07956628338265817	-0.02809019992152246	0.011215676695123168	-0.01845517359547678	-0.01658893741461546	0.011924169425073588	0.0012628713763143638	-0.023363303582727143	0.026944379404835614	0.0011950063537959326	-0.010149492405573224	-0.008118888263771783	0.00799416080213843	0.003592679960700581	-0.003434999906260596	-0.004278666753980015	0.0053967370459214615	-0.007121984994050289	-0.0031767563651965013	-0.0006102760311601905	-0.02334276921130065	-0.004841048700884818	-0.0027738554064152404	-0.0
2019.3.14.cow.oral.11.rep	0.4181905520299237	-0.06655819505436777	0.0984090468261199	0.010078757189828784	6.369333180684444e-05	-0.08373807519260755	0.006600482164061604	0.03832385551293397	0.010846646293540367	-0.005504168747208004	0.04450749633418289	-0.07670216727457768	-0.030628161719280622	0.009528424724281071	-0.017066396781706315	-0.03133530659657015	0.036716183598976306	0.036386502892271695	-0.14044779003015107	0.05884351854343742	0.07054217544621069	0.017276062032220228	0.08916271502619069	0.01327965009139855	-0.05869148799889507	-0.0018975929799840451	0.14419820724428487	-0.016952984951071372	-0.04468734120580766	-0.041993766850381774	0.09340723565772628	0.04340444951712929	0.06308522921973202	0.09438344858324428	0.02001264893323374	0.0524537753587816	0.08712779164043392	0.011977573626069774	-0.09206302556874751	0.04476979152678143	0.026275341856387448	0.013997527012850088	-0.11987019800899607	-0.01564290480455648	0.11047468473899749	-0.009841299971901488	0.004040709724474101	-0.014319055396688849	-0.055670603647224357	0.03908737917149628	-0.057780568954860285	-0.0146669457524322	0.004784719499479028	-0.029374806822842946	0.009745415665774694	0.03395099073118879	0.01415282796209245	-0.031192949610696786	-0.046466581615335595	0.059152883027079925	0.01880559262347255	-0.04058804088702792	0.04297124882639331	0.05278701411393693	0.019288347271090522	-0.02578147178961833	0.035706867686908235	0.018850471644632296	-0.0017734264868740867	-0.08519716677559303	0.0710930623271712	-0.05259066354932052	0.06508788244658849	-0.09083844206244886	0.00691705255622404	-0.0975161512850983	0.04865246094618907	0.0276231424326519	0.0018664223105502888	0.0893532086241116	0.019419597102559357	-0.005934930110203179	0.016513094964650425	0.02258938348307952	-0.029291250923109132	0.019445336804677665	0.005321181050029975	0.014200953378217827	-0.004217452697194375	0.012638393514545982	0.015667556896273086	-0.004988090151139487	0.004650741729986206	-0.008438113312448245	0.0036341331893964606	0.0019562569601610357	-0.0018040593998909578	0.004511921469449325	0.0010751681425963504	0.03531053331526784	0.004639776480374722	0.002189334620607907	-0.0
2019.3.14.cow.oral.12	0.19584295917913735	0.1469125508927313	0.09705571589301873	-0.04986260213401619	-0.09405859089772749	0.008001533325333206	0.042357063315968564	0.13019878565460208	0.11122383480489632	-0.016561854105390055	-0.07116035005129769	0.1686104932419111	-0.03750716422962096	-0.021458368614395762	-0.05078668210581629	0.05675204791102146	0.07846050669323405	-0.04963392127570274	0.01198370086433842	-0.03895321454908153	-0.07461322170030939	-0.0014746795044612935	-0.039421507559433286	0.027994987109623042	-0.005494575797483408	0.03791117219226032	-0.023174060964211183	-0.07045623495864416	-0.02035101904130831	-0.037251602798044806	-0.014728858659828323	-0.0674684417086669	-0.014024097791620659	0.07632593480811065	0.14495400746379627	-0.003920799845263765	0.05178795701697976	-0.05879551570599156	-0.05447731180413476	-0.030030209185892318	0.11955523956007581	-0.06918359562315984	0.061927297972467356	-0.011257956675765542	0.07211513696832245	-0.06356086171985824	-0.040634061575466604	0.01613886764109949	-0.007516458636813985	-0.07865786012551507	-0.10483430687979022	-0.10740557336974557	-0.10629144347485688	0.013831395033496877	0.029328282851365812	0.015055987785367745	-0.015282240628709426	0.03326853971707795	-0.040065328017063244	-0.031902205462213735	0.011461504385257355	0.0789365081877608	0.08011306301324034	0.03305169254221975	0.02077560555242233	-0.018420542398438565	0.03145307530577092	-0.02006836799670186	-0.023154385543405695	0.02728238181233455	0.0231054603480234	0.019620918748234167	-0.05594396831553297	-0.03178883732628594	-0.01949734444586515	0.053759683716685894	0.011749709226543673	0.07789771283269543	-0.012831732187401834	-0.06478688906985247	0.013372500407228503	-0.04969683855443188	-0.03783305243872918	0.0032472986894698974	0.01403176205857519	0.00873736743809884	-0.002893544789331942	0.040453618295280366	0.004631846458152672	0.005173182453321265	0.012634344220425522	0.0010574708939893767	-0.004915468043379767	-0.0030023122436390395	0.003492740807409005	0.014303697519781989	-0.00973542891794097	-0.00616078748136689	-0.012580819865159007	-0.0011011882460654693	0.0045162712805455274	-0.007972301008705133	-0.0
2019.3.14.cow.oral.13.rep	-0.008591120003986761	-0.06922276656604333	0.08061337157632298	-0.0497768793598435	-0.08446890862494404	0.05354928489520598	0.16352884499833545	0.08486939334439429	0.03824967169813485	-0.10933729581896723	0.14768832895451875	0.013927928605795422	-0.14473670648442014	-0.03547340814863706	0.07931711096629104	0.18601051328382012	-0.17163328344031759	0.1774718729716139	0.04868006654960498	-0.04821063678131761	-0.004680857447022268	0.0136880962211735	0.004829968379695741	-0.055129241409703725	0.0013357779585326552	-0.05490271742821673	0.010356568675483702	0.0401252511791416	0.01287419228447747	0.07033303870750318	0.030768793810810612	0.0027985229755640418	0.061512170361001366	-0.03148012718262637	0.0007210289167342679	-0.05789598496939817	0.02289681035449527	-0.023521263630294297	-0.10931918463185455	0.0014888130559479766	-0.029441984383387357	-0.005235987709184247	0.019454940929051125	0.038235437712415866	-0.0020594920839592887	0.044480040302938215	-0.012777847090392086	0.010743783788785658	0.03797850039814027	-0.05697538398116858	-0.004589723827961903	0.019793354457209988	0.0028942777088338625	-0.026637723012273965	0.02302593647102648	-0.07531104164096232	-0.03535615932642493	0.028253274335836416	0.03540256266506968	0.018513825652357083	0.06878499276503434	-0.03109225399825549	-0.021915014654128453	0.011268922853779787	0.07957665538593751	-0.038637308847525476	-0.09070835693395753	0.010868574761120664	0.00018037134868531253	-0.00879065379288976	0.01144518168430791	-0.011021108014671715	-0.045793322782752756	-0.01889940095140269	-0.03714972133312039	-0.030587136105010307	-0.07438005289010842	0.048823289280955945	-0.02137774556697117	0.005270033103518421	0.09600831688942105	0.02873551137442698	-0.002494644561726441	0.03893944644009161	0.013029886531675007	-0.012034032563980845	-0.011224292259420439	-0.03847092047677456	-0.03205118915619222	-0.007817103032784973	0.00518104849040221	0.0053919911013032085	-0.01578179987266613	0.01595897503849154	-0.01650561969103954	0.011548569315835948	0.0032044000725718813	-0.005693307300218406	0.014658809349724645	-0.008351325494518575	0.0033615316500463753	-0.002935465406633388	-0.0
2019.3.14.cow.oral.14	0.4150637979169621	-0.09779271868813573	0.14300975836279115	0.1348086715792716	-0.07922597860470838	-0.07486612568034381	0.005224935492501744	0.03005126345500227	-0.03914851878892986	0.015712384968652064	-0.07612924877313446	-0.012043491770732202	0.1385627533589016	-0.04755612831569505	0.06775152851264958	-0.0032781628753535933	0.0440833471493123	0.01292743885886725	0.18187947168674107	-0.1091203564677241	0.14696106836648137	0.012947751782553642	-0.02981844467153684	-0.04137734674793101	0.06052546039696124	0.059108638654531136	-0.00807784176582606	-0.02048969084345912	0.0024903426112823533	0.03158779988573731	0.04228113047292352	-0.0185465909732629	-0.10819510367373793	-0.10935397927294158	-0.03567005517063723	-0.1201986451869502	0.023577832400546023	-0.043107350602418604	-0.0390521025044177	0.02871670235434817	0.02958239247560526	0.07130554641635516	-0.054414491039357214	0.019015437304719378	0.06393083424139293	0.0037018910174558346	0.005579326067420828	0.012661018138343758	-0.031123404562825276	-0.02413481300059816	-0.008101115309182609	-0.09029966405608136	0.011515424339547999	0.010593024129742078	-0.055366532790878095	0.01782798808918418	-0.029320891155122056	0.04065912718594207	0.0022780336207739215	0.04004485876710429	-0.10272090604520975	-0.06052558615061219	-0.10444431961449378	0.0016090735820239504	-7.597905066300822e-05	-0.0042818354566753454	0.005451765871677765	0.0006828597586096221	-0.03650762553297862	0.0326247082079059	0.016491643294549684	-0.008950757831351902	-0.10285006941792815	-0.032100447897222405	0.007957881341788807	-0.05700289928312632	0.10881453284816743	-0.013211007757750958	0.020175105001972095	-0.008671018519470223	0.006045127332723884	0.001175077183383137	-0.008304707422506316	0.0018015759535710194	-0.013522713997473844	-0.023312399770197507	0.012007970446006008	-0.016158247246311583	-0.004737630946736387	-0.0008460786745898546	0.010816806151645967	0.0022145793685343345	-0.01651362944178922	0.012693616642716505	0.00743719593125021	0.0016397607004182838	0.0013358212971785462	0.0015010552526291175	0.002877500304789359	0.008388201199312873	0.0013982764741708646	0.0016004377978964723	-0.0
2019.3.14.cow.oral.15	0.32471391031876085	-0.010935623942993137	0.09122266394751477	-0.003909760891870903	-0.06108288970630493	0.04545289948479261	-0.025750239691618347	0.07811187968055297	-0.1986969452406844	0.14573800681989482	-0.024754432407458424	-0.12596442907447056	0.1199489841693603	-0.06043204630568082	0.09893283655551918	-0.004731662368578594	-0.054327968908841916	-0.004170628426711457	0.1357663634282947	0.04237253946081144	-0.10220284873016103	-0.002558710267257356	0.17410045410703232	-0.15317131718420604	-0.02281506866559022	0.04882682081506433	0.04214658457397809	0.05645468570220163	-0.01984008948496003	0.004591924065701923	0.04124169977830264	-0.015182905493734624	0.05384273396966029	0.08607329020181725	0.003778573006792754	0.08082516235273872	-0.00681466869092798	-0.06788601534762664	0.04264227255148625	-0.04354246123600604	0.09948541899676037	-0.08469602502853445	0.08224376971432797	-0.007718999602643974	-0.03604029958707305	-0.04414844181126098	-0.04800499964348616	0.03977885938802171	0.06684886399248996	-0.05559374127976135	0.08427630825888431	-0.029268389796526878	-0.002953288695478297	0.04034432018984108	0.026929724615952947	0.07494601039240686	0.06514063822951155	0.005325908875024963	-0.01811819310680292	-0.05312118162423133	0.029597823994262633	-0.014590074202271831	-0.022123729585655186	-0.039438524759326354	0.02420911253898516	0.06126715980386862	0.0021375504305985666	0.00935410989288562	-0.0043850510392545484	-0.011035382254508487	0.037823352553378806	-0.05826357278657492	0.03363854366974163	-0.0036599407455723243	-0.0007277241165757904	0.00516669319615562	-0.0006098319118704818	0.002197813990495831	-0.0027020954639500193	0.009610418759417145	0.015176755770902958	0.011878119012427772	2.9647966138922272e-05	-0.010967825291956208	0.01737209623324169	-0.01861183251334778	0.023952114614661645	-0.05297459928388678	0.00109996148623641	0.0005662247548460202	-0.004481026161968511	0.002868485608594151	-0.012276789308166908	0.00914121432068155	0.0008638635794060199	-0.007181369604323298	0.003179766603253705	-0.00317043299734154	-0.0009353104691201866	0.00367225391699133	0.003671717814162899	0.0025800163989195143	-0.0
2019.3.14.cow.oral.16	0.32656277014769225	-0.07687130258740672	0.015366756128621002	0.11444116930422002	-0.2177878304823265	0.10694037199371109	-0.07264576393610711	-0.24823423829722846	0.2994868904536047	0.058920267684774305	-0.006425662093497688	-0.045917688190478326	0.0708945186448826	0.011057324570328366	0.06358075888899356	0.05028263875051687	-0.05788652380990296	-0.010898974467178189	0.012833377513657672	0.030952763498103247	-0.0011011754449813738	-0.07946593659441195	-0.037489945625085196	0.012707845204956159	-0.039176265686414996	-0.045669701055592336	-0.07976717834147823	0.1397970362698614	0.04189906644989135	-0.07300815568569968	0.09097008301600466	-0.018673475229707897	0.08399719570667948	0.14282662709465246	-0.020621245338521114	-0.056716613958859054	-0.030032538729889053	0.11454582202232721	-0.012670477772454959	-0.019584802794436286	0.026218566946836094	-0.0013403074411652922	-0.029959733637006304	-0.07690556360360257	0.0023871652965536225	-0.049133454955762074	-0.11843548439914697	0.0075715960720889085	-0.03533815944969559	-0.041254039588130564	0.0009007289821056949	0.012180928235483878	0.007899951769970463	-0.024555823718945408	0.001230558419309136	-0.02030894819695123	-0.0801952739455357	-0.027644104390137265	0.02557677865428601	-0.016173495591210937	-0.03401941503429805	-0.0164963226622672	-0.004389122972520576	-0.03219256556803756	-0.0004116649763666125	0.03244429830944444	0.03616485284857823	0.02610578923136407	-0.013791661324600206	0.025890145422100313	-0.05359065156638748	0.019205184061622714	-0.014584069609972695	-0.008444910957501836	0.019879438253643956	-0.01133189698277175	0.002100996561677925	0.02209429313982206	0.031307610521022274	-0.010419437635717826	-0.019868517115058975	0.0380734444461139	0.023599970803743823	-0.011832205562381667	0.003429607835613919	0.0028161148848556915	-0.035705624338912514	-0.0009534302825690762	0.010647268620998955	0.003279497838990849	-0.004713669307174061	0.006183872465008664	0.0011905076553039291	-0.0006564388493640542	0.0021102586243551716	-0.0014982186198058349	-0.00044567834115081997	0.0031060523581090444	0.004181112798814909	0.008932918996035412	-0.0008811686579656072	-0.0006292661208952548	-0.0
2019.3.14.cow.oral.17	0.15827121239669442	-0.0224252266459569	0.08789129853878318	-0.03405764167156718	-0.13277404785741082	0.046294454700927655	0.06820698816889359	0.11871679198742646	0.06869650801486996	-0.13176443624292714	-0.010541909962706916	0.2218078217267856	0.030554901550836705	0.02049626446097898	0.0335606621468961	0.09235496756032344	0.06411370226734747	-0.09831263000625728	0.09479513035679822	0.0850444311242634	-0.07542886014624162	-0.09650640128970714	0.13273722053375017	-0.051372533309647674	-0.11483375135946117	-0.07816327217677184	-0.014908169833506093	-0.023529057716627215	-0.005624719383527503	0.03375307999367909	-0.13209253201641086	0.050772441810651825	-0.003451378142455456	-0.043381609204121305	-0.1209942889781977	0.10645869469617993	0.021776207936315302	-0.0551234391176687	0.0012405712286319979	-0.035682818075602966	-0.0015158784555012854	0.081404866243277	-0.08151555645795659	0.005966412494339738	0.04547791224674699	0.007391739861488901	-0.008048906681868943	0.003940505666195627	-0.016209860725164657	0.06091771075250187	-0.07686082960635776	0.027798935761668066	-0.01754241100681077	-0.0599262908402677	-0.01770670878284389	0.02840880524911709	0.023546116735964753	-0.05760215781742687	-0.009455397601288603	-0.004367455120312863	-0.04523325671797461	-0.07519736559750856	-0.05532215317649287	-0.03914791404202262	-0.038953898939053246	0.0039824838250543575	0.053215700299694774	-0.009682487888863096	-0.040925261590805624	0.03243163738346782	-0.0309429459130024	0.008055420576911738	0.048703364838058975	-0.004983788659088615	-0.0006152809782742633	0.0022400932314326828	-0.07338174219043385	-0.023976092331649074	-0.010420482481721012	-0.01623816753386947	0.00013011961931817386	0.032030944955966235	0.013806160470990744	-0.014328545375956259	-0.004226228090322473	-0.007050494579227639	-0.01131600531450922	-0.0019760490321450814	0.006571592952616948	-0.008215101475322291	0.00202504566857837	0.008654328329877649	0.005495549555223754	-0.007191189956876868	-0.00699504118015715	-0.003749077485387957	-0.0030591366779203475	-0.0039784568916532434	-0.0005291949170492193	-0.004927612118780801	-0.0003066815937673111	-0.004574517294984989	-0.0
2019.3.14.cow.oral.2	0.31596822909570516	0.05454861402228619	0.11793449842798151	-0.032129777380970136	-0.11732350498898046	0.03485502981145268	0.00022464709876061003	0.08188513396830317	-0.13896441061499798	0.19572163296628187	-0.05927805334819383	-0.0198888476476528	0.06728237785111199	-0.034363086053785	0.05702830802832975	0.06645849671185702	-0.05781850617886062	-0.0014091062398761916	-0.04134176975268512	0.06732203453856463	-0.05547997568135016	0.029422379171374507	-0.08280383945795841	0.09469086433223077	-0.06747200668954054	-0.08634494035779744	-0.027421184343046866	-0.07632120181177258	0.04396136408527876	-0.005538831040693928	0.006676152559090105	0.0052524307051465095	-0.06938248868469471	-0.05615908844772466	-0.06120205555259048	-0.09132065342225736	-0.045772156755533054	0.10900829997150079	-0.05466060733058491	-0.013946574208097093	-0.02505079892744219	-0.012271595723459415	-0.02678166619655028	-0.09615455358136074	0.0212798564190448	-0.06728836290700833	0.049412180421662344	-0.048632810377826644	0.02301138110241237	-0.10509268251124511	-0.036382429910503604	-0.036261769430282365	0.06136305258288801	-0.0213890454635682	-0.01730637650152026	0.03814387711026401	0.1184826436922669	-0.08431794926808828	-0.015136405014516671	0.08118841185609375	0.09578664601096953	-0.054530724150347314	0.047722522692656096	-0.005743101992390875	-0.03960735484154983	-0.07364451946449592	-0.04005921491923666	0.0018021208942712236	0.0419482068472749	0.01635903927135987	-0.018223320200931734	0.04237621005488152	0.008096200573689368	-0.005162584109732436	-0.03456319912720574	0.05121590196059712	-0.01820504844015089	-0.02855852146579261	-0.0233315486492351	0.01424241897055679	-0.031762791899102166	-0.016617448757791326	-0.042063238402159156	-0.008269505976850933	-0.014913760480369805	0.0018140338045500644	0.005797431214928553	-0.0069951306956850205	-0.006179315892165409	0.008897190264107709	-0.008626304586638258	0.004440735380858279	0.0034327711693631488	0.001689660266657486	2.7373425245840626e-05	0.004657422804977379	-0.006959888356867599	0.003959659942881815	0.0021456390466746606	-0.00617898217316766	-0.0037485954843840623	0.002307787517317034	-0.0
2019.3.14.cow.oral.3	0.34312271257923943	-0.04438585355458364	0.025513011931883326	0.2784203780709487	0.27916376819424	0.34440802096997997	-0.08191277560413712	0.11862208202438068	0.018429405137958012	0.03355976220073145	0.06033890424479874	0.02232933276475772	-0.0708882416666653	0.08220038694444817	-0.010480489726638571	-0.0244977605318849	-0.025774171831081598	-0.04132865169772641	0.003348371762517822	-0.05506611849745537	-0.04059004234117027	0.0076244296248088395	0.01513426915072808	0.009460623312300234	0.042473524239471115	-0.0008208640433409952	-0.007325230073935029	0.007906830185858627	0.03254163646025652	-0.040060272184030174	-0.0015639212217847085	0.007017298637712153	-0.031214539827764655	-0.045217492094808846	-0.020342618821705623	-0.011929963807783585	0.0013652115315252243	0.0259082993931677	-0.025549451921114973	0.01372401279804377	0.032542689211307416	-0.012897778405501452	0.0033655650490511395	0.023518119802432434	-0.009703468080405297	0.0019402578484512484	-0.006317860448730357	0.03667743775076138	-0.009532931628051938	0.008981121510245568	0.005838646901397814	-0.012980179775113173	-0.00857699996011598	-0.0064783875562903675	-0.013163810402185226	-0.00912528107430458	-0.0007632932323180964	-0.004474069565997233	-0.007241390443482681	-0.0016502696182410606	0.0012936605431614905	-0.015376173824667959	0.005754241214836098	0.004152427231080833	0.007462726327335729	-0.010230790733268626	-0.002216256978577457	-0.010504085757659098	0.0021241281348331016	0.017095013397735243	-0.004724339336812632	0.01557176156836259	0.011042411964953477	0.03294824990991568	-0.016453080760074207	0.005425527694897641	-0.03897173240087689	-0.014420850537048526	-0.01452312123761003	-0.03189881161460246	-0.0011987867110267777	0.01168253789828754	-0.007284610130097882	-0.0047249785090122025	0.0033149857414076097	-0.003995534862968439	0.005538840265132243	-0.0008110243267585608	-0.00275254035555827	-0.010350181541544027	-0.0013632646075811244	0.0007472505738686309	0.002496339306889788	-0.0016940779465440797	0.0026040293837074143	-0.00021085131563995858	0.009044456068614608	0.009825489738308702	-0.000792057540363567	0.16656875912098795	0.03236805989111513	0.019262801444476896	-0.0
2019.3.14.cow.oral.3.rep	0.32770361670059645	-0.039181705384759055	0.0537975303828081	0.28257491233168996	0.24951466997974436	0.36334477296483175	-0.08717724983592026	0.13468027966673235	0.0121913778476854	0.03983289432616717	0.06552314939266765	0.018999643727887854	-0.06312116013923216	0.11407813541308065	0.0076917844785567855	-0.02413787984069198	0.0029418639054203427	-0.0069341127009187745	-0.024429698009912845	-0.04092131507542037	-0.0183230383032494	-0.010256293567553938	0.03248264440041507	0.029456452076137875	0.010729729979146682	-0.015174938087305516	-0.007701944847709703	0.024362848036724203	0.0393302768961468	-0.053879149471407456	0.0029056517008932917	0.013867390461753837	-0.004423735879067774	-0.03224621314489259	0.010457113843997352	0.004061317133031042	0.014336158190524228	0.007756949924532662	-0.01956861441311422	-0.0025346203524523087	0.003767499179284829	0.008378321670484386	-0.021159492630851637	0.01948019513094128	0.008770369109560737	-0.012422575523089844	-0.019593585796938748	0.027118227656466837	-0.01727759986799304	-0.0070242443426587605	0.02701245188404034	-0.011780648138149856	0.016552139077990462	0.009709600902745377	-0.010385535552313174	0.028374500653995504	-0.0014084222403828663	0.009196228457386416	-0.0001928586192260802	0.008553912552722922	-0.0015959757373693983	-0.017459753488349324	0.0009726749283668234	-0.00855871804760118	0.0037779080357949186	0.015573036362622911	0.01904599660441161	0.007013907635908737	-0.010078694931679543	-0.010661367309058107	0.016629064166777893	-0.002503534440345343	-0.0059618858058850715	-0.014845330599742818	-0.004377537644203399	-0.009710714543410956	0.024608705340256533	0.015892580178928205	0.009846067857841612	0.02795877171760028	0.0008149341232966934	-0.01722070705835927	0.011343121166922378	0.0010943308703858378	-0.0017506085002007502	-0.0005658447448131758	-0.005714212293067924	0.01824072048212358	-0.00515014604386462	0.01029630907927107	-0.004311423335138786	-0.014870786818307991	0.009445312943091679	-0.006311543151647248	-0.005792872519925476	0.0020424012437274333	-0.008880054912900698	-0.00651227797833884	0.0034747599030038913	-0.16543787606185792	-0.030685632253069164	-0.021536203689625947	-0.0
2019.3.14.cow.oral.5	0.406886909632671	-0.08684102098171208	0.1200758558593577	0.08913607175940179	-0.10269288459320759	-0.03932779769208079	-0.02166093966356969	-0.013944983801858586	-0.12186723528544309	0.09536539967822981	-0.033988347739382724	-0.057560080681973644	0.082320602744831	0.02302610800254316	0.08784077432250881	0.040371827203695275	-0.07128999772744646	-0.011634447080385876	-0.016023345834122547	-0.025605408758299898	-0.06639702640806182	-0.013496551102603664	-0.1357673870958835	0.11781041738112126	0.14306527355950688	0.007156381169882295	0.04153573725914872	0.07179367333604286	-0.09616847508401405	0.0046158343752233265	-0.05334721229497144	0.010656988146509967	0.1067111844051987	0.02013791760942562	0.018813431112274858	0.04380765904849824	-0.09159303348847528	-0.00022690931695653856	0.024817377180262327	0.1090833353213174	-0.06149950844710177	-0.027894597315856525	-0.000635484494754116	0.1314436906955413	-0.01547848906732708	0.025926254762907008	-0.02160278088434411	0.020989991334968636	0.00923566063838454	0.08566087475852067	-0.09989874253370021	0.06061664893904587	-0.08756879958982561	-0.09672374271887084	-0.06761464112621775	-0.07036798579213788	0.06467080420588098	0.025767297724271578	-0.06241642438232608	-0.05463532355145104	-0.016971615921809458	-0.028927833980175108	0.001547828743201842	0.011562121069234647	-0.0008835583381749291	-0.009739679867330422	0.02759140527465132	-0.013827795535209271	-0.03025494163063774	0.018711125541704766	0.04408660751523025	-0.04150610170375616	0.0035439420555396926	-0.00645626814758901	-0.018535206872036688	-0.0051470536035703425	-0.01683755397068852	-0.03232884575369083	-0.025358062085697207	-0.06045353013404874	0.01103969281189076	-0.011280155294698564	-0.013469228326288687	0.007299798494412667	-0.005376972808930175	0.014386607553951072	-0.0037556882237048967	0.04717912683145929	0.002573324835966132	-0.001030795341606654	0.006166906388580401	-0.003913776755766976	0.0048199838476970566	0.0030586899296247525	-0.003484805983869726	0.001571827946231447	-0.0011341347743497937	-0.0001387298259835571	0.0014223665494457448	-0.013205528792031788	-0.0005465658191517573	-0.0031891156627674795	-0.0
2019.3.14.cow.oral.6	0.3841809255980085	-0.11202294904704797	0.0425257197353998	0.1247952340655843	0.08854910628886101	-0.06079071159451117	0.003910096109943649	-0.06637922778237962	-0.036623472726133276	-0.2000799115795924	0.04816265140727782	-0.09115309191806728	-0.04823648419871116	-0.13467787996659866	-0.001715343003804439	0.021139724324314903	-0.022697379269063844	-0.12929803103685525	0.09286852929862513	-0.08249942866674016	0.16295635616165458	-0.18533990515182425	0.1524988357539993	-0.014132004718687956	0.1405890825858774	-0.013012447014991994	-0.058132647189176656	-0.0876886130351646	0.034516856248053694	0.00028582392951176296	-0.012855190412212312	-0.03995367803445141	-0.04334969356129339	0.07479463306945594	0.038745058472185526	-0.04655702756921238	-0.021353881226039796	0.04640227485674588	0.06688980391774728	0.054910467866228024	-0.03155881866661389	-0.03162451668555134	-1.5783921709263456e-05	-0.027734739706908124	0.02333775447288459	-0.04988211602153745	0.0637959718890758	-0.09373963020578663	0.033603142400545724	-0.027168881544633722	-0.012845283316502318	0.020936136259266474	-0.01744779664949907	-0.06860012545788091	0.015885392802572226	-0.05401930993011838	0.08963580535918024	-0.027748337471184346	0.039315728686961995	-0.017039899687042306	0.06028050891379128	0.04524920630910809	0.04938123125037447	-0.015415233024382616	-0.043399009320119954	0.026914038305369467	0.01423459969977924	0.021394810821874517	-0.005102070138086473	-0.028880720445331735	-0.017061280606320974	0.023612715755886908	0.025084608687712544	-0.022674528202650035	-0.004063367796815641	0.004297888931245561	-0.031855458631261824	0.025535409385039513	-0.025778870587361304	-0.0005203464539259062	-5.450258848518741e-05	-0.0075469492521004515	0.003579039542409921	0.003042669533905688	-0.0023935773346862818	-0.0012989445554556682	-0.0019303507540216502	0.00857970320407531	0.005073040332256982	0.00534220408010483	-0.0031119059285501603	0.006557979733228881	-0.004112520923414624	0.009158613892430183	0.0036770844151540793	-0.0010587244021196861	0.0008895451607161042	-0.0017538440462073574	-0.001900208448276688	-0.009229619267651729	-0.0001747313714964353	-0.00013666915398853036	-0.0
2019.3.14.cow.oral.7	0.401972555947413	-0.035956841972380825	0.1262943210038505	0.048221941692566175	-0.1045413655421518	-0.05291737210881627	-0.0105709224068667	0.039070190734264876	0.0368573989510573	0.025633832578117285	-0.015486512029771854	0.09154391880761426	-0.05213488272517555	-0.0016427301236412411	-0.09461979153307506	-0.04496841853566382	0.07368969091924273	-0.03171807753258889	-0.0032915935454539942	-0.1134023002417602	0.036740588550189475	0.09118260575280555	-0.1472805712643736	-0.07995165000142555	-0.059998056273029315	-0.008204263221321848	-0.029394682355859954	-0.007302068256983021	-0.028092460525538265	0.09111642518558533	-0.005696023723797546	0.003920190920784484	0.010030610562072063	0.043131041542946606	-0.04413593135291564	-0.04238517975200933	0.024136055779580213	0.10465705281589843	-0.01212861056577474	0.04094310390299548	0.09940306444910245	-0.09608132762237792	0.06738577683525404	-0.040152400953424094	0.016603075299642372	0.0400654668864961	0.1481909435430175	0.010515282641924702	0.055101329707454	0.036348529483268804	0.0832273445655039	-0.03542814285374965	0.07517055688263209	-0.014069478054330689	0.03487249117726442	-0.05903462201986101	-0.004595321514546177	0.017211052443805757	0.06145099855358253	-0.04301181555618273	-0.031866593389034456	-0.05185758083049945	-0.04384162089262318	0.0314607853200708	0.00507180423347676	0.06767700088779575	0.04008468680494661	0.009620315483589048	0.01378215587680261	0.02702336034740393	0.0028114020742084785	-0.07387682169459425	0.12908293494378295	0.012285578639142725	-0.04024694221853721	-0.012505397444171453	-0.05563786068600526	-0.010525769893775053	-0.008327500368556978	-0.0013617314186772	0.027740706969443953	0.00345235651436166	0.01715622526099188	0.0033590498135260237	-0.00340537666056432	0.02993265299674971	-0.006213561121271951	0.04660762974392519	0.010217224776279867	-0.007746079351176503	-0.00025977123574084433	-0.011748331994766723	0.018952674295930994	-0.010321400577690699	-0.012407275243074015	0.0025208516035365525	0.0036714552441753307	0.000531500256898502	-0.0017724501931711207	-0.013594433296675692	-0.0022822521685441567	-0.0017302714889020174	-0.0
2019.3.14.cow.oral.8	0.36264031486083875	-0.026817789751996033	0.16061494018954534	0.11478956808128248	-0.1688484320289776	-0.015110426912669159	-0.01241911411313528	0.07638487468615857	0.08514274892514495	-0.02185654544051542	-0.02801582592403705	0.052956396415599294	-0.030699739815607755	0.01386119355923562	-0.028138439721776588	-0.007943599843476578	0.1300603473875089	0.02886162759034183	-0.007714202472181486	-0.030449758802585134	0.02426892030834725	-0.05417824177971016	-0.07445628769759581	0.07331879637637412	0.023767420022955885	0.05371143780198239	0.0070012266207532155	-0.04801497762583992	-0.009696169316393112	0.1362547489788998	0.06518742376209553	-0.028587445375305633	-0.008759806029622997	-0.007103172077178912	0.1872347149505234	-0.009990919403068996	0.04172162685313337	-0.0687832251169852	0.03153524604412807	-0.04387748219895265	-0.17056841587916288	0.051388429165710486	-0.08704658290984348	0.02969279989004494	-0.04456501056023181	0.03010975360943095	-0.13651705682276583	0.09947599091325267	0.03948817580246022	0.004297392878560367	0.07337538585422834	0.03252890015858671	0.09171353630533649	0.025797013616454468	0.045889684828159284	0.05614096507158164	0.03255849253614433	-0.028513380122573973	0.0321507842140157	-0.014933746316646398	0.05999581178717968	0.0021859691629398724	0.024260747527878674	-0.053834152298914535	0.0011665158224205083	0.0369111596134432	-0.0017763898339518292	0.017559514475450816	0.04051119225818783	-0.026890530266796102	0.009940600372610547	-0.018861054375570414	0.039448438756142463	0.014650609872545267	0.0019867948191512816	0.03928515525498355	-0.0203813718286364	-0.0481525936518596	-0.014280553189488088	0.011039861351443109	-0.02399678184389915	-0.006301219372664909	0.00045748154812901633	-0.014390590543811681	-0.0005478775318088251	-0.00045704719162414855	0.022040317090593047	-0.02953877497928695	0.006435215899517181	-0.004271959764823683	-0.00768135579718019	-0.0024456757157269456	-0.006492949822990136	0.009584906294339232	-0.0005686312976030266	-0.007265909544062318	0.00576772185417517	0.0010745548749305828	0.0012003984969506058	0.013159995045145508	0.0023828504426689377	0.004191670551866391	-0.0
2019.3.14.cow.oral.9	0.1488999396302536	0.10697830274854685	0.020552713693452174	-0.017975715218605706	-0.12700887596059832	0.05791457026514437	-0.03372903488574458	0.10976975166903596	0.025326160105962836	-0.06283048180980973	-0.07687424944000351	0.07853658165122539	0.0723091799430334	-0.0830738353146551	-0.2280344122334004	-0.13194962446922287	-0.33331788982399074	0.015399102195283391	-0.04941233148154982	0.11025212645577134	0.18471961518380614	0.010108901015363625	-0.022917158169036438	0.032977469052175266	0.030704171033336905	-0.020822743729270888	-0.0692337407830444	0.021260902161347052	0.08511515563171519	0.04030244299371928	0.07156032986451294	0.07215187081107312	0.04211222828771577	-0.07504690803775611	-0.016696832731897936	0.1241674946030502	0.08384768294442879	-0.011315367251854953	0.045536798303463855	0.038908646103732764	0.02097253246630598	0.004939766746900049	0.0002538064743388183	0.04230037199096806	-0.00010850389074781141	-0.039714498285825926	-0.019992786813494756	-0.022292795374450072	0.003244257167172123	0.005957655164753553	0.027517719638117083	-0.05626969450343327	-0.02690907255139986	0.03659771347039449	-0.02989046864863459	0.009740277786333415	0.021143101513113056	0.018674715284010393	-0.014397754842145746	-0.022984130864022338	-0.022597419443433804	0.0010318122575136053	0.03265268635149285	-0.02922100612646165	0.006194521502575629	-0.0006676759840702726	0.0035955771078788395	0.010115973004787678	0.011777278222961093	0.016558572311888946	0.0016489367179845134	0.003787222012950376	-0.009945941681415358	0.018510825302244724	0.014750728980226571	0.018409038475074295	-0.007904675322063386	-0.010178578790700705	-0.0032570785318000693	-0.00015765712079594308	0.014938862521793016	-0.0006726214742959544	-0.010524557015758428	-0.005215550480033052	0.00814030421078595	0.007111204876109901	-0.00803153296415607	0.0020418438911550207	-0.002637821586175643	-0.003947985454894293	-0.0014786636564990288	-0.002054006601589948	0.011103683286577994	-0.0009060899766203959	0.004059636956693523	0.0073674754378999785	0.009100082227628356	-0.0007269458256172451	-0.00113326903913331	-0.002203547642904427	0.0010274168395831183	0.0018194671813014747	-0.0
2019.3.14.cow.skin.rump.1	-0.23674779716155914	0.1834599767894254	0.023191318579881295	0.09176552348267417	0.0557433277598658	-0.08498943433523545	0.03999786269122082	-0.05113473381133897	-0.016597812880838586	0.042035602138292806	-0.005902602237095487	0.008645271045308673	-0.013931074072838119	0.04172324018044479	-0.03200280741619918	-0.022954387368545093	-0.024969412301579164	0.006506641307845083	0.04435786007794602	0.04257991289012379	-0.004272435123162216	0.0010188795178497287	0.022276375851232245	0.03715795762638984	0.009884071739652235	0.004923052271966406	0.0005616030901046523	-0.011969029611031582	-0.004006481801330626	0.007847159956166682	-0.01727872650716659	-0.03090405477757859	0.04738594463677687	0.024628378994818782	-0.0008088711991045782	-0.003457864630648643	0.0035482308642735536	0.009808919012508343	-0.003472915594733502	0.017992255982589737	-0.024717508559726282	0.025282441327866015	0.021030367331999186	-0.06458495410223776	0.08513726406384857	0.0789842341411149	0.04681719570096953	0.05896930728814484	-0.038596674749577606	-0.03972769720977892	-0.009061029083766658	0.017254366070143492	-0.007460866899381321	0.08425172611016737	0.00020121310464076442	-0.04432134390101137	0.035962029745574546	-0.03527742067345848	0.05439374648250393	0.004034612704793651	0.03660850293084799	-0.09939466406486704	0.010828439795409619	-0.03370655912100823	-0.019690228459935472	-0.004680434835619699	0.02168885625732258	-0.025446523277887233	-0.02293484363058352	-0.018879049731698443	0.0790133004525737	0.006153098618319707	-0.08858911697976506	0.011397955929808887	0.045920970198534417	-0.023663967737343153	-0.041771524643156165	0.02832695478494339	0.01758344210800365	-0.02396732702565191	-0.0022954012307194	-0.02770269025508004	0.07273698679685651	-0.13662422259399262	0.15740828878623342	0.09708117798765643	0.0562001647140117	0.0169865278027045	-0.014817225313190949	-0.03073620546629668	0.019620502749111757	0.008233369034126492	0.01567457497296726	-0.0031630042176728694	0.010017385170449982	-0.04386261295719682	0.0220521160219327	-0.010835800973843396	0.014322730184191158	0.001781540138758798	-0.002179395511990329	-0.006227111061531954	-0.0
2019.3.14.cow.skin.rump.10	-0.18707563803826388	0.19375654021253325	0.032473759473218546	0.1065221327529848	0.06429279594075975	-0.057140057253508875	0.06851218166274908	-0.045664192255373	-0.023921362972726814	0.06607182313585795	0.016671385560257594	0.06669240160256336	-0.03810442330926006	-0.021138901630649177	-0.05733972075539248	0.03533433790471129	-0.03415699983144136	0.03426955469381462	0.027806305978251563	0.05320109452974877	-0.001367504325547531	-0.024766487236050728	0.017952970506777875	-0.037581506519974356	-0.01879136545106822	0.05770650027165055	-0.010367975300005357	0.053865475692096425	-0.016116352827108583	0.017018958651509566	0.029883372627964984	-0.0475565844084291	-0.003985444748977893	0.010070498210316511	0.01785601907985046	0.01853332486279231	-0.08699281636476064	-0.009618091354672249	-0.016080462200416812	-0.021011607844331436	0.023240683187122985	0.04623940480872922	-0.009171086964939965	0.013389969760021037	0.006878016586359492	-0.007463122254424339	0.02152701547320638	0.008982808473479084	-0.01267763576661123	-0.012598721999539915	-0.0925807622671781	-0.00016609100154749517	0.09735659430713217	-0.001999860072158305	-0.004613756386661887	0.03494591314686223	0.01735326298978765	0.12722590625313862	0.03158489355789636	0.015135457369310015	0.02366691109101968	0.036441222706016595	0.10029223025312126	-0.06354391810117951	-0.12223192630759519	-0.043021195658111626	0.05016901011173355	-0.01858686702593973	-0.023573914193374984	0.024439982081815338	-0.04865074551307463	-0.035888720555971525	0.016166697406429748	0.07561342126921841	-0.11108297525374806	-0.06777777135824102	0.04154010808603595	-0.055734736344718996	0.05217867763082761	0.0006888354969637092	0.01016863730771795	0.03577209667120027	0.05972625781573364	0.13444795118296654	0.06527424451610489	0.02146684549223452	0.02515489746326464	0.0016844093054805829	0.030829045768140086	0.0071865455764362225	-0.0017688891975352536	-0.018388260158609206	-0.015221141069830694	0.010123122610693222	-0.012120637593406801	0.02419777023222741	0.002085547019385694	-0.008589624663867501	-0.0026255254406912618	0.0037173532401407806	-0.01051381807053895	0.001599874536949788	-0.0
2019.3.14.cow.skin.rump.11	-0.1877616718042366	0.23509632621616258	0.004262524632721084	0.08885891950075354	0.027145346265359103	-0.012207361861760906	0.03781428412326898	-0.0843889188151439	0.011199445541081942	0.04698787055627343	-0.011489460463013098	-0.03650540854997766	0.011318679829414369	-0.00668201050267865	0.0035847313775255693	0.045124878005834035	0.023405555618793764	0.025442471228897062	-0.028262641834112007	-0.004760669705954721	0.042525067955110324	-0.027170091134502576	-0.046341769909001206	-0.03696191351585477	7.6081197978821244e-06	0.003676708539493691	0.014144195982586144	0.010533752420062383	0.041292689427638425	-0.003862234609022709	-0.006724418715876033	0.014524489737589063	0.03192851428086771	0.007535183429430601	-0.04689534430015915	-0.013717379078948544	0.09979805865336679	-0.020020447002328086	0.052389317294829915	0.0013739851606525918	-0.07404272057027379	-0.04786900280349224	0.06373830775873153	0.03565443768919328	0.011119222086996351	-0.05717489840165829	0.015752154143062934	-0.010755088226509406	-0.021362645874384356	0.06414910938896451	-0.020620275575456627	0.002688460974779018	0.028659808680224934	0.0690412619161499	0.016997077602467034	0.0309837994760658	-0.015091594497062126	-0.10435010425963373	-0.05852320698394975	0.04417864822282966	-0.010283418943713351	0.0833851800439645	-0.09609388054948312	-0.12252367181324605	0.015268060371021948	-0.0326603296738667	0.049470800779543384	-0.07252475769461855	0.018452438080220006	-0.03730459895078668	-0.0008922485097692899	0.01809836392700288	0.022367989120818825	0.007159612702645731	-0.18874721767655006	-0.08335557444249544	-0.007172410867838279	0.06831294605294269	-0.04553208013008242	-0.04254320407107267	-0.00029504751265411333	-0.0492206318871669	-0.04372523723807868	-0.056798648682757545	-0.006151454203058743	-0.02291979597393814	-0.029962620290082197	-0.010634199474456995	-0.0058160462766361784	-0.037716264135661405	0.02073787743636829	-0.016217834877595472	-0.03834315523792784	-0.01857095191363195	-0.009341113830924772	0.017733997996893527	0.009427914641151783	0.00026998663353285855	-0.005240547650295745	-0.0018167766203098816	0.002295729857176774	-0.005078176934939495	-0.0
2019.3.14.cow.skin.rump.12	-0.14452399239989844	0.20983571259776995	0.02581902238593255	0.09577315097228171	0.03586815344092975	-0.061713986561247165	0.04827601503931947	-0.03222045890740168	-0.017901026863240407	0.04774656345042219	0.011476833191113003	0.061085771964558125	-0.03385081487777673	0.0011655280608010542	-0.06388752446204272	0.051805759464497565	0.026897613221732203	-0.02185198953448843	0.015543859638173984	0.10321414430923954	0.017100578861921855	-0.05017716759307587	0.013534434315861857	0.00015164156352738613	-0.016901160958541123	0.06779562358099844	-0.012906779113268993	0.024829546418861214	0.013075245765829203	-0.0012135580902696247	0.04275172250581596	0.04067583569610698	-0.03534089738986229	-0.017278351598719557	0.09092702164029523	0.046518498441729075	-0.17950444617682987	-0.07586865683343716	-0.07906377934734762	0.06201373821776046	0.042612549067824676	0.05169638238308781	0.09431485936603697	-0.038132248921424285	0.07798026644845875	0.046198488011826064	0.02084610892066681	-0.01684245070219596	-0.09188323754951211	-0.07347347517260161	0.117564792152847	0.08283332184658412	0.025174308833134346	-0.07757126483420441	-0.07832369161574089	-0.0239730140145263	-0.026941805502048742	-0.09196812246075226	-0.03120162337124428	-0.045757556495325806	-0.07886622176226754	-0.0071819454297888915	0.030065960440025595	-0.0064209004550809185	0.04318651398283093	0.012977497347400765	0.0038341423701569546	-0.003245692183146129	0.13114316393375067	0.01657259924503468	0.017117491040782785	0.03898124002698895	0.022434957724513083	0.003868893582564314	-0.00010146084598035937	-0.007739241454466912	0.037882529215028375	-0.0019658934964080234	-0.07153912150895596	-0.021838999040779534	0.055363187128135996	0.007972181923636648	-0.013758988985576459	-0.004178622904475916	-0.060696557792663794	-0.004860152528682242	-0.0009752216985881258	-0.021134491850076445	-0.010783791008157368	0.0012778274143175744	0.020502695756358404	0.007017823876478459	0.0012020977170409326	-0.007144019468553963	-0.011943408753363858	-0.006330100960627721	-0.0019595341127765214	0.010157084646309513	0.0059889748303800835	-0.007183184361599032	0.00603546395172838	0.008036247323129393	-0.0
2019.3.14.cow.skin.rump.13	-0.07082009067340987	0.2916996342542928	-0.017403173349765783	-0.024455215146515982	-0.06038800572429842	0.04415600043487357	-0.0037531986440223924	-0.026114213002575888	-0.005508318775762662	-0.03133289717353964	-0.05131794825194337	-0.0014585394336126137	0.021513521076527365	-0.036481344894031896	0.01799273808890248	0.019094107983440856	0.03012037576509254	-0.03367801071857659	0.02445474718396838	-0.06847973098211345	-0.011243576361403721	-0.026956096216600826	-0.004064123743148127	0.04362490722606025	0.008744630265430778	-0.0458016499202002	0.10641660536732608	-0.0059879994073907495	0.01744151736967962	-0.00230791964255218	-0.003354400171619696	-0.08265371246433442	-0.004952756343602739	0.04593522790897843	-0.05867270560274149	0.022586656866912254	0.09031996599358935	-0.007916248400100606	-0.1643195972398927	-0.014843006368499357	0.003922904295617345	-0.0063449089951292895	0.05133149800549646	0.08785134242595277	-0.041457701347606804	0.0005226897729901134	0.05217109051393187	-0.0931547183731964	-0.05434606874237547	0.03679216798584581	0.040567154981189124	0.01981710059184956	0.0920871746937497	0.0409433381975517	-0.1502439628429415	0.017038134058697987	-0.04925239932313213	0.06282674912026025	0.01397172379054422	-0.08197571294628682	0.06070412723369209	0.0010172797027982639	0.04084758826777498	-0.07667719129182196	-0.015506760542745269	-0.025344256193165247	0.017184365356353034	0.0382657170125581	-0.0006742540686955739	0.0006998569270985209	0.05477338174552672	-0.036711993838602915	-0.0476783127845622	0.04059164046812229	0.055928839580420046	0.005775242277990587	-0.035522630890365094	0.03139956934830003	-0.07092294020792683	0.027177209938512196	-0.10686915488904886	-0.010698480144116868	0.03569219651347427	0.00206289699682449	-0.03681667818147161	-0.02950432789838059	-0.032584096708581305	-0.00914701467217822	0.009035734159015776	0.006613559241284674	-0.046282171034301205	0.024034937090369957	0.025505553547618506	0.0036875016048588797	0.0039450955548418435	-0.018193543282669797	-0.01793974384199536	0.02768878138368038	0.0015845513201332975	0.0032426631416980095	0.00031347327602204104	-0.004046802971362381	-0.0
2019.3.14.cow.skin.rump.14	-0.11675567603427005	0.2647716351233714	0.011186202549801747	0.04058360815594661	-0.023447712198613947	-0.014686469620710034	0.02002110297492242	-0.004675150264167433	-0.02184086302843318	0.016925728257715437	-0.026492896521530775	-0.011061055827566509	0.0020167630874398813	-0.0029530542562030615	0.04065976777272267	0.038356960256979565	0.018576300739792793	-0.051354685253821496	0.028712194325011722	-0.024065844980498696	0.05418796993312053	0.04022514015690013	-0.010523875972842163	0.054510488605581456	-0.032443298147899764	0.031086085329915077	-0.04177648294751928	0.04606256427305961	-0.030160200317037016	-0.011123979393354315	0.015219435505972146	0.07985374335373094	-0.10074261984909266	-0.02068904083500554	0.06921681855207792	0.03997933817020738	0.11426747186425538	0.009122896829469608	-0.09216231776194168	-0.11361449147319026	-0.0057713020095251834	-0.032909516032091926	-0.01767084866076971	-0.04373295663056013	-0.12261234077775293	-0.13284934453560002	0.046829014312742535	-0.02305940525251677	0.0045514489728787485	0.04218125479842005	0.06624837238033394	0.07236036424556837	-0.06678285050634385	-0.12107013559148291	0.010675435632717943	-0.06949007308836146	-0.001858555102968548	0.036898354388766506	-0.11167483763470286	0.036681443173269185	0.02710702870667748	-0.018926738235077966	-0.02627194334508802	-0.012899955824725043	-0.00475355865661397	0.0734828333758564	-0.018075976996505018	-0.15775503911037883	0.022314289431609194	-0.027128616749398496	0.01703253659107497	0.03182910060366826	-0.01518276250500103	-0.0031634566870411664	0.03778581235675378	-0.019640533061458385	-0.005776144601107997	-0.009983886427656557	0.057521467736270745	0.002524480940924303	0.009266368913808202	0.039026177798328024	0.040318074223047874	0.02403032707224535	0.02926353517175617	0.05409631295784608	0.01279657399410515	0.001221127419935648	0.00035787660825903865	0.0014186829538765963	-0.017763528080684987	-0.009684461950122623	-0.007754063509005168	0.0023902910395294987	0.009169224094133415	0.0029781243938456913	0.02725580686985364	-0.0033118136922679112	0.0076565300243893065	-0.0013415994028792616	-0.0017301855984486558	0.001555215075883218	-0.0
2019.3.14.cow.skin.rump.15	-0.17936063670113114	0.2593920747390362	0.010991338129113215	0.049452178387058905	0.027672802065100977	-0.03506800198780726	0.02215566006830002	-0.020381386559188672	-0.02338645210945226	0.005075230675895692	0.002622211129547502	-0.01882861072187703	-0.006177241823092706	0.015101183721508144	-0.013413156258602675	0.037196802545873174	0.012950674679050252	-0.012737357753636373	-0.05329844479262054	-0.0360050129540369	0.019549849556648458	0.024637115959871014	-0.014040768319326295	0.03149020710814169	0.010780963267048981	0.05515607256074246	-0.058569293332948934	-0.019280097932234504	0.017106691893075978	-0.04562052351254874	0.014135960885336023	0.04494457931984408	0.023585725585819523	-0.011233873678036495	0.02150218838700472	0.020879418692847398	-0.03401283003632686	-0.030649746503642095	0.032811410066123994	0.03262453480589817	0.03960789311510637	0.0197116327327477	0.037953834485721344	-0.012824121646667633	0.05586797458290643	-0.004391643320350224	-0.06893696624951622	-0.02859016242458828	-0.041455144461671714	-0.008664755394681303	-0.0844741343503243	0.007011697248125852	0.007455188849525695	0.03641558699866572	0.027783228532944838	-0.024025844720146412	0.03728526738471111	0.036639240389069856	-0.005343162722144958	0.09577966605536224	-0.012171434798957216	0.010240073623282862	-0.1514191576665726	-0.009535499278855816	0.024928529917732766	0.07675586018795878	-0.06606099258563206	0.012604851689007518	0.01870550937835148	0.026141445261184348	0.020387791918020638	-0.01977041646803404	0.03355340120089068	-0.06964901140540536	0.0033891756276881683	0.0892135402931751	-0.024036853829694307	0.012255343868667772	-0.10017380435293007	0.0877974987419876	-0.07418097706915697	0.05390492742982612	0.03121795050841118	0.05843392276519721	0.09625440136551634	-0.050871473495647794	-0.02922946079527015	0.02347794976967135	0.05104121839634808	-0.024070301314787008	-0.0437081709507453	0.012984256494864394	0.04477742694935648	0.044918153025451595	-0.056091470023325714	-0.009928259451426263	-0.013741819309284618	-0.006821344996781395	-0.008481051059715089	0.007854134040304876	-0.01266389566812849	0.013968744458814433	-0.0
2019.3.14.cow.skin.rump.16	-0.14191622175266197	0.23711956910849905	0.03786135796594715	0.06789652327130098	0.028516622666732612	-0.021964802878931874	0.05247642663588522	-4.744850209107322e-05	-0.029860870356430542	0.03150465626121665	0.01959549345129098	0.023177707281998555	-0.011145567964940086	-0.031047949142206835	-0.005710555385703228	0.12854539754055624	-0.004976423988646245	0.0314014366534955	-0.018942491425537066	0.019202347302653595	0.022853363404537426	0.0359340231285132	0.028315838052440076	0.021098505691091438	0.011138124417457717	0.05774136236579973	-0.021571047239208174	0.0038320684960463365	-0.008474583581988673	0.015254092344619998	0.01489667537083615	0.016570348112198565	-0.03777349639480266	0.01036636355589505	-0.0835231339332805	-0.08905517033043568	-0.010009497607518052	0.015757259843181378	0.07117581032509201	-0.032749025296355795	-0.050689673229794265	-0.07479640594074952	-0.04702289835873228	0.11342439759527712	0.023877535598583174	-0.014723761727904513	0.01709900502243672	-0.028588015524096365	-0.0011453276769768945	0.028017903139155698	0.07877423009736878	-0.009543864586576398	-0.047180532682526366	0.005774408271677455	0.046649557493735096	0.0630601600283077	-0.12461032500806869	-0.07788525565228645	-0.06997740733362982	-0.07254445556369768	0.01206426224520352	0.016934283791928382	-0.0038304098175809456	0.020943516555360163	-0.05236211115297853	-0.0845528330037087	0.05039098533080437	0.09879943301988352	0.04601278249430174	0.04840738466857976	0.02103293047364274	-0.0018441945723931764	0.05428817397318403	-0.05904514458635903	0.08345094577763344	0.011921103581290402	-0.011044230967645828	0.0329918048704099	0.04337173798056563	-0.023749205601023386	-0.015562351073172217	0.061374636147435	-0.04814359213290457	0.048107560384985266	0.07595307761318655	-0.019996843154095403	0.09744053498880713	0.036874353777951493	-0.01580270138608812	-0.007910771010795462	-0.007896677150182475	-0.005190867382612895	0.03243993945247526	0.021738020825092488	0.026369315601752347	0.004047021477395583	0.011618076679539938	-0.0006804477048633675	0.0035276941520454128	-0.0038617126211573207	-0.0008500668425937036	-0.0036979194386024357	-0.0
2019.3.14.cow.skin.rump.18	-0.2301113241447265	0.16245667134694292	0.03593162216863304	0.10477560946031744	0.05306547272568264	-0.0738541196789554	0.03613558384680992	-0.06967779505398174	-0.0162204927434264	0.05281391447510708	-0.011875068846320105	0.044917191841585546	-0.024671818402736245	0.008064424126056773	-0.03453664724623814	0.021657278829390208	0.0008107601523797745	0.00670687239131503	0.03316081363556	0.0585897013330345	-0.005860085186552233	-0.013611900186659203	-0.01689347820283701	-0.03667228662116944	0.0008692351506438098	-0.0148276449434886	0.03715754165853928	0.025482957419665605	0.005264271358133995	-0.010562610888798916	-0.0006375522076338432	-0.041765651675401666	-0.03422365649865204	-0.018816546117246553	0.04093801942354869	0.057575972171311975	0.012941445133692366	0.020189265741392362	-0.046546571467856325	0.031157601738308935	-0.02577072928662164	0.06554407831956438	0.023625740903153603	-0.08286437988641766	-0.0006946204014442819	0.010372575471475031	-0.011408801491997135	0.017738873104571104	0.05834752991394466	0.07103571944050754	0.02883652670893738	-0.018507811863163897	-0.011739773633395196	0.006343027246250148	0.010651777985739276	-0.041897855271279524	0.07161498501915665	-0.042414769257290486	-0.0030458772614910647	-0.008293826792856071	0.029685314849416736	-0.0415418116393137	0.024130029931084918	0.042750030760172385	0.04113155737645265	0.04050603141238355	-0.00934411659933207	0.025879410151386915	-0.04664143403443451	-0.04829856984451643	-0.0712792450839242	-0.07514990555000844	-0.06861970237130273	0.05584775590986823	0.029826492762769073	-0.03811357449409044	-0.017667225245524474	0.043443446888251934	0.06298902719495464	0.020018477993306222	-0.020848998095993165	0.0426237500692249	-0.10788480992567924	-0.025154663543360403	0.017736913828226394	-0.16963064651269089	0.0030117065068796848	0.10577075654820492	0.027728517871870004	0.016843765498313394	-0.013914671293157063	-0.01994347069824524	0.005586974363946823	-0.021107380452531115	0.020570783664703465	0.05590021131879021	-0.0020638626742186515	0.008106864045950207	0.0010451497959179249	-0.0034527058341793067	0.011481768159270154	0.016576291962587367	-0.0
2019.3.14.cow.skin.rump.19	-0.22878234122572913	0.21159237508525586	0.017278230332933138	0.08069497311434048	0.04391609017469012	-0.07264555610656766	0.006291183953012204	-0.04132835234966451	-0.016876874674918736	0.023506320490277472	0.017062822097117375	0.028060842168602735	-0.006890051032045176	0.005423659044878784	0.006156136277699264	0.030049449683022287	-5.4462613256889235e-05	0.021729101036523386	0.02472833174495565	0.022599426597786746	0.012074879338867653	-0.007254885787825825	-0.001961486090713786	0.023241899436717665	-0.017198156808675754	0.031752485976528	0.022783022548659104	-0.029366343275598696	-0.019779692458556573	-0.014880985826461446	-0.019016330788776948	0.04715043674586097	0.02557780161304295	0.0016319577585882838	-0.007451775091599362	0.055714190549894786	0.014433206542549128	0.04816832535572297	0.014762808855753446	0.04973222787238189	0.01572430432764134	-0.00802794674635005	-0.016443710404625507	0.019359988851475697	-0.010113333984194593	0.02983348331021324	-0.015501795997324472	0.00011384893754445178	-0.08436315805080272	-0.017241366788586118	0.0426145379571999	-0.03908472567072979	0.005310269238714679	0.06808361096985159	0.016774992615424675	-0.06117440555085609	0.07372632357546446	-0.010610208492936719	0.03422120100686493	0.025505581340318318	0.053553751934242694	0.03507605930969348	-0.05464718533549743	-0.030598057509454924	0.10530847439791491	-0.00010558454540205803	0.024210151769937294	0.021531230328150512	-0.06577979461932734	0.0326402788046104	-0.041757275084400296	0.011542283477482295	-0.02609253613944329	-0.06957316816446463	-0.03996487084054942	0.09007862705063291	-0.030478790704353973	0.00591713309343455	0.10320086253125353	-0.04949864474079424	-0.025405467019132922	0.015408585409945517	0.0984814135546739	0.04221900596297438	-0.16129608482207258	0.02419370513441573	0.10841771672907065	0.00537954683434324	-0.007620860698726898	0.019046012677050396	-0.014425198425964436	-0.015454636169014088	-0.01357855390538382	-0.005040487661859775	0.03361757724844194	-0.006939469269022816	-0.030996521412059396	0.0020702678576329163	0.027398918337344147	0.005394741318149739	-0.0010330842132206676	-0.013850515477077696	-0.0
2019.3.14.cow.skin.rump.2	-0.19865856614609795	0.21096145085779794	0.04510225365004741	0.11399417503298798	0.06896838650900086	-0.05599372619216327	0.03663995933338189	-0.034896290042992995	-0.017226437997052698	0.05748596007514723	0.019420506061797037	0.03419580887143836	-0.005642535623176743	0.0032312557540150628	-0.055122604170675486	0.040515000570418354	-0.0010595252664982798	-0.01390618361858429	0.005175728570044899	0.03930574222097986	0.02334736734204704	0.018911581398501243	0.003453104185836912	-0.015690217633822834	0.025852448856397287	0.049568326475381314	-0.007341534450063197	0.04456405124582062	0.034465232117387404	-0.010466254482098964	0.004976009610378221	-0.037099882907763386	-0.042219336227929026	-0.00577913758325995	-0.00609352442334753	0.02094172150525697	0.004037302241282786	0.017424100555776773	0.02653291138220446	-0.011327001128189443	-0.0019281851941638638	-0.01880526139901852	0.003089601285869881	-0.02732952858120696	-0.01622494047376599	0.042275122995126674	-0.013461659602245156	0.01504510849492157	0.09881489766131848	0.011279161681296026	-0.022050459231343383	0.004751823139315417	-0.024605913452801075	-0.02560771206063234	0.07299289495059595	0.00859235096696914	-0.02205020074074951	-0.007424075502251734	0.06000922385777227	0.04352376988548976	-0.043041285406393986	-0.002158919060467041	-0.000647834659503005	0.01616975389143553	0.005757323552314342	-0.06962723229068393	0.031948969381450296	-0.01896508291135612	-0.09814745288023212	-0.06198908996651182	0.02417104331117777	-0.07560874741014866	-0.032941782421673775	0.012857820077939572	0.046779334232489825	0.02180508197449989	-0.01210279134795618	0.004846035212728639	-0.08647610434111835	0.0018608055606852843	-0.07150270561661226	0.11025551352102943	-0.11022447230625029	0.004021869187947585	-0.08092923536484063	0.1512920204938999	-0.05712813469729642	-0.06949322312744315	-0.018294261987333582	0.0293245667806343	0.011118517261548026	0.020201745320612877	-0.003617372136892516	0.0010722105367255374	-0.00597786529773555	0.0006215661061122051	-0.024831370316515444	0.014821338135323308	-0.014341280831739151	-0.0067777744823830826	-0.010437730233127919	-0.002055658767243974	-0.0
2019.3.14.cow.skin.rump.20	-0.18736752549565974	0.2252318032750063	0.008414135723438722	0.026338861432712718	0.026974730377560145	-0.057839953066136755	-0.03391771191695272	0.010513144429379088	-0.010729468940186778	0.01291616517646552	0.01726214681256448	-0.011136181134033701	-0.05762283306083385	0.0032433652660435576	0.04071093645259259	0.05457050291023415	-0.00711532838062856	0.010344044756679478	0.006632648305994398	0.013243248142127165	0.010254590297709932	-0.01202148595565896	-0.05121174833065834	0.026350585207096648	-0.03091869056269246	0.09481401872829184	0.013696448590880688	-0.036065756244324246	-0.004660521513706114	-0.035688338287571036	-0.03106677075647775	0.09921476181714554	0.022636474689723258	0.014279761948792297	0.0066877582137210645	-0.04823559791824689	0.02235566025488731	-0.007241883896363794	0.05413608616428585	0.02598230698665606	0.004285286551982752	-0.019848012771121252	-0.0526435099442005	-0.04607053128041928	0.025335473013858932	-0.10598611561692142	0.042356527255684125	0.08579804240821218	-0.08101282433913017	-0.057589371180526636	0.053672036405071934	0.055318516559599636	-0.07520599215479859	0.08921997377073711	0.005349091680750617	-0.04167832959888447	-0.013448629421455593	0.05812180837578752	0.04172104920108841	-0.014940948312614687	0.020796600726180104	-0.009914478840438294	0.017560094257632296	-0.05542288537240235	-0.09135914589596442	-0.04712072170880557	-0.02708836991632065	0.0021325548615943116	-0.11711410919599478	0.03092485850973087	0.0311919032128225	-0.02206163473113427	0.059720283401289216	0.018810148642217826	0.08849973356985404	-0.01756061642065803	-0.027890216696454292	-0.07395315173296743	0.006301605509007073	0.012268331551788676	0.07951170296349006	-0.060766916379683275	-0.02430751121784656	-0.019577755043574088	-0.059019122419385936	-0.08086428208532329	-0.097890363857101	-0.03927797365908324	0.02436002692962386	-0.025312792144795856	0.033267843003254034	-0.0037170300684724335	0.021947513616969595	0.018374829577851554	-0.009834359613600182	0.0031960756047696823	-0.011866215726075009	-0.005328558272163167	-0.007305332945564069	0.0006117464443900535	0.007328020205740829	-0.0019080309204518666	-0.0
2019.3.14.cow.skin.rump.3	-0.06429376324389521	0.2681508193128161	-0.041879878789695416	-0.024224982894789977	-0.010854592213338054	0.08215529334739859	-0.00369380673259725	0.07322723523739759	-0.032811251857230606	-0.012488865566849045	-0.08560809509264435	-0.07075430937117846	0.0242674841401254	-0.0026277236210190905	0.07924451792444864	0.06127737711723615	0.042988967201668324	0.04047448155837203	-0.15466857884132879	0.025285932979246122	0.09878761644765123	-0.030384407425755114	-0.026065472427660448	-0.08912782446703026	0.07981260729709794	0.012476304477383272	-0.05939907218036182	-0.034419986329535426	-0.001690840089614748	0.013706109796065326	-0.14889728479849945	0.0720147625535549	0.06874754958358645	0.08621539769124283	-0.0006975633457714608	-0.10461166239985191	0.05038929623354042	-0.04876788564210396	0.08117040367559368	-0.043192636466054805	0.11370949204565117	0.09913514271661523	-0.056326516760676515	-0.05288423286831519	-0.1538166915801385	0.12190198966860495	0.02795941731711667	0.02111933803164398	-0.051442046117561695	-0.030241979379504947	-0.030855482329529258	-0.06069629148260705	-0.0032363645988337684	-0.058219081733641834	-0.08348805993155702	-0.001228226722676389	0.00064143413496264	-0.031056214790445347	0.0034637057598269844	0.04959829614502297	-0.0014375776072895446	-0.003499273477391341	0.06382050891068175	-0.03606885575556028	0.06963542294092513	0.021630431501172255	0.02555590478211968	0.031228100695065066	0.03795903657223707	0.0011191402103958403	0.004353687230353892	-0.04847202357777393	-0.002087414001152836	0.05454812260591032	0.01843452525299754	0.0026602257644670895	-1.3246107903310913e-05	0.021661404199402146	0.011496230949081086	-0.006266038638347087	0.012253116765362412	0.003482919492661019	-0.025921772921017116	0.013562520510508373	0.013556387136307555	0.009637743094337963	0.010274088842037763	-0.011973544665750247	0.012072124008439572	0.005697787144611598	-7.415040897269902e-05	-0.018787596362027745	-0.0032888601290681596	-0.001304630741236664	-0.005556558617406851	-0.0018614418278422756	0.019650080111054357	-0.001740053211113106	-0.00582830377856346	-0.0017248364842528331	0.003938550941435997	0.0079445521151556	-0.0
2019.3.14.cow.skin.rump.4	-0.16352752271301316	0.2447913664643406	0.006180192023261637	0.05009718152197835	0.035724016008409014	-0.027375912952981737	-0.007058876079831042	0.005874609934016766	-0.017664110421414678	0.002236535433839685	-0.021284798011672594	-0.010893359084734345	-0.031951138116330054	-0.013986850017258572	-0.019941060225746095	0.04666246861032752	0.012210109444099976	0.030570824040213728	-0.042707704710969664	0.03869241218133996	0.0346231967072165	-0.031197674333450998	0.00011674869654351117	-0.04321628838794475	-0.0016977932956981745	0.06063359018746756	-0.03824198750512282	-0.0034476432955974426	0.0027990379152370653	0.017211587142867708	-0.03507305260488171	0.019385695050534498	0.04408101502099633	0.024396030060693852	-0.10819302306646972	-0.02543436002444929	-0.03113192806687429	0.0008283044872498684	-0.010211034827058431	-0.025720305893070197	0.01404167026753808	-0.054488498082623224	0.01645440728498517	0.09486365839587964	0.033555226661457	0.06755026662063758	-0.12411216737704539	-0.07433699880513416	0.019225350748330504	-0.008702197199415746	-0.04759567707793498	-0.04874404306927212	0.1307691776376905	-0.04883619030021363	0.041719217992889086	0.00789611964823923	-0.006652353862390045	0.07338346144234562	0.009157672965117714	-0.03544933148101993	0.06056878233183825	-0.0044770183849713084	-0.018051778412796062	0.08778542814823122	-0.056435310332151295	0.11531475376387328	0.017509329020580763	-0.08345569787937865	0.021490810911228505	-0.013952953019585119	0.07827752041642976	0.12500509188194064	-0.035146769684234365	-0.011003549663257626	0.017334889510619615	-0.0009592341884487175	-0.02469977020752975	-0.0711899701314732	0.0692787604145853	0.04590292354875651	0.012741654884818761	-0.02342879501958675	-0.056526355099996504	-0.07145344647540987	-0.04462041285543136	-0.01827665587827377	-0.024536764853368517	0.018401683722796918	-0.010306009812431816	0.026723977119467543	0.049373262218287715	0.0005855773965325482	-0.0014350274211551188	-0.011948574232581076	0.008886991529330777	0.005630716619265347	-0.01758779220957891	0.00492808005245694	-0.015327280687769245	0.006275171495290174	-0.000224652096999725	-0.0071928409794405805	-0.0
2019.3.14.cow.skin.rump.5	-0.14247680768210144	0.20145003107206644	0.017487321348520823	-0.022603860091384903	-0.009017474207545544	-0.0045627127442342515	0.02801702667080426	0.0308893853317474	0.02165044705497727	-0.0333948087421351	0.021304736120362017	-0.014691340839351152	-0.007291838120937598	0.0027053542169083815	0.008409487805536365	-0.03718572680736083	0.05402865380364803	0.017343193222845374	0.03868313252467157	-0.05569101154659906	-0.08244888266240925	0.07933273858762903	0.019149442029187762	-0.02739642161908727	-0.033991270559079925	-0.10880163964493021	-0.07943939631219	-0.03644727669718927	0.038117773082600004	0.015106922295630942	0.03958878944447492	0.018568351776387198	-0.060462944112259914	0.04924649720818768	-0.03891579457355857	-0.01254132000112296	-0.10170700200550185	-0.04838627648298965	0.017552027202898602	0.10583759608677941	-0.12451075902074052	-0.14942544617584208	-0.03743824904297868	0.020586401577336325	-0.04774038129331299	-0.03289151771675711	-0.04966062144148426	-0.07779580624600627	-0.10720176982180658	0.032747202650608785	0.0007512906647671754	-0.1042040303325214	0.00798693060754083	0.03107344270151852	-0.029190076684948423	0.012448668584780394	0.041608258292404166	0.05480954487657153	-0.009925734052155605	0.06560400064428383	-0.08596196742202517	-0.026889423641438183	0.065245382979965	-0.023701733902446162	0.05265446786711934	0.000129766776569331	0.03768043652731774	-0.016673535467141336	0.046916696650926626	-0.13237611786409959	-0.05493961702865382	-0.06401400851742585	-0.01187445352834217	0.0068662195827058625	0.06390176105233568	0.02713091642832995	-0.01841657323082049	-0.015323193715913437	0.012857863922112528	-0.033476259151361	0.05739852585606204	0.024995327748787544	0.023736253278588994	0.0014646126492960988	0.026231140159124963	-0.003941216000977582	-0.03831856254641067	-0.008400606673817918	0.0031928306176724408	-0.011142793930591515	0.03938952653597014	0.00019623288625852315	-0.00995130729065894	-0.016493986073643142	0.00041269433797549624	-0.01068502182120052	-0.0022676517671701584	-0.013907590271761772	-0.0024839533593841775	0.001622043517861773	0.0001699282541754169	-0.004857265817344224	-0.0
2019.3.14.cow.skin.rump.6	-0.2127385854794657	0.18331212657938625	0.033208697686390294	0.08911116190590292	0.052013659295603934	-0.011746863661562482	0.06551732495446229	-0.03417659864714666	-0.016332458802426363	0.0337745369093184	0.041355939355408336	0.012346304426755644	0.008682665085938356	0.014722748477124467	0.047935289653133664	0.03352294050985137	0.007105188027646021	0.008209522300056156	-0.013762048732554686	0.028537182963715144	0.00526036191962482	0.016265172757583227	-0.02084562250598623	-0.011531527412480988	0.05974357374728551	-0.05805891968294881	0.021745565189973927	-0.009406040253689706	-0.007932701929628317	0.0038095829796618995	-0.005869986810637023	-0.05418110010465519	0.006454642080258244	-0.01776226743671688	-0.01905596580845999	0.01634455579352627	0.09437364471038344	0.0686101665509661	0.006279767635828578	0.04503507506810171	-0.03729210851196616	0.03660686877433467	0.01531713793390522	-0.030006979124223537	0.09367920854195515	0.02848004865630759	-0.004847351003258916	0.02346153539920392	0.11101440799935938	-0.004489829886936832	-0.0479815775888209	-0.006180762208391891	-0.03032972658323751	0.06946184660570294	-0.06433628620050844	0.05132964596180478	0.021634881039508384	-0.07209595411991651	-0.04010090952802209	-0.07211658213705033	-0.012114986637598376	0.04188183548527677	-0.040922800515296516	0.056554539737443656	-0.007422962888834198	0.08123958211419847	-0.013296713396374062	-0.032062630263064384	0.08942761849695163	0.016479351765399792	-0.08361305752930123	-0.03682759361578652	0.0032172931077561165	0.008599969338123986	0.09722779848364234	0.0025018985407457045	-0.016626541097486704	0.002106179620859943	0.06622726564608303	-0.019852917492334903	0.008774511291767973	-0.10547790564593054	0.05037391541516498	0.11457313157757923	-0.0015732030092035429	0.03432486289605884	-0.06400928974553295	-0.07453789098242712	-0.00869018467422632	0.022676008272418686	0.03279563860826234	0.04004994640378587	-0.01433338030912864	-0.00035947374859001264	-0.018297880133756945	-0.006887428418776743	0.023227212214872096	0.00424057741311144	-0.03795743364848624	0.0011174670778908362	-0.0032101295389072864	0.003200093181045169	-0.0
2019.3.14.cow.skin.rump.7	-0.013771463399676878	0.2094114812108242	-0.005414375611802313	-0.0771460558021344	-0.057643038473169234	0.08986514600814301	0.030544985422393908	0.08386057935650056	-0.058338274975407126	-0.07355910686504255	-0.09166154411879758	0.024088096171654215	0.06148307913090038	-0.07244699637502511	-0.013481259762680478	0.08326263039366213	0.00444720988809762	-0.07470228660935777	-0.15637432425682393	-0.11626667368978015	-0.03283525910251714	-0.02057969607644319	0.06721376262196463	-0.07395648888312689	-0.0436617755561287	-0.0022135695484061975	0.047091727179117186	0.1815458337424354	-0.11208949384705853	-0.018671128545520038	0.06486853209519683	0.002685095073530504	-0.10184101697429619	-0.015947887632284725	-0.06498267211744252	-0.03783074683065106	-0.004360069367858493	0.021073499317850575	0.028386256392661024	0.009333335076386852	-0.028673522827190538	0.018272245147588923	-0.048489143218362306	-0.06279999317662614	0.030028702244760036	-0.015510431480224487	-0.029561619321165886	0.09522505411844931	-0.018681027054074806	0.09092471511034385	0.04441130408637116	0.04174792150260449	0.052225669117382564	0.07023841221209379	-0.030114709929333183	-0.11975422294308731	0.10171297547295309	0.022121867269614542	0.02283176334196656	-0.022754820459804294	-0.05416818073957945	0.10957347168699767	0.04018796892016366	0.04603337828072699	0.0001510246478014707	-0.005429843979376567	-0.04318833799871926	0.05968307456406934	0.0013190680232799395	0.013778680816435044	0.01864314789238502	0.060219313595297724	-0.024267431788690945	-0.020690702428547456	-0.025833389801409395	0.014737687124008345	0.02244005145185517	0.007784526492811043	-0.009717400078482881	-0.0006063017609570453	0.010262033790055042	-0.008776888726816265	-0.021990598632208907	-0.011890895411555807	0.03194275117727273	0.033429135213317966	-0.002597442351486916	-0.004517633044879383	-0.017917467687145645	0.012880292320156266	0.008031655396022415	0.015080074658590395	-0.006785456686863146	-0.012598143448277773	0.007119301378235813	0.0028079450670501897	-0.005056605873475669	-0.0026419634970084693	-0.004686604687091062	0.0006689622511721037	-0.006278437527812811	-0.0038693724680236834	-0.0
2019.3.14.cow.skin.rump.8	-0.20481154942272328	0.1458941066195452	0.04617845166602105	0.1333735202014319	0.05141444560090525	-0.0835048904631579	-0.010155374719004486	-0.09149232899911625	-0.021662019041909033	0.0764453950089098	0.00015483168062818516	0.08065744817345764	-0.018050242009310987	-0.02081235961415078	-0.040397853167748674	-0.011426492713038926	-0.03263643960808078	0.018448998395587567	0.04303349944572827	0.03100120634721698	-0.013005278027150277	-0.013078607670820499	0.053453311889805843	-0.038589239317305284	0.021831297139568766	-0.06181676949703866	0.037089142817511266	0.013849021191824159	-0.03006736891536702	4.6615914146829326e-05	-0.012241911780851308	-0.033895731560515965	-0.027649884848429566	0.002681498859989159	0.06389486162534952	-0.01600342674938062	0.037206978753535895	0.03663547545045087	-0.001799536860945707	-0.041471773916380315	-0.00131955351345921	0.01244225474656013	0.010003344152067098	6.131381008248284e-05	-0.1275435645756115	0.04055090698274529	0.040777427210205885	-0.020675313215673827	0.04281264765278236	0.06550246620954407	-0.03252045635008677	-0.050470352542890534	-0.017618430237671154	-0.029113445552994048	0.03813347687649859	-0.016612800773431597	-0.03495695176899345	-0.02382667778441301	0.003638756071524052	-0.05014330803957668	-0.03916062973884661	-0.07583642272388137	0.03734761351408869	0.009415844158206434	0.08697367562534408	-0.07853166953964161	0.017604242211536572	0.07247916163034819	-0.013107787815902463	-0.010685793200571147	0.04426020855226982	0.0923703000818774	0.037304662420039984	-0.10335707680369893	-0.04890962511353577	0.08770362458328286	0.07357886868485042	-0.09481235784190006	0.02713972594428092	0.026623728327246417	0.003961188880698184	-0.051493675408240416	0.05404781611596013	-0.019106797487611696	0.04613335331565618	-0.04069957694956151	-0.11316205950694193	-0.023621440492762387	-0.014860180246579058	-0.02726017721495047	-0.03020099608545706	0.009204317767847445	-0.029371610225093603	-0.003189580749498168	-0.023468377702572145	0.006901570328721859	-0.01061871344651305	-0.015028005059025466	0.017808625847001238	0.00336669850948283	9.614145024596544e-05	0.0018569110109211786	-0.0
2019.3.14.cow.skin.rump.8.rep	-0.1907895856735294	0.2061090336874123	0.040894113830725665	0.10859944249002132	0.03591542330573239	-0.07330023467923205	0.0010535502942657844	-0.04000039414850341	-0.025009416233390626	0.04874291135456204	0.007489867088289495	0.06591368486987415	-0.006987360913473271	-0.0160045124748219	-0.024351778636291375	0.030766062956467232	-0.03325508025873218	-0.0025509520778970447	0.020223410559372306	0.012939276965878797	0.016163965020310412	0.02209068817769038	0.029914625384839934	-0.012799432489814877	-0.01196498600063823	-0.010016730918547115	-0.022984374442895028	0.026737912529030076	-0.03154806633101199	0.014453506543741524	0.04351851936216877	0.016548161643417582	-0.03179345563567885	-0.011442634661233523	-0.03277829396435111	0.015146683754393118	-0.018637395309424827	-0.018125468344523745	0.019110736327780566	-0.03015968846686157	-0.018169470664478184	-0.0423374388507132	-0.05791845142697195	0.050139239661885035	-0.10011748210961609	-0.002437642194854244	-0.025232266933036672	0.02955598457092952	-0.02090371004770293	-0.024542926290550476	-0.04301316522389523	0.0051303303247031105	-0.026729289766327078	-0.09786150197877867	0.06848990216759793	0.05528708876506767	0.0013082086684855394	0.05715600986931041	0.03260744195271522	0.05354662567933034	-0.0035921729310407933	0.013419364585836003	0.010312279586361084	0.10999726915904465	-0.025534067607794222	0.005084916536553967	-0.08930519148151018	0.050384904464457723	0.0314131402097891	0.09434269780955641	-0.08542375043231631	-0.0720028832010348	0.031359703754349225	0.02704034235982043	0.005575353892287325	-0.07075307553431207	0.020062830807874178	0.10072470579200261	-0.0733888564957924	-0.0014553706195643877	-0.03177928968177475	-0.11113899262922344	0.07978978456843541	-0.11149183003849422	-0.0476556788306455	-0.010528920772279711	0.010927279414899889	0.005947470198917053	0.013791512798273002	0.009049943349763154	-0.024078576422718278	0.02508375005376444	-0.000243975002539819	-0.026907268066037555	0.016994362683668166	-0.03191331459044988	0.01116707524312827	0.0026668865558013566	-0.00022597404333170263	0.0007542076429687298	-0.0019031006688303065	-0.005357872348449513	-0.0
2019.3.14.cow.skin.rump.9	-0.2350756959351197	0.11111467017821951	0.024898666109488512	0.06543448077818222	-0.0014319308476950117	-0.02349549655081332	-0.05165276915537598	-0.1168417879975247	0.04994998565468591	0.057931782015555704	0.02652534577982018	0.015526097325834813	0.06727192661740411	6.117546860907487e-05	-0.014545490069438732	-0.026298054866131706	-0.0011732918524695252	-0.01773768407425824	0.009504526511327008	0.03532460910075347	-0.01709257195970454	0.00014182329198281367	0.010788270188471914	-0.0854552957681862	0.04104583979430157	-0.17922260758643652	0.04876471138501101	0.017487708759321215	0.049738546418081835	-0.011621716781445053	-0.01319611492515629	-0.01612627360475431	0.012929917430515896	-0.0010025171729892313	0.06069906315392824	-0.05002341800191627	0.014871451025686464	-0.018454018621112876	-0.017850033244428763	-0.01752133962031078	-0.026088420637922577	-0.018504718022423376	-0.021645331290280134	-0.05108364044441052	-0.008883588864084732	-0.02243723135726205	0.007796837070493753	0.005360543111734024	-0.003416604739136709	0.07392913443139533	-0.04637576036440394	-0.00724181716757192	-0.030763917238586878	0.025189125536467134	-0.015519787083455713	0.003403482879207566	-0.04840768250932242	0.050294003346367494	0.018505049990863623	-0.01812472726763628	-0.03062928866886531	-0.031082651878954187	-0.02571392154134251	0.004890626743253633	-0.03415688551704044	0.03876156148531078	-0.017569004238713583	-0.007499942606315875	-0.035859887450758	-0.028314541336954987	0.004707012451096833	0.06700568966008306	0.00969312765928307	0.04418429889683581	0.004716238797196436	0.05398032284214132	-0.014822038008741253	-0.020548720888923438	-0.10988406273641904	0.07975622838560371	0.09730334735685711	-0.07721238617246827	-0.06293716002733474	0.04885362658867278	-0.040362759234908015	0.01571504177590184	0.17383923373728297	0.0037602260628844314	-0.009873149469210389	-0.006623982731561162	-0.007392929619374332	-0.03712241348425163	0.019225821928642906	0.03035882517811482	-0.007278773581628738	-0.015560605607320649	0.005464986164874289	0.0012676613897008933	-0.01600489098469837	-0.002694330367766788	0.00966471720439205	-0.0033548787688826094	-0.0
2019.3.14.cow.udder.1	-0.17848899476671723	0.21715914057271707	-0.019731185429832356	-0.03682424079612487	-0.023982822162389027	-0.035105944418543415	0.022405206784672647	0.05269946479502083	-0.001895569625403832	-0.07021604475649781	0.0364042182661575	-0.053149827332302675	-0.01555983493637179	0.052162516160276645	0.002878477651015042	-0.10705286596706529	0.011268692709941996	-0.005251537135269425	0.05088713298244994	0.012869817974073681	-0.051444982171139686	0.012552182059866107	-0.04640510609299793	0.04780666847913135	0.013868852415541899	-0.02161672784521131	-0.031624720299488	-0.08203935713574005	0.006310237564768984	-0.015379013756037578	0.041978982343042245	-0.03594149921895244	0.014536912584020612	0.040274011967614314	-0.09576747873671423	0.016013259007754577	-0.04838030487255042	0.01401821211046962	-0.003280931550968612	-0.0009607591632429926	-0.0017764940376055046	-0.0068054553767407005	-0.04489490314852403	-0.03235967949317388	0.005846732171187625	0.011949915557088176	-0.05668522020691378	-0.01440002601515287	0.00048690398095179636	0.07441613548287992	0.08638701463009836	-0.05283523073441328	0.018555122268306076	-0.0855626090802707	0.030859558338935802	0.05023573629856628	0.012194300308872745	-0.11902098328411892	0.05019960208319597	-0.0032057573311002107	-0.027315274692816357	0.03697411686260013	0.055244652225084165	-0.023351867197173342	0.050889823260598474	0.04693265447430581	-0.11888760036100281	-0.04270109757853743	-0.14770703156341705	0.09124198105254139	0.11199324920708123	0.037468976944682014	0.009362921970546119	0.04398824984570043	-0.0015960095452401762	-0.04861743821526931	0.037386435569205	0.019465741728324923	-0.03681395125712894	-0.037849391183906934	-0.014674269711282236	-0.02558170837284782	0.01981326194044858	0.09574168155027549	0.03482006277211154	-0.012063996135198485	-0.011477660530177415	0.01552551081345028	-0.04105308967513908	0.012607353142059288	0.010124437352366478	-0.018645496935342253	-0.021834286172996098	0.01063373706630553	-0.003922129741123265	-0.0017114333424315706	0.0128283634787497	-0.009646945942871498	0.008985342186662748	-0.003979672645263676	0.014891197189418164	-0.0022656269651367524	-0.0
2019.3.14.cow.udder.10	-0.15302165660749958	0.22298792620043045	-0.01416537702907357	0.001022647019624085	0.01992449068300373	0.02807131868932825	-0.048648429699121726	0.07335273584790311	-0.0035980709879203598	-0.03581953193852259	0.02628944079567187	-0.05851405703546755	0.044671948620568065	0.033257967467177886	-0.05733403772287738	-0.09690301336054329	0.0030380459152248526	0.014692547098012904	0.005958916665001504	0.010457312013498138	-0.009466199607679394	-0.09258586987560444	-0.07395063933742328	-0.05779019226281251	-0.02459229798926657	0.05628654166173092	-0.007503179447506566	-0.03848309140874306	-0.05702787971616522	0.010378162128840674	-0.047408131596442006	-0.07699916162449066	0.08035012619654475	-0.02973671267960837	-0.0017153305092691951	-0.0918905944768008	-0.06580428664709911	0.005817967230602464	-0.008411435501080587	-0.06697798120082583	0.07930162216352134	0.06643710303828852	-0.03260959651973579	0.044699911861600404	0.02685794866847682	-0.09236252258402873	-0.017570038459936238	-0.06273242669650528	0.08868918220206871	0.020960229922420446	-0.02317091578365122	0.06260287013630496	0.025843560694712806	0.046797035531517574	-0.012754567721374689	-0.013568018313817702	-0.029851892413561943	0.01028662381740351	-0.021402443512368644	-0.042787065996160105	-0.0993452936522158	-0.03434034577907745	0.06827640082593216	-0.05512890528137673	0.0138889310258337	-0.031071034506551506	-0.15746683505328607	-0.053661562111731356	0.00857926055129663	-0.07727243759955249	-0.07752485809231133	-0.049652654898303845	0.0235252279110447	-0.14227599592555443	-0.006057451490978597	-0.014813016594906792	-0.0513588409055502	-0.0035869344344290396	0.015311332330641836	-0.01583667116568176	-0.014834298170936977	-0.001968138929340374	0.001219532543687263	-0.03235992017638931	-0.010982506542849234	0.013112317698147167	0.03838386581640934	0.00962266729748814	0.007681414924254517	0.006506054526393754	0.0005599867465450022	0.014541363871750392	0.010782834633471634	-0.021711364967726632	0.024737209578829647	-0.004838708120060976	-0.004723914620086429	-0.009550893161362085	0.010637248489260691	-0.0012925475676831444	0.003122569971454403	0.0032192387107037182	-0.0
2019.3.14.cow.udder.12	-0.15258318748383767	0.22782840213389288	-0.027814252181304566	-0.05897627487109097	-0.039656291426360644	0.0036273855289521203	0.005838950963426103	0.07631251804786181	0.002700317397106909	-0.09787400397277221	-0.0007469149435583257	-0.06182601794083067	0.03763058636992885	0.04338032605691409	-0.0407220957657055	-0.041846072020812794	0.01433601578268595	-0.010059829261184568	-0.02644778170755043	-0.05154683245162539	-0.04711490371760941	0.051577344847928475	0.0169588620006119	0.049277065719508614	0.052843884814991894	-0.04551444392912065	0.010588735135105274	0.05729681056858517	-0.015932951145955193	0.019359616097520335	0.0296378187143343	-0.02354779651042024	-0.04636809655944272	0.09088946949008646	-0.04083976810848511	0.044933624880606544	0.0016614777955450757	0.033566691021344776	-0.005727458049151609	0.01911661816202335	0.029726230284092537	0.08833108552208963	0.008717902608786242	0.019939183614423036	-0.007021064673037958	0.06370074593628054	-0.06805687226968123	0.01358419055984282	0.09569756834441849	-0.16965668650138035	0.1028682318938787	-0.0204165555697059	-0.045254181259887616	-0.0953498360157355	-0.01971665518010057	-0.024537326624250077	-0.004729247766505647	-0.006717493124017227	0.04026155489047175	0.034103355979228894	-0.051313116554056494	0.05176446139487303	-0.08803299803276161	0.017297841646660123	-0.05831149338143728	-0.1427791320351631	0.0831580383650857	-0.08087875506823305	-0.017896544882295362	-0.08644731109641351	-0.026709221513558264	-0.0013781046861351153	0.016224174734876598	-0.007967741978725882	-0.012850855632651717	-0.0037882452806927845	-0.032316109034711916	-0.04194784296228345	0.0029840955239942937	0.029675367229849182	-0.0019191081869823804	-0.07583613254779178	0.022096234102270518	-0.00028101933068501174	0.010955031948808513	-0.0524192637394689	0.03615830221217118	0.028982427156262206	0.0014704939334781698	-0.024921608222547846	-0.03148581136223131	-0.004814775901492781	0.0034490317339073567	0.01057637801626617	-0.007778482992388489	0.001469954884907359	-0.01518004418015821	-0.002856087374090415	-0.003879317504731064	0.0021804864558117565	-0.0019467423128668034	-0.0026265515731459786	-0.0
2019.3.14.cow.udder.13	-0.17111561526466051	0.21578030087427869	-0.00970609460163294	-0.029230538733896944	-0.03385438846542938	0.0006454335106797318	0.05408762029266708	0.051398004303117806	0.00949313891561603	-0.06096841793794864	0.01266212907183614	-0.056507618388378374	-0.022417216036180215	0.003213091226627847	0.0464873988935659	-0.02296168183674335	0.035958050372544154	-0.07006125111878593	-0.04345983190463165	-0.020354624589058852	-0.0043444550833263195	0.07662739082721155	-0.0136685438926253	-0.011577491829596897	0.013209361703409707	0.03968502716029294	0.017046788007208186	-0.01798313880427942	0.07145994324469095	0.023043167206205327	-0.04009504656161419	-0.054926199483766903	0.023029790635560828	-0.029992882120166754	-0.07336600566079986	0.01841494293806869	-0.03772219612601291	0.022878821732595537	0.10189629006277938	-0.029771843361242254	0.004423250539847044	-0.030433328657379223	-0.09197988385554771	-0.03414460911865428	0.10703288064304331	-0.05972777531429494	-0.028630952805344955	0.01937338604677061	0.15814049912166842	0.00729904560173691	0.020630755225713907	0.05005126869730244	-0.07858971367414806	0.020099712353638242	0.011825279471354457	-0.03982061058932929	-0.07294403508726995	0.036024753008171186	-0.039709307131722264	0.01322115748061678	0.06000725087565082	-0.09637556143724987	0.05755532345067834	-0.011897041646161932	0.05578337192781773	0.021281724345484088	0.06500649274359323	0.0404898975398694	0.07672952313323124	-0.007359320574683374	0.02015076016791171	0.019817347744285063	-0.07792965404786086	0.07496012763844064	-0.07667128755686713	0.014826511985392884	0.080624878723568	-0.008605550590667277	-0.0594053494955161	0.006734131040571883	0.021376781983024576	0.03833589856604832	0.098867517368016	-0.010671555706356103	-0.05814675898660817	-0.03582820605999923	-0.013142316130034285	0.01908551678770821	0.0178702952562538	0.018390401006502386	-0.0019188047065128977	-0.0080401303955027	0.02312982935981866	0.008614678097524293	-0.003585282432126724	-0.006786954681824445	0.0027235886121361025	0.004435733835622404	0.009543664622285288	0.004570148176720314	0.001989506269534939	-0.012353371282349456	-0.0
2019.3.14.cow.udder.14	-0.08243767363924648	0.18709743869921514	-0.0672881988045222	-0.0717683637422323	-0.10965203912757288	0.10358474090901755	-0.023794788563039408	-0.12177742858929186	0.1663392418704375	-0.039656288459348044	-0.024485406304066867	-0.11688821222873154	0.026844921746909185	-0.007842901807317552	0.12976200587463887	-0.006886698662352339	0.026703751574590633	-0.036455394471556886	7.415405797179643e-05	-0.0812886041566804	0.002596435476088487	0.060056368118157594	0.09435668032536	0.017919131209850128	0.007130549680148907	0.06253373154070511	0.03436746105299041	-0.06505465487907953	0.08555724376178854	-0.012819973636563814	-0.036978798977248074	0.11587631030924347	0.0349507091100675	-0.17020410460879587	0.07423839595342495	0.11580964222955945	-0.008769972232907463	0.056041905542029244	-0.0365547210590065	0.013407948586758948	0.025158369133378718	-0.08164236127607165	-0.00099598937946163	0.000859386064765845	-0.050602511450016124	0.07054408977900464	0.007460919697265155	-0.008047355152885603	0.047415914472426546	-0.015810985928881773	-0.04711559454191363	0.03219646536752681	0.08911679631549402	0.03773640800726199	0.0964935752060143	-0.04523724554193808	0.051842534559737447	-0.0046697444591538755	0.04270184613259723	-0.02925041642244953	-0.08062405923341928	-0.04462866523626234	0.06498722187407253	-0.005421996260501415	-0.012063542623779662	-0.06677244412170204	0.040784533757336115	-0.03171757420690613	0.04042563469880793	0.06745942261865487	0.010810441974447147	-0.01822191542099347	-0.0029246154638943003	-0.045975382266495855	0.022881091256748257	-0.03648438070427473	0.013899525170170273	0.019541503627461036	-0.0038152680230834368	-0.021948549259864253	-0.019101647648298456	-0.05028505769947331	-0.043761456491643785	0.028085612719118674	0.021829233960481968	-0.023983073530333566	0.032416792769380545	-0.008267156896678968	-0.0014973166521503568	0.01574134262552537	0.01862706395678136	-0.007641586017584202	0.002065905819066629	0.005449975357545196	-0.005031967073022158	0.01330646693156459	0.0023684265907527365	-0.0016078248159726767	-0.0077116230424494996	-0.0014735318202451864	0.00239530537029391	0.0007032041595476998	-0.0
2019.3.14.cow.udder.15	-0.16220468870979768	0.23642786697010096	-0.026834260934699906	-0.029387795977793372	-0.043245587523127064	0.0467113217471632	-0.0036389973311438755	-0.05523546867132925	0.05441873999199165	-0.013329368838606982	-0.013194342604765987	-0.1049579401512287	0.019697094202941395	0.008879483043345638	0.03404237831394382	0.04408019175681273	0.1101993128257282	0.01513885630675676	-0.017118892971036984	-0.06293646216497793	-0.009274534533453036	0.032074884690244325	0.012788461714025406	0.053763087476254294	0.0021170327555851227	0.0625802159850408	-0.0186925708128219	-0.06326806593053808	0.01572436810338656	0.010213554454562663	-0.04783922942651301	0.006099528072175761	0.05691118703740001	-0.0548419096895917	0.008490254742511978	0.07943175321291114	0.047026878230479664	0.02083096285824273	-0.05003139414459339	0.08668950680370102	0.0001158656228482066	0.10389521557413936	0.09297290159720063	0.024693291863585716	-0.0008941828548359278	-0.060128145540360965	-0.051505120054211255	-0.06120682236229844	-0.009625459490720982	-0.01599444719961184	0.059327099635866846	-0.0806038418202275	-0.05195910662101585	-0.0025445399305383948	-0.026407172705787095	0.028892093433631874	0.015651854293142718	0.03852702557874801	-0.03774329851690672	-0.029915667813681476	0.037073548186516016	-0.0364068435720261	-0.015108093537791129	0.06785766659891704	-0.04238459839839882	0.020503850050827208	-0.0533082840609011	0.1530334664291334	-0.07392770181323804	-0.035895782488090146	-0.0999908594823937	0.06144212522427292	0.07291082454726223	0.04317779149667635	-0.05373164522502581	-0.029532702878275155	0.02599588896490366	-0.03560867905173072	-0.016022329002572035	0.00314950166281181	0.044731228493585906	0.04350199620351291	-0.016157106649469042	-0.0384923696902698	0.036625572440238084	0.0843559289908316	-0.004601697267445954	-0.011881614689070567	-0.047559752974432254	-0.0062501426117768325	-0.0025701874311967474	0.0010351002729455379	-0.019665846434054682	-0.016419539945431067	0.012965610068182287	0.0071690030224502935	0.024032633000744485	-0.004355332369581983	0.012149092895373458	-0.002455328250343984	-0.006350604651751382	0.007240571827030454	-0.0
2019.3.14.cow.udder.19	-0.23435336822342234	0.15941244113785874	-0.002621831409694182	-0.015085904629427405	-0.006768259337389754	-0.09372039386639469	-0.15037758309934723	0.027041146262390455	0.012535784312916963	-0.05787416433439439	0.013772607955267779	0.0031151572534521763	-0.06700984494286975	0.025736081156538904	0.04709726045917698	-0.11059873182747258	-0.05853119074097492	0.016349698796350842	0.0864845017860354	-0.032741423347348045	-0.04847575189128664	-0.04069728371805304	0.003594530257977399	0.014332328692604172	-0.08986990646215658	-0.04026661369928647	0.061163123406183795	-0.012149988614167592	-0.012267921769746424	-0.006504652212756196	-0.00492817970870069	0.0006410847057065579	0.012136154280767822	0.0035320378378791754	-0.0018190525564290257	-0.00719803177662231	-0.05864884017552348	-0.01560252581216104	0.05076636758839171	0.049749161881476434	0.004658923225676124	0.01689699508939877	-0.0601992247876702	-0.001656310688193134	0.027590856410834003	-0.0023707664726521148	0.02688454927174042	0.05892931981967642	-0.010228928823895807	-0.013372834106295107	-0.005713058307217312	-0.015117909423464436	0.02259360810834658	-0.01777322548974673	-0.01557699823180844	-0.008625325171737665	-0.00849530605814124	0.06373737008457665	-0.03248199027231873	0.022286643977050716	0.02237015396242071	0.0023450770516459684	0.01051870626503639	0.013987420437672572	0.024111337533315368	0.04580605981679051	0.03638905083337935	-0.00278747433642367	0.049204978409971206	-0.003675493119300967	-0.014649150274696385	0.025155481901045013	0.020853005538507323	-0.005116417296777354	-0.029545176424813267	-0.022659484546024348	0.009111186145266422	0.05601120344492051	0.08158249242429948	-0.03839487038534321	-0.040078317402589506	-0.023701196847213397	-0.10638590341940353	-0.010275375205634643	-0.013204266062926566	0.04233154369333423	-0.035456527293388634	-0.027289750140634988	-0.07789553199440417	-0.043535849224140534	-0.1297254662375979	-0.0001791202968741289	0.04873597607287275	0.10908296927357847	-0.028540682985433132	0.0034532508352998676	0.037687749590312306	0.04065630788495227	0.006644561443348881	-0.0036218533380524835	0.00041524426734974824	0.016319019659545575	-0.0
2019.3.14.cow.udder.20	-0.21871564155334605	0.15034308302811247	-0.016094638927980676	0.01080286572936581	-0.0012643682427651833	-0.10456939669679582	-0.1905140237017894	0.0022064129103729476	-0.0009878433182388356	-0.04485965672253635	0.0015990876983191823	-0.007098718666608333	-0.06282845022783581	0.025609420454353514	0.055671657294152715	-0.12108078997148482	-0.09827944560408518	0.04656788680755447	0.09070279927789474	-0.05354710641898839	-0.054384554083863584	-0.04605974974956035	-0.002643688194396577	0.0542438951373562	-0.07990562847027634	-0.10760488501766699	0.07525645283227266	-0.023781429728936133	0.018690775148166756	0.02058153463555483	-0.0022635607540078292	0.05999819710747586	0.0002519110124393037	0.015761140620319976	0.03450656336401379	-0.050379382491162965	0.0040711938228788075	-0.03527258273904317	0.03356957823160426	-0.013597495775384539	0.034014924783120085	0.026351349786350356	-0.04128279993886919	0.03769498632696818	0.0006608153460423284	-0.00014388790869871378	0.0408885843126181	0.04858737968326091	-0.0037443666693065523	-0.06784499563449212	0.027398944850773762	0.035174681609463625	-0.014817098043928468	-0.02460647024067458	0.001863891291523353	-0.04732748340788981	-0.015556185240863435	0.02070059431820873	-0.05914876865541876	0.010858777225902628	-0.015777185029071137	-0.015228547211651572	-0.05032325437530866	0.008371540240207007	-0.028999772573046822	0.03628795828245313	0.004609855475347641	0.08218513697843974	0.03082867658278889	-0.011630856006682077	0.028822232851916957	0.019662046091853427	0.014209614539969667	0.03541260568268717	-0.036134596189194755	0.033522706503670556	-0.008701267887028746	0.034052493086500976	-0.006839303457159001	0.011132898384345042	-0.08441159893554448	0.008382126626791404	-0.02644137477466867	0.04058293555459394	0.0433863147952391	0.016773930927693723	0.0017821757223339546	0.0017421613289222663	0.03513825059168022	0.05720195764255834	0.12024166281054498	0.016871178837019423	-0.06521473780151935	-0.0813716644701253	0.03051808473017004	0.0374521351926089	-0.05199474964232568	0.005848040655704722	-0.02638274077239666	0.006654504535599805	-0.009531787573450082	-0.015859390180841475	-0.0
2019.3.14.cow.udder.4	-0.19293979724450724	0.21673905220313405	-0.0036568756322694286	0.04328791234274637	-0.0033191077458251117	-0.03968698966236447	-0.000513249859284243	-0.04160787171348144	-0.007149973595159978	-0.03647217157366713	-0.0220984882142025	-0.03331137883150482	-0.006205187833966802	0.05317738385890483	0.03838485006580236	-0.053977358460591665	-0.0599146376240207	-0.0156868381155845	0.022127053176066315	-0.09557743222941384	-0.03665686583626625	0.012035940829161752	0.02604201532888977	0.058445182313530866	-0.019270329841056987	-0.08635799325352896	0.03559725893204823	0.019820449154299254	0.017974432844231145	0.023790117884918163	0.025296750141369267	-0.054643644778817245	0.021199499112022215	-0.020661293634069478	0.024800540202872992	0.0029359471589411293	0.08441963837288775	0.0103738978536398	-0.012825691706921924	-0.03724005293685673	0.021819762907721415	-0.030137323362318433	-0.03153772421925883	0.01762922620475627	0.002228306792413183	0.03640477547353882	0.05063105002726718	0.0032856879911669443	0.025843571556341285	-0.06171951392386556	-0.09704367647094063	0.07430083403857868	-0.008453728645378654	0.027872035163261862	-0.08381543802537739	0.11725634183831443	0.02299150257165917	-0.03658614411309425	0.10205985178976403	0.019664943156418587	0.002358750367705401	0.12002971290336535	-0.013587029915003943	0.03022887724343495	0.013386906180310179	0.02595442615121778	-0.02491990333807841	-0.024439500881442772	0.030567907030269358	0.03630313720777564	0.01631530929530895	0.008793620194185725	0.06151263447697719	-0.019648504279764424	0.03850804812922843	0.005181152093902746	0.07212648889508157	-0.05773993000533733	0.008861720979817021	-0.05868296038661998	0.09828201877030023	0.14870142100468856	-0.014947428962394059	-0.0672089571254618	-0.02092377737663644	-0.015508194718275735	0.0029441241682369454	0.05157197332838048	0.03407326199736595	-0.013565595165584055	-0.0013166031294150515	-0.02932811132323968	-0.006815706811537028	-0.017751495084672237	-0.014065884410805524	-0.010587086664392368	0.0011825328194397726	0.0003919585906076225	0.03256017951633803	-0.003526105084449258	-0.0031164555694737535	0.008665729526511822	-0.0
2019.3.14.cow.udder.5	-0.056856899616328	0.26071163260594477	-0.06407515014059079	-0.11794572232133968	-0.05609216656240877	0.049122267543189796	-0.044060024935479954	0.08730030394571725	-0.003812238674191367	-0.10732096122393357	-0.07708120240920426	-0.08850113100341923	-0.02234169891909498	0.00690934886913804	0.0013115955604660445	-0.13140531171284717	-0.04102538206860134	0.04351169075732629	-0.051078911974048506	-0.10928589389036321	-0.021101855224470306	0.01711238534812217	0.059692235923009394	0.0786217494598734	0.004037080529678858	0.06262439024134085	-0.1205288205060423	0.10204354685538053	-0.022842104439947934	0.005832279849811918	0.06951959377802178	-0.09669548805246185	-0.07788348100774824	0.028319054003870758	0.06473374540932995	-0.0060085030314326274	-0.10611204743013562	-0.0006372961298775075	0.008605485407627083	-0.08006166747312142	-0.01676219613976547	0.036141461756735466	0.093370139683179	-0.01599676182050837	0.0026599893891107534	0.033441697146419945	0.07430222014363207	0.02433388042967372	-0.07737946743770169	0.10039963167287684	-0.1045678341411208	-0.018033562721923472	-0.03328499145811809	0.010425671386801899	0.025446318500836694	0.055292831151153896	-0.023370155892827725	-0.0848842077826042	-0.0013685333772976282	-0.020270120387389585	0.07974574434813785	-0.11896213938437263	-0.05670352690882877	0.010566863614140113	-0.03261726183963541	4.176261747200267e-05	0.03685543953147504	0.004348656114653214	-0.015384942450090991	0.03965560069494124	-0.02498191135335533	-0.025293210352514046	-0.012981901563449489	-0.019182093117934357	-0.015008569398142603	-0.011628141165418687	-0.051273965710422836	0.009094323622600946	0.026273487246610674	0.04395541797541677	0.03683310419508292	-0.00857596600948458	-0.005629345293428207	0.01055612564906003	-0.06501070226230339	-0.01840775117386399	-0.0031445521403374917	-0.04445077934722817	-0.0006811348948980218	0.004816409838823412	0.014535317439255058	0.000989299882460261	-0.008450120190995752	-0.006006691020579011	0.014444324438536826	-0.0032905423564051797	0.002664335905810329	-0.012017393574709573	-0.009173568277292057	-0.0021934124133114632	0.005897954910305333	-0.001962422373644261	-0.0
2019.3.14.cow.udder.9	-0.11544935243710111	0.16138565895329945	-0.041264375947853246	-0.03954116040699973	-0.013820647990016748	0.1136819680977805	-0.0766321771491445	0.025626537569550748	0.08872257857839819	-0.011861227850338493	-0.017463185074052222	-0.07241888323151245	0.09011869667689656	0.018447973856579737	0.04377921046912216	-0.0915868582168415	0.10515869974827824	-0.00802137021674162	-0.09507703757699838	0.1308187414972156	0.03033736746309275	-0.08954017257395354	-0.06541663100545955	-0.20080277077921754	0.08582354328264503	-0.17762899619701455	-0.02186541362566995	-0.05092819934878072	-0.06070398505710438	0.05904895588989119	0.06231294807068131	-0.03714580099330249	0.04359106205851956	-0.10877306658163433	0.014698108988724607	-0.01704917651334777	0.002319442726951272	-0.0910397785965386	-0.015663215821981893	0.05638221404369957	-0.03206200709399285	-0.047778703459231554	0.08165858311850002	0.01121871431297891	0.05352340954011559	-0.03639472299287642	0.06017305208421866	0.06073953962003103	-0.04336710909471972	-0.03422919936687506	0.014701706105842644	0.04435658535655886	0.02386319479488931	-0.07388399884733089	0.09148190252011403	-0.018416785894388183	0.00222528206612945	0.010061866325484975	-0.04681427666173709	0.00154066228725535	0.06694987502581104	0.02370770394423802	-0.02759844148770797	0.04765235345785212	-0.03925473184381332	-0.06572788115653765	0.012541793325618186	-0.004427744375559831	-0.036273506490885406	0.03464249500099185	0.017292254180788807	-0.024705152291115893	-0.025521437908067438	-0.0035569823891549016	0.026873741355288076	0.02583531695675298	0.02422164764132045	0.005041590119811409	0.03696978208363981	-0.01231773617238762	-0.011985086917948052	0.056821069461834496	0.04382426565094764	0.00020087884964442926	-0.0008461490169200191	-0.0033893378390182473	-0.03177890773131927	0.0054310764920099995	-0.00605756070292536	-0.010944093355632099	-0.016513764305757413	0.013591347269951462	-0.00395588091259364	0.000862905176284682	-0.0013947168561536537	-0.0010194332739835938	-0.014617841260914342	-0.008468651803174415	0.008166632907055157	0.001314592533490757	-0.00230135887718154	0.00763463858084404	-0.0
PC1.3	0.16315635223664474	-0.10471438112905185	-0.6149804058462318	0.2522505099711896	-0.17642003428877806	-0.04353499374421576	0.002312150231815902	0.11776390970928645	-0.024171360072574345	0.04229145226269915	0.012851465665016822	0.010494522500678442	-0.028209552406138216	-0.09576597277880357	-0.005204161339642167	0.02162943678423731	0.03595349528267353	0.004362520536780903	0.009024033987012722	0.023147045370087143	-0.043272643693865076	0.007851204226281347	0.005310694498110322	0.014394579366924471	-0.00642907695003526	0.003207892939672508	-0.00872027822222442	0.013480230665656602	-0.014043464015051743	-9.265367376932887e-05	0.00414651820840581	-0.00693091446733881	0.017387459233999508	0.010434377803125977	0.04096094131353061	-0.015577925992772034	0.013494727148974981	-0.01707250390066384	0.030081888473383295	0.0166460872221009	-0.02627037279573538	-0.003153772888003979	-0.012767023063674242	0.009171451364978865	0.015881433884334255	0.003431325359924358	0.04649894491516981	-0.03381282276708611	0.018737343433202065	-0.015142213180078226	-0.010174163533812553	0.003097269184102445	-0.005305307841622487	-0.004897632865067535	0.0050670015852581594	0.013641120254640367	0.019371710199308525	0.019435495460568	0.009067972280654795	-0.0027951516376567825	-0.017098963164558008	0.004059163981530826	-0.022808464538372132	0.0019163050963103678	0.010214194318380861	-0.002415094905736386	-0.01091487678598956	-0.006519758483204268	-0.01490645489137231	-0.000526857333672731	-0.009673412850105702	0.02470415133018073	-0.017678106875493833	0.00320370819049236	0.0086296562367614	-0.018804163609856653	0.007611697881671405	0.020163591347281653	0.013140813959173018	0.006643693511935009	-0.015131461450301089	0.002773437871404605	0.009210804908480821	0.00974938674654722	0.008535356610324452	-0.013104472219240085	0.0008674803099788955	-0.04562714757686144	-0.06875376262698975	0.015284658866634705	-0.012697902730668124	-0.08773498880073426	0.10924868428618757	-0.11427454881840382	-0.055083028439005956	0.004970169521550831	-0.0190916743188318	-0.003669491186554038	-0.0020419309215121664	0.010901252820012598	-0.0034855512677649217	-0.0070124555065071426	-0.0
PC1.4	0.18639372580158547	-0.10780919833074643	-0.6033287277553286	0.22215885009105052	-0.13991308781100306	-0.0764170555747985	0.0072304970426344435	0.1169625431733443	-0.021980429517094315	0.00792461172607308	0.03272330309037708	0.016038788567459602	-0.048690044828312844	-0.07477125491026347	-0.02096268457723867	-0.0027239292331658733	0.03885311075974221	0.006601316013831966	-0.00784643104704703	0.029884779674352897	-0.06296562041993599	0.028359875194496825	-0.007448649186931853	-0.0088214411845604	0.020732846351986686	0.0031108593408168705	0.012801044398440256	0.021244445124776717	0.017048653276341707	-0.053560990999741646	0.016417814467710453	-0.002126222774121972	0.01442654387655	-0.048987081413319686	-0.008693010074242457	-0.014390746109042061	0.028148592698881265	0.0066407488331377785	0.011273832439760025	0.009683038565055813	0.01059233716767072	0.003288446458761506	-0.0030972758340290325	-0.008647138857111344	-0.014361449023822236	0.005910359304275722	-0.0014634348403319464	-0.015018203378410753	-0.01175045955068424	-0.0043489107340843785	0.0036395051701365085	0.0075381410866676435	0.020428731629799867	0.012685899686609312	-0.010357526354672932	0.006947693149382962	-0.004367175615308363	-0.008408650369767377	-0.006050274941322229	0.003481394062711003	0.001321003218501098	-0.018621086896247613	0.012149688388468895	0.019223541704092767	0.0036725630205425965	0.004842534225135832	0.016798782373554404	-0.00445570473365301	-0.009015829329459787	-0.007396475942249047	0.00237901640556211	-5.694999560882931e-05	0.013784097576583748	-0.006419082585396865	0.0007604524264898312	-0.002044352905307414	-0.017316496134165648	-0.0027947398421484465	-0.01971457356699531	-0.0009144139365071743	0.01639647546086034	0.002282104220847313	-0.0039054882083165497	-0.00519552735265522	-0.007917365949304435	0.011829469991033804	0.0035072393078925965	0.049648318198792306	0.07082277997952018	-0.011462788668954359	0.008994752879930158	0.0940353812478776	-0.11576871921301675	0.1204036915087171	0.055542376520202	-0.006925254425791341	0.019282449167701023	0.0034369542168378093	0.0021929980199738024	-0.012019484731773713	0.0037303206633839347	0.005551413357889859	-0.0

Biplot	0	0

Site constraints	0	0
