Eigvals	103
7.861773664948031	2.133770102256254	0.9695928042868007	0.7948102975752499	0.513142307909561	0.5000863665991031	0.4547104352204057	0.4157188377629472	0.38661109717726977	0.3540133575316438	0.31984616154996226	0.3077527611637369	0.29580795701530654	0.27125862848669496	0.26539390651189837	0.25904545634396314	0.2570583725830614	0.23980354551116637	0.23759880274198275	0.22728251998815133	0.22240672005549317	0.220342585266925	0.21508809593701794	0.2035459981709169	0.19957250453237485	0.19620122597888437	0.19258167054422579	0.18838876399343976	0.18602349103845045	0.1801487040201713	0.17370451606534815	0.17329548876863404	0.16625635048248694	0.16450529867072727	0.16153116014533428	0.15988915676131904	0.15611005935261726	0.15325354053800913	0.15144586961470355	0.1462235928599233	0.145821121348213	0.14192702011090738	0.13911853372684338	0.13492539753557992	0.1334085407166221	0.13163822538080222	0.13036471688854973	0.12787711105235244	0.12553873365764917	0.1240690236208028	0.12283497361164845	0.11822651581703682	0.11758722686276737	0.11331413871800912	0.11066088435317466	0.1095522093960845	0.10761230212125975	0.10661964664102548	0.10506690782459242	0.1028312212124003	0.10005756062796592	0.09796344299549431	0.09710074704406974	0.0949047997769491	0.09346671730878262	0.09300861179730563	0.09047584625430424	0.08918551008958449	0.08721178133726057	0.08389348963552816	0.08247628137047984	0.08079501608449573	0.08013306750544061	0.07641359060263311	0.07518883100610872	0.07223381863829814	0.07128562659016106	0.06865964232899828	0.06731673549721397	0.06624439909004558	0.06249396479599371	0.059916104842577284	0.05877314368191258	0.05617478773352139	0.055367562984503495	0.052870973123733254	0.049936093582719006	0.048731250831791056	0.046786359711674455	0.045613513118107823	0.041661230688511845	0.040813793804190826	0.03852865127232534	0.036415439192800526	0.034797682002822454	0.03262980488711372	0.03191362759117633	0.030600733519201975	0.02689044544866622	0.025670369432521847	0.02154105574842456	0.015659046443469	0.0

Proportion explained	103
0.3058295756400271	0.08300544288064557	0.037717971607443404	0.030918785808541734	0.019961665262715565	0.019453778218299512	0.017688616509346937	0.01617181073343045	0.015039495262324024	0.013771415906758936	0.012442283386132449	0.01197183998928751	0.01150717711046348	0.010552187683633864	0.010324045090214312	0.010077085065215383	0.009999785843785585	0.009328558628905623	0.009242792289879466	0.00884148025632989	0.008651807558048213	0.008571510987152746	0.00836710695436619	0.007918109690868178	0.007763537462631474	0.007632391905239606	0.007491588169369845	0.007328480595204689	0.007236469497591642	0.007007935365556473	0.006757251060517889	0.0067413395563318814	0.00646751118544885	0.0063993938043924855	0.006283697326488144	0.006219822020541367	0.006072811968349381	0.005961690995638812	0.005891371083754779	0.005688220147101634	0.005672563668439274	0.005521079871059773	0.005411827400099104	0.005248710892727174	0.005189703892905128	0.005120837144639817	0.005071296598402008	0.004974526649320944	0.004883561811513818	0.004826388860976379	0.004778383282756678	0.004599110417402526	0.004574241542015374	0.004408014836735061	0.004304801021247059	0.00426167263748789	0.00418620862085182	0.004147593491847238	0.004087190652291228	0.004000220571872953	0.0038923228536660473	0.0038108599250479764	0.0037773003304863986	0.0036918761438520685	0.0036359335322076226	0.0036181128443903156	0.003519586144917225	0.003469390988136171	0.0033926112877178008	0.0032635269632077597	0.0032083963755357055	0.003142993748741281	0.003117243394984527	0.00297255263037244	0.002924908456979847	0.002809956002613493	0.002773070538332078	0.0026709175527011805	0.002618677352971212	0.0025769625692182983	0.0024310675361763788	0.002330786626395446	0.0022863244806206823	0.0021852462594806857	0.0021538445411204937	0.0020567251059641772	0.0019425558354107854	0.0018956864439817083	0.0018200285515924534	0.0017744038374645753	0.0016206567430090313	0.0015876907389291723	0.001498796781842452	0.0014165910632525204	0.0013536589545471412	0.0012693267202966263	0.001241466824065309	0.0011903941458117461	0.0010460608344658128	0.0009985988562700215	0.0008379650978444184	0.0006091500128126948	0.0

Species	0	0

Site	103	103
2019.3.14.cow.fecal.1	-0.18185011856235986	0.06757130359544675	0.0808183120808439	0.11559618313795493	0.04537740727297343	0.055089187462313165	-0.0357284031569033	0.045840450398114005	0.026689383223007852	-0.13821755111386974	-0.055457784263495014	-0.07925545585816665	0.12373751247999401	-0.0028221063339294032	-0.016168671678015716	-0.014191275198166906	-0.07561101165689953	0.04167719748449425	-0.06310156096568008	0.01751239284298339	-0.048317495209330194	0.0407970007568402	0.06551013288172934	-0.024830481400417197	0.1336212249165272	0.0721160956677607	-0.07023989165534869	-0.04492464526362607	0.032893289093325596	-0.021651161119547943	-0.04744137986159381	0.054345414962298284	0.022568592929342345	-0.07705330667106358	-0.0030226918711004362	-0.0051292418238044505	0.015427755009728119	-0.018655814828326032	0.017847998207199914	0.027591551481724166	-0.016267639274730666	-0.05145450346450516	0.03951796225387842	0.0035572277065396007	0.0370241114856236	-0.024508962667132015	-0.008358051377064805	0.006010379071414875	-0.01306076907294323	0.028955233708483397	-0.033764696307143564	-0.04142005388453226	0.04299211775792131	0.004402753735361574	0.037744646632549374	0.015017955856803945	-0.026929920466434155	0.061683658363143226	-0.01649656706739234	-0.041375989141582054	-0.026551836819704154	0.0056186629668647245	0.03758300542941555	-0.02034808906401666	-0.06024797513984093	0.053709068276341004	-0.001267529831485123	0.026815828022853722	0.07533649894530044	0.016982180470309693	0.018063872338380665	-0.00858501887294761	0.013173730339013461	0.011286668390968847	-0.014270118345239788	0.01949576781587079	-0.00816714245752564	0.010805337060293381	-0.026652340180044764	0.03035984112572804	-0.009081274032896611	-0.0070182482167273925	0.0004124847224741653	-0.019231371050038682	-0.01085829100769299	-0.011364296976251268	0.004064747632573905	0.020299815192386966	-0.018092952081108036	-0.010181307262640918	-0.02256823071117142	0.01853541986308384	-9.8023969107066e-06	-0.027486624670282386	0.00035555664961781466	-0.01085090604984957	-0.000691090174528589	-0.0023431177370463537	0.00314393762806195	-0.010675953478395785	-0.008475755356729934	0.0017981951119223256	-0.0
2019.3.14.cow.fecal.10	-0.26168010819844584	0.1277298029931159	-0.01312190886390943	0.017570637906874128	0.018374713125158315	0.07870299747982952	0.035351560492955576	0.009392200588480466	0.03583149227565538	-0.056105403478464516	0.020138176664965375	-0.08780534981895961	0.043500017086069535	0.03914401202937046	0.04004074702120726	-0.00843493239859643	0.01950682205633952	0.044790489390828137	-0.08576777450399202	-0.10457784616183095	-0.0580769437779375	0.013714820773575996	-0.06654829995778869	0.09732320794915715	-0.08153171661984959	-0.08913560118005041	0.024588765668713528	-0.022190566464953456	0.024078557618431227	0.022204815700496306	0.07263057523267889	0.10554703399756198	-0.01481176978358409	0.009478612856954474	0.02594650354670585	0.011404754919376753	-0.04377167861348475	-0.004622303716991794	-0.048507870047985284	-0.016913920490047498	-0.01044544219546565	-0.007326187819072951	0.010121316308693907	0.014982248659330023	-0.029278107898025638	0.07229000174669119	-0.021242200690132492	-0.046890538717513	0.022940902844748246	-0.044261617266301824	0.026977661506737347	0.035998728528115656	0.004747580976899416	0.039882109833966804	0.0006380970893729878	-0.011895886446499304	0.04336190750484031	-0.011565569448275852	0.017323606142894105	0.03386385634456985	-0.021340888868969624	0.03322855334468692	-0.04723612053147759	0.005420123505081723	-0.0019592469735535026	0.04667748518270124	-0.017543604025814466	-0.06083424768875489	0.04524960568615224	0.002462944661443159	0.010171660361996907	0.001679313879390309	0.05726899183342985	0.041619105696869295	0.028793819703540943	0.037262035401548294	-0.04449687587385171	-0.025185205966447043	0.00721582682006121	0.01963584487983255	-0.025194931567805636	-0.02083477651281487	0.014635182868141375	-0.03044028355987755	0.00895006049208864	0.02886158672347313	0.004356558147147421	-0.007364807933417447	-0.028031693760692526	0.001906090754209836	-0.0029156431722838732	-0.0017914637704571185	-0.015759009487770387	-0.008368657248779263	-0.0013557159433605758	0.008945053806384882	-0.0034295131970991715	-0.006760762482268778	0.0005099757915791178	0.00196523252960463	0.001081336224783582	0.0007971288968081437	-0.0
2019.3.14.cow.fecal.11	-0.2908442927362344	0.10503314318959048	-0.017056502820163265	0.0023145887558897664	-0.016153452277324364	0.008282128314641053	0.02292572079663752	0.00119266122492533	-0.008466475797544035	-0.01771579699612633	-0.015879947414468406	-0.01833091344264522	0.04545502772623246	0.03946016667848382	-0.027018913738094178	-0.038406082528124115	0.05050957893945664	0.01641887209247529	-0.00710022359292524	0.03331957417816964	-0.001080351058179512	-0.0024986612668946922	0.07411520923764585	0.06245354561756199	0.014133612468584918	-0.012275592641089381	-0.03942787681299244	0.028774283043739485	0.031492035958457724	-0.026067966706900876	-0.049598064672351116	-0.03244219364279383	0.0039015275419106285	-0.03473120357829654	-0.060462048543545366	-0.08460996103608567	-0.07480548441632803	0.0279738220571913	-0.09089068740656966	0.02667839005447368	0.03439334057720964	-0.05698934468430708	-0.02914193635029856	0.01874039120946257	-0.04212220954894453	0.0038415586808875487	-0.0465927684408228	-0.044306221427538824	0.02139926144936591	0.0029662278131811094	0.0307083549829054	-0.007266724553462341	-0.024088816595620996	-0.03579321678920173	-0.016025257493312222	0.10998504680095109	0.019584599270607617	0.007897354329911593	0.028930059572558866	-0.05962468421104887	-0.01271144733123866	-0.023524318205128323	0.0016555381651566583	0.019319886088830812	0.01653430258910188	0.0009896459509725047	0.02485987394211162	-0.028373206965784426	-0.07334152135664176	-0.0028674577335452618	0.020121385555960575	-0.030098396252789324	0.05197940357143374	-0.03431608813109189	0.052211316817648984	0.018749027424629167	0.050455578440266435	-0.04537665046585465	-0.04124530140114994	-0.01433678054599253	0.008603352120704191	0.04164241419453817	0.014225349818367806	0.00546347037052875	0.015359531856165183	0.0005327485175463231	0.016973754536008096	0.006615181978563227	0.019227161567725522	0.012036242804514215	0.023172024137409132	-0.00041431331197220835	-0.004283723593992786	-0.005641426097695229	-0.008367575409066266	-0.013588108934194213	0.014321906832405466	0.012986391578198819	-0.011980889846751953	-0.008767492571613467	-0.010687203086256796	0.00035560506418622724	-0.0
2019.3.14.cow.fecal.12	-0.27208586943045504	0.16354567699021436	0.004840704018692847	0.05726109352763903	0.03384324026283215	0.0253004888114985	0.03710977861505175	0.020421931604367408	-0.000986272489471958	-0.039630583740499915	-0.009625319258074099	-0.03699193958123322	0.04421433496792219	0.025340611791460733	0.03078520503192165	0.044775174555071705	-0.047235665220047095	-0.032907385057689906	-0.013334680211301292	-0.00835589508106332	0.0445346901360757	0.010483067754356746	0.04947102223306573	-0.04846532522443475	0.02649603962490501	0.06017949613819417	-0.031870532568771925	-0.02533936392462158	-0.06010291764072716	-0.030717738942123884	-0.010800581515464454	0.021960062822712765	0.05562533647439715	0.00695918510351608	-0.04829271735766924	-0.05028474008265625	-0.008816386447223941	-0.027947967174693666	0.011178651942473954	0.013989449514659814	0.02648033389511977	0.01843804415361331	0.006928668281877076	-0.02621528798418879	0.06955487344356545	0.04071393260948894	0.05027279684014143	0.02161872733206982	0.06243813001603024	-0.007369980361078512	0.02880654428580758	0.010653306529278707	0.06304232977559394	0.0014160972389775722	0.03007553785040049	0.0123175017530126	0.0052960847600582225	-0.12855488090725484	0.027548406748566748	-0.007132998610898354	-0.010399086158874244	-0.007240338802063216	-0.020304011816100278	-0.006675958174396609	0.004954795081093636	-0.02344428131847273	0.03487311987552944	-0.007463554993956777	-0.023722805550185407	-0.06773929374338734	0.05809099685812826	0.06325035031831779	-0.022480987897516725	0.026918460081482395	-0.003457204985481168	-0.055558135230655135	0.005889549018871799	-0.019202643238913908	0.04285555659207914	-0.011542215490763313	-0.028195201300035992	-0.008868432899902086	-0.012597663833827743	-0.009257869959079415	0.05436893739011423	0.012417561572249184	0.019335183403390414	-0.006493664948016724	-0.021604500925284056	-0.027919158662867725	0.015282695539461702	-0.016423758782999506	-0.019485219387071588	0.01768833001676439	-0.016461588706628755	-0.007799562050379435	-0.008481946020471982	0.0012664253308974458	-0.006016232088782902	0.010349182934790247	-0.0033387019549133462	0.008100735784857125	-0.0
2019.3.14.cow.fecal.13	-0.3188545330747318	0.15191765986133263	-0.04450521851630471	-0.017768394860225054	-0.031883185971339274	-0.05294577077203145	-0.016111051176340586	-0.013365864804730971	-0.011286906882691681	0.021718899909341855	0.0054856764039544655	-0.009055732601066352	-0.03992346192194625	-0.04853030050166229	0.006490239090152059	0.06777464397305354	-0.00369757225905543	0.009222752227802004	0.01904292291389203	-0.05359348324774229	0.014975351323080976	-0.012160808948767901	-0.023426382650887034	-0.01913290073039793	-0.014213535613550687	0.062072697744911746	0.050144191906952275	0.028631566253255258	-0.027729260069861913	-0.011502157946984592	-0.00515034215913207	-0.023006901854830973	0.09198786595554118	-0.025647326330840648	-0.005095472830851623	0.058971443085073134	-0.04215599188034595	0.05937207228644138	-0.013383758002367834	-0.06737633906746769	0.017400742297716546	0.009715966705618898	0.00473213147662793	0.007805969135642614	-0.034473609404902426	0.010177317721283094	-0.033042179079938394	-0.0528362674308628	-9.626430650376003e-05	0.0032432925507448894	-0.03396292431691157	0.03832755120711483	0.01781527037195464	-0.04224120449139525	-0.03659947392028987	-0.046268490911644845	0.006820099353588249	0.0413191141931667	-0.03573856266673186	0.020432255639734016	-0.009955281663524513	0.008784766682688412	0.033144312536287704	0.01807987307740828	0.016359740909653545	0.00044525311020951057	0.04654043425152874	0.02146889990887749	0.020770182552422634	0.0017030533195355755	-0.002851533958286155	-0.013066545705374693	0.03060734051691073	-0.016369514469825618	-0.02081956011345313	-0.005357452391548274	0.003858561025726158	0.00035482355297711146	-0.026953301606951773	0.007350922691391302	-0.023480123332063126	-0.008362108981102975	0.00016211765777204712	0.021613631268091283	-0.02255327054841573	-0.02443902175179618	-0.005220233748139301	-0.006290792398104659	-0.017179784511525784	-0.031846367272149366	-0.01050581626627423	-0.015224968866489656	-0.03500072252265681	-0.008236940599949102	-0.06075457189087669	-0.03973027746915802	-0.021509247117492646	0.012823429802704726	-0.02617337871073488	0.04394945886994189	-0.038812553862353695	0.017221651836751044	-0.0
2019.3.14.cow.fecal.13.rep	-0.3105405109077764	0.14906471180317715	-0.050148446745131	-0.003561425855036199	-0.03584639761692254	-0.04601903244018029	-0.04200344504961941	-0.02973824650635964	-0.020762104636573707	-0.0014932152464696932	-0.001143137887803603	0.0005686175286282869	-0.0025786659939926733	-0.06656100689201967	0.013859844068333573	0.09442604170676146	-0.006358501678859728	0.00910264416513402	0.044135939692260616	-0.055368567918257124	0.0016092909382712137	0.0005552720833666964	0.002547797802027122	-0.049132362726297965	0.0424788832927558	0.0874476668879695	0.04790107839402026	0.02717548167989429	-0.047443454310125324	0.002974878049667905	0.006947626510147923	-0.029166793769483515	0.09271848407381622	-0.00500781635234408	-0.030189949155253023	0.07238138494479726	-0.021110427489743684	0.05261925522670916	-0.00803169022894338	-0.009106441938295918	0.005229127483186563	0.0022570024440542375	-0.00016400488431952547	0.04366223887873423	-0.010653114908548793	0.010403968667792267	-0.02997916963660588	-0.03876347405734322	-0.011125551802390873	0.0018801779975123262	-0.03167961823690346	0.054187344973089926	0.017363582406754136	-0.02867636504187088	-0.05339420575841606	-0.026758859056892233	-0.01131044110631864	-0.019784867496779948	0.03466062280681486	0.013653131050088842	-0.027736458019223642	-0.004300648529479685	0.03392580117941201	0.011417996694646363	0.0176025905591851	0.020783552350226275	-0.005130231880322904	0.023138046178797434	0.0031912596140046454	-0.002302821949084387	0.020452111434389828	-0.015675952327067075	0.009204351126600967	-0.010805056193094985	0.012302526680628194	-0.03265263534162821	-0.04333870573543848	-0.028723748808437498	-0.011762172103113658	0.028812847050227557	-7.023985833783221e-05	-3.9175813111135806e-05	0.04382286187490434	-0.02109605942077991	0.026708040076790746	0.02107802202658755	0.04628591770160696	0.024567248963157744	0.0046955665035676	0.03819292684287548	0.022975031153961392	0.016204724863138016	0.04645590076091982	-0.003469764310266932	0.04689975797192125	0.030959412408537976	0.00780690868699581	-0.01703401258833822	0.016243034146433317	-0.03245277848094716	0.02237763828747635	-0.019447289981239426	-0.0
2019.3.14.cow.fecal.14	-0.2990206131582816	0.13514994922827162	-0.017747761266632568	0.021232397638136422	0.013670896714779163	-0.009361073779351949	0.0184536873706847	0.023073412388816016	-0.012437228766497612	-0.013777189204456359	0.05969199393542188	-0.048236371704777015	0.030994351448970097	0.016640182504797943	0.026531353753401557	0.057495220501950266	0.04941728508065572	-0.02470246219057917	0.07439048640913863	0.08594783513579461	0.04737244034977885	-0.03439179262064405	0.016353433101520886	-0.021937033657607356	-0.0015711277845594678	0.00752461521043476	-0.01799641225524504	-0.05169690517372308	-0.03124578361473276	0.028377379113146986	0.042305509074191956	0.058487616192254004	-0.006293965171793328	0.012087359444415868	-0.0447222401902669	0.05300882703484863	0.06456459248738382	-0.0046322902615549885	0.07559489306591378	0.043020063959160755	0.02481871916215891	0.05671290289724455	0.003622440861900168	0.04935176506267182	0.03621889243303269	0.01878145052305302	-0.0017411651525619507	0.008807827145492933	-0.03720559973800115	-0.010993763214269972	0.051359094433470524	0.02222613903162202	-0.023174729005279282	0.006214417089675622	-0.027313071171049117	0.021343487687922283	-0.018306742762270782	0.01960467968316002	0.030866309401207107	0.015981287248690832	0.03486559900239735	-0.022280615483778722	-0.03217147577057737	0.03195316399339146	0.0031936328703951805	-0.025313234266011203	-0.006215039382478292	-0.022127893514796514	-0.0256086961027616	-0.018255140499307283	0.014262771840163594	-0.0013711668633084786	0.0370773565566509	0.04646453340214457	-0.009235889690733402	0.011767116303460647	-0.021494017651201215	-0.04193433971878489	0.008728466210846685	0.02318831616505116	0.030815353273506135	0.04229531525143342	-0.01720448552437269	0.02506536227900521	-0.08203005545215283	-0.020601997686444683	0.00613555764812659	0.02990075017865705	0.014289038688056687	-0.017276684690922302	-0.02119736656263416	-0.008874214287953956	-0.01089778980526002	-0.0430711517653584	-0.037006254200428204	0.0036220861272282328	0.021934189369239444	-0.019587235424033064	0.002950598055991749	-0.030217970454602883	-0.0012224044538142762	0.002073708619754699	-0.0
2019.3.14.cow.fecal.14.rep	-0.3059775756311994	0.11119468609110951	-0.020632995339983286	-0.024596054922243874	-0.011524340882102854	-0.040328008397905686	0.03296756562048054	0.028801023702499352	-0.031085087610792067	0.008690779525353248	-0.015903663500058556	-0.04702904735046969	0.025573831984022632	0.0008898672246552171	0.04055373440307688	0.027834301268513446	0.04296595872153368	-0.02040290379086064	0.04745688092695984	0.06944236383176508	0.036115027806313815	-0.03353414740181964	-0.016496122073083666	0.004122747922709926	0.045216521477177224	-0.0022118431167141295	-0.01218177364944636	-0.0429868677652722	-0.02306449304394763	0.06340110845844381	0.039979951983104015	0.09243549879287775	-0.02223966909490641	-0.02128107267999914	-0.04620932590843775	0.02612158318385302	0.020602079979035848	0.030857890078397565	0.07005554525474478	0.054886842871480275	0.03294256568465778	0.016047242413786765	0.01994729966238723	0.02056272321027359	0.02390457854412745	0.012250285684240875	0.021416985904084876	0.046980789034982574	-0.05931897477956255	0.02004889610422563	0.009208289487938457	0.04377251892186342	-0.01194851996852765	0.02911903272921202	-0.04649036461596583	-0.00032537601679259325	-0.0013879246159223912	0.06379200315394039	-0.009389066393486129	-0.03271822016253466	0.010026403943568662	0.011603713345502224	0.015969563560476602	-0.006040750843763317	0.0022813421523506733	-0.009879363013627056	0.010827389275237003	-0.011971998270455352	-0.0027268150053085314	0.03969343051369383	-0.02408115936996768	-0.05945816512751486	0.003578967433541834	0.011295538592870908	0.04346492327443238	-0.011867313477507075	0.054516462085022234	-0.00637464266536547	-0.027049077127435723	-0.02597646579113544	0.01398202667794581	-0.03966627819732119	-0.00659925750136828	-0.009863055727104143	0.06968673162176323	0.03152448288053944	-0.014470149688118546	-0.07648037197999197	-0.0278735264915215	-0.00029445897827326984	0.0030812688209455176	0.010722501599858675	0.014959872175163301	0.036647304827986754	0.013449518909860512	0.001510130870362944	-0.018395102199593834	0.003529044455609629	-0.0029110233966814897	0.021253058118549165	-0.002980360204650377	0.005120064519320948	-0.0
2019.3.14.cow.fecal.15	-0.2723481735469408	0.15293453217127365	-0.0003767147490524374	0.039047480450995535	0.022859614958326082	0.1068466398673124	0.10796970282348464	0.051317766875848256	0.023784794743096672	-0.058285054285737416	0.0225410508830294	-0.03584877256100991	0.11132971116690368	0.021009226685988574	0.04718900336156432	-0.09183941563223395	0.090164003882943	-0.02025765791507463	-0.060144146525391406	-0.02976974310511279	-0.06469390124077784	0.0044787974468385545	-0.01765177076219087	-0.04093318834641838	0.015254478332688589	-0.03768927848135948	0.0824622836502443	0.05140464222360402	-0.018424902855364682	-0.03800264678034183	-0.03877412906718981	-0.048028061006845764	-0.004817388457397942	0.036801517625881665	0.027215158801315892	0.019931763151279768	0.003344159109437851	-0.02602265458396655	0.0334232701792824	0.0017464990086946712	-0.015824150071612676	0.029770856702626282	-0.007911422253723658	0.006232988044255828	0.015330035756249595	-0.0262662060413189	0.012297586187411622	0.004531044486680091	-0.03711193860604549	0.0103750510822971	0.008698706467486047	0.004917837086083126	0.010332596211917363	-0.007651139408900509	-0.05247969210094107	-0.009173237346202978	-0.0065553588266232575	0.012163144534286177	-0.026934406202579475	-0.0068541830056428315	-0.007314242383453523	-0.022189052323584025	0.003842403857750384	-0.005708726926521064	0.02140441242307577	-0.020204027717998008	0.021981917101599774	0.010407819884483789	-0.011251675953094188	0.0011190819247224714	0.014366308446139618	-0.01603161461603301	0.004398345268969876	-0.03050442745011154	-0.012812958125707872	-0.009592460196462997	0.025994181197539122	0.0046886093277060305	0.0010029233417434497	-0.01617731432365225	-0.0045318715977523474	0.0026368189040814373	-0.002324424976900348	-0.0015984126618027127	0.002054985060354818	0.010845734806130998	-0.009966501837386114	0.014919125768387465	0.0056133096458256225	-0.008553274154087893	-0.009264269322770339	-0.014430358044161708	-0.016207848524269885	-0.02243215957386929	-0.016236178545360337	-0.03302683153741916	-0.018512464657942186	0.0018323545601608101	0.011421488063930847	0.027749836221979976	0.07778739437943219	-0.035659574139916814	-0.0
2019.3.14.cow.fecal.15.rep	-0.27652594799570024	0.16516643361186653	0.0035901551986103476	0.06323180879703828	0.0358611851795344	0.12299492850326503	0.10754780340614849	0.04699643882478951	0.016154823438002192	-0.07402364882852173	0.02529129446098211	-0.01467929448421257	0.12390693050292403	0.03442353507127516	0.05350525126029254	-0.06304320343594591	0.0900471918730537	-0.03311169490800902	-0.03271258020234861	-0.07070256994168306	-0.06307402559128318	0.010908862562058613	-0.03479697679624818	-0.043541826202599505	0.03524720567431037	-0.036663578168287726	0.07700897285573047	0.019911151986412873	-0.01807835429793594	-0.007020379262378003	-0.016992107043516502	-0.060810713370168974	-0.0067288306736529874	0.04291111883569987	0.04050987034305037	0.016834020308106375	0.009108738130333256	-0.053359573732582134	0.03145044011915484	0.021328669992430386	-0.028907638001547963	0.023721432040558516	0.01638198502457465	-0.009228484227185724	-0.006053085296277171	-0.03531754383556246	0.016462591741311264	-0.00484277480411187	-0.029243530301597005	0.026588521762862607	0.015860196067778238	0.02232301102173627	-0.0013808747035358733	0.0028639712406533374	-0.03181429808713183	-0.0093371234246359	0.008369372408847648	-0.005490124542288227	-0.01695073600827957	0.0030742132049268157	-0.0006654868456262726	-0.011482320121179567	-0.003075217370635866	-0.0029833046682126393	0.013945244861279672	-0.010308924179129446	0.007082436927075923	0.023640729788792038	-0.008803702198223344	-0.016440571496621093	-0.0025264042596997347	0.01553653583160041	-0.023103182150913587	-0.022209906019144042	-0.005208014959171524	0.020474329946939072	-0.0008083275830973952	0.0035839691161666403	0.009036117643551065	0.015842114280298733	0.02263355770218105	0.011701202408474526	-0.006057854200474151	0.011602684419809108	-0.005016371943604653	-0.01304038889072461	0.012075058846662977	-0.0034794218291220743	0.036316682034536786	0.020450346331564298	0.020471296742146036	0.01920586207826651	0.019166851916828317	0.03206219949270948	0.01829194829635675	0.03196791269777691	0.0007300416946165728	-0.001555150999086779	-0.0038649441589590798	-0.008348059567929922	-0.07362189766763876	0.03269860458949006	-0.0
2019.3.14.cow.fecal.16	-0.25847775309610893	0.13994652417890419	-0.01676851507326985	0.024888231824074392	-0.029315316302499988	-0.053105141667766566	-0.12946374365564153	-0.009749710209542952	-0.033554409245002755	-0.08363390814344487	-0.018515563833685654	0.013125496883077955	-0.02314579562912743	-0.08757320332170744	0.008280240441257266	-0.0324379019974095	-0.03479305629551742	-0.1263288639200975	-0.005989227913701766	-0.011876198973323437	-0.09032032976425935	0.017288350407308712	-0.0823151649197559	-0.011442647969221719	0.03591400935236028	-0.09238062417379429	-0.05419200479508396	0.06580393838167595	-0.07456148724490876	-0.0036224594053695263	0.00045689704050550417	-0.018998316265410473	-0.04624397452172466	-0.04883968535244018	0.0019660330409426658	-0.014158455558291493	0.040741474970074215	0.0810710074345732	-0.01604398295837421	0.0014092861222388903	-0.025818720337829726	-0.025315263262183304	-0.0070470627560530056	0.002861189883229654	-0.0017310253773412606	0.008208740483171021	-0.014543473378738988	-0.01332892528197899	0.060607210366154234	-0.0034003121009893843	-0.010347190399583532	0.014979961753448607	0.011726537647739397	0.07525583732804011	0.008524578385466807	0.02001112630506859	0.00859518651251787	0.05071127923426705	-0.01477126760774574	0.042507721866145674	-0.028488346468001406	-0.011258373094534336	0.03866909846907982	0.004483347248531434	-0.028014182656836483	-0.04103203371935687	0.031095058617553014	-0.013663084817245437	5.1033231484105014e-05	-0.07182052316890451	-0.055345241112848706	0.034160857494567015	-0.00097569624145329	0.03127070194762683	-0.03497440729920762	0.005785130169129822	0.012722366875685473	-0.017081176420247122	-0.0054006419794460055	0.01564551923643656	0.018019569202665002	0.039641234438738994	-0.006658482972827753	0.026822191554034827	-0.0003704365979872372	-0.007107343164358224	0.011838608254873324	-0.030596227770303748	-0.01735661853756913	-0.01442468934707205	-0.00022848286748579333	-0.018172518736085205	-0.0013807110100515232	0.028022107313338564	0.009428423422870133	-0.0038139623108655878	0.010446653589975383	0.01974282838013372	0.00886643259442237	-0.02070177224253899	0.007673088686900477	-0.012067412687158423	-0.0
2019.3.14.cow.fecal.17	-0.3078079216889722	0.1429148124752371	-0.039192173307244525	-0.04232546829258186	-0.06804304725384074	-0.11777356263633239	-0.0762048819923038	-0.003585322914792065	-0.01582792467871845	-0.018889185948097967	-0.029817718806875587	-0.05107736860062406	0.033553395121150575	0.013878667753694791	0.010485614366168594	0.0023496099887021773	0.04703958437637535	-0.04758169682180595	0.006511941230409308	0.04183142906477465	0.04649277106840461	0.0020239957358580674	0.03471076030978762	-0.02118071963467843	-0.0873929836736318	0.016526123877363345	0.03121048416438049	-0.02226679927474363	0.03774198895216762	-0.04774853107761176	-0.055492096144654404	-0.0032999895774488332	0.06727304936728125	0.01200375126460463	0.06110772650936844	-0.01505200234331178	-0.05400030333612903	-0.02018819456116675	-0.005012495123657469	-0.024773319015389244	-0.05772722830578516	0.033250680347026884	0.015250972743630568	-0.011580563879485917	-0.032395073844041236	0.08463146400082883	-0.002758973771320209	0.05006451208497125	-0.04068494357526526	-0.006446725146896061	0.011734144737873747	-0.009311599001870266	0.007698641051356273	-0.011393142223609772	0.07104391922338481	-0.021529812675965234	0.017917496378460598	-0.021818114651697012	0.0016389438349247037	-0.01842797131621789	0.01835555093190929	0.02967866751670469	-0.006437648550332791	0.004751639061490861	-0.00710379878454638	0.0020811557794237485	-0.031072085324594618	-0.012580436891053128	0.01923632846408594	-0.005476424488774214	0.024982454376771875	-0.003118162509006222	-0.016604168304243203	0.02614133586124312	-0.010703709526147744	0.01609201041108977	0.02853206498241351	-0.02462826912566551	0.0021193379476521844	0.03155005287674667	0.047204581401920326	0.015211828757431716	-0.01976228313257204	0.014508977525403467	-0.03687593985659876	-0.029702748064785574	0.0016758571925344172	-0.01659430514059912	-0.024660238249412006	0.03540260204854632	-0.0050409937571479	0.05583838607961644	0.02970387742183601	0.024300758682170503	0.009950151414683339	-0.017142100391277115	0.008077505682061493	0.057617433950570236	0.013559539306872247	0.01803431191830903	0.010759520437310379	-0.009156309971336889	-0.0
2019.3.14.cow.fecal.17.rep	-0.31109177304777236	0.13932243549120832	-0.05044406860259614	-0.04740751811617939	-0.07374181779940654	-0.11342557625362205	-0.08074447394052145	-0.023741380911428828	-0.00878209521529057	0.0007028185437337374	-0.024614203131486843	-0.03103100639183735	-0.0013842491303520388	-0.005785528913660843	0.0032509241720528772	-0.006087123087443043	0.05481961159818485	-0.019863166251102602	0.002179583503027583	0.04993110202854256	0.02850237631876919	-0.0007228044003653615	0.016376509573664957	-0.010087930830717545	-0.05531602453675887	-0.02165593407396248	0.027393031997045656	0.006751042799272162	0.042301821415293796	-0.04121974563637309	-0.06677606602672762	0.0012473796270415284	0.03483082664125421	-0.01908935981860989	0.10277330523016029	0.039874554263802924	-0.01500300374790458	-0.041393809430617656	0.008748669446866891	-0.06886848711080765	-0.06802797932147905	0.013906840876502659	-0.006095230128506401	0.005595273081112222	0.0015894964654438262	0.04757655157862293	-0.01545157173680884	0.04630279341153964	-0.030721201915344394	-0.009736256088027768	-0.03973452747120915	0.001595479251800787	0.02634669374378312	-0.004614268875381711	0.04219577224973366	0.016352913357472125	0.005107576358597339	0.04690836500960774	0.006331808786471627	-0.008072109548243861	-0.024348901159946267	0.03209863254675165	0.011969346415918942	-0.01599839276291468	-0.039054328545883185	-0.024505628701431272	0.004602778346273403	-0.023569894948916266	-0.04381422023653748	-0.014385733270127111	0.0034591751887688388	0.004060288016020363	-0.038510962296658464	-0.009966522780362717	0.011053368967261818	0.007964459239073728	0.0356940217827953	0.011143059033345764	-0.011932137346357953	-0.009936331980632953	-0.02190993281864465	-0.022757351314833904	0.004151274368432799	-0.03456907614707446	0.0260480874951336	0.029751847138808928	-0.019338405039394633	-0.004705370330842695	0.0397494957844658	-0.03668558845551045	0.00677549547256897	-0.046402574668528554	-0.027102570908539087	-0.02530556409340941	0.0006316439783586871	0.02776312121035248	0.0009418364217661104	-0.056491240068872024	-0.008531302367136635	-0.03858100315701724	-0.005283367533363468	0.007119700402343321	-0.0
2019.3.14.cow.fecal.18	-0.31402585542392075	0.17602256170283423	-0.05905871306097171	-0.024861254520155966	-0.03672440948339396	-0.055035189644361535	-0.005970115629295342	-0.0019990492922783093	0.0011980035978480243	0.02312912305584619	0.02330755057230088	-0.007368948603277676	0.005207500434314737	0.04128973654450246	0.0002696724132675025	0.01784617160506602	0.0835323002431994	-0.02729853834760987	0.013868721821595221	-0.004608055315310781	0.05560427027781089	-0.05511619194248739	0.003848641035002026	-0.04493791506962213	-0.0314829414547249	-0.0451441247620427	-0.0660797006585859	0.013071236055228702	0.04758637651697906	-0.018893988032564993	0.0031371068167654666	-0.037687258848398894	-0.022063420702609277	0.006330781334071075	0.04220553231634689	-0.03319816057724042	0.02186508670918523	0.0694547945348365	0.0012748754557489912	0.05072610897664001	0.05161834974772657	0.022600478989645123	0.008724233175708834	-0.05867753732264226	-0.00863923807535242	-0.008070310651682606	0.017923780234175703	0.03935717732205392	0.008414410668708466	0.07577537986297239	0.006677167614705796	-0.026600078970110637	0.007041592517225346	0.04659686524936517	-0.006443210074316836	0.026516622953508828	0.03213238533095877	-0.01304688245299083	-0.00470979209215865	0.026409045496275298	-0.025794582094333073	0.007512601133566096	0.022358146118465812	-0.003955647682863876	-0.010900918736399501	0.012983040057880823	-0.009790098940069124	0.01524497688234986	0.053694633355256996	0.04986988380288078	-0.025365858003992735	0.004014468446434067	-0.010117564132543628	0.04344014690015161	0.028169709229128537	0.011191218525254336	-0.029245574496738147	0.05286111564449788	-0.004619676553382064	-0.020577164034752633	-0.050216446902992797	-0.027946005995746363	-0.006473737799238249	0.031652516288620834	0.0005266662002202983	-0.028673376521098443	0.05529921218071455	0.02560516551105508	-0.0006008457806812396	0.019335395323937268	0.08102643768544229	-0.01177188080218496	0.010540774833789093	-0.03737805557410357	-0.017678547418716273	-0.0019205291284949241	0.003922912736269343	-0.0023653386086036664	-0.0034530985652328388	0.00894096497637561	0.0027315759393816887	-0.0025319031368745974	-0.0
2019.3.14.cow.fecal.18.rep	-0.3100282239955116	0.16492972048897847	-0.05935305051012265	-0.01786211109656137	-0.01596808918076105	-0.039227698036774616	0.02754061363065619	0.0018712609015931229	0.006988146446417186	0.010430506989296507	0.04871437914833182	-0.011718414573527333	-0.0008421266368229999	0.009416014962579593	-0.012003299604927496	0.026841830498495083	0.03700166956649931	-0.002522252712214661	0.03723955147501839	-0.03208994520447773	0.04987060773754625	-0.05795514214243772	0.045560908535886735	-0.012779095796277186	-0.041764943140226454	-0.06400372888624556	-0.0368539430405111	0.04025531211055499	0.04498433008787449	-0.00890912796239707	0.0017230883112032734	-0.02805148791038209	-0.017590858831257355	0.026163240196120256	0.029287309898663103	-0.04702027533821648	0.04037271479281181	0.05922393895564807	-0.05055881098517179	0.03212241383767114	0.07503362279186522	-0.015056925167828484	0.0010877943959896473	-0.026754758267751793	0.01333019115669236	0.007117276143598734	-0.006802896307424263	0.029700062004212317	-0.030610979008876646	0.07806490528896812	-0.04210215836173461	-0.05771454901744378	0.0076049359502388374	-0.015188519405685573	-0.037806131884944444	0.01124360746040267	-0.023622570322726095	-0.042804399806577034	0.06379172282451696	-0.009698759847306853	-0.050853937705663925	-0.013230364096925514	0.015789690813127318	-0.0392977889353002	0.005288676714267777	0.029554955157236874	0.009805929818905577	-0.005656607589308368	-0.016402846353602337	0.03060603286831655	-0.026759888866754282	0.01442676123553144	0.012168785313820308	-0.029092154652534667	-0.05368945125446615	0.002055117909886336	-0.047679560802484915	-0.020333963168037684	0.016139240435070284	0.047472513542994	0.02102723232490174	-0.0115600384184028	-0.008080843626303352	-0.03385711920024151	-0.0118713046183886	0.025677711450845627	-0.025168407316094037	-0.0004672888756829485	0.0007286995577211387	-0.014275157780991721	-0.08666003659022167	-0.004728329560409699	-0.012042429317985492	0.03509750031605906	0.01708953523239436	-0.0005179274826057451	-0.020189291035014302	-0.005440685138289725	-0.00034171679860810927	0.0021875479644467032	-0.005884140392889407	-0.0008860929657916843	-0.0
2019.3.14.cow.fecal.19	-0.2929072280584368	0.16087207755331667	-0.015019967200079806	0.05179765426231853	0.058025915287152154	0.13171757081235913	0.13992521589461812	0.019422947227008575	-0.000585487198777245	0.05102972297252462	-0.011488659853466142	0.061497967377200945	-0.06323473252218165	-0.03902579172300769	-0.015083261593807686	0.02199048787009469	-0.026024451653576804	0.006408399729695951	0.022750697071229235	0.02936358896682472	-0.0038401142251650038	0.02994784110657831	-0.03834725759934589	-0.0009371109290633864	-0.04562168080222743	0.01416395501555601	0.012160889107957151	-0.05282605890725838	-0.021970419290463075	-0.042272055782323174	-0.037887939339853766	-0.037715929854559536	0.04296598394834287	0.0033750887118455123	-0.00859207565334292	0.03200555306756876	-0.00456873891850474	0.02921785803086509	0.0022587390412246683	0.01660911238193589	-0.034947769852351096	-0.030804866879525078	-0.0003660015120242566	0.0005172677483381623	0.02823410439414718	-0.013685851163667807	-0.008314804187471117	0.005692002399991561	0.03342341880753947	0.00897604884282398	0.01557173355484142	-0.00864958629642473	-0.007314235607905191	0.024055835704767558	0.025689253898444432	0.019494555690990626	-0.01248023253530594	-0.00501152486396094	0.0032971916349959778	-0.0039891087502739765	0.01661644746049775	-0.020581420916895972	0.0014753410597889889	0.01974833423785598	-0.029353964148214215	-0.020679031683378417	-0.02300795238496058	-0.02202401202604904	0.008589139531649375	0.028179486963652738	-0.009148365270389437	-0.003763008254196892	-0.02526830468196256	0.039844794991710376	0.025793422652843772	0.01499289382310032	-0.022871038639129617	0.010526952379193159	-0.004334187199351289	-0.03591081308232823	0.013518638482205615	-0.01593603843604487	0.04329777163438504	-0.0308824279889108	-0.05443076995727206	0.022472537204431476	-0.02934696887082085	-0.0007486872272060681	0.0009398664380628549	0.025451134718367317	0.022334987853778934	0.0028796311961375052	-0.009799911896965715	0.046823594340259525	0.018151257586217336	-0.08804008714846859	-0.024172790014562913	-0.02814644046049384	-0.009793312908734735	-0.031746022200451224	-0.008351514484524671	-0.0065950663954183605	-0.0
2019.3.14.cow.fecal.19.rep	-0.3030980670837134	0.15348114978505104	-0.013596016863491725	0.05014035936872886	0.04633321602706222	0.0940912022151533	0.12680496973550423	0.012078125105584857	-0.01006354293919115	0.04699083791982602	-0.024648022175865297	0.04885821017950455	-0.07203897425030532	-0.04379183512206899	-0.022825298451142773	0.03512487168175477	-0.06949670453331154	-0.0029363028055779013	0.02436663272846611	0.020992815298384135	0.00476754370231305	0.03285531070273099	0.001059258308021233	0.011836437961394091	-0.029132324966408794	0.01056703022394704	-0.0057561102472478256	-0.04903456529092532	-0.03436756398685925	0.006224072797302373	-0.0018235478688412195	0.013243215153016274	-9.438067013128899e-05	0.005629744030240673	-0.0026168502793571984	-0.02172721054471225	-0.017600241516020746	0.0035729620292888065	-0.01872130258064795	-0.025012950113431347	-0.003966933417514871	-0.02269589477212266	0.00846447704431262	0.0011255954004619731	0.015100500282572983	-0.010472959143350417	-0.015625474842438418	-0.007108891865232377	0.01358214456402277	0.011027180695848777	-0.01960428812842367	-0.0697477508179277	-0.008364141856839466	0.01833243003650375	0.03347700449837957	0.013167493883216867	-0.006278102485378778	0.039700013985526875	-0.011478149582076054	-0.01573565709538719	-0.02142957027587516	0.033613908821309636	-0.008653756051962752	-0.023327625273693788	-0.016141652063810234	-0.008170717112313396	-0.03961506036390175	-0.01287469068664742	-0.02472394670225281	-0.02791714914448095	0.011378061162166223	-0.009561572532953517	0.03541919097520609	0.0056871364346087585	-0.02159321280883283	0.019864330602237894	0.005220361880271423	-0.014285620112531178	-9.209759373420022e-05	0.03595609269225003	0.024638587310559547	0.018484000139601876	0.003071993989060533	0.03565109965920005	-0.00860830178378014	-0.024383354131580586	0.00959829841307943	0.002532960175163327	0.0327704769522051	-0.018919490834758808	0.03651048104105876	0.013197657666679498	0.01979953329167804	0.017373507638116653	-0.009133578102360124	0.061241386552810445	-0.056584301882724675	-0.04582280343559662	0.016792660985005974	0.058822236454064744	0.019787749695732694	0.001270204396294348	-0.0
2019.3.14.cow.fecal.2	-0.2652047701596442	0.1208437861208065	-0.015666509157460387	-0.001085197074146503	-0.01986963805029126	0.011499483884773716	-0.030258794074039228	-0.03405315601969256	0.02909531131937381	0.00782688417751819	0.05493074051481654	-0.02194649918072705	0.014545098258379954	0.07334661348179815	0.040477758176758846	0.03200599354741953	0.0306597417762519	0.18088919613236643	-0.06536624578938798	-0.02117396529228579	-0.025830134936932553	-0.06636896319109484	-0.08528045100377185	0.06174789157664318	-0.04655526172265197	0.057841984603831796	0.000901976900914511	-0.10780983347046569	-0.08565817382416224	-0.009202431427534139	-0.06283843796056593	0.0211889829947059	0.008198207736750004	0.06556361985950804	0.0047512351638461115	-0.02909594652035414	0.0883581733717136	0.006624029102100802	0.01945674282236169	-0.1045269679243841	0.0200270067511053	-0.010493019195687766	-0.01230236728183218	-0.020333789461505485	0.030434669371471573	-0.02776486312610883	0.002760882958807629	0.041659744760675896	0.08478621139698593	-0.04148414215984796	-0.007715562721522155	-0.02602495576699231	0.03517506633081185	-0.0017508908762830682	0.037099085966171355	0.029679897951253708	0.008264713775971932	0.029306326595000456	0.031514173157653404	0.009843282865602893	0.008492643886537596	-0.028008852929905986	0.05521227881511977	-0.0008031813813349525	0.03567135725815453	-0.034045591072460836	-0.0047493839764716815	0.0024450699853889595	-0.01241331821034277	0.036980047921776484	-0.03600211375754318	-0.03366314667820241	-0.0037394582505660035	-0.017415795313782203	-0.006305679855041564	-0.01913834812770336	0.005446522969305528	0.014349529744711775	-0.008648045889258372	-0.011223018311692149	-0.01377175298894619	0.03237088832619479	-0.013900441988316968	0.015305983769674649	0.004283789388300011	-0.006645624618895999	0.017257548513900163	-0.00435138099335709	6.759244821770809e-05	0.009296099932186486	-0.025099998925103353	-0.0035356345249153136	0.013519250101349972	-0.0015934969593575463	0.015343382172800067	0.010369066524142994	0.013826617024206136	0.01592486852927713	-8.930729176128396e-05	-0.0011539624048848872	-0.0018325447364837114	-0.001706458763522048	-0.0
2019.3.14.cow.fecal.20	-0.2964772513455164	0.188459356585061	-0.030803124843550054	0.039742363792752575	0.032162580376620176	0.0766982374008628	0.10616835538117465	-0.005818490162621917	0.01020168410434	0.06466262641368727	-0.016617132892264116	0.09276779954460941	-0.09049599003897996	-0.05452183945340462	-0.03735631738901617	0.01876537102953291	-0.03476398738603908	-0.013790052817053366	0.04150510586480157	0.01269721084372731	0.015094517250891636	0.04269669317324	0.02006458115450773	-0.01937070574322395	-0.011615165079366822	-0.002636405071663509	0.0290361987836267	-0.018130751761237376	-0.011297101012866087	-0.003837590240322	-0.004719239713888628	-0.01022209434404712	-0.03236164163287493	0.023598789963086973	0.04746886256605138	0.022062889483842798	0.021271473031062183	-0.009118952578605958	-0.03754754383114591	-0.0012953599479032752	-0.03417374950401203	-0.02621518565293254	0.0011397647945310928	-0.015511835220063355	0.010041854114464045	0.0004490199000653227	-0.006244570561277422	-0.021135228008048235	-0.007117580161129878	0.012805143202669183	-0.006195412407439888	-0.024516945922187967	0.0018943180437416517	0.011528961218733258	-0.037820875035169114	0.010346536416938204	5.962326018391381e-05	0.030993385546408486	-0.036142481934074336	0.04307893931325127	-0.00471574271264366	0.007642624139825051	-0.015535501995629936	-0.020879698495840565	0.0030041490586511905	0.020636549541633978	-0.033803513431763306	-0.01058528690572929	0.005470751280412558	-0.003583864872778044	0.016090845992964134	0.010018301685737512	0.0024330727895795104	-0.008780086220337853	0.01301093645718927	0.0185508529160051	0.041407679679197236	0.006574472979065562	0.04290787465635104	-0.039112129507078895	-0.02421401126277728	0.009730665585855504	-0.043035770561375926	-0.018611782275157186	0.0662521746558921	-0.0029501076002694123	0.04151496552477402	0.007169991777878555	-0.01589538998583072	0.01900499274809447	-0.06197458222878702	0.04788766589052456	0.029943156923744448	-0.011028449650269619	-0.06384159864654317	0.0028455214437865797	0.019888772127439846	0.01674148039680034	-0.017815650291530715	-0.039240732507904476	0.005010898895075252	0.004200476710078357	-0.0
2019.3.14.cow.fecal.20.rep	-0.2941250284747512	0.173018293505746	-0.02205672894383067	0.059864506425404	0.04662103674416946	0.09048721492259418	0.1269236877561744	0.006894534800886543	-0.003976253284949939	0.030890293434503942	-0.00622326602560713	0.07170740354804757	-0.057704964715759574	-0.037990146224453944	-0.037337298751692706	0.009624079221994085	-0.05113353865491482	-0.012373923268903636	0.03740790060871481	0.017991109028954965	-0.009717327014669345	0.03522618407144583	0.05045333229286514	-0.009940380057615803	-0.032166295062945716	-0.011815026856530473	0.024192172692547056	0.006524493894456656	-0.013937521175702449	-0.016195310108147443	-0.02168890421434323	-0.03137091640723443	0.014694346343910989	0.0076431146124579675	0.0075627695039259075	0.024240251645546274	0.004456384076619852	0.03496256467504092	-0.000687003628282364	0.012484853135796522	-0.02462302861972787	-0.047425300926236105	0.0193210792652463	-0.016071296304343466	0.022512046770349944	-0.010603041599520708	-0.010572244568953115	0.00801803650482708	0.012210158022263115	0.014269040467013395	0.009604247834978312	-0.009795021258250757	0.017523156092257762	0.00415236834894031	-0.0141595101567394	-0.018215810455963384	0.006539189602946728	-0.01861565382186965	-0.010050984745250626	-0.012838740117943797	0.022803657422704324	-0.021246854541140378	-0.007157545324183552	0.0026971987692390588	-0.0037937829342669016	-0.008992991087452606	0.002063729048623946	-0.024187754097845026	0.019095238600639535	0.026490796312005137	-0.004715351719550782	-0.014292122500241899	-0.004371592407763934	-0.0007999255244877368	0.026705425050076392	-0.01381742250186228	-0.009551160226881442	-0.0014102217619605614	0.011652547889801114	0.007496017640225494	0.027580469440988728	-0.013727665422005885	0.022548454073513465	-0.01134327912613248	-0.005475695823308873	0.0035843438099073676	-0.04773881476143651	-0.03311401814172763	-0.01133988536393965	-0.04095146213833431	0.01166681606800844	-0.026694240991794703	-0.02772501137598561	-0.07038205977453886	0.04712094849163283	0.0392604470039969	0.06228858137877263	0.05950860113523561	0.017304606289243456	0.020328903334047917	-0.005795536155657896	0.007547075599872708	-0.0
2019.3.14.cow.fecal.3	-0.2839916025569646	0.14307106488754484	-0.051037057500581455	-0.056918247291242056	-0.09083055568452547	-0.10756160886680134	-0.11432440819572084	-0.043245928975704	-0.016264315084664582	0.005760676786061987	-0.057388886411968536	0.042346522256303386	0.010261149509025408	-0.023473316421765537	-0.014892159455291053	-0.0428875806597807	0.0491043781027644	0.005449740643369185	0.022717164235970436	0.09284124393229191	-0.09410818518916526	0.06841831338817579	-0.0058208608477847935	0.06483797817479166	-0.06344673852410754	-0.006050496512042825	0.03644091963978909	-0.07095275935858143	-0.01719633493570787	0.07619230151227012	-0.0286469985678811	0.05280474748197691	-0.010428292620348681	0.019822768432571396	0.07337786014081042	-0.05461775980499606	-0.07271092464286662	-0.03954600712735377	-0.003851529767832436	0.044391027946774894	0.008225595709293437	-0.024014830778195058	-0.06109147035443797	0.016616458641061285	0.09327794850803697	-0.057908100199027084	0.030876025271348004	-0.025450513026599515	-0.034444247485979886	-0.036904062540514024	-0.043822938140642406	-0.006786800649955769	-0.07568107043032075	0.03529533153561473	-0.04949477831236926	-0.03235023188718451	-0.05367247082988367	-0.02236286483147105	0.01712995743122399	-0.022555040031221187	-0.02594130383361316	-0.044058140310111064	0.007647657727774997	7.90932138128361e-05	0.015391009912489121	0.04412416418610231	0.004209488976492793	0.017091658151267806	0.020720217364267334	-0.008229678720105759	0.015915740540798157	0.01741687051283592	0.0017230036033640346	0.012762026494100125	-0.028074229686488532	-0.041648623086686085	-0.02681697712529235	0.016862789655212925	0.010523643468490699	-0.027973700466289136	0.0019975606594854886	0.01905183595200896	0.04700255523281883	0.012381923827212182	0.011867946527643265	-0.013015951525122959	-0.0018897716458531088	0.019320002127909477	-0.004595758030193037	-0.010088670706706906	0.010109424890173538	-0.0008482364644821955	-0.0031519677528036964	-0.0002602497174038152	-0.005325973422642444	-0.007220570900141241	-0.00037654120742356995	0.007674545218299431	-0.0037206692211977977	0.006627175806005174	-0.008233347713387303	0.0051330461416359925	-0.0
2019.3.14.cow.fecal.4	-0.30465300425348335	0.17039151260024854	-0.0355873499593659	0.005297730470801338	-0.008065648059316097	-0.0157078856153711	0.00883282855366279	0.0035432050818676236	-0.02662780379135489	-0.009955183997936361	-0.012969940978623683	0.015487825456742665	0.04860733242758262	0.06548846406119761	-0.008655288088754511	-0.04239026838674198	0.06539580698745646	-0.09130678091058674	0.05930631929944965	0.06930365586690747	0.03573509671946972	0.00879983517238895	0.022109072170223846	0.020461622564673303	-0.015155086786779234	0.05326613797278148	0.003474594941210562	-0.05119885344575357	-0.020861461824694345	0.06960013530346487	0.003142151711430262	0.007904128904611094	0.040742223433791434	-0.06545852705806583	-0.03743143207442229	0.016150878276905582	-0.06405702264106418	-0.00266354903097603	0.015219804553659755	-0.029056528271184927	0.02589549382366394	0.02613004727947789	0.0034325297962039666	0.0015168809422839735	-0.06905141015909416	-0.07979550822259167	0.016044533987708606	-0.05651920708326769	0.06650126309279898	-0.026050407765930463	0.07468680751317064	-0.026621696333438968	-0.01736871745737629	-0.04170086405617686	0.026075471959727026	0.007016986684176727	0.0006631998886986409	-0.040552627845069245	-0.039136810034454794	0.01580647963926005	0.03623924142607824	0.011973736906473841	-0.046511299686550205	-0.035664837617874076	-0.013947495162503406	-0.015630645540068114	0.006149163558489738	-0.002417188589999375	0.06240848336997634	-0.011720138308367909	-0.10149917868089582	0.006217935617252636	0.02147285194473839	-0.04171463987338391	-0.031243381884459052	0.01758427521713334	-0.009516845773268903	0.02981353186936291	-0.0009202975492928512	0.02516139768579328	-0.03440057275015847	-0.02214817743275807	-0.02095295847369759	-0.014799598475557856	0.025550223814537785	-0.0198025225531469	-0.025549796478831287	0.008262267056904988	0.02212812265866179	0.0023942751456770103	-0.017481233357953	-0.0014668558313339472	-0.0035195028326310235	0.012571393576808459	0.016923238688018583	0.007243207895078107	0.004952472193883855	-0.005079098672185115	0.0005138158783978596	-0.014678227652374256	0.011744651853262686	-0.007813658332414123	-0.0
2019.3.14.cow.fecal.5	-0.2693692563637638	0.21423617677912027	-0.05344877089510598	0.01708859179199097	0.0023185698911749476	-0.00582462062213888	-0.03327779431235338	-0.0449859569401317	0.03565367767880512	0.03795848901518048	-0.019346974566873922	0.0820872157184468	-0.048257032746414734	0.15539923766251487	-0.13234820951399412	-0.14155358895439557	-0.024011769576169417	0.03217959100667565	-0.018690726661280115	0.033442277780288264	0.016029832251109415	0.0025633263594869813	0.017753182482568453	0.046078615861795603	0.07173131580984081	0.012291422783673928	-0.03606757016690107	0.03859711865993575	0.026415150486017943	0.008177946460657047	0.08440589762943071	0.03964597014055474	-0.02284784192931071	0.02818550807872298	-0.03204769020667983	0.021968977558546116	0.04082998934480568	-0.003184295232730253	0.01544161734492751	-0.05507129792111168	0.024318232281494788	0.020538783394488357	0.004608125320009257	0.023948383973451566	-0.0023467481325702036	0.031383099560385125	0.0033450833512568717	-0.014092767436757128	-0.01117018128804561	-0.003335139376228696	-0.04197961501403051	0.01674832516118178	0.029312416075845654	-0.017035541095892105	-0.007637365631050124	-0.021388356338503788	9.33032460313631e-05	0.02525105088289444	0.016122587700001852	0.021493401214937414	-0.006132419998395953	0.018210673937276153	0.02766328830037062	-0.021737365847525905	0.0008860395569520651	-0.018098127601215402	-0.021104884664261636	0.012797143873210893	0.009821090618995325	-0.017285932645473855	0.0075414776145395195	0.009634455130836675	-0.023972764570221645	0.013061532768786358	-0.028013377343543006	-0.014692188145704454	-0.025530339440939128	-0.004080526637229284	0.016120467073335348	0.0342473881896216	0.02651324051456275	0.027021899248211894	-0.013921980122749892	-0.03602731034880537	0.015342632745203824	0.052583077459054516	-0.031737171356187796	0.005104850902433618	0.05900034729802763	0.0199208946040514	0.05357671446160331	0.015420567103227726	-0.0009493254532816393	-0.0027281373199452624	-0.024416303046572656	-0.02481546938333346	0.002521684145868775	0.029855231183149533	-0.004945700213947354	0.0066748709111386735	-0.0013075591234994043	0.0002543604928184876	-0.0
2019.3.14.cow.fecal.5.rep	-0.2808166064794167	0.21445596626525146	-0.04218702633908198	0.01428866110186875	-0.0029366610723233016	0.010140778492024976	-0.0034247407458702127	-0.03995084038443423	0.03164489141219138	0.05217928837221653	-0.025264253485398482	0.11314497300822482	-0.0525963866475703	0.15096791197517165	-0.10944296529513796	-0.14372865802772858	-0.013853289205677176	0.004024176374960782	-0.033480516517178545	0.05469033645696133	0.006230300460433366	0.020540238361508208	0.03041378966963125	0.00636861568619575	0.05551243886128393	0.016381193171656105	-0.017089815949328173	0.03843792842196403	0.057426175343817776	-0.027860808353035754	0.039121483306841176	0.004709628558859059	-0.00994334767661095	0.015234769546111292	-0.007393288498828771	0.016119319267568953	0.008863380593694535	-0.022580511619605805	-0.004574573141972948	-0.023204451623933864	-0.02353299707972292	0.0004632892422935257	0.0021778170118066545	-0.0034225540496739515	-0.006503510258609949	0.022623012284588795	0.004689874394734858	0.003667623998450598	-0.006940247975484438	0.003524079981548343	0.018424555181153532	0.053729658041379656	-0.010364643304331069	-0.01657860726439589	-0.005473935899374955	-0.0016675817068609287	0.02109494477971748	-0.006205234620860763	-0.013127817937250113	0.02822690156414687	0.010826091499090073	-0.013368150564315569	0.006924432280573592	0.044070081569073945	0.005948746475647349	-0.003607287246557169	0.019310706832424335	-0.0012014887010120168	-0.013047040873113314	0.0036415407696430042	0.02821140712276296	0.012220862900735265	0.0066824483320985775	0.002844085561175554	0.0073379005796619465	-0.02197517864963695	0.012143968484381814	0.01383260713436884	-0.02576542387839322	-0.020283647621224293	-0.02796854986873486	-0.029945810655459502	0.024564309198672363	0.042850643165654165	-0.03991007350240697	-0.040667022716674994	0.04443757924477075	-0.009632249914352346	-0.06636291093554993	-0.009665633048226267	-0.05417499799832242	-0.01627046872006988	0.006770020621249897	0.014069545327173263	0.042427806643411246	0.017323271983444934	-0.01509061306998158	-0.03251921655351659	0.013545626417841425	0.0023270543390199534	-0.0022269129763739168	0.0002201028988685992	-0.0
2019.3.14.cow.fecal.6	-0.2308796578957651	0.14506421750555057	-0.03399983411893602	-0.0025541340936549553	-0.0649017406356925	-0.12102737588664454	-0.19837498501774511	-0.08488095583013974	0.03572070349469866	-0.006936636909805309	-0.009760334822282661	0.019186197533961884	-0.06395313496925488	-0.053960374429389946	-0.016090495875512457	0.022628653855976538	-0.08293036759471425	0.10559580094492031	-0.03463370769346726	-0.04826557039274749	-0.11000503816964752	0.05280311184673145	-0.029388953032787407	0.002659633077430338	0.002101069429369284	-0.015179589524555849	0.005343642178647645	-0.026220489860364946	0.026350857058010976	-0.027389074562833456	-0.033968002558292035	0.004173202335770719	-0.04181537617029724	-0.0475075285814044	-0.049089359088010306	0.02755640725512039	0.022213104268508577	-0.05811194151336665	0.042575366659441276	0.04487245691620265	-0.06190531734584939	0.02856516524673879	0.046538818857850356	0.023640452216277898	-0.009115034672750738	-0.03929011153851137	0.018829924520727355	-0.01086558231598605	-0.0131723185036255	0.05945232347322088	0.02565544497796765	-0.04442560833642869	0.029848799657651852	-0.0786965564861426	-0.04925526486570876	0.03866754129267682	-0.008394793390688925	-0.06043594670526658	0.000146766736373315	0.0302567527182185	-0.0314131204168164	-0.005884974906327907	-0.08452682818291231	-0.04829057947543465	0.008512004653565126	-0.03587161312503685	0.022826021761390196	0.0005640472811092618	-0.036517681888241386	0.01759043223633944	-0.021068816546631404	-0.012406937074546294	0.00617039526835088	0.007128416014360312	0.03701881066600733	0.02389085601896827	-0.007444904450766217	-0.007430630579656448	0.007836124344587395	-0.006304837104989429	0.012922335824002925	-0.038076533566840265	-0.025481756789193757	0.003804500809436015	-0.024814621693315924	0.0003925370032822508	-0.0009770912688780856	-0.01963798995133863	0.0035132192433218554	0.013529112288024243	0.01049679051358092	-0.00487962952372111	0.0096335825901331	0.0028076821652577026	-0.012037300181374999	-0.0026545914655837625	-0.0012735854976801807	0.0005962338711512415	0.003429176481541255	0.01172774920672783	0.0023142144116587503	5.828758179661724e-06	-0.0
2019.3.14.cow.fecal.7	-0.2948493461987945	0.13732580810423087	-0.051491081833305384	0.0035353805542199758	-0.004087828924406985	-0.030759714486337762	-0.010702725986768582	-0.003300542185608303	0.0140832801182914	-0.028817062363271258	0.06170112499886468	-0.03606129592902603	0.027112986075168124	-0.010007745776192173	0.03317817365840695	0.055428294065317546	0.0016009300973843848	0.02814850592478725	0.031639306110290644	-0.04513033989755515	0.09270633571996592	-0.07647319152269405	0.01055554049841775	0.047885155003978205	0.035110905220951595	-0.051684367193660874	0.0026274374999576914	-0.007593389742174663	0.05297486716403026	0.011056097235748151	-0.020385059475767575	-0.06123486599831222	-0.08276563483017672	-0.05799394099267932	-0.03514323807365715	-0.015061703338194328	0.042258354713096066	-0.05961329209115028	-0.08181502505872083	-0.020898900392691756	-0.012799562373870234	-0.06377821069230234	-0.035270511638947684	-0.02604226191998572	-0.017205706811360084	-0.02141858238760426	0.04852707519767321	-0.020818906589728688	0.03260985577543318	-0.035042987176045315	-0.0009432654603346343	0.016095274780284732	-0.005728740215767093	-0.02609671059164033	-0.01118827489749038	-0.021250421112421633	-0.03885621846503369	0.009475176718692331	-0.011637717795964704	-0.006802194482073962	0.0482368422303904	-0.03355615332283582	-0.00833295500572867	0.03367640721283308	-0.0014069696839753307	0.013331059694513968	0.016377894551427033	0.009960362730466861	0.0432503088972436	-0.033277282385855006	0.018462214329961348	0.001131153861709328	-0.04707629046510546	0.0016581821750689502	-0.06872281641678275	-0.018013454780395094	0.025632655016447244	-0.019483251946239784	0.0060564078012879195	-0.026597444605708755	0.005743637411982104	-0.02281314292150735	0.027928743714904013	-0.03140006016855354	-0.04171489204854118	0.007364543957675258	-0.025433485537133642	-0.053963243105107625	-0.023512096016717096	0.027691742711280942	0.025147087614225787	0.014605361299215447	0.028350458902347633	-0.020069002765795926	-0.027289204239406818	0.020576443860769397	0.003504403608746453	-0.0275029033201464	-0.002261301736312727	0.004958785466551599	0.005735338204044184	-0.002947399337861126	-0.0
2019.3.14.cow.fecal.7.rep	-0.3036665278566785	0.13059492584236596	-0.032747349588692486	0.000171381774037796	-0.010309397605599669	-0.043251970981115766	-0.02450555246405359	-0.011399383505587557	0.002472078700385564	0.0021553527862639265	0.0222538406060009	-0.044200417938726186	-0.02804787162653804	-0.03002220873260326	0.031891967745053644	0.08341394287197464	-0.009833742859703353	0.00891423383903361	0.028152309196977348	-0.024074531291392955	0.09781277467832583	-0.05006210430046018	0.008649611930216959	0.0019179903673562282	0.03830107955626957	-0.00788008713330184	-0.0013244929147740209	-0.01623679440474149	0.05515104775333584	-0.0001091463339258495	-0.00798670129239835	-0.02110039865224204	-0.0745000246091829	-0.059435188507933966	-0.03223255254594576	0.04963748485119547	0.017301510339272866	-0.09060514146973564	-0.0508702714424705	-0.005988161025033555	-0.05377695035141087	-0.019803486643180625	-0.024020177595779266	-0.028300521564049386	0.0029765794330556664	-0.00030692497890186607	0.04615830106583148	0.0014146069725941906	0.019282875586500162	-0.0391572475435361	0.011351023969675592	0.03825377596423237	-0.012250118954300513	0.0268680499308495	-0.005602234340594078	-0.014102814891489863	-0.0009223694836295788	0.05784784151163996	-0.030279796084428563	0.011791186757592123	0.020543633496234448	-0.008306729457880486	-0.02082565392742481	0.004281964661590524	-0.01627399095634634	0.021829062856794913	-0.013918383104425799	0.0346459682569375	-0.043796690050333854	0.023941396643431038	0.04395966486164298	0.03210780191334547	0.027837187028475725	-0.015424746755239792	0.04118191679381585	0.019990052841930804	-0.055382619534523815	0.05328092090043417	0.015102914892359516	0.016552917944351687	0.01563456351704426	0.03339006227754828	-0.018346388359670802	0.04171927482751261	0.0483952409703949	-0.001065661601193854	0.0010212364476378114	0.04117665086743326	0.021906450785711237	-0.005624141425704627	-0.008638620027762724	-0.013488812490620406	-0.03875804850541833	0.02184511709317199	0.04358153137033331	-0.025153068931198626	-0.01276987082519997	0.02572469981825237	0.01538636827112916	0.010708243369986992	0.0029961559338125606	0.00017413699770649685	-0.0
2019.3.14.cow.fecal.8	-0.2869863974516635	0.18859264394854064	-0.058178745311024016	-0.04466522460632549	-0.06331591938110505	-0.07734299801502521	-0.08335830896925764	-0.054845957468645165	0.014945697082144884	0.05807725591625555	0.02726004468425275	0.04997245865498962	-0.062149339670644226	0.03372495142444456	-0.011595349234571574	0.013755826081753192	0.018947336829485493	0.07572535278672787	-0.03426053825292102	-0.12444386462575825	-0.061427620672926626	-0.037664216180554246	-0.03833412070499924	-0.032941629689148585	0.0023148250874646115	-0.0008808114909487236	-0.02092992931753519	0.050947021607714374	0.008682506244159149	0.025061273928469695	0.006669467462674262	-0.062266840514045456	0.016913694986478205	0.03092897549956094	-0.05173202077866778	-0.032702081409261306	-0.0296548326959599	0.05329262577274175	0.07188032755611658	0.10993373063180208	0.040803574217002175	-0.011669165325110475	0.025083999870890328	0.011916124769223642	0.0006577853321977011	-0.07745852122754748	-0.04067839323877675	0.02734013519173433	-0.013333434545733176	-0.059516174489124676	0.05139156735306899	0.011698723551852435	-0.026865077586615875	0.05211045319581981	0.0762962172667187	-0.029485535314566352	-0.017213883491503403	-0.013248284917999233	-0.0507673218642475	-0.043689365546316236	0.051178990899212976	0.0650385220047144	0.010117617882514682	0.039427918938264604	-0.03827134059407546	0.017327166946242884	-0.018871405175342373	-0.005619616683756931	0.012991040696318618	0.00010200253979043674	0.048515215149163377	0.008191866803178266	-0.03284820355572505	-0.029347851476957162	0.011778639154371915	0.01982313243016587	0.029567532969261425	-0.015846228741905024	0.013863283686683964	0.009932272695964623	-0.0026694622392777153	0.021745552506310047	-0.009690905200962979	-0.01882795258167526	0.007243405046459617	0.01176443942966154	-0.013782109952535874	0.01694546890939257	0.001364242921418656	-0.014562526626834958	-0.019113522179207986	0.008610450653689284	-0.013755870501879309	-0.0019269482476521537	-0.005986284917090072	0.00902914485245814	-0.0016282735927640735	-0.012075193814035311	-0.0017857561492431763	-0.0011635551748062317	0.005466771250227873	0.00521962074018306	-0.0
2019.3.14.cow.fecal.9	-0.30489066516087193	0.13689583505861416	-0.021194579553243477	0.04055714908917103	0.00912493371971553	0.029012807069001518	0.0334302753776312	0.016139289024757197	-0.01880417854777628	-0.010338464635883546	-0.020953197619834107	0.008091800988294972	0.012118065519182188	-0.058288795510186495	0.026620146120289064	0.05553404324364795	-0.018182365443195094	-0.0452237452631678	0.011987301848123362	-0.03940440637773168	-0.02374533530263076	0.016435244378672376	-0.014826095156623304	-0.019872549828865195	0.05944673300256342	0.021285983354942743	-0.015232918112700665	0.02542709311302182	-0.049375690214637946	0.0629155786127151	0.059787384520689366	0.04453452606081887	-0.04087351106172541	-0.004260091056331999	0.01927561388505713	-0.031466646294664086	-0.01983051544854151	-0.030871714534899095	-0.02915006003862261	-0.002987092008765628	0.04134149969249381	0.020743614452241765	-0.04162039286244063	0.013939884279962724	-0.040134024959645395	0.019130405328228857	-0.0026282078126665474	-0.01093175443710098	-0.01750653114698421	-0.025354623173082142	-0.0555571759351096	-0.014658097614773597	-0.012046492863463095	0.007337461971644401	0.03922849151571751	0.0005436130039948139	-0.010724645706463743	-0.018636612612949754	0.03545404520768847	-0.006091615588633271	-0.0143070290652277	0.01287938410061123	-0.007229884814124225	0.01425054740497951	-0.008016031666098693	0.012640685969670112	-0.044115654245863604	0.028635326045114835	-0.051048552238008374	-0.02968138179005254	-0.013225046163185976	0.002813638521187868	-0.04834978500927315	0.020237932988673317	0.04362329102160938	-0.012409231013008571	0.028451513012875546	0.017150149843288998	-0.054068538242154775	-0.05363240671598135	-0.07854530299645149	-0.03692746446830013	-0.038548252140284456	0.0018127632545516192	-0.07122032940452086	0.028172373659390838	-0.02593273346648339	0.029206295872186656	0.039595103830771125	0.01590136344313068	-0.03244724862535126	-0.005422648964664794	0.016959442416154	-0.005435656123643094	0.015275763310419983	0.004890486930048141	0.009105073730751992	0.02877937418362121	0.006517822709024935	0.022006250688846315	-0.008356057331209189	-0.010160516948601962	-0.0
2019.3.14.cow.fecal.9.rep	-0.2993061030893521	0.160662109556483	-0.020656080059677322	0.02287277140018274	0.008267698484634111	0.03900923713303844	0.061721076722872414	0.021541425414010412	0.0241690895441911	-0.011194275936952996	-0.003921025588197654	-0.0026163052475725417	0.012718305709281015	-0.033593444893632265	0.04175660421075164	0.012278806203619355	-0.0639623280622093	-0.003978244461246829	-0.03286813354197706	-0.05111667582487998	-0.054202859440877466	0.00043150547124322966	0.03121445049138811	-0.016594329776788288	0.006130739653541655	0.029635410566253424	-0.004476860682255234	0.036720398447025786	-0.03542778933909723	0.02821221926304877	0.06052002060315269	0.048996994918215374	-0.05840935949682655	0.022718993087875863	0.0063959466776231395	-0.04845514666565934	-0.03332995923772117	-0.022894206839996614	-0.02027468463180168	-0.000362855687490259	0.0462620643889941	0.02079843621962032	0.0012979483310700134	0.004173451054494933	-0.06724309192319337	0.03886815192172047	-0.03794872309378121	0.04936325328837377	-0.026401670687068488	0.007752922366525916	-0.06400273482017475	-0.03591537757528418	-0.02428648489005234	-0.08864798032387483	0.06102462318007543	-0.054886675669687114	0.007343138992353667	0.009692101620205888	0.022043735177165454	-0.01782355806522899	0.042666547198436586	0.0057006909251955135	-0.03929571345941773	-0.004670185336745308	0.01925132852623722	0.01229886055327817	-0.011675120108828797	0.02905094575016215	-0.01567626801615821	0.02484051048726814	-0.04176449169128155	-0.015918495913822342	-0.024214121012573805	-0.02645221332530856	-0.01774578217080838	-0.011977034356019451	-0.018138131694200955	0.022406890001188395	0.008017043873616415	-0.017038873797998892	0.06822738516045566	0.014793246421302966	0.0005573144600852341	0.04636012071462277	0.03175692184119227	-0.0272124888462461	-0.0018113719279753855	-0.0030778110783575676	-0.05415222112576952	-0.0067195038088479365	0.033167969382579425	-0.02327360341053181	-0.018023432872685263	0.00192420810327899	-0.009365850230352035	-0.016209641997534677	0.017299396295663454	-0.024114700912379976	-0.006414338454276888	-0.03854870112653621	0.009488266592270225	0.004126604446517502	-0.0
2019.3.14.cow.nasal.1	0.3038844003782251	0.060118158162845776	0.14807673439851202	0.10202238873793151	-0.02891737728030595	-0.098672040983271	0.023686456626137994	0.1363063184544659	-0.0461465486656377	-0.029003959217326708	-0.04396105114216371	0.04336010189194204	-0.06793501311619865	-0.025052101680906425	-0.005318497644746456	-0.12442000666174878	0.031808967109089335	-0.019379987145066148	-0.04878537775456806	-0.10885484404598934	0.1277792317144718	0.04114711321067427	0.01789856682967147	0.03288978172600803	-0.02506713921423497	0.03990152744340189	0.06479585321106046	0.013369399190301058	-0.027649474920557686	0.00964931242438878	-0.0750528405475451	0.027722917436845608	-0.014880822092585405	-0.07806991130424379	0.0076601146856087885	-0.05992159161236553	0.061264979347567756	0.050146023185263594	0.05436691699864541	0.030147985720625596	0.021403804257969675	0.039656862269332384	0.013015985322775907	-0.00810897026894812	0.05129485365031428	0.006839726387935576	-0.05914737619650363	0.03445401320155147	0.04261246341368695	-0.028597639504121926	-0.0070247082773163055	0.009631733017380205	-0.00612919821865623	-0.022856215842608874	0.0012327686542880825	-0.004562747373635143	-0.02440738583922595	0.02973098334309247	0.00483575691155624	0.056951650125441386	0.02508631554388633	-0.02065813960230548	-0.03012436538634043	-0.0266371502313646	0.04882064300694376	0.05590613077831537	0.005933066157771395	0.00467322965586747	-0.033213332771416706	-0.0007249086901742547	0.014993967901632958	0.01833677097929044	-0.010879674328929567	0.024960308450647405	-0.0056393780195432746	0.043163761930512794	-0.009036698889275116	-0.03496502036156936	-0.027346850784697323	0.002831031156952702	-0.016686566512954113	-0.02857296113873692	0.030598564682143083	0.028750237799850684	0.01827067301686125	-0.009093332480700305	-0.03375129838695141	0.007433335963921889	0.01029178605278248	0.019401678154125974	-0.000675074388567925	0.00763718444969567	0.006374114959474923	-0.008907592646855061	0.0045711406185332875	-0.0006311695163469309	-0.0016600352465113298	-7.483623256811381e-05	-0.002767998988254414	-0.0018757156310633993	0.003540747669215906	0.00665568264306616	-0.0
2019.3.14.cow.nasal.10	0.26527368242930555	-0.0372161299359196	0.06512112985945875	0.15264493626726297	-0.06503717307520597	0.0066478105125848145	-0.0027278946600438917	-0.0019889131605326143	0.055632483134971385	-0.04633235176470271	0.021729844462833423	0.01990049414766524	-0.08883317278137025	0.06033589435525003	0.049743210263150525	0.03235652772530117	0.009077958130498947	-0.009656004514572937	0.02477418318425389	0.014590049453258373	-0.006662875890597511	0.0732075387826891	-0.0074761157919809584	-0.06814244187436626	0.0036712604088344858	-0.022086557689812294	0.06675892742155987	0.026257218379174187	0.02156860370083904	-0.048433903993017544	-0.0087759223704424	0.051818110050483084	-0.026556171386730186	-0.0652167966377527	-0.01708728858639587	0.05245641743442193	0.030419056115273534	-0.09039496594221919	-0.006429907709532364	-0.014219200605524927	0.09326414984769732	0.02068677139097737	-0.04497744921271777	-0.09728603961775625	0.0014118679864086158	-0.021528967872804717	-0.07151021839281474	-0.02503837905870935	-0.01637101844122739	-0.047528090749871216	-0.04171447645068191	-0.02004541739899589	-0.02081913854274884	0.01810621351382501	-0.006746415206831973	0.015095814568901746	0.008383993770656368	-0.03748766078558651	-0.029978421562118187	-0.0014975193741256056	0.005594040150214284	0.015223657535708483	0.024793338583405725	-0.009535109786227125	-0.05174956841502967	0.015306473922252137	0.03255406321647298	-0.06783687274495269	0.02400454104881193	0.06158115969789511	0.008080075724685982	-0.05854524290526773	-0.010255762500254747	0.007343417959281003	-0.020939576334588792	-0.04377868871151147	0.012503848246319836	-0.05440471885865677	0.016286591054261366	-0.00044933029486609314	-0.005877091128375891	0.006887362738680138	-0.015169768607814042	0.00937271887561339	-0.01328192992292523	-0.008691110666002623	0.024119369510402396	0.006528673155537711	0.016764992172152608	-0.004817872727569219	0.016598930937405894	-0.01051710866313074	-0.011600416873157682	0.0321571364987782	0.007122017881255143	0.009022220470477555	0.003993629616686479	0.013272751040020962	-0.015470325225423916	-0.0073583147854840245	-5.2950665552522904e-05	-0.009088875003627638	-0.0
2019.3.14.cow.nasal.11.rep	0.3274088071760447	0.0008180267774658204	-0.015081954976683264	0.10550729620129834	0.030993273142991135	-0.09646159803714376	0.05640282252464098	0.013887855188553505	-0.018432322845981713	-0.06231469748181236	0.11068612628685749	0.030546353072805982	0.02106476933415739	-0.10083131429985624	-0.07069067288616712	-0.06408855651641726	0.014136833854163037	0.05345390843959822	0.05448423924145938	0.023179494827503887	0.022522814483303254	0.05173580287024736	-0.05924150892027532	-0.06910587849143979	0.0003791012786127227	-0.0020094292250425775	-0.059488593575979166	-0.01355289328068967	-0.005216097087369906	0.030716268639629854	-0.02103448433042252	-0.01921423719308722	-0.002232981901304556	0.030222786543087146	0.03417430301798773	-0.04566236860668466	-0.028258374674182615	-0.007161645199767773	-0.014890033582977157	0.007234712112084233	-0.009191394004071235	-0.00292315344419111	0.06326639036886687	0.042032293822711966	-0.007882642733002645	0.03426199596567606	0.07383385738026695	-0.06619385559464774	0.027102600798001215	-0.045168106667776486	0.011153046712416138	0.015663597443165915	0.06355277461522113	0.015103619441039764	-0.053144947056849356	0.010570947732633954	0.03723261944201587	0.010327675984046462	0.030017541139865697	-0.007246001966672801	0.03783226834939916	0.06906619881994455	-0.04337778952550919	-0.021282467923453056	-0.002590766316379537	0.05695136123793857	-0.017865845994269568	-0.009519815823389413	0.0035066020801557815	0.07838398177610771	-0.015770335789628685	0.009726380596403428	-0.05890529466698619	-0.010845233165045353	-0.00925831702061044	-0.05475961392686414	0.02735574283862371	-0.01404111950170604	-0.03126902084467122	0.024203407476354345	0.00029752748335691765	0.040466463574095425	0.0016168545770141038	0.005530287342979755	-0.006616560497510328	-0.0071833695057641166	0.0204961619691345	-0.015798171497943745	0.012442361195872435	0.0091569249390218	-0.006782596558766787	-0.02355883873610657	-0.01228768469069672	0.0009684206755549551	-0.004550940403549433	-0.013101939067530197	-0.0007815456121321828	-0.013683708644509265	0.019787254462125016	0.0042639974381974005	0.000211777312578125	0.004638354195669729	-0.0
2019.3.14.cow.nasal.13	0.2663931714169442	-0.003757533991893954	0.008350490577297233	0.08708084052673193	-0.010447812078058378	0.010682544994986151	-0.08021042513767765	0.010213345573560342	0.0043481074520380575	0.214104092981232	-0.015264089713294493	-0.027256420257581362	0.09970534750045235	-0.07964189729842971	-0.09486058188431823	-0.05281456566940708	-0.009172271881834919	-0.025686845987565272	-0.00924018754783799	0.013981761244422174	-0.08472976917356037	-0.09343294894868888	0.10446114905248466	-0.02223660654042953	-0.04101724837118627	-0.052698928238288215	0.09934300344026038	-0.10460659212199401	-0.019973568146836918	-0.10674449758907498	0.023232646511039144	0.029301391604061915	0.03320019729582248	-0.010080495458388721	-0.06149557621675166	0.0057497283120399615	0.05626742086864716	-0.0222332352573384	-0.037506025737267516	0.06878549548323991	0.0399661637755009	0.06540581717257894	-0.002532041411661674	-0.037101158576840466	-0.04262559823997149	-0.009401875623740744	0.04473693138291686	-0.0374470978402279	0.06945670890234254	0.02724862438159054	-0.03932238165084015	0.04145870511251624	0.00030824545532474765	0.029459075882822757	0.03116125994628329	-0.05113615277804912	0.03340858778671418	0.026871336431472024	0.005693175894911553	-0.0227842643867302	0.0012091936882814632	0.01758020862048014	-0.0032708674727472435	-0.012688919767526119	-0.008589509846295442	0.020536407496566548	0.011923950285043417	0.019469532295289645	-0.024982011563041334	0.0015681244091804252	-0.015546918945806915	0.0028044278469806613	-0.008926345133983927	-0.0004215148220374422	-0.004267029349597564	0.012196632187149104	0.00019166043053563868	-0.00753912293012839	-0.018469509429084086	-0.014864906795331248	-0.0029284920552401787	0.010080641873138495	0.02057723389332328	-0.006058119120696803	-0.006458470281528569	0.011943664520583838	0.009016490607655091	-0.003935692638012418	0.006456431305470992	-0.007782026810381179	-0.007966555896880344	0.0076252009663771835	-0.0010485091419847486	-0.002916386990138626	-0.004563186156634048	0.007703699396126086	-0.0028849972094664085	0.003727642407594649	0.001945534389396433	-0.003926669117070529	0.004566965530057106	0.00432114905126892	-0.0
2019.3.14.cow.nasal.13.rep	0.3449333501266787	0.028095364530849574	0.0685207570523015	0.11359893455334463	-0.036471185233418676	-0.09978474934542914	0.019223715837608422	0.035634643868676	-0.0906820553568297	-0.03180737221175313	-0.05191213662599972	0.08744931582451759	0.08392582241050447	-0.010767487152501547	-0.03367841685846967	0.07271861524323633	0.046139414698620734	-0.06157735266761552	-0.014078791937550536	0.017246119677180042	-0.06396418307702023	-0.06794651264334754	0.0004003511036474427	0.09419582588170591	-0.004030594935931506	-0.0006893431693444135	0.02399249175187754	0.005352735711702329	-0.00779902687077298	-0.03652549934593496	0.14636694909861508	-0.0463073629726228	0.03484736453935087	-0.0005305317437438276	0.005590798938432085	-0.0023758515732343524	0.027569366426099935	0.0010855926346869176	0.02815587856950543	-0.04958040631260318	-0.03479301021835863	-0.04119582727619382	0.006631915388993902	0.04433182679707419	0.0032266049868565007	0.026902516132078388	0.009999306994054305	0.016117597889902545	0.01196704739971413	0.018319764479044907	0.008846049174349866	-0.05826419595970417	0.022026874346653944	0.011150170671920381	0.0016265700840136638	0.0456742391582566	-0.041168270399585635	-0.003672000905719783	-0.05531855252245447	-0.012812951806662112	-0.014940867287533164	0.001096238796136604	-0.028947432708814315	0.026220943466590176	-0.028605646570258415	-0.0022065415307948666	-0.005716862928933925	0.0551872572186713	-0.017950200925474228	0.05789588848049252	0.028044059704089963	-0.030288486050399358	-0.0008713105616830452	0.019766881417078063	-0.017629917321428237	-0.013549847295966916	0.01582691648215669	-0.032521953949055625	0.05269398189275134	0.015573720914292582	-0.03160427848875288	0.0001989032933237931	0.01976861937719202	0.024831312500334525	0.013874795380067877	-0.0003716100683038979	-0.024836606764943692	0.019007515941910344	-0.016179143147736802	0.053092375477102945	-0.005456323114003411	-0.020952847902438374	-0.02313981064078259	0.012907370736799349	-0.00020895461721246844	0.011900991034101928	0.014362829300414793	-0.0041792225834343805	-0.0191692898745945	0.00750346079344185	-0.0005895248168571351	0.001045939602276156	-0.0
2019.3.14.cow.nasal.14	0.3459392158222897	0.010686081206213699	0.08482664540026749	0.1137305489551734	-0.09605408501385389	-0.023474176507756125	-0.0008616700578346803	0.08896117377247159	-0.005528573395573569	0.02226687835831489	0.003173793669207728	-0.004056686056273064	-0.07631914546932957	0.05998244287638518	-0.01927924716398965	0.06880838097253136	0.027969742501836602	-0.09139761864592426	-0.037918375336865213	-0.0120892031671339	-0.0033822779790372943	0.01824973614469592	-0.01857143055923426	0.002609012812361912	-0.05450732640841085	0.009655222141055537	-0.007706006656439621	-0.007894257893917815	-0.005253074288916857	-0.06508381030656023	0.01337610796889647	0.025234454373732094	-0.043995650581702433	0.032640166512969256	-0.01557168738766194	0.00890225569551747	-0.017941223214518583	0.021722797015948345	0.06396740049142673	0.03950096444786879	0.031686526918858496	-0.12033731777786894	-0.07202535864240045	0.02428763839485356	0.011128917713154982	0.05382689710062879	0.05346288567074724	-0.015120603663456406	-0.005719977367005387	-0.023673498903485697	0.01180706494138796	-0.003893049667497241	0.015203015182011758	-0.06931320147006585	0.02278477296189692	-0.05730127808272149	-0.03383857596409298	0.00778853714280048	-0.009462307419740312	-0.007565589801904343	-0.03075333641773595	-0.02983071705815996	-0.012722909692444608	-0.034774979740462245	0.03451350523607807	0.010935653725791476	-0.0005600081803155901	0.02939767966187851	0.044761906494491764	-0.017706485864177363	-0.0017455057220689667	-0.009645597105260263	0.012733471688520926	-0.031505097482947414	0.012103755817637608	0.032825993858130044	0.03758776486876919	0.011022874597391874	0.011682687802184916	-0.0009761163728339773	-0.00275298637576831	0.027450573025235535	-0.03456266843544232	-0.025565957863453316	-0.025449606258538836	0.010706518044610426	0.058599089230676735	-0.035532063633796955	0.026118527189449025	-0.00014529450576062175	0.002273549266538703	-0.025333702953291962	0.00240382620799424	-0.02334473942556031	0.027193468337156378	-0.01757358124025873	-0.025829600191336503	-0.000662347174661246	0.017114289120865343	-0.00697194689583578	-0.003542473565009279	0.009002940031573729	-0.0
2019.3.14.cow.nasal.15	0.3113091977134653	0.05478345594201017	0.08593528411835191	0.1909195666321743	0.009255874289077055	-0.0747691012167107	0.015802525862861325	0.01657732855073995	-0.0690188516310453	-0.013814926413388448	-0.043681214415458455	0.07540578778016016	0.054721625131113706	0.019824278983321626	0.09049384279715349	0.012948860541630523	-0.07896764906761304	0.11104145890532964	-0.014578126832453365	0.04164828235277647	1.6278919539292175e-05	-0.03016664142751481	0.007483377754893289	-0.052890222196195866	0.02184286694012272	-0.02280050279598555	0.017451602945651793	-0.0038616620656574006	0.06858750339606552	0.05480922498630064	0.010450801464450725	-0.018318371458416773	0.027615280239306986	-0.0006437421900735137	0.029504856381240813	-0.008955631993705073	-0.023594658860659555	0.011211223202107795	-0.03293450440759032	-0.009390023629397589	0.006424568068687127	0.015023645186175359	-0.018471998886212013	-0.03675684297753966	-0.009925345416677023	-0.04003945422184487	-0.0399380163414179	-0.011438072132500633	-0.024499061092056802	0.020688248539478035	0.012251122128898026	0.03934667126174276	-0.042882300342001314	0.02477577970705121	0.026760486767494405	-0.022250480997445435	0.03431365024574801	-0.0021822453091495052	0.011286007774386457	-0.0061148784039570725	0.008535390484504362	0.016802910618895047	0.023648926338673548	-0.01996595588803406	-0.0020024256502993733	-0.03624606742148039	-0.023433604779637525	0.006923614710616172	-0.017974759815960795	-0.0481816242792033	-0.032672273652443205	0.012613044107564933	0.028704167214539403	0.043196837919291804	0.0063870897980459005	-0.008882643527042055	-0.006293121820464617	-0.028328773655004105	0.04320676355516612	-0.007428986925902016	0.026636438385518192	-0.0023881394897658343	-0.0012956869652897699	-0.020908403791144663	0.027992007433130784	-0.03604625184218621	0.006886570671180475	-0.029662062676987507	0.026091530480085483	0.0525988437453254	-0.032235717542525404	-0.055973368700476984	0.0264327172037865	-0.044207492206028105	0.010713582790192416	-0.03350842923568779	-0.016116752080487105	-0.007652304736177054	0.00593857758848498	0.014122577653700771	-0.0016578646878903454	0.009551463229318902	-0.0
2019.3.14.cow.nasal.15.rep	0.25187849570935655	0.02842080888337238	0.09916667476325279	0.21965255126487124	-0.024497526704539474	-0.057087052722859286	0.022681566423696307	0.057190375133318636	-0.023374657493021762	-0.00037212085618012195	-0.01228616572404537	0.04059693480609849	0.011538953421837871	0.0764780634517015	0.07254144478102315	0.06026465658815685	-0.06902652633155423	0.04435847960777004	-0.05410577643646328	0.09351711817134394	0.015054001225332144	-0.011334241772190628	-0.014572943404563846	-0.03967860298363512	-0.03327930296483893	-0.015383991004198148	-0.0224139842277391	0.030114787572592876	0.03162042742332682	0.01670548314839617	-0.047479941112105614	-0.015302681993090454	0.009183288240052745	0.042655426339178064	0.019643649764141537	0.004183229448373438	-0.005928478958280844	-0.0213301985422657	0.013440253316304064	0.019560711068182038	0.034062236592822856	-0.06497780295623588	0.04433187860716958	0.004586925696889255	-0.052343507867792176	-0.01268469768864557	0.021841913511836883	-0.017067868243763804	-0.018564459940732362	0.010444940738366515	0.039083789986375767	0.03465725292555147	0.019314045763196425	0.005267962582664296	0.01811168245790139	-0.030020574517620104	-0.02762828809828938	0.03886858819504706	-0.0011723866778988023	-0.005867481058858016	-0.020960109547475004	-0.005487911027551283	-0.03354647282951943	0.02056752945040634	0.03861197352397331	-0.01269378381272613	0.010247657798882521	-0.010651220801756818	-0.023581644677131985	-0.009867326249868627	-0.010715717726830758	0.014212557290741052	-0.010664502186473327	0.005690292903566931	0.01762805180099078	0.00011845625915449706	-0.0264812194404919	0.04928170779430883	-0.03561005614134962	0.033167426179449615	-0.005904042777608392	-0.01661967626012562	0.06017481641621674	0.002271897106939651	-0.015477683538940057	0.02674655386182777	-0.006913731928022652	0.018793824297691913	-0.0065561347993653525	-0.025876465903360082	0.004669932886908203	-0.01317728178273253	0.018469529424276786	0.04749172034421129	-0.045869877009097684	0.03882892546891667	-0.0002872930742233291	0.041883424242057425	-0.027741248213634467	-0.019052810836050278	0.015118563952031377	-0.008235817739565254	-0.0
2019.3.14.cow.nasal.16.rep	0.40153799136730084	0.121983754548823	0.07185264779486968	-0.05044386444976964	0.02235880286611092	-0.11979536013928098	0.028317248741137512	0.18290108768917887	0.07998021276302199	0.006365484385550732	0.02456276506798173	-0.040711464457997414	-0.09549013512818189	-0.026643574145859345	-0.0008899664470508244	-0.033943099787213216	0.09321005988407838	0.002862679810561844	0.04713490612665521	-0.07298297490250741	-0.017006586206369023	0.078462741232767	-0.041111953927563206	0.06970498156975018	0.03880895481533395	0.07658859323596702	-0.04507759394580821	-0.007885847900150763	0.004323491138627781	-0.04928340802880125	-0.05580161199595705	0.04361485639240632	0.015834115696968666	0.030632414720030268	-0.024940524227861208	0.02577335033452346	0.052542381023271904	-0.015101541172293665	-0.016113883653499344	0.02019594169135038	-0.025870742905381435	-0.04530626944836366	-0.06949821332707204	0.016301443385558105	-0.06074870725029015	-0.006937889490366265	0.021173364341158518	-0.02012606653712974	-0.06451230537360476	0.04085317108403618	0.009136686777741642	0.004845637784670999	-0.0017525796492295603	0.024684293409207206	0.00862259723069487	-0.009015699108788206	0.11265706698102487	-0.03349218038915559	-0.0030797470235552345	-0.06899762896843174	0.013291643815244272	-0.021833526188113465	0.014353033608523804	0.027891865497742308	-0.04511483490275757	-0.03893819741549533	-0.02502445169769839	0.0176723850951596	-0.03379576498322346	-0.00393951723369071	-0.04550595107659354	0.015198055587027746	0.017501412125631454	0.01895460241568264	-0.025019458178961753	-0.02236468186784671	-0.01890827704313381	0.01042295212424139	0.026284667713939478	0.004194968123979023	-0.013915510751628902	-0.003578966059947277	0.01823193808028019	0.008343405130355528	0.014501212218380757	0.0066366978369390905	-0.022202391192156178	0.00938432721079744	-0.014273305951903296	-0.0035074736992723923	-0.004835074457960628	0.015226216756649293	0.0036853702399894735	-0.011237897132216332	-0.01579471297419638	0.010339461335440576	-0.009516422633272131	0.0018254755859905818	0.005856456468897494	-0.002499175892852019	-0.0001588862770510848	0.0006314351967414212	-0.0
2019.3.14.cow.nasal.18.rep	0.38756781669091755	0.15924680647165268	0.21937359947041232	-0.004385171734528618	-0.03801030833640955	-0.09407051856512895	0.02520324598755032	0.08142137229802418	-0.09724848313976546	-0.024593747728250823	-0.033398916789606284	0.09549357686613826	0.06021966928678226	-0.0556277911944512	0.018758969735479365	-0.03287219317601965	-0.00939156476532569	0.0150619388881845	0.02389015706150138	-0.04689816968952575	-0.021714195931440073	-0.11117415912887345	-0.010755731481518918	0.06960614166679009	0.021919563316170437	0.038537798919762355	0.021508832469263134	-0.015023741151026712	0.024043439980813163	-0.000518161598247021	0.07996576245891365	-0.04626623043181685	-0.010166234764550966	-0.014435567657060031	0.009294053324958097	0.0059715346616632855	0.014700263011650836	0.011838852382349831	-0.017994956409892543	-0.03226307539632501	-0.03898499680423308	0.02788584682303837	-0.04944365530689874	0.018930665165787095	0.035354033056881805	-0.007834029479482033	-0.018505023205292154	0.0043722506324808995	-0.015339526409554058	0.020481732465506296	0.01689929338204938	-0.02977987726330936	-0.0042887631166874645	0.013813908484428454	0.008174826084382868	0.00681083257371799	0.01773922526441915	-0.01824060962008696	0.02629985619910528	0.013542662138600082	0.004282525181009135	-0.009182171587922118	-0.019759444617568664	0.0105658251136566	-0.008048123051110844	-0.01379057358804508	-0.0016782241424461572	-0.08007878138135652	0.041720605776349264	0.014405430429528495	0.04081725621203375	0.015150715658167599	0.004345804901095953	-0.04840837358691454	0.0106502780919	-0.03528723889404076	-0.027448913111208707	0.017279051152473426	-0.06702223414804791	-0.029313824811876714	0.03288827503101428	-0.01099005835130922	-0.049361931239564456	-0.03394358532711351	-0.005570652119846353	-0.021936954971812063	0.016746088132178608	0.0015936831325407748	0.00887535427070884	-0.06928674927370461	0.017873427191562524	0.012896822307301393	0.023364540262801447	0.010349684839955572	-0.006382136640138154	-0.005224754085657976	-0.012520333331551853	0.011976305090091	0.011609522957113528	-0.01245971768273846	0.001844450758832092	0.0024138852754665733	-0.0
2019.3.14.cow.nasal.19	0.2570827831430233	-0.064991836151391	-0.04787978463875384	0.07832590287258506	-0.06312218935803038	0.05232550406686279	-0.04954675075174204	0.14317107586056854	0.18748646611332728	0.08425060829357305	0.0334992926578419	0.011293244528886482	-0.054586825354463894	0.051836616561243366	-0.0034535015136195244	0.11306298984909091	0.09716011235871884	-0.045340827093838174	-0.02467207679591063	0.026093199366585426	-0.05248962702419982	0.04446519319563252	-0.01817861661130581	-0.018342607969754076	0.07557744675929116	-0.11059273697673556	-0.05260700952690715	-0.014216932137639133	0.006706117143281908	0.041266217263995014	-0.006489827255837567	-0.008726295165917351	0.09819504964583704	-0.0027503950617453667	-0.09745786734766985	-0.05831581226129815	-0.029551347202645968	0.008704188388412727	-0.0218400903027762	-0.08166347690507167	-0.09141163621917459	0.05436177543630815	-0.011311070770597125	0.03342829776339825	0.002205733506127639	-0.02197242283921702	-0.02689603413790545	0.03248019793931855	-0.004099501037045881	0.049785318870200344	-0.0029872390525076615	-0.022752691140525978	-0.0029574663321031086	0.023877374026502748	-0.005070209218847031	-0.014141816284417574	-0.02359691082956218	0.030492583410434978	0.04195655789269914	0.012663833882173748	0.05760527136028825	-0.013382643498696337	0.00044476645573000997	-0.04133282380189267	0.0328310001136971	0.06494986293507203	0.003226755402692515	-0.01588275383452719	0.0046186006481940215	-0.015180308585762473	0.02881232119996257	-0.0028339095211371984	-0.02004571968690123	-0.007463507650376978	0.00544099636276527	-0.0031342362650268575	-0.019116769766939743	0.005432424893558923	0.002378930749301877	-0.009343195494504398	-0.006466343372912752	-0.010147109355576884	-0.005030356483248018	-0.004116600137593874	0.002127597666329915	-0.01861465873413217	-0.00064861454475282	-0.011416634582476796	0.005664097282809227	-0.0012026458942369065	-0.0015036005594565457	-0.012516815980085663	0.00022856391755524808	0.007027559538871756	-0.0031640081642166883	0.0002554738310416697	0.007957318711094227	0.003924988883847287	0.0007396253053231124	0.0003197801180101918	0.005697451312454569	0.0052707789233843	-0.0
2019.3.14.cow.nasal.2	0.24856010986857355	-0.07335954867047463	0.005605161031038519	0.18586622618819562	0.004622829320152315	-0.0004820879540587433	-0.014869981024354975	-0.043971583004083145	0.021447423395729085	0.04069894592152962	0.06688006405223784	0.13277639545131328	-0.0108960152211636	0.009325136954607977	0.07376075841083311	0.0871730628841111	0.005529998935852665	-0.03906703829011514	-0.11498245236086403	0.032877137223755244	0.03599311388824908	-0.004649711053906717	0.042269397083565155	0.05320643175378349	-0.025460124293873832	0.008489053782923797	-0.0013893682711612148	0.028442472754876484	0.028074570758991384	-0.003971719268449704	-0.005265804828694766	0.05861858305437773	-0.007210459631986641	0.0196910780212436	0.015627727679063324	0.02687360918133807	-0.016339636416501192	0.04086769430311627	-0.06149310579488152	0.025724962110230502	-0.009170832583832883	0.06579759066427593	-0.0061230629990793855	0.038916785314403374	0.02118706662465392	-0.07893726330849644	0.055992474472869036	-0.012129521133351218	-0.04006411736316601	-0.06468506748480757	-0.00603435169127388	0.01588072757573727	0.09612461585352462	-0.020555997357674164	-0.028639869945510318	0.0222074610544633	0.028980076527028723	-0.0023598338372102555	0.014572828321077569	-0.025398025030138483	-0.03877184866665425	-0.01983278124568377	0.04671177686532031	0.025177739734962262	-0.005242958962903327	-0.012822058581717862	-0.014164274433923952	-0.006262820426151337	0.022291991577640512	-0.017799802727196248	-0.029915223008878836	0.024753949667647875	-0.040576821825331046	-0.00607505422831386	-0.0037275084630736424	0.052561737498230406	0.005521966916462235	-0.027888972898325783	-0.01946106167437472	-0.021683905214455606	0.034778829635368866	-0.016985749746765293	-0.024717714125181315	0.021763577854444778	0.01712436488701085	-0.00856672423107221	-0.007740892275101134	0.020650674764367112	-0.015507552945783534	0.00513955728227115	0.005400504140430881	0.03693890179595769	-0.038177756745833825	3.576293085810794e-05	0.006946418859799942	0.0016349484425804888	0.014836816599652263	-0.021743703315659096	0.01030505958665563	0.01109174160357693	-0.007948098051347765	-0.012595615126742721	-0.0
2019.3.14.cow.nasal.3	0.36640628460272123	0.019341282387122287	-0.10681681840256313	-0.09894330583132149	-0.14540714952719472	0.15781193115763723	-0.10230524874356883	0.16086797996349617	-0.13195814806050135	-0.0770669279464901	0.02988258183147579	0.10305738750577849	-0.008823637070260024	0.053383712262740295	0.04917392562298849	0.024325008181305095	-0.005780511571657526	0.004798782434225248	0.07799719244004107	-0.06126810087488814	0.010699604200178773	0.00787638149518853	-0.008593036579245138	0.04287422543662794	0.03146032495884166	0.009330089172399102	-0.009958352408336814	0.007661325897153423	0.04371464729642775	-0.035983224599811	0.007300227468467133	0.02355927333745994	0.02927207504788334	0.05888921285014969	-0.006094285661511159	0.08062190599181948	-0.032565108286628834	-0.04502331747573954	-0.03380560447298758	0.0708402685983769	-0.010001127937007503	0.048024347661601685	0.07694265488582784	-0.013897674029741786	-0.012550883650015955	0.032162957997825564	0.018516160326770465	0.02238613608000232	0.07015737437707602	-0.030618297075935785	-0.04860735783816868	-0.034305614695477604	-0.05712608352122606	-0.00892445656677322	-0.022535814340336975	0.028926906796232776	-0.03530366952503453	0.024530261800100924	0.036217861434754264	-0.022430828810492343	0.011835211224208554	0.01753765313239047	0.03890330083998256	-0.05175892694044016	0.010227446499645526	-0.03727382521118475	0.012574733859298842	-0.009206873709323613	0.019826776425407592	0.014043495205307647	-0.017139146314086105	0.06304109701291433	0.014607901503704068	-0.005777914839305781	0.02025239665995828	0.0025601525225943996	0.03883084949794053	0.010174195715419712	0.013611421223829513	0.004389456876076916	-0.006093286690180583	0.01766495527745679	0.02414846387971797	0.009849601972208152	-0.008061606581906834	0.012817950556530287	-0.013522259360813535	0.009062027692410126	-0.020445198149450214	-0.006401503503941849	-0.0011586073925430507	-0.0034209396622671235	0.01932982876882898	-0.010734442567046136	-0.0012079752894179876	-0.0016443064999065212	0.0007308146169100206	-0.0015675374625865896	-0.005070648326123897	0.008124182244673962	9.7248225074296e-05	-0.0005706540104298454	-0.0
2019.3.14.cow.nasal.4	0.4044162006015429	0.09559542916551358	-0.013817984100007757	-0.029777701943757673	0.01712958786222604	-0.062126546689956076	0.03040225808167823	0.09853936175846083	-0.07235888381197379	0.05096798888509179	0.04560259786636546	-0.0409665133745527	-0.05123665884065124	-0.08207211907284132	-0.062400728478163414	-0.024804596714533958	0.021363241596669937	-0.030159422514944616	-0.05721902142979028	-0.018409574169124053	-0.08231736484027237	-0.055116986056773155	0.07748524955518678	-0.06273341275092786	0.020719986139728894	0.03508194716231722	-0.01605884069097178	-0.06729083644089669	0.0035768940627369326	0.06828241506821577	-0.05577714481101879	-0.01456083774389947	-0.10491975369669079	0.026350521993874537	-0.046265043966391785	0.016166934109309236	-0.05967816921595387	-0.008477693858516086	0.010876479759820472	-0.09475120679734954	0.031526320693783874	-0.0072132447886000504	0.08403843879034577	0.0025233743776804027	-0.0012171134963769056	0.021429712265530376	0.03798874430879814	0.0716898267906442	-0.037132839143007586	-0.027193741751519777	-0.05080484822524128	0.022535077063131802	-0.017238370405646478	-0.00019240735841516662	-0.02052034487354976	0.06020020336266612	0.026448981723918	-0.04322859229628425	-0.06563295272933829	0.020015692365777837	0.0012447446359899657	-0.005879464841553492	0.03725617633976665	0.02173391659181437	0.028030611310190977	0.016423827017684543	0.0024955944136315863	-0.026516614314006887	0.02374631015016362	-0.029115137794349932	-0.00479665750852401	0.011928925823468899	0.018469334895271916	0.009938268111629478	0.02068113441615977	0.018952671655216097	-0.015099642386348398	0.0009527597257240589	0.014419955798287155	0.0011169875247229006	0.010753542017748516	0.015626434251573538	0.0064814566149114594	-0.03351862282260961	-0.017338081804344884	-0.010919199611106595	0.0012938841825485736	0.0013791964435636783	0.0038853608276761646	0.009159821015794916	-0.0007993397696593989	-0.006855207580189993	-0.007888750653471194	0.002130773622354243	0.013749399388954253	0.009923855769296833	-0.0025457884558693416	-0.0027987908064321192	-0.04433387301668697	0.005735856519124582	-0.0027297292214609426	-0.01685275170194469	-0.0
2019.3.14.cow.nasal.4.rep	0.39441325914437947	0.01710705135416646	-0.24343391732026823	-0.13767331314493939	0.13403731217644804	0.0969256398661727	-0.08149305703378046	0.08745349026432128	-0.04482186270876469	-0.07179736918299005	-0.11081672212897785	0.023465507488527482	-0.039985225237070605	0.056955948329547285	0.05968346369955362	0.034880086503740165	0.02427131326231397	0.04854311059664836	0.009757125366758356	0.019716417081105077	-0.012076788015568229	-0.020424431875211143	0.03227366392739228	-0.02767367523080761	-0.017652458203809354	-0.0029581709049939656	0.023046793768746136	-0.0037956172668796345	0.03723763453253796	0.026441904937648367	0.030498937571019496	-0.017056613770792307	0.037473000381180156	-0.00035378029476104293	0.012122820045602813	-0.04244824873073352	0.04458158523003436	0.0051127289382012315	0.013511672045949863	-0.0008668241224807008	-0.015411033279837335	-0.03413858353238162	0.0023352999202133767	0.016828969118693998	-0.034291073229415256	-0.022678809631828216	-0.0040984892453723235	-0.016883240134527227	0.007828468387930115	-0.00693940354204532	-0.00467394737934032	-0.0025947829060087835	0.011818456154140624	0.02129357557748532	0.0009539683255337194	-0.002505709316216072	-0.014533798920504905	-0.010166112318524646	-0.03236650996210415	0.018056057221010162	-0.02002377615679561	0.013012376458380638	-0.052143177710358285	0.015721966778707987	0.013551046987635791	0.03045564601973501	0.0005694221978537589	0.0038024317992731613	-0.048364394185727765	-0.002119861005305561	-0.030601794042812068	0.0005228197282086867	-0.030455980088369063	0.02242033288553436	-0.021469734303647042	-0.035133740557106226	-0.008544843484914943	-0.010784447461281462	-0.020658208426429774	0.002023342276704491	0.015524163458685852	-0.00567587491858518	-0.012883989268774397	0.026913583986306177	0.0028721134915552595	0.010932900065934316	0.034439575174653514	-0.03738561983022843	0.017563950820632293	-0.02487202016576201	0.0014874368016780603	0.060700491088531344	-0.038315604845679446	-0.045132467892194605	0.028547807732625562	-0.006508292662752986	-0.03847759080559338	0.006302077596321203	-0.03554997486162859	-0.013694143188305512	-0.006236088252696195	-0.020014335898803148	-0.0
2019.3.14.cow.nasal.5	0.42996077996776977	0.11068973525064049	-0.03143076834700207	-0.08783407727061311	0.05531406952986223	-0.06556959946003912	0.0805610196798087	-0.0791961890116195	-0.03958222286821533	0.014826408132190643	0.04914958508118397	-0.034910587286899816	0.016899939740275472	-0.059907177938829645	-0.02344793720946783	-0.006333993418223311	0.03239611042883895	0.013320859242402137	-0.093804541556503	0.06824130875716954	0.04163717703961233	0.01817328885701721	-0.013801614579258995	0.13222622427081387	-0.006929351958321021	-0.0014829350397167255	-0.11103795547467632	0.06971099525143722	-0.1021687953914846	0.03005925396958762	-0.00814098261758991	-0.04402307748487923	0.08471203538943367	0.05160763580969005	-0.026777235466218574	0.07460462263854929	0.018911309960250765	-0.09764284624849252	-0.012438966442397292	0.09591014114758499	-0.023457826081928475	0.01608772553929325	0.00802100306820817	-0.10516343414194934	-0.017275126190588897	-0.019447386938687472	-0.06497037510954147	0.03267726265251536	-0.006742586241508382	0.0009803476506189174	-0.041352151384294704	-0.004435100023982437	0.004193684282560423	-0.02441584429341333	-0.0069476601615894185	0.003444802670223218	-0.007819770296593507	0.02049981104698263	-0.008757647976076857	0.02090629698506592	-0.022190805368435894	0.016704649280593887	-0.027856555853366802	0.011782344973038957	0.018737159644122793	0.029702263510977548	-0.01651412090313595	0.027805886099668088	0.023088055101195847	-0.028328988017668807	-0.0017301698559602974	0.0016105742893482331	0.019555108909621217	0.01548539905024489	-0.007463859546817569	-0.009789185666275983	-0.0010968265607753304	-0.011228851738563252	-0.01670099686213577	-0.01553258009242848	-0.00351762979474635	0.004440008299924169	-0.013282373085568433	-0.02991818113871434	-0.00911570333771809	-0.020383633287286162	0.0171717916614478	-0.022137663694354555	0.011529321396833258	0.0020346084571587534	0.0029646714298148494	-0.006267047241733599	-0.020070322750613313	0.008502949220425347	0.013605790369031019	0.004263750944791684	-0.0016613266739566317	0.00751917211086321	-0.01028516216146988	-0.0019612095216530374	0.011898323285145515	0.008377841101548999	-0.0
2019.3.14.cow.nasal.6	0.4499580960269967	0.1696283307121577	0.14332203211490974	-0.07189607876148832	-0.021337045724878545	-0.03686178427955112	0.044163426845329354	0.025067926907990208	-0.08925226743402818	0.031029175173097327	0.020251764966558554	-0.05508476623665732	-0.04841441292084731	0.02660186704722101	0.040052155356669485	-0.0013164732180390912	-0.0396815198618598	0.035147523540548696	-0.007402691334053715	0.0385556205166724	-0.026993457992099245	-0.02486660234291572	0.04232192741461035	-0.00010149676154892935	0.033778482468469144	-0.00901889976457145	0.03896036201561754	0.013301224187977394	0.0005335039636049748	0.032942978271210184	-0.037723916908199456	-0.0310030850836886	-0.007203931956130975	0.015570576703234286	-0.013733097017880837	0.0024606748603840157	-0.019090428235284933	-0.01965929440025791	0.03277718248721145	-0.009977932140141949	0.008599305889082394	-0.015796888238006165	0.008530509690459166	-0.007800294039869196	-0.02400072059641815	0.03748688334342253	-0.018459262470830032	-0.028281312185778288	0.013896934871123676	0.03420587129753578	-0.005872263658162427	-0.019495063437515225	-0.05750892812006388	0.04012462980465709	0.01999971132410103	0.0041765523911885686	-0.027637560722300093	-0.008934645972404898	0.02411840801806947	0.03866512179606844	-0.02911466755252195	-0.017076166033475535	0.016871323098004442	-0.0013336550891561256	0.006002104388160603	-0.004670439328131773	0.036184026604134036	-0.02517112872278198	0.010215727198324562	-0.034363065618162325	-0.01326758095780443	-0.04419952004774721	-0.03508786528824844	-0.007221441059155506	0.022096524290404485	-0.01853486124937675	0.000808427447288095	0.03478917391572227	0.0029356180419242437	0.03280426562406821	-0.014470340075142996	-0.007710176531294843	0.004319200410633641	0.018506555260369203	0.006345495778924059	0.025620500095765764	0.012973126724824131	-0.006309342139812577	-0.0019259034021651402	0.031655141252332285	-0.008280696034092585	0.05271246174320644	-0.06468512071312008	0.006435268862279059	-0.023980177197724824	-0.009207653441241	0.037660941839115086	-0.031848115389261085	0.07146637938907427	0.01154994753358103	-0.006492845837742994	0.00505625110565138	-0.0
2019.3.14.cow.nasal.7	-0.04165999699448548	-0.059786022842574706	-0.07878911318879542	0.06911017588612665	0.06757003227430218	-0.06991642983519611	-0.047104940542256335	0.028236442041847595	0.1085988981693427	-0.05079646146592951	0.09006825774336667	-0.07053602580404998	0.024175256330153716	0.04704271507754661	-0.04858605361441919	0.04739614708514587	-0.150259110960124	0.08052939857181657	0.06469905858891338	-0.0006553197811414104	0.05385436980043317	0.001093472023550798	0.05654828206483135	0.09577732994453693	0.011514853407590555	-0.03453615076064245	0.06918816749767766	0.06878758721610888	-0.07448265437108598	0.0027468891757298822	0.04259204641849719	-0.031286745630971814	-0.014965501252612735	-0.02563310855270212	-0.001939322262375419	0.008734708724068067	-0.012159781303308628	0.009951501901784374	0.029912146524833583	0.006120024073371665	-0.04082320985327127	0.009187216691009428	-0.005380625169395646	0.027692751186138197	0.03540366697935443	0.05104691054100874	0.010357266715475674	0.022270395800881443	-0.00603861390040733	0.044151382482321665	0.014627212286335232	-0.0032052424478816767	-0.02688529238871095	0.04951347037076733	0.002068995077636397	-0.024256026149919896	0.053619170782338126	-0.037967912717611435	-0.046038315933837864	-0.03263478847249705	-0.01939577505867571	-9.352537964440222e-05	0.01216647827523596	-0.027026200865200384	0.07808668443410906	0.022575221534187204	0.0027321022382187873	-0.031442770271980336	0.031353973290303615	-0.0019970628698627356	-0.04921094162733656	-0.005782172879574101	-0.014279439368250314	0.005913640496603978	-0.014849441899796331	0.01567089173796389	0.07106854120872318	0.013013942888941516	0.0010188592869917316	-0.02420730227693964	0.003963757489290088	0.006778004156978134	0.03247611684585992	0.0025836571702118954	-0.0014364056364734828	-0.022843876608908464	-0.0010581621105874317	0.051248128390157445	0.027341183354392316	-0.013500494626508897	-0.00383380642714058	0.00432877094232413	-0.001693361430516907	0.0054717324536333245	0.015306398391912241	-0.0032476987735015634	-0.006956443811764879	-0.0016661501218888433	-0.009552061209548247	-0.0058840743936116055	-0.003593278381722216	-0.005700822420207673	-0.0
2019.3.14.cow.nasal.8	0.2500013976693142	-0.041541214736611924	-0.01016118221676197	0.1565048696681903	-0.029761117322696293	0.022305520033899504	-0.06656442516781398	0.08713006400211241	0.04087226616125407	0.14378753885196613	0.12987973086155974	-0.02290956949394587	0.12547642824967925	0.05835095851356614	-0.10247446124337437	0.06247075921597748	0.019002118008372128	-0.014229136973751584	-0.01637120286723171	0.0017847823901780571	0.03674352953788233	0.07708731585701901	-0.04993406209205258	-0.03349652163440544	-0.05362806535053307	0.012651965350686646	-0.002741883819258141	0.026758559495095147	-0.02506583962528689	0.01688564179376068	0.004050254777741058	-0.004683335015697345	-0.052671771210039346	-0.049183838994308386	0.0429573112968411	-0.02144505357692014	0.004435056003670153	0.007191506504634227	0.05548568315997953	-0.006614640770670726	-0.04124051205835921	-0.04475922565390491	0.01765766636582074	-0.04394783567729414	-0.02223578897674711	0.029759508022521298	-0.05300277744451206	-0.010407717244855466	0.029122540611926685	-0.018101040214836158	-0.02026919414868361	0.01940186199132225	-0.017859286716232083	0.008609828997195892	-0.03227073503229646	0.05491794208537587	-0.056442729507666205	-0.031721285192321674	0.003980455332033702	0.0022369302481905808	-0.02452428806824813	0.08066639856184747	-0.005220258612513648	0.04329861797410497	-0.027249064958352748	-0.03887476885572601	0.02123682319460923	0.02353957402626019	-0.019362565680905986	-0.025344983610301148	-0.010664487332462369	-0.014459940671660558	0.027289073440268877	-0.014604263476998513	-0.003915397798418308	-0.03387988264347392	-0.03332812354039885	0.02198497843220071	-0.013133515499439582	-0.03271241294457717	0.041931805419225955	-0.004622072876637833	-0.014989430102890682	-0.003893142254642024	0.018439731636313662	0.004041511116042219	-0.02608268022006319	0.019437138024087454	-0.02326402195243128	-0.014670997327776733	-0.000785079462078902	0.03199678196562913	0.02705181197261312	-0.02378844152129175	0.008338464878303932	-0.013875579076771654	-0.004640905251083528	-0.008097203623085265	0.004426510656074366	0.008453716404889443	-0.003965813671044765	0.006269921378568715	-0.0
2019.3.14.cow.nasal.9	0.40207834265538483	0.062199306276675116	0.04084424427329859	0.06573185564222704	0.008561166850762681	-0.09310704323994466	0.06052371061416978	0.014317795549612954	-0.028052495693539646	-0.026016947034506008	0.07424359639319526	0.0027209050104947717	-0.027554577302805944	-0.04175679974852458	-0.014005094383298325	-0.08257695735991749	0.007090542621499392	0.11361996480835937	0.045368306907391395	0.005959509751071404	0.043784368953609105	0.029681358443134284	-0.009420304283031993	-0.04320926249887998	-0.0026956558560395885	-0.016486023551937404	0.0159488625050977	0.03850528308417688	-0.021628446053661547	0.008663107889134648	0.01732735149145846	0.037439489172994445	0.015059378695129378	-0.014678113363753275	0.028789307188497322	-0.028652765867835214	-0.05116631191515467	-0.008606066936582167	-0.07301508391382683	-0.0008884606701867554	-0.0032745112342558885	0.06554009803651548	0.01143626311042766	0.04165902255458253	0.0059544665268711425	-0.008331150274627394	0.019425974508159315	-5.582635474679326e-05	0.034913880388438304	0.043687417739276424	0.06328533179179131	0.011328216425265046	-0.007492055542291849	0.015918219328467043	0.006420490927750633	-0.03876877986827791	-0.05739696495350166	0.002344909472480655	0.040235301725486367	0.013964672407142975	-0.011180069229999496	-0.027512140430568266	0.03505450420868978	-0.01739682098409054	-0.046025018919961226	-0.019068990382953184	0.0039532374454513495	0.06117111129446672	-0.014269456939825408	-0.025338572220640124	0.025430523232082895	-0.08242101330918757	0.025569750733575623	-0.0030974544996958107	-0.006836167983731944	0.04394783278033639	0.01161611508071926	0.028151719744519785	0.04686624574784937	-0.008339614094898987	-0.025608554324221978	0.02834774400407255	-0.04644282013620621	-0.012984392635517527	-0.026380064362754235	0.01692918793624799	-0.00207082947931499	-0.007871480646011567	-0.03948485673403156	-0.0278882817297041	0.027349187785133712	0.01833011586193151	-0.011062135838714333	0.0015980819430730946	0.02921456235622175	0.013885626141607248	-0.004903056562178107	0.0016112208947300067	-0.03615970917395666	-0.009150305007387022	-0.00241770612003112	-0.0111130476101341	-0.0
2019.3.14.cow.oral.1	0.3353889335423529	0.04195331846294117	0.0660228973788089	0.0956605795702756	0.03257214459845027	0.002682971994750993	-0.008284689460808483	-0.09325446248824076	-0.016537580571668535	0.13834930444634533	-0.11963720564177958	-0.07356635966321284	0.04653597583880626	0.07615108914494569	0.12144621250399988	-0.06118965590676948	-0.0516882289751223	0.021812192260327302	0.08082864840151875	-0.0518146022610393	-0.017895638348133305	0.0009298206423365555	0.006928904656875983	-0.07497832673190787	-0.01600257438205795	-0.0479255335590316	-0.05771308219074915	-0.04431393843303655	0.005077583489468638	0.033576534462289025	-0.0029440258128140143	-0.0015057255561042127	0.0037802549279286274	-0.0028005519420272323	-0.014984397386242168	0.022371544307554926	-0.01915883822209923	0.05750849112272031	0.014442736708565674	0.00862820008656872	-0.06939506688735964	-0.040323795633255576	-0.06315566781044075	-0.026300678432523542	-0.0027628132722940183	0.012568480027036717	-0.019630714220682806	0.01954280846589692	-0.0162269075735623	-0.01949446497483752	-0.02154617274941111	-0.016593945138701164	-0.00925056103852673	-0.0549549062921969	-0.058991319957607626	0.007661604254684508	0.017673953450326598	0.026170609058032795	-0.0018672162771241256	0.018855875239756494	0.019249229746830063	-0.0031029674135084322	-0.008540191093843345	-0.007825518275274619	0.03673481277769203	-0.018272958913548888	-0.007464825975813877	0.018080302666132045	-0.01709332160216799	0.03833524783506548	-0.01071021652702854	0.0437455288467201	-0.008159000468581304	0.03543758726206524	-0.02031742723834517	-0.0065299067682727495	0.03250027026966655	-0.019790364381133692	-0.006993175264918342	0.005403069432230096	-0.04601335519725256	0.0437198580095942	-0.026035564263844332	-0.05209991706960098	-0.006837348893688257	-0.01811730770427731	-0.025515638634362087	0.039394539719579125	-0.03876560243497225	-0.008045240462093994	0.02634616364059333	0.0187701257800904	-0.02349982309569503	0.015182273003890958	0.012996762147738063	0.015708857578235477	-0.0019581582411678936	-0.004853911510637075	0.007116764335807044	0.0033834295251507066	-0.003645593583782564	-0.0035690643682264826	-0.0
2019.3.14.cow.oral.1.rep	0.27807546916404435	-0.02869737145505563	-0.030071389345058337	0.08506333806800295	0.05694165387971173	0.0005214397694912216	-0.03705829271563447	-0.025625094003566367	0.10885702367126247	0.18440061754311407	-0.1428690616619173	-0.03767140686051463	0.04207624958328246	0.03780296910009841	0.14741049402878065	-0.08463823599549151	-0.014498684323461058	-0.030321618750815755	0.1319187564119196	-0.07078994254011188	-0.015694573606985018	-0.025400311871407927	-0.0006538394909377559	0.06452994756216131	-0.034723024973224284	0.04765344092488073	-0.12569907067694644	0.06272624833060787	-0.07569105901924462	-0.045067322843308576	-0.03418694267795874	0.005048350190927621	-0.03648519946022668	-0.027334420206893854	0.05260525782913014	0.03421337607124968	-0.022593783275725518	-0.02163203875366171	-0.02718891412232991	-0.013484491515369155	0.015499894214507483	0.020527134379784723	0.0909557828343182	0.04945835444782995	0.007025259970265779	0.0016277901030743508	0.022077294468383524	0.001355282352490825	0.015780349112851096	-0.011893152234941291	0.004797576889902229	-0.01876926658666486	0.0057428266458582474	0.023877283388080157	-0.016586348983239775	-0.001293327057675359	-0.026666825101797104	-0.003703186803868672	-0.002450249104817531	-0.016567487146834033	0.0024032226902937163	-0.011604788390354514	0.002510961079595721	0.028196113364085302	-0.010139005342140902	0.013944517018067419	0.005983330886560354	-0.025497818558935556	0.02189073131501143	-0.015704869368327587	0.027266871559514773	-0.04248210469108058	-0.013368719178288517	-0.0221641775543096	0.0053142150663259	-0.004377967666101501	-0.015944731750614304	0.002699463676618623	0.022574804700175383	0.0019967232996230904	0.02256422348951646	-0.029509028172774458	0.007561406079737308	0.02890188791767391	-0.005022741731696231	0.004113386438806449	0.02367709977194933	-0.0162412035260427	0.033359598000858304	0.01621239171126702	-0.01921607724043326	-0.0141761181434217	0.004193116763206038	-0.008923201621237532	-0.0002952196103772614	-0.008101202711050576	-0.002294145734548378	0.003510067735735617	-0.006705331766734714	0.00023019760489867484	0.002829050598228056	0.005883136750240997	-0.0
2019.3.14.cow.oral.10	0.3988031424375765	0.03984521202584349	-0.07435302648353873	0.028799385469572832	-0.0048925576818677294	-0.03156134747717542	0.08730126426122398	-0.13928856200927586	-0.033523174347904104	0.0026918237258442136	-0.045929200673003816	-0.030958021540959706	0.060274599491977734	-0.060095507723629614	-0.05485567348064261	0.03489782308936251	0.02836573095309868	-0.029204813054741215	0.033930492391715805	0.00734061163622605	-0.05614444539178861	0.013012393701327469	-0.04859601275819357	0.002706123451521183	0.03931316225092524	0.02050030550885738	-0.03208948052662685	0.003398661292654623	0.017063870475580587	-0.06693324205511193	0.05657064542200108	-0.047666466871776045	0.017558109683022457	-0.0324399899963317	0.006895528374414914	-0.023857784680570857	0.012230867131439846	-0.03925967755873071	0.011636606481967092	-0.026441209462556473	0.012953801511148074	-0.07536082449268093	0.005539925043271992	-0.026613867582282645	0.006911710797092936	-0.061384945266076504	0.008500112444381236	0.05251579332800008	-0.02883965344033305	-0.04805358781850914	0.042352436159000015	0.0717256137919446	-0.015965320809932883	-0.041995101810733654	0.0037810133185078557	-0.008493000259884052	0.009625550742415204	-0.02126945156278112	0.060060989724987246	0.017614163616191905	0.014371271280527669	0.0438676191023035	0.07196952525207892	-0.08764510897604455	0.0533203546393508	0.023331658192678774	-0.021446309829816674	-0.07562515886774068	-0.02241620384786203	-0.0024554060019056807	-0.0037437411889996697	0.002099924958164718	0.029093910925217806	0.01830953561655667	-0.028469558233546993	0.032715607023926445	0.011813429043723353	0.022219444668278774	0.018220915355426737	0.0015597796555453572	-0.006989455095227144	-0.029186601620557504	0.0014553608395988986	0.06140287129776012	-0.006748235830176988	0.03437410981170779	-0.015905071227809955	0.004672510644923627	-0.0089553964350493	-0.013183747327632177	0.007461637834944493	0.022273368568078072	0.002752516979081325	-0.012889572207264556	-0.0036467425366922437	-0.008226535743388148	0.0010409935825083047	-0.002317049755334041	0.0006588116307428264	-0.006107057638945733	-0.0006868067344578035	0.0004420306758630619	-0.0
2019.3.14.cow.oral.10.rep	0.4305588782972069	0.009873697254952891	-0.07760047020783131	-0.0722944955058943	0.013466186305729405	-0.026887022763941795	0.09443528884382406	-0.1392727593922691	0.018550974293232922	-0.022178269750319345	0.040899772105382017	-0.054584443906706415	-0.015981010132976196	-0.02777235510462248	-0.06316908628898961	-0.006933203339730066	0.02866247415143987	-0.012137902873415077	0.04044387798871644	-0.042795546408267084	-0.02581581442835658	0.021993350745036774	-0.01294215051140199	-0.01982149294078363	0.023509302445856934	0.015721341789082174	-0.005410364951023243	-0.026996016112159953	0.034747793684647046	-0.059875498221002216	0.020219583444401484	0.059237413122759715	-0.02090555128001286	0.0084817928912636	-0.015994151687374895	0.0036918795915281467	-0.03580635744860199	0.011563904488015801	-0.015236101339105078	-0.028879056748022772	0.010925855682673893	0.0208488789692293	-0.07198116497742789	-0.044663539986418685	0.037082871926131925	-0.00442852815722617	-0.03764275262072235	0.02139017837742776	0.01262686673338686	0.02206169947188479	0.0569697991202171	-0.02741016483811814	0.02643125885131778	0.02543070775702162	-0.007290542049306898	-0.029265104337213445	-0.05333335864506927	0.04497742428963047	0.023588342480812888	-0.020021073021761846	-0.02616581102048282	-0.005537025298281482	-0.043624963503083695	0.013272343429934698	0.012432022408483593	-0.047794929706509066	0.051627941072262463	-0.023950528469287382	0.04482803470446123	-0.03705921706238596	-0.021145297192800283	0.028458694589744617	-0.06459573490936345	-0.0142831608802973	0.06742624619156186	-0.026431590282933872	0.006506971195353043	0.0017898912868938143	-0.032876084329634854	0.03391593916746515	0.03405365408684155	0.002861421713117812	0.012193136274952311	0.01452016912084734	0.009985393660198343	-0.011943738793868449	-0.02094407622384107	0.02989841072287472	-0.015330325698171223	0.057275412478425484	-0.01854673461178423	-0.0030425381179512803	-0.007540164155085364	-0.024506318755092033	0.00029415979622236967	0.01827088960355893	-0.036918778154992775	0.009847770356481496	-0.028195594267350518	-0.00409834421457536	0.0018518311045881723	0.0030834035560809697	-0.0
2019.3.14.cow.oral.11	0.4439055235194724	0.06480701397010356	-0.030608432988955016	-0.08796819875916448	-0.019846770605790504	0.0004340979749957976	0.08257870547011922	-0.10681903915211835	-0.06612474873580523	-0.009100429033076137	0.01638296833071886	-0.11023653140086309	-0.0633527451736078	0.056906376116660655	-0.008951964614078604	0.04392584224747766	0.012356849281682623	-0.002596057066453346	0.026847284920687366	0.012749114262382195	-0.06347970019560971	0.07249307491625695	0.02011353109177763	0.00022145426391357993	0.0426172264861021	0.007569440029132862	0.017112686029884534	0.04804586945449599	0.008220170715542308	-0.00037958809748907295	-0.03113909935658567	0.015968647020443483	-0.03655122342146423	0.019570311105169994	0.018225157558114654	-0.02199165026487313	-0.02264022889915605	-0.006014220464224351	0.008564776529818591	-0.019650607706604508	0.014232712459890036	-0.0003913052893911163	0.010092326073917714	0.04075914197697198	-0.05099773351843861	0.01602574131247999	0.04402115828587202	0.025794530373547498	0.07462078571989184	0.03501169695902728	0.027592383808018255	0.025246114375134396	0.005944168317971166	0.03133311747534978	0.02552251758943342	-0.04689940517727686	-0.05823635992884443	0.017936164001354626	-0.015727516806837656	-0.015007218135618484	-0.012176628913972363	-0.002685084899762152	0.014114148805773226	0.0005811856166725295	0.0034200842500255084	-0.05040197509134479	-0.015087650608639164	0.023499294120873506	-0.0090837919235456	0.07723637807277876	0.025416738233741635	0.05194817717827581	0.028684848847734756	0.0169289752156566	-0.045008109469448554	0.02497962374816375	-0.036053966511159816	-0.075220688971534	-0.03769360641402295	-0.06200072462200908	0.015985693636604736	-0.04059575610704751	-0.001239784668735214	-0.022517682999873834	0.022683189150102645	-0.04018630001561574	0.008755233745033801	0.0016849098705387473	0.034689857051741796	-0.015850397583979742	-0.006762333794362943	0.0028259588290318717	0.008314850757931204	0.008329252347025634	-0.00716557493402489	-0.002886769069854367	0.025180711815180324	-0.0032915562171361734	0.008075194896668107	0.004742591288676995	-0.0015250586015525152	-0.004781735446345653	-0.0
2019.3.14.cow.oral.11.rep	0.4081866958985163	0.043954605121434516	-0.038274312960006926	0.04147417581746186	0.010033141566708804	-0.02861294566826266	0.048851960632019055	-0.07301099094673112	0.003567345082101128	-0.024068196907321135	0.010600306485749318	-0.07052646651553265	-0.013155356190990203	0.005036004610163699	0.009633785651252677	-0.008859674497918172	0.014925777376854668	0.03879265447102581	-0.047580767912620746	-0.009760912053364268	0.004604182122172589	0.028662809642181968	0.05028385829932328	-0.04583754138923796	0.0030335865223122065	-0.04092307871218767	-0.02798377169751622	-0.04803897543845967	-0.004987878911935846	0.07753418575716364	0.059971028757225	-0.002375657578064225	0.004456614175576019	-0.03136362085471208	0.01632607792408012	0.01867258371430993	-0.008395990479393128	0.06719006524892188	0.007068782551138415	-0.002787161576546028	-0.05010781798629875	0.0641274590369068	-0.05221358822226026	-0.030221408704095808	0.04316828649737605	0.03005898427985162	-0.03013550440399615	-0.010875178891706291	0.026348985770409335	-0.029534416664354475	-0.025172812289088648	-0.04061254308998443	-0.004740406091855164	-0.03546592360271208	-0.017141146574473395	0.033052198672671756	0.02004395456423136	-0.04959468326786486	-0.017263039033539984	-0.02163173959078007	0.04229500624260292	0.00598251509696512	0.025633960585008837	0.016634906459655447	-0.03590318329555041	-0.033763905050600444	-0.019625611438306503	0.05907225543604469	0.02150636684375562	0.02097583102604734	0.02543908763494863	0.03292157548519342	0.02681100659700924	-0.041775756834965844	-0.002702626730286188	0.03351464546848634	0.022209452287063326	0.030898562849756794	0.009367778418242026	-0.00888234864646259	0.02213095497975308	-0.027632271666762177	0.06773280989749961	0.04804158337690091	-0.01713481163810954	0.05221267164553253	0.02708159515389746	-0.040932235154920546	0.030889971121795007	-0.00859128911174228	-0.013477003125864874	-0.0021588347061462657	-0.0038423481015252255	0.004864274052104382	-0.026976354278842738	0.013098713888542737	-0.018778964505250167	0.02655870496900859	0.0182881828225448	-0.021961259705616083	-0.0034629097328442043	-0.010095650318838892	-0.0
2019.3.14.cow.oral.12	0.1749028368395131	-0.14633399753582202	-0.07783699244769537	0.0585256803137312	0.06735082742824408	-0.04361564790439418	-0.03312393854397702	0.050991230913491094	0.14486442600312996	-0.07410411828113257	-0.01357412332133182	-0.04733634005554033	-0.029805588061150155	-0.008805930295014783	-0.06399503844186526	0.004549215998656253	0.03183368444151944	0.04084757797491322	-0.033886121452955976	0.04934230526025495	0.0029359495419655564	-0.05841509157508652	-0.01638760108103696	-0.00514928009183057	0.005732551119695581	-0.032142408932511427	0.006187436738307679	-0.007623551045218013	-0.07133805756704398	-0.07283485761274477	0.0356405591727081	-0.09982978555902211	-0.05927166190590823	0.01272294281034149	0.06202377277301889	0.07004026366400538	-0.06341174998445037	0.00801095782162053	-0.009431728710083966	-0.004740297323306052	0.0886353605291187	0.015592715508622049	0.00831153407749606	0.027326352674773687	0.06347907988060146	-0.007794530999732131	0.010775627951720284	-0.023992487518989872	-0.02645562740331941	-0.01740530072135708	0.008726246576374646	-0.07192396102302019	-0.044318439278898704	-0.07214183035239811	0.017995641487279754	-0.002239595184769733	-0.009276061455236137	0.06097133901564904	0.015555393211338768	-0.0047374752212734576	0.07169949020375703	0.01976292157770704	-0.010081980077789302	-0.0002807922571108042	-0.03207253757669084	-0.02795132628294227	0.012914290913562927	-0.0027286106258927905	-0.035347835113707635	-0.029226602154625598	-0.01773729317310023	0.03364309296625043	-0.0008431660978442352	0.035574099606464675	0.025438498554212003	-0.005802458635437894	-0.03589684735451267	-0.030559958612832384	-0.0008461425896305737	0.011344245215425857	-0.0413287376997136	-0.024932121071891522	0.017677714409663963	-0.023753101778734458	0.02780620102903736	-0.01520896014344644	0.016467220201115716	-0.006599022860354241	-0.01618684618251775	-0.018449458031560406	0.003290627817024126	0.030209332377580573	0.004403144871729093	0.002220782681176346	0.009098407256482829	-0.008021526279205831	0.007881042942517569	0.006112578114220414	0.01345711668529922	0.010895490822205945	-0.009815173347612803	-0.006836687764964728	-0.0
2019.3.14.cow.oral.13.rep	-0.029609935375935554	0.05220574784010782	-0.16954770449993006	0.017328718125936463	0.05868818580759243	-0.03210747793731428	-0.1379589212978051	0.06221944785563502	-0.06609102328352114	-0.0812386781537933	-0.007215738827842337	-0.003169616295993535	-0.02186191529691408	-0.0729494235762722	0.09041199097783753	-0.07379493190891898	-0.14697331159777155	-0.11841263868058269	-0.08381174842053495	0.1082831269946267	0.00027855308193305535	0.027667986650164247	-0.04452220712734316	-0.0013360983724931778	-0.03227628811619401	-0.06263023747055822	-0.05146419980664577	0.0405853291261703	-0.05388828892476028	-0.021432755839185753	-0.010499839188667317	0.00890208699857272	-0.003936791976106444	0.03950601334592911	-0.01803003512031878	0.00613502771900823	0.02638514947156191	0.02338251624091824	-0.008024070054659096	-0.05698431151627109	0.03825812420096028	0.01862083236784337	-0.050475623266658345	-0.03635526078198212	-0.01559192700239969	-0.0015928009566006768	0.010090931788216715	0.012211194060154987	0.010105735836474393	0.009076736909360016	0.03148738360764165	0.021352225567589023	0.011921931895011116	0.005786009413111282	0.0035841105152842573	-0.02096010933717819	0.005835173040982042	-0.029430885824812816	0.004789254294753544	-0.02528367800325121	0.05993545899712948	-0.0009838010077024152	0.011684597816872918	-6.428379307014311e-05	0.017900106806934536	-0.005176708433639047	0.03366940656763507	0.0008368283599997264	-0.006076986107783236	0.0735638242364069	0.04678003451498491	-0.011027689031264876	0.03309818618578652	-0.04613762952057542	0.031396973956386805	-0.0040295994938643175	-0.017474873688088012	0.021366030929820243	0.011333797793228243	-0.0038488415339827356	-0.004513158555513393	0.003236972048079964	0.0004885032886561611	-0.023104023473076146	-0.005527982435623112	0.004282171461370447	-0.024997919504201705	0.02026544410166332	0.00932315518516916	0.023540986400950654	-0.008014139647240017	0.04282800302178563	0.012061181962038694	-0.02601832716723391	-0.0027083472306378754	0.0062649256346653985	-0.013642839070755051	-0.024421271390987164	-0.0037218130238845432	0.007093953014758045	-0.005235339723231673	0.013703350567720827	-0.0
2019.3.14.cow.oral.14	0.4180928238159885	0.026028073350666744	-0.2212933606643812	-0.14792309767383424	0.043079952439554724	0.08811745775903937	-0.040352874460473406	0.016381143558355658	-0.11901523642476076	-0.046345152412696565	0.02601642309713706	0.0261408168300042	0.05894428878968679	0.0682436093174189	-0.020261708759233873	0.03348597508982887	-0.044708625901521595	-0.007899794811539644	0.02802481520901244	-0.04428655735335756	0.016609184441687828	0.06350354608687374	-0.02602164846011229	0.030270246270492775	-0.04191842972891024	0.07072919963963811	0.013373452164082316	-0.029003318115311944	0.008852545993288895	-0.06121806526671113	0.020324800878922106	0.018387801619369964	-0.07070656184640105	-0.05705687056198714	0.03649806682995117	-0.024063158999083567	-0.012903510102104476	0.08086773000089889	0.0495877578191209	0.021020472315647982	-0.036284235894929434	0.02960864277156107	-0.027691665460712233	-0.04156063973001054	0.010199141973119436	-0.04472548499193953	0.019023698949222498	-0.01572214534436941	-0.028132507889808738	0.04655208070759035	-0.01141058642065696	0.031518202177604496	0.03796392020604322	-0.020166100606076057	0.0051514386453251695	0.00012640020423508128	0.019763242258156094	0.033870741506099276	0.021911255898093472	-0.01852842130366222	0.05801927851525298	0.010514201932895853	0.011594813125537761	-0.0038258855260293123	-0.01405953727009057	0.044750016717867415	-0.010933869075285686	-0.016351783861618865	-0.040078894398466305	-0.050073840580306825	0.02186128765486644	-0.03901206231679503	0.011750265684940852	-0.0059669594853024015	-0.006370819282777273	-0.009515488894204262	-0.016889435926700877	0.034753097127835565	0.010757335251107057	-0.008454338310438831	0.003531507034275032	-0.0007293033011660072	0.010693893006343035	-0.050266005144482546	-0.015057332547091594	-0.02726038504816814	0.02764155844131905	-0.006215250775185457	0.009682776186961152	0.027292370014299617	-0.004143632037640153	-0.028230781232644258	-0.032512922872250466	0.04031197263547431	-0.017891073922018448	0.018153960616832183	0.031854350171557744	0.005084123873308046	-0.0019447323598152091	0.010973002893824057	0.004746924215928605	-0.010033418300756084	-0.0
2019.3.14.cow.oral.15	0.29247462213616526	-0.049523556988226726	-0.050900769681441485	0.08777149434123088	-0.03544855424313492	-0.021737560705087085	0.014787066612737059	-0.146916401288837	0.014969461905429079	-0.05445466524045304	-0.011992603595629097	0.00243797479184281	0.05392726899418516	-0.01547871893874434	0.028458009113017588	-0.01911089881241928	0.01748302641125933	0.02951979917064949	0.10916022361912527	0.032419277903230015	0.06662448949662313	0.11552901442324963	-0.08140281401363388	0.01131751455983551	0.027982627223394275	-0.085616306466368	0.07305942243592463	-0.007226162553605141	0.009476895566586733	-0.035633325136256104	0.01634582807070848	0.012497279850018014	0.08383027858885561	0.027992086444326582	-0.03152394153843521	-0.05835939069181643	0.0769678281394957	0.01349922227910652	0.008275557727329784	0.008077448429798796	0.06380865113764923	-0.029164796995122987	0.030843451244371274	0.061876665642424875	-0.0319306983185553	0.002615637634520305	0.06263512347697486	0.059210737804033055	0.009160107026470216	-0.013411886436795216	-0.08794387776630463	-0.03573263321913456	-0.04394510820234962	-0.037846946683877725	0.025326965473496138	0.029711857960689782	0.048018770480075135	-0.013471255242747499	-0.07138247640424254	0.038610811386323475	0.0021814168107497063	-0.02403763701606169	0.0009763674159043434	0.03485989615580211	-0.015482282848043205	0.010432938199719853	-0.0011147191437065104	-0.005886827403819476	0.013840747348680568	-0.05016804242053949	0.026814799707507445	0.005238343178665618	0.004544911684249172	-0.032622355022481474	0.04971301153167593	0.014093346164600451	-0.03456665337229741	0.020653167353721937	-0.020889968481898908	-0.0024221207425872806	0.01997154406546995	0.004150494022748264	-0.007210682133046761	-0.02298168094853177	0.009154579914062643	-0.008252456779464458	-0.00602067948981959	-8.793542567143276e-05	-0.011968848077383066	0.004202805820295572	-0.004977524774858203	-0.004027539471426061	-0.00308442868420682	-0.005792370523824074	-0.006042877745087294	0.0015994767040287945	-0.0028741435283292315	-0.004077153167053975	0.006409680447434446	0.005735994481264761	-0.005608399241518455	-0.00894644239732105	-0.0
2019.3.14.cow.oral.16	0.30357160325049426	0.05363022409573875	-0.17604341335679383	-0.04706126371718297	0.05148071919686155	0.20506443594842846	-0.18271293828256618	0.07182671322829046	-0.13181029218547835	0.15184899952391676	0.09000746212305061	-0.035349966186405506	0.0763689290923067	-0.06382146497451756	-0.042040805364884797	-0.04061888754200419	-0.004826596555887863	0.021073946588895026	-0.00791963745515385	0.02228426010691552	0.045222846655832406	-0.0014272050087232094	-0.04333267733213743	0.011701898530303723	0.060072846584944904	-0.028008368738371738	-0.010687572570067149	-0.0034070423705459332	0.02586589710132655	0.027381781583067425	-0.06019496805369203	-0.03472910796108493	0.024786477053472165	-0.010071077945833291	0.005317585444998852	-0.0013177298377815094	0.007165435909165405	-0.011471845721664587	-0.0035864474302421618	-0.015836677572183742	0.05853995551389849	-0.0528089676758967	-0.01456673927393503	0.03295944598581987	0.060995243357814664	0.03076175010456472	-0.04923473177655405	-0.040821434155646465	-0.055675186817916514	-0.01635435847116614	0.04122279827095559	-0.03671638148551217	-0.005449923521214156	-0.017872911432220768	0.022657226645914397	-0.061854303303480795	0.044445959602990096	-0.01910883047339019	0.01426809406818329	0.03653135675394904	-0.02708810292505739	-0.03779114449655868	-0.019415446912497476	-0.003841710107623141	-0.011664315423758231	-0.039837999745194995	-0.040488171990829776	0.013567898211030717	0.037221652832734604	0.019436645337399094	0.02873191202256135	-0.015846140709792393	-0.015448207728034954	0.01022028247928637	0.0005109310387937072	0.019654603375211313	0.014620570060275924	-0.02807092633005701	-0.004593969744447918	0.003021933788393907	0.0009724811454251203	-0.02402834609348756	-0.01949823976887685	0.036247801246310364	0.02490301156184348	-0.005117364410555349	-0.012552707289827833	0.007450252556393248	-0.0016692329430006104	0.0027880888599043398	0.0024137268731291004	-0.03325791303726423	-0.002276971902430887	0.019548485416043274	-0.006216741483173724	0.009732644708006787	0.002739525614660785	0.004781643183316293	-0.002206492533530892	-0.00568677042981037	-0.008421733048933976	-0.015024681212761275	-0.0
2019.3.14.cow.oral.17	0.10244345801720647	-0.03550176362884856	-0.1347505326445876	0.05821810799632147	0.08936257922983049	-0.07591636759446121	-0.019229932546338615	0.04724361249311337	0.14565276175360234	-0.033359577739729904	-0.044635396235694055	-0.11254729120756317	0.02121559905569871	-0.05509785052585082	-0.041471678903362494	-0.008405107276369311	-0.06862235195254299	-0.09302093469017163	-0.02174042225565906	-0.055337114577692435	0.07303566995559478	0.043914019552381306	0.0020589156970486446	0.0338869153511743	0.03717112460511257	0.0698047752755607	-0.004827546291414843	-0.11301033861966976	0.1320343899916698	0.015741711832725297	0.026319720993064507	-0.021796505302735088	0.015149182051167857	0.12793514658811683	0.054315937282311155	-0.011786181120636376	0.04242322697437458	0.04100929212535175	-0.028809897246288498	0.009779829055374948	0.002386775836547745	0.04739788368073794	0.02425162517317171	0.009469355566898093	-0.03799412340385299	-0.06441104055662088	-0.04946210627946796	-0.04783690098382266	-0.0033642892300963043	-0.022857282959915973	0.009855268201282316	-0.004971756053515772	-0.032779993934802985	0.00770396365305578	0.018536451541748322	0.00022769840228238565	-0.06409234636197854	-0.001041309988424281	-0.03123842326976125	0.03392377473080685	-0.04420197573450294	-0.005341991545052129	0.014534900293840152	0.025332307767706955	0.04056292771222715	-0.017938064283332555	0.02895103920783477	-0.01695145571149347	-0.010454517509081638	0.024041660979548837	0.005026614935538579	-0.008890039336503737	0.007346368559027297	0.01156136885012556	0.003721863095791547	-0.006811135018416911	0.03125050244394172	0.0037548388835560915	0.022663036400314696	-0.01665921554958995	0.006834073819576892	0.012762735161492423	-0.014013289739490656	-0.006721258223767545	-0.00682751853192298	0.01596302650495565	0.004084956996175592	-0.007779116238086154	0.002397476393958292	-0.013038747747308867	0.013147875265041471	-0.02309862214701485	-0.0007848186730010161	0.02126192030318119	0.007412085464618577	-0.0014165631165932795	0.01868730782841725	-0.003028084845674872	0.013130846359895948	0.001902683434387027	0.006536926132718011	0.005411358429859444	-0.0
2019.3.14.cow.oral.2	0.2768254292776414	-0.09072300695801006	-0.12819761375113659	0.02138326647466068	0.08819017644440331	-0.029925760041961767	0.04824181273519886	-0.17232295800917102	0.05460922749789	-0.06280165415655234	-0.01927621871031906	0.2048357926205178	0.15819126479542875	-0.041197307693695465	-0.05406134004398369	0.03707537140257308	0.015349271361852001	-0.024719631037401477	-0.017800221207659412	-0.053149387629483534	0.03785491034521422	-0.06775792275841655	-0.07734570877355658	-0.016869702560464	-0.04128123598479991	0.0017134201520197796	-0.039247083371547704	0.004649011655509986	0.05396420953334183	0.0307666200413221	-0.10980099153249503	0.08396718337035693	-0.04298408766678314	0.033809636188602894	-0.09007552126900857	0.04194779588221908	-0.04496602431712227	0.0041549796078315234	0.04915136786923755	-0.01872903425272872	-0.023417182229855976	0.00273018294886661	0.01196997825820695	-0.021623456079344527	-0.008055090675000815	0.07866520035112866	-0.014103400730001135	-0.03398795333416066	-0.01265058509379553	0.04922250271458024	-0.012802777720551063	-0.029287779293199562	-0.041127740743429675	0.024679278856131776	0.03095604695643893	-0.0276662545261193	-0.0051786420881374355	-0.007838869199360339	-0.023352028231482642	-0.009284347806596876	0.018062538917443322	-0.05553333035703207	0.012184783017356381	-0.008539254386666495	-0.0033669361532146845	0.01180787257042887	0.02190637555399513	-4.907793303208407e-05	-0.028133575636904804	0.0015071007332653082	-0.006651791891615248	-0.007308213291750718	0.004071351544825772	-0.005484912246971178	-0.023079177619355167	0.004136846415184298	-0.0032380411151018413	-0.021672665097000412	0.00978864221579369	-0.005202634499219317	-0.03140058577864376	-0.005306203143039139	0.007355551799341867	0.012097549163801543	0.007174937512901456	0.010012440107502895	0.00650871607639497	7.535299205034258e-05	0.012318572618290353	-0.027176842527076788	0.005175483613523824	0.018768518822401298	0.007972854149040557	-0.006529966943126655	0.003940777306445578	-0.008687537743162305	0.003577018361613053	0.0010579098192163169	0.007138131674654725	-0.004845347373534014	-0.0003165433658668346	0.0007091844038719667	-0.0
2019.3.14.cow.oral.3	0.35527846155939824	-0.008239276685688616	-0.020476531941951343	-0.07418073060673916	-0.33859585383587054	0.12182247133198913	0.07486371648318049	-0.0016932379650495771	0.12741443416050732	-0.051605635922985164	-0.04323578365822915	-0.02120628080208931	-0.00012750309229404247	-0.03253820887273069	-0.04499734913599571	-0.05737200938348076	-0.08053972405547333	-0.00791342911949611	0.012014653454837747	0.02543824565867693	0.01649766887645254	-0.08877753040227002	-0.004930674783832489	-0.01031873227263753	-0.03915886757877516	0.02472498762769173	-0.03206438120975628	0.01342182797561562	-0.03449862398882802	0.00916741049129098	-0.005059406628986297	0.013498513321869302	0.016268921028959448	0.0020444564792912964	-0.005513335189488924	-0.004243051592061698	0.0007854305440177426	-0.01361115201506208	-0.0033114286933650064	0.013795788723858903	-0.01706131999889068	0.008077049524592376	-0.018873493418206544	-0.019535307425932662	-0.011169179679193493	-0.01880257858728384	-0.020839917077655624	0.028841255504414107	-0.016812173617130034	-0.013720597685695482	0.033098057085383936	0.016780967390263177	0.039724039696595576	0.01718539191512225	0.0010849623238666296	-0.004669695402818195	-0.009771121415261382	-0.0012717343496664558	-0.016527576868457395	0.007440684752999268	-0.02189814587332004	-0.0014705096370360253	-0.029952301088882385	0.029826428336099182	0.006868617701363173	0.039954583001848315	0.006347902843850784	0.008975417278018408	-0.022647858883237094	0.010485990053633844	-0.009779783932774826	-0.007078199508259256	0.008977092983997893	-0.00016460382143048763	-0.0001572335014637021	-0.002662669708881565	-0.0012868235121688727	0.006953702944062027	0.02558273235858723	0.006127751369691751	0.0025177759455281396	0.008267909271016413	-0.0014233767966765093	-0.007478891384933632	0.01768258550487963	-0.008012092451923553	-0.01806926783111594	-0.007526658808118751	0.0028109041897804972	-0.00437068440273555	8.03654233935644e-05	-0.014531048420355694	0.024231842301173222	-0.009160753836441044	-0.018132033840049522	-0.0027183577654592336	-0.0006590451132799511	-0.011295381375741214	0.025562094994254624	0.006121193568467058	-0.047270666164370756	-0.05875302815227181	-0.0
2019.3.14.cow.oral.3.rep	0.33557423100594047	-0.01628746364945582	-0.061652167063127705	-0.051075072752524944	-0.34136411962785035	0.16956975792041523	0.029277394936194787	-0.004789250630863866	0.11066814041651263	-0.08049349211249474	-0.014954841342581137	-0.022861331148544113	0.011244905580677226	-0.040563282741400745	-0.032862449400839246	-0.03703225068129249	-0.06260700688529482	0.019286802073728293	0.02234644012247647	0.01886456282448356	0.02866813565948208	-0.07963291205511114	-0.015045762285513738	-0.040664992194215814	-0.009938383685348199	0.0013090388075214247	-0.00701066485974214	-0.0024113700779932806	-0.009343982820011781	0.04240335476313969	-0.011752017285860204	-0.0014348454027766169	-0.0062055953188554	-0.009082141062975231	0.01612574381892348	-0.0029964301566230305	0.020264075474796056	0.030055218032816598	-0.014087264691639668	-0.007420483244022704	-0.006623521698504839	-0.016889400766508657	-0.005373960336749664	0.03419104158298939	0.005308041400526698	-0.005004885726306996	0.013658440076466476	-0.012515982408981939	-0.026068271499045628	-0.014943321024460197	0.0047870986479457535	0.010768995644176566	-0.00185858518943443	-0.010441297611060042	-0.0024918582013242576	0.006902603101324278	0.02711234858257761	-0.026677757036335504	-0.012797264405904816	-0.0008654678007505242	-0.016514568152960863	-0.0033900958786323757	0.011666868238049476	0.006161710265388688	-0.017766972142528547	-0.024022747902785448	-0.012851754706792623	0.015852127421053897	-0.007361752841046346	-0.010624358968106908	-0.0062323211698864745	-0.004672383332643248	0.007864510228228625	0.014279191744462169	-0.011139944540911974	-0.0022742319371987763	-0.005177053842489667	-0.009621153440347197	-0.021124581573623284	-0.007611827365238018	-0.003799459739068935	-0.02318844483682094	0.001230877502738714	0.0005068508161808235	-0.01187635636450307	-0.007483826344344997	0.009511000613667235	0.006378912563750221	0.009641087088320382	0.01621188937702942	0.0010345903087097864	0.023487126528304657	-0.03333377242109215	0.011421597094633088	0.014406889545858996	0.003209051530199341	0.007222337643905329	0.007264188006765702	-0.02304881318702174	-0.0035323304090297577	0.046322934503147534	0.06297481331038339	-0.0
2019.3.14.cow.oral.5	0.4216061552782762	0.042464154033316596	-0.04691067274297124	-0.04126543696243879	-0.03045064736906742	0.02489098346194659	0.07283797071418513	-0.14670768428186748	-0.040291986673343834	0.05008292119746112	-0.02944556622757818	-0.030552665258419525	-0.021253375046345925	0.05646527819218024	0.024403874081527124	0.09599431932982579	-0.014471322446534542	-0.0908872363596154	-0.052496404706360265	0.005695675172685367	-0.037668449367567074	0.007870338300911611	0.018814707667696662	0.09240688713105862	0.05089547157588784	0.004643105375392894	0.0845038529354858	0.05192224828732432	0.03991080586985062	-0.016083675303653313	-0.09724758284635705	-0.000516075393442058	-0.01925156764112484	-0.05917751368377873	0.014465041756483681	-0.02514945313160528	0.028118471484912793	0.00656765281554354	-0.042607359814153555	-0.028467152773074374	0.056672895231746026	0.05274692903019463	0.04461016020667337	0.05919543904276377	0.07967963217601	-0.008834717341330966	-0.044556020085380045	0.002773592161782137	-0.023898260821841488	-0.002715010937543479	0.01837173955643493	-0.0006830859469366329	0.005118026283521699	0.034032539414585956	-0.0036073166702864476	0.01625578705502607	0.0436121454435872	-0.008117499380365368	0.011723566343050862	0.015007701430577867	0.03572995031533171	0.02666251786508111	-0.05482439707464049	0.01775595729066667	0.0014228978010728372	0.009837715437255557	-0.010044314618401792	0.06610317982287067	-0.006704844277979611	0.02103276247948802	-0.038667238530160394	0.01462975889101969	0.016677998213708193	0.011520427581511138	0.0019859262526580306	-0.03484204938002896	0.02607626099552731	0.047317686643818566	0.011929299307764582	0.03594623589955244	-0.009705790242191228	0.04240040400881146	-0.002639489290894587	-0.028077321180081685	-0.021903309611921808	0.026555244688953043	0.007949036723045685	-0.010018058672630083	-0.0176961919299501	-0.025476531443936103	0.005940830152662968	0.001214341378396194	0.03486762169095229	-0.005196158568418733	0.005666606331025939	-0.013521009527570094	-0.0017712066894384924	-0.0063830942134108495	0.0010714422689425032	0.00249216077142892	0.0026232163971008425	0.013103118270954867	-0.0
2019.3.14.cow.oral.6	0.4482814409555381	0.09164984580975986	-0.043223814645937275	-0.09874764431965938	-0.0003405612360040647	0.013431272573471008	0.05074386852262823	-0.06869036773725248	-0.06727364240836134	-0.0133273671691039	-0.009383580865688631	-0.11465124624576882	-0.07546667664801995	0.06503020092223084	0.00920528569528701	0.022345695903933153	-0.0030514560993800937	0.011242930580732478	-0.05716584170546824	0.04940176246677473	-0.021086729541339264	-0.00701042706120625	0.044563410229880446	-0.00017567181457176154	-0.006719256115441438	-0.01980774626105366	0.003648768869559488	-0.015209475455032241	-0.019908344289891865	0.05183754612246692	0.011875458424501321	-0.04229285423384	-0.010623541589493123	0.02819610586206813	0.023598410142568048	0.02414964734174444	0.02114770558001049	0.050569346872441766	0.03281563309765822	0.04544763390873266	-0.05364783945207166	0.01753617629901655	0.005147488328355299	-0.020066804332702526	-0.030368459200718192	0.017413294321032207	0.0544049687658239	-0.0895402137139723	0.012793898097691141	-0.0006647543693019586	-0.041616342751660845	-0.013073990369813302	0.0232703963990206	-0.020043834497351	0.0077619663433279385	0.0047427687386515155	0.015604745694442469	0.004319398422071695	-0.004258888596645574	-0.007701493018830993	0.01034127144927874	-0.052830292005367076	0.005136203949112926	0.0026908905778087176	-0.047306502235198764	0.04626113486465905	0.01976944552275143	-0.06417024137669877	-0.013794793166329358	-0.02726196396164032	0.018229967932747417	-0.04259853189678763	-0.043506622949248626	-0.020556237857512157	-0.0064086990961670885	0.01173429681275165	-0.010210272471324111	-0.02084552969142817	0.012904342911275866	0.01976637632936981	-0.016360914665983856	0.0024891582333515837	-0.026754613278217442	0.043141342040857455	0.019117757287513495	0.006303761905928815	-0.04190693259758771	0.03681743199349737	-0.021786878111071953	-0.017907554071294733	0.004142350958548569	-0.028229910280476337	0.07465376984211708	-0.007788940925657751	0.016164777651613203	-0.02516038686668605	-0.004569978502166696	-0.005559662241647828	-0.014589183940418636	0.0050155125661007	0.0023064521660624083	0.01419268543223043	-0.0
2019.3.14.cow.oral.7	0.3762800712610885	-0.01832199068663209	-0.1940966909240304	-0.08007877409187754	0.17279439653471304	0.043929480886460856	-0.0635230178082528	0.05832289816897409	-0.02586580574483253	-0.05137004722017782	-0.027354503209487457	0.05677444775072713	-0.05299393523238705	-0.018220960551479683	0.012755981465810366	-0.02319490538145955	0.04211483279008218	0.07688935653905536	0.04988512651578069	-0.011950119817827355	0.011226116286242456	-0.018021689613070928	0.052373056591039774	-0.07205421313125097	-0.05444711001675404	-0.025045896990018583	0.01280765110553153	0.006654152487770867	-0.04094767130587045	-0.047058826415984335	0.045291159670474514	0.04366414674119291	0.007754792109153128	-0.009352999909142932	-0.03811657057106766	-0.022183048447989278	-0.04878304027947399	-0.05572447201825103	-0.020838786977643464	-0.04473164439810841	0.016996535583354677	-0.0034327497833354986	-0.03783616702874527	-0.007519905507821694	0.008091798876399041	-0.028709592067459978	-0.016586532091200576	0.07276439005268437	-0.03063262833999369	-0.017260720745795505	0.03991511894154811	0.015256779942225187	0.04380185515004827	0.0049316652348274075	-0.015553797849147868	0.042218085200055086	-0.018259025491592296	0.006726070312324522	-0.051012857476367274	-0.0018110592389148387	-0.06592615300277883	0.009497878348710482	0.004617346869410114	0.055362579055572965	0.013203328597905656	0.03352028727649077	0.011180333180353962	0.02969078333730786	0.012144375594540506	-0.006366275533022137	-0.02917049644173994	-0.002034970766160222	0.0037595447279637896	-0.0018188512910070837	-0.013631604419021856	0.029476579957057155	-0.00665161649875691	-0.0047889177300286905	-0.008962286863597306	0.009428654969830787	-0.012501441881163559	0.0031217503535755286	0.000878226117117485	-0.003936866976399276	-0.002333051037166426	0.017823688177357414	-0.016593322007476995	0.006022073959775969	-0.009396973627035784	-0.01676757476637816	0.009038036685203733	-0.02706049024206764	0.04468608959702283	0.01780417771616262	-0.014764099253903625	-0.018261540324501477	0.018673314032536508	0.0025308707846353733	0.053672352122739346	-0.006451300793125847	0.011526501484352499	0.03289849581892728	-0.0
2019.3.14.cow.oral.8	0.33407051451719205	-0.032778171165056685	-0.17048332216769216	-0.03722079807937283	0.14368664904337014	0.0017268452274170822	0.015947037275542444	-0.01128785049065789	0.1332398687573505	-0.054652687112771055	-0.16756729328923864	0.02468673561434343	-0.07732065095882427	-0.018165899700502124	-0.02803831844124928	0.014869144417667148	0.07630238369156332	-0.014034388936824458	-0.09708093661776654	-0.02359838050867699	0.03921849106394579	-0.08204250944789869	0.023683342786404535	-0.04433886520007266	-0.06638962689231402	0.009619608337268005	0.04198709435467916	0.03681327555531852	-0.03790833029846426	0.06989373474118112	-0.003135367211310655	0.004805264801852544	0.021440775459888792	-0.08133472151635779	-0.0007427786493926616	-0.03446830099562722	0.07294845014871262	-0.04311690958775509	0.014154561920019666	0.03565376282144896	-0.011705918110139428	-0.043943014351865366	0.032656582834701874	0.04163657488115358	-0.017601204632418193	0.020660593237502686	0.01538649730209018	-0.02870835510960783	0.01096627305299556	0.00680739361211114	-0.023197998312745646	0.04270366200078871	-0.03550467307713116	0.00239740347300645	-0.010645381265039739	0.0030240009018651847	0.00391044008204905	-0.0045805033327103156	0.07122572129938011	-0.02442263820890094	-0.019663578700343486	0.014181236023798697	0.01320497954533892	-0.04964600318264979	-0.017870884391975338	-0.08075997047331858	-0.011783235081740853	-0.009521577464413282	0.060580532487491054	0.011696361445944627	0.02875429484824092	0.003267565589974841	0.014242974635054709	-0.0161851251446282	0.024518686787673837	-0.015875495012207225	0.013738556816058907	0.023989688648274887	-0.0020077120121949903	-0.014114824222897978	0.01126827235433111	0.028167781485095786	-0.004721988523618137	-0.017980802235927032	-0.007458869783002042	-0.03300100781459753	-0.015100101532994948	0.019254495146741817	-0.012584953288223075	0.020869917002733086	-0.004913318992026315	-0.020045643367475083	-0.005215241783409889	0.015029079386400242	-0.012912069105126281	0.012598442107255975	0.007543061770379203	-0.0051254282088459635	0.004140769602133498	0.007068581238358856	-0.005423151984752314	-0.008193268128100673	-0.0
2019.3.14.cow.oral.9	0.0938966334538856	-0.12180106501327784	-0.054049558346664445	0.02969901064290563	0.041538150140530736	0.04481066436442831	-0.06098707379605447	-0.13176663184461965	0.11948010524046189	0.002345273466115929	0.2810499484796644	0.06544205658703534	-0.0967837862853417	-0.03252482366313852	0.17320587668725126	-0.12349948500107966	0.03413398459280535	-0.06317578046705727	-0.014966325320326181	0.017123402190392257	-0.055138085574328026	-0.07024688647026053	0.03211872104859056	-0.0019279487026278568	0.05321473954006103	0.09282885659270546	0.025059490855318813	-0.03016445693394239	0.025981302747754936	-0.005752117966897507	0.051787449901193584	0.00863401702630208	0.06125297866156603	-0.07166097384286774	0.06041833604047472	0.004054195683067009	0.0006168612298655756	0.031168838405832167	0.01446726062345436	0.013928760910657116	-0.021283299740175517	-0.06294419954782841	0.022511822504538946	-0.04124586070696877	0.0095346015454351	0.04122682705606836	0.02628785031887154	-0.007408986332933409	-0.0004860061977334699	0.018915897003878343	0.0017047766848151695	0.0014381434757179113	-0.047052734398197224	0.00624882074053836	0.04128521243461241	0.030377839964454357	-0.023286688199877413	0.004005475005774751	-0.004609636763621275	-0.013516134822192463	-0.013303322369283175	-0.00903687464587572	-0.021403927551033358	-0.01028573406741238	0.03841672285741817	0.016716344912638747	-0.02122868078269371	0.006975428123883031	-0.02478109409242467	0.001040858910506836	0.002747858237358363	0.0017670947259044493	0.015009940782061946	0.006959438045518099	0.0004823099955995624	-0.008837163371816868	-0.010424789431096124	-0.0013940773945935196	-0.005481515015894429	0.0033037975773638093	-0.005909597346441183	0.002180475645909837	-0.004971764156226073	-0.01344685530074358	0.003085497098054576	0.0009899130262332207	-0.008629986848565176	-0.010128831630355063	0.0006244967779771449	-0.0032615203099546643	0.006611127899896851	-0.0029296719017331027	0.0063834675174008655	0.00043928802184005307	-0.00785281540820912	0.0009012345236489294	-0.00011747212848022645	0.003842286877542276	-0.0004881705456997103	0.0033859309901379756	0.001274728077339883	9.224599968857564e-05	-0.0
2019.3.14.cow.skin.rump.1	-0.20112308245500254	-0.19457681948310357	0.02968488828309117	-0.08731342604321779	-0.02365032736008939	-0.03413957270634392	0.04195444326574014	-0.011357009311237731	-0.07815763344072484	-0.006899734700769413	0.0018243664406722552	-0.008637564141623926	0.015835997423578222	0.018455406404455962	-0.010957595164350076	-0.06735332276132691	0.025921407719596584	-0.014486102357689186	0.01973870616372464	-0.009494380095231996	0.036110210451684756	-0.021186525459339092	0.0063249307694610984	-0.03655059046786427	0.03171839840915902	-0.04245597491366355	-0.022534765981330775	0.017683213782506747	0.03482642447672476	-0.015515390711318702	-0.004867342898734898	-0.013883449045591622	0.0059222474819227286	-0.05803614600646302	0.012699810965017226	0.012234958363093358	0.029791870054963313	-0.0511786055027144	0.034166458995869536	-0.005799023326047502	-0.03648520827493112	-0.020026883190687496	-0.026393468008228477	0.04294842476380099	0.006989061800201245	-0.0322096089199256	-0.0069868036187986345	-0.06565838905895431	-0.0037971823510893257	0.0008654447849959547	-0.0861554558528115	-0.05035842165028307	0.09504373358445944	0.029023710716485837	0.03731539346305785	-0.04157129230703442	-0.056785601745162215	-0.054859667419178366	0.0281395329654662	-0.017414358815425766	0.04348540440718945	0.03332270947279749	0.035417495756194683	0.056833909730395454	0.09100337030044893	-0.007624266635178487	-0.02587458517613172	-0.0038084227569736557	0.015603450290539441	-0.0012675521800737718	-0.06307336677354991	-0.02062904670077858	0.025165511272787912	0.010352900291613705	0.0895470626838061	0.024770239789144635	-0.027702880287024247	-0.033960934283497154	0.04035130193200687	-0.023388588497813233	-0.012384505648786596	0.031255769689123546	0.01610588272990647	0.007809840100931924	0.0034834230056891326	-0.013291856880182964	0.0008931861794067138	-0.010887640182587331	-0.006624465899335206	-0.02509847131123017	-0.005349439632230308	0.00739948184898405	0.0016444895921654066	0.013461195163766647	-0.010679487430289417	0.0022080793235354007	-0.0024271063257044114	-0.006035000662391601	-0.004273327699999725	0.0038308614000604597	0.00540559081620343	0.0046786974053745056	-0.0
2019.3.14.cow.skin.rump.10	-0.14819691980727803	-0.21679768579813247	-0.011081519416436824	-0.12393606942255585	-0.03318302060392504	-0.09618130545303882	0.050895321133482684	0.036515501547840536	-0.018825506803709802	0.0014157178733602061	0.025882664717888762	0.0066752631865840475	0.005546942751761932	0.013418436135854373	0.02319291501761862	-0.034630058201013496	-0.04246538586100344	-0.036807007838898065	-0.05800802838047313	-0.020438528242996017	0.004764031232961282	0.02215627491510912	-0.007980446909369377	-0.023349999670244287	-0.012152289728521882	-0.07331615296823504	-0.008946051886581256	-0.031079645566160715	0.05215800888394891	-0.006597547862916915	0.01734784840528369	-0.018768490679849533	0.02265285840581354	-0.021699186386303294	-0.016470967023466756	0.007587952211935179	0.020010739396264396	0.005567695856393778	0.008191383752158544	-0.04299586898158268	0.015909075532466954	-0.003416002732249422	0.0839900845291082	0.0017464187039873944	0.04102781515227553	-0.0009009830181609845	-0.059001515854073185	0.04675935406039673	0.08425269811582874	0.0018545583604989895	0.019863122832384554	0.018701771081328783	-0.007631937890446354	-0.07278538915206165	-0.07975269107123281	-0.0834803428866206	-0.010733594015461478	0.0009282965260781395	-0.03421316630323402	-0.12232094187017234	-0.03848779652791907	-0.04684759898933711	-0.01654890239115011	0.019536665671694445	-0.04842669778712187	0.007336290690391537	-0.0949299849369036	-0.04644693812547945	-0.012711988728900572	-0.03251339792051583	-0.029083812060711582	-0.010129804654382823	0.006600678442565315	0.01729989148911269	-0.004474709749229666	-0.03637642329341794	-0.0054120948152094625	0.016349032674824075	-0.012586565093129658	-0.02055431050151521	-0.019992015321270776	0.017586642827731914	-0.020911643943197267	0.014046281550715342	0.001179219129374753	0.00917259494923206	0.012905546047707758	0.013131722236080525	0.00675742918717433	0.005217178337449612	-0.003298973907376771	0.006661808402606249	-0.0005256633350798516	0.005531155145245963	-0.004766300404260514	-0.0014473913485419556	0.0076315545238217816	-0.0026716169071996677	0.009526271702788055	-0.000923482555693507	-0.005550282081510708	0.000688200077019542	-0.0
2019.3.14.cow.skin.rump.11	-0.15209432411806198	-0.22079968430619465	0.015117932618545138	-0.0772962136610771	-0.033442422184307784	0.009412062325614371	-0.0147041501926161	-0.019504452407875034	-0.022173098134202398	0.04273662932999926	0.031101431232563155	0.006384352518940809	0.03244233510651883	-0.03420480894481753	0.04370340004593601	0.010240042346847974	0.08626043859260572	0.019245642948588892	-0.06542220583591896	0.016538041643402245	0.05279537323840461	0.009334708976620155	0.07563334661459194	-0.019150331126059416	-0.002468194866751045	0.010233495851562713	-0.04374024075274812	0.008799457891530945	-0.024374048562960958	-0.020737300155089636	0.04001390021595711	0.074524267750112	-0.07538722895407712	0.06614267110108078	0.04195988478052896	0.025504996855877177	0.018925124329240785	0.00853628118605198	-0.06043462058901553	0.009812769498090667	-0.04627160629029323	-0.06524421449444774	-0.012719356848312524	0.06669300581020265	-0.008094333633027927	-0.07231427369668193	-0.04509248752864137	0.04279858990607034	0.05166225222186784	0.026405333260278906	-0.022758589480695857	0.01955518862213568	0.003691994101299826	0.02790292100415058	-0.001633383464122392	-0.037736573447776596	0.0021174536940148387	-0.06080938911159245	-0.07107961337428385	0.05757805290511032	0.05687482041840559	-0.0011134439813142657	-0.003791156261687321	-0.09283149626463189	-0.02197976100932035	-0.02069219193572073	-0.0007735413005487652	0.007822478058416243	-0.022298008864032496	-0.0205890167501508	0.009719696715289933	-0.0361944586859376	0.005215927349765973	-0.0026193553725136396	0.022727375610849372	-0.0379386323335722	0.037641095867834436	-0.02177508074482577	-0.03394906020326554	0.06018846980325252	0.005040559215076225	-0.019808364820090102	0.02968724792429051	-0.01467439369371124	-0.009252294748185735	-0.009877377528938035	0.007547360960092641	0.026041827514149032	-0.003701248915795118	-0.0096651223411098	0.006199044794506312	-0.0027505922505282805	0.007205868380097276	0.005165836815081083	-0.008971595204045772	-0.018831729635044352	-0.0006406019156522246	0.0014212753690858145	0.008337138384195458	0.0006599918907034345	-0.009511329638443757	-0.0005157484535198952	-0.0
2019.3.14.cow.skin.rump.12	-0.11901473946601117	-0.21663558688178253	-0.023493286690309992	-0.121091057792909	-0.002036183271376477	-0.05957775211015388	0.053434981707571855	0.004611312087474188	-0.007810721112675877	0.036889767941461135	0.04161698387325633	0.02154199628807549	0.03941830973122847	0.08768417994075692	-0.03321951008382504	0.00331489050650186	-0.10107823725871003	-0.01298673368751988	-0.08464817502910449	-0.04004041787476536	-0.00434747659896167	0.02490885698184717	-0.0421004989917225	-0.04099529673645271	-0.047410215843517005	0.08260048488027477	-0.04726261732605608	-0.06445272047359851	-0.003805306286761974	0.019421391512433047	0.02917580323329783	-0.07670313230120204	0.08497098591274921	-0.07796636235666578	0.03923446484912635	-0.011996795656146472	-0.027644361879631898	-0.07828445979805193	-0.013306451994029548	0.028502422764304085	0.09240927588105674	0.002732697137276592	-0.06839826963661717	0.06227733803809031	-0.042717374289619844	0.038790285975749246	-0.002143845531114643	0.03164185002177801	-0.011205206593648223	-0.009626526598014207	-0.03247123329227172	-0.02853795421775449	0.017861697473499284	0.10825354125742392	-0.07925479247083701	0.012128238496469965	0.020659586576069044	0.035662926387188335	-0.03669935414038389	0.012958933752203354	0.03737992369386797	-0.05633685933227315	-0.005031895532201005	-0.04556229198049555	-0.0002626097689000309	-0.018264118727032173	0.02177171918452708	-0.011791563704737894	-0.025954693443784857	-0.00361777123412248	0.0007850230318594672	0.02099914571068107	-0.01167631737578096	-0.019333891169690996	-0.008169899743523246	0.03769964477717369	-0.0050929510236346785	-0.006270673125256378	0.00981210351038689	0.000855483984130669	0.017388257215601062	-0.0178652207072712	-0.015003361076568201	-0.004162202088734168	-0.015226117432178922	0.012481395594182368	0.001438129579398047	-0.009007989359544237	-0.016865501390354264	0.006028121489202647	0.006059653434235507	0.00034178231737236445	0.002063596081127627	-0.007731680872465514	0.00567221055553601	0.0031012123200495423	0.004915853351136032	-0.0004048853255571479	0.004045128850493306	-0.0031257637261818756	0.004990849708544764	0.0035912550802751227	-0.0
2019.3.14.cow.skin.rump.13	-0.0730384689710001	-0.19822936869103489	0.05679025542816079	0.050801935585870275	0.012262572529659212	0.03821782156620238	-0.056429125059098834	-0.06159283950839436	-0.028239023479253257	0.024306487999097792	-0.044692764080542	-0.007811166093824413	-0.03346104849022908	0.045804402649691156	0.0159379261684001	-0.02854264709170783	0.028205690261377894	0.024740618644111426	-0.09139262413832917	0.007082513747234163	0.08161983749939108	2.0101305803703177e-05	-0.0698290290384834	-0.05081745085791612	0.05746138733855572	0.03493681132498584	0.06374445801625034	-0.04389914315301159	-0.06633682779744214	-0.05254180450626777	-0.021858034201084207	-0.05439557973752344	-0.04880767593291367	0.01235501288102358	-0.06220077356679876	0.006745257234460822	-0.06627728359630773	0.035610277144781835	-0.06391333399336889	0.05617722455670511	-0.029196834257354275	0.03047791555935089	-0.025803612823969715	0.028993959919280103	-0.016830430069200278	0.018446974440259434	0.0549064361175894	0.03828181755222624	-0.03968117160335389	0.03547156468304682	-0.023198042930584268	-0.04598592635941781	0.019688176883404216	0.027117142653903293	0.006983444610265	-0.03400634789286949	-0.04298585396640734	-0.018757529375387598	0.0021028343974922106	0.025246927655240867	-0.029979686615210895	0.03433142661805864	-0.014425979492981725	0.03539433363085422	-0.012188657998196309	0.018332759784593575	-0.024869596974040935	-0.06540403168127844	0.009575424049287351	0.012990871752149233	-0.004997722468484218	0.017675229003800787	0.09697647146682319	0.008604789263029572	-0.042093663732441236	-0.05066806954357908	0.023269118788477112	0.030425907177566942	-0.020949731053564437	-0.0010285327840866762	-0.007898944738309242	0.009890541458593038	-0.007309410084897573	0.03240967063733274	0.003062915577895566	0.01337858293703825	-0.03673624736519128	-0.02118836690101917	0.013262137543430657	0.02896657860956772	-0.002308565781742277	-0.00843668205417504	-0.00885894144758512	-0.011840560858899198	0.0015733327005225518	0.007983533706942906	0.010484346077722945	-0.004430125464771405	-0.009341651615347293	-0.0152497232206281	-0.004645041053148607	0.0031674988848129078	-0.0
2019.3.14.cow.skin.rump.14	-0.09297375548397575	-0.2573075486173548	-0.0056493593843380836	-0.06239975592391475	0.05583724187045457	-0.04793264905507522	0.0002897600881553124	0.04799278249325841	0.055041593554436365	-0.01869597170542179	-0.03881975495554728	0.05069532144815086	0.02935350392225896	0.024600361863009915	-0.03476335402443828	0.015428045607155496	-0.028264372362812127	-0.0020214634172204433	0.03105635847395064	0.04292531830426817	-0.030452054491137363	-0.050846715562470196	0.010590044398878002	0.04531886855072032	0.14163876595317965	0.01153869335658136	0.07344191395849423	-0.01612481709101821	-0.006810379033969431	0.04107491247961407	-0.06167464711518105	0.04610507398429636	0.019018812751894855	0.02735197401781781	0.06646792620560332	0.03271067675914384	-0.029918032677331906	0.07092741469093591	-0.022400008448975727	0.03255152758698099	-0.007676316019496631	-0.07999418823809115	-0.017688784696064382	-0.0509963264598874	-0.026009593156136504	0.0009690406191362776	-0.0015175513725618744	0.11100082760995253	0.034059531747787454	-0.02385105707727299	-0.017850191603354163	0.009375372687963407	0.018246664307319693	-0.0019311259208129735	-0.060234175659657066	-0.03519648857447682	0.023767120809499734	-0.03093427487047348	0.05696739976678995	0.01903921181148973	0.019779128435540437	0.05203232809982576	-0.06654652359988207	0.031132823487264486	-0.03507168086335316	-0.026305802516599294	0.04826753556603895	-0.010624019898251964	0.00725461064610304	-0.0005634347683412627	0.010413775255019504	-0.033394281638483986	-0.025671040174182473	-0.020977298091708674	-0.009661847618215239	0.06812524368931705	-0.03295398925938649	-0.013667998042986303	0.018747986829975916	-0.01597258943946786	-0.02805377242673085	0.030332016526558182	-0.007538693391615982	0.020653833417018718	-0.01200861862200832	0.003928275286742069	0.008567231752540623	-0.007723058710517488	0.01945511949700564	0.0013943497842255003	0.00042523391626551096	-0.005570818520749094	0.0009454599026361931	0.010308507391584405	-0.007759528341497287	-0.0007356305408634388	-0.0015862755168566803	-0.0005724091869931311	0.0003633548813144514	0.0061277376357959734	0.007580337807814026	0.0013733288394690978	-0.0
2019.3.14.cow.skin.rump.15	-0.12448950603610388	-0.22751420859738178	0.05686127050737111	-0.01859893666213058	-0.01608753575115274	-0.019490220581877438	0.02486448321875866	-0.003568725895891929	-0.06900450107466118	-0.008255598768563204	0.05456077457220372	0.004143412064715173	-0.019535185263725476	0.047545290089663385	-0.012606989736742414	0.02705190587609255	0.007210455201849581	0.01269236793976662	0.03770380355071008	-0.0457510375428775	-0.03449763937442041	-0.04350693824055306	0.02310155932575488	-0.017299781739643423	-0.033733928447336956	-0.021142327692285006	-0.048405621087904964	-0.00917240732171766	-0.011635607215404227	0.03874674191933657	-0.0341701455477455	0.06111103861215085	0.027808133407966548	0.028170118879797316	0.0520456726468379	0.0013558124173022182	0.0242364422494084	-0.001966290566497048	-0.02715093882186082	-0.00833468010068565	0.04961155428621205	-0.014551124531950982	-0.00728451607211794	0.03177654435987212	0.04125838029267501	-0.030626304632309365	-0.015094735228864559	-0.05266387144763104	0.0008302100621271215	0.08920014109765063	-0.0005554664841913341	0.01682673474425872	0.01700390391916133	-0.05487055644161285	0.015415221228279513	0.01170433167381583	0.06011301076650852	0.056422767202759	-0.06532865767539214	-0.018522734710775438	-0.019988428664216327	0.07877305209699866	-0.020905498818640254	-0.020507930514832556	0.032810783918595834	0.005284688092375698	0.06631738080244491	-0.0024740235324832694	0.030464902054808184	-0.028203208267190222	0.07118806308447855	0.03457002742199864	0.023717831109008554	0.004230164480764384	0.010317013905457166	-0.03711402181797871	-0.006745252662513614	0.01021513115879836	0.03453458312990254	-0.04632250709849812	-0.01318872167683361	0.004541497020992335	-0.012960287856637817	0.04609738233907758	-0.02296912491753469	-0.004148788838759084	-0.053609241410263096	-0.022476347629075806	0.020090193154591422	0.009554854259288294	0.006081886992061776	0.022087696878986714	0.0021326373960139956	0.01375041982558175	0.0261074666887442	-0.0038755341848067046	0.01485216057805596	-0.007167629302236024	0.009197297358203911	-0.021030635043784506	0.006048597975044473	-0.009129502125959818	-0.0
2019.3.14.cow.skin.rump.16	-0.10949402392809685	-0.22851078768122537	-0.021371865091390822	-0.0831364404652966	0.0008765649675769989	-0.053643475169667096	0.03475004582818384	-0.0018819997509533822	-0.014393247920598581	-0.00489127026312125	0.10817492322574619	0.02537906446419109	0.07951420833182392	0.04952211778846902	-0.008128189835289502	-0.01145411499387868	-0.05995270159404423	-0.04669861016640423	0.012070199721748692	0.02090114884378247	-0.019111303594933574	0.046708119568324456	0.015618191408576577	-0.039623040675622945	-0.06615107195267528	0.03329196333559452	0.04843353665726733	0.005969335929650187	-0.057480612142153296	0.0006952014343910777	-0.0046604892368309865	-0.027274215670076284	-0.08188967381067498	-0.026050352496142567	-0.04931665030704966	0.003590097682623039	0.0193991926116701	0.010216635301511118	-0.018414390238376387	0.008304957443152435	-0.0501387267971756	0.0155658280977342	-0.010953439964394032	0.058640311747991766	-0.10151147227745122	-0.07409051783568611	-0.032860151078935536	0.04473605422476678	0.001226930507219981	-0.01988180663901635	0.005850006305104399	-0.011976595385321955	-0.04726428088501548	-0.036426558434283635	0.025365509189846664	0.031061095638372855	0.04060413970961103	0.03557418150756097	0.07779022784541782	0.00806957520287975	-0.06150756298124616	-0.03734138341878048	0.013797427191975969	0.023967813635944187	0.008475835268950365	0.0009210024325520862	-0.01852248389486462	0.012997845192379108	0.05499005342156046	0.03341305897976149	0.05849078332106879	0.013654985095109613	-0.04404032368279242	0.04839993604526663	0.02516965109318372	-0.02114602105443824	-0.0021570990613539297	-0.009205421834444344	0.03899073585003452	0.03919598808667014	-0.034227020279194824	-0.002285464174059855	0.01215164357150219	0.007722501701223788	0.018805227595387664	-0.0023685639614564064	0.00107163241029295	-0.03309670780747294	0.018340454017680613	-0.028641268277003872	-0.014003893522088704	0.003190017788819788	0.00022914115476518041	-0.0047904482127009654	-0.003354922230285565	-0.006533803976928972	-0.02323965676634387	0.006184609990792653	-0.004479828674912884	0.0008940277814977648	0.0006391611415940204	0.004866816028782213	-0.0
2019.3.14.cow.skin.rump.18	-0.20050343816767946	-0.1729741633059013	0.0038255442714964544	-0.09940140202390994	-0.024965837407520786	-0.05397986295826256	0.040659341680394014	0.00837203784698683	-0.04136068678218668	0.05804224600424454	-0.020721656626965654	0.022472925349664642	-0.044787983417700274	-0.017992321894566593	-0.006735168950783432	0.021135402772639752	-0.018444441071383016	-0.001144817871751597	-0.038840490380557424	-0.0395504977671841	-0.00956360039695099	0.025600380720272386	-0.04522981934119579	-0.0701561700391918	0.02758696320185034	-0.05635134012229869	-0.005933627694152035	-0.03962189193410713	0.003328568666927076	-0.014482813657941773	0.0616239511900873	0.05174802984557838	0.026388028674215865	0.021587133756822342	0.029590036563372127	-0.011889603214941183	0.01084072520998689	-0.05013347906669668	-0.015083184876259188	0.02574093050407112	-0.005381479114268055	-0.04502560255604429	0.0631511893653379	-0.004810162646713667	0.053767314837750727	0.014803182602895794	0.003856870297299821	-0.021375033192813975	0.013114606462159438	0.009340084639087755	-0.00859316233309037	0.026113946103996637	-0.012625458756214342	-0.009056993944458797	0.024712812558341474	0.03357728997248116	0.022592707291965913	0.014245917420454002	0.08308962158789093	0.013082019735681794	0.030271320760346002	-0.03684024160621398	-0.0027786424091929204	0.11717825604329939	0.011992993426534078	0.010394446714798174	0.050944402815240895	0.010165685535318627	-0.00021696747911905748	0.00848620020876947	-0.023141799136354117	-0.0067946477593953634	0.027596344486048037	-0.025012575610425945	-0.04867496251333585	0.012366405383643945	0.06820239996366273	0.020085585440048716	0.020210077318433415	0.045210744747418895	0.009562780482618482	-0.07042799533762369	-0.006839156723285884	-0.025096576262840356	0.018806119560721625	-0.05053996170322468	-0.004474658593090458	0.028127620694870566	0.041718387464567935	-0.0003131606893957183	0.01436223355051473	0.011656367262285071	-0.004912948192245476	-0.002769664949243517	0.008560626430415186	-0.010217139473253452	-0.0029434140120222106	0.011512321189715707	-0.001122530538068516	-0.004379588757972654	0.005848995080157224	-0.0046175231265846274	-0.0
2019.3.14.cow.skin.rump.19	-0.18696825322839086	-0.20054626820069707	0.044266007253370966	-0.06200379122512124	0.007053005719013666	0.010910148573447005	0.06542690234836032	0.019496797139230502	-0.061286018882792594	-0.0029526959381883052	-0.0020794260929289216	-0.02274424826706975	-0.007482901651026646	-0.00018395048395931154	-0.02496698478829047	-0.03477174914379897	-0.012016251484098009	-0.015346153872927143	-0.03142045953868005	-0.05738339732469244	0.028241823586775915	0.006669925316779357	-0.002188359070371526	0.004859889640395986	-0.006635494956091062	-0.06778851588791218	-0.02819486239296149	0.0151799625629584	0.00046567459519015445	-0.029871191548704257	0.0009739154259728262	0.007857793303296275	0.05820977260785091	-0.021429252020702026	-0.04178965014696064	0.04068932426949135	-0.07101383044295204	0.02322204584457152	-0.04536442827269802	0.03804873584760532	-0.03172611263183777	-0.006770331148879564	-0.014002596966587455	0.04694530957336594	0.058082632925104856	-0.0045427547090426705	0.013955832718567209	-0.00756833552786963	-0.026332381260211132	-0.026755684723096824	-0.02759235293552883	0.06139984520105316	-0.03088099941901693	-0.03421342217893268	0.07819174929688955	0.0677497821716154	-0.022181486666486692	-0.016227360113522035	-0.03624585101745168	0.0019769386925184112	0.015019455931368582	-0.008448187871233474	-0.016333691707497343	-0.03052610351848477	0.017698556513227614	-0.04786695836454705	0.0496511292436108	-0.006068159527815489	-0.0032260242725668333	0.04986068453628189	-0.015592226712427156	-0.05825378626397806	-0.05977751485274732	0.07067793614005057	-0.05539730910562797	-0.0051376677003907465	-0.05781118656699197	0.04902330218062238	-0.019149349887490872	-0.027712408463369278	0.02496833083977903	0.025469540572569237	-0.019634582529581866	0.0001538324962539298	0.018263928468486575	0.022080966437415486	0.02884543582117653	0.011811122069447162	0.011454329772238214	0.00983713849602221	-0.03337812190773759	-0.006477100320180685	0.015561285674999793	-0.009830881555387413	-0.014241143183980823	0.02356696303908804	-0.001623287092171891	0.0045554073790549585	-0.002412394706582294	0.014088023521325937	-0.003467704777206313	9.911294681130211e-05	-0.0
2019.3.14.cow.skin.rump.2	-0.14745545293391663	-0.22128059216047238	-0.006508051246757708	-0.1214500890307101	-0.018054816729054266	-0.06180986290740877	0.07006710885196622	0.094195085275712	0.04157405309930159	0.02925125587330207	0.026572586667350684	0.00036567828457380726	0.06520660632224258	0.03359967104088469	0.00178062365554808	0.012971125906308133	-0.045135365812382484	0.04476407737051579	0.029908181419650903	-0.011852960400197657	-0.010797669072284776	0.04448543385729321	0.05243245385928303	0.04182870757981284	-0.045022827529108245	-0.0005929004312523498	-0.008369495051317937	0.042956533519809846	-0.05783819385961833	-0.005541862664481612	0.01176473056135681	0.013961086666583513	0.0266617811284743	-0.022233939127152207	-0.014711672912065541	-0.0395649361226232	0.007800248687169536	0.030158827728285074	0.0016858423993675786	-0.07390769568619412	-0.014567038455024554	-0.015127703016232051	0.06148474702556143	-0.0867282240435264	0.043088331929712474	-0.05874065206971926	0.060273250444720004	-0.04335713891372311	-0.09683106528217413	0.026735449284056984	-0.048097779584755404	0.057460282442461805	-0.03461816420464241	0.01179509282154029	0.045198008209493455	-0.024246607944916013	-0.05169076038461741	-0.009843816430668385	-0.0014181485270932496	0.04822269962847288	0.008705855687083397	-0.038660970918202996	-0.02742199624586849	0.0019612526926750967	-0.060135402112119624	-0.024848722002719162	-0.004477459359465056	-0.011307704187650591	-0.0016042455264114882	0.04191715539165558	-0.017053892757661438	0.0799869305949375	0.022068442605782026	-0.03555505660938639	0.030332560106929564	0.01708387962256901	0.023377644263828726	-0.039160829022665294	-0.026736600596173655	0.014068345875405005	-0.01763266144858401	0.024256004330297464	-0.025428989166454762	0.02111259935784092	-0.009933179854459094	0.0332248681944957	0.00914063995140329	-0.013401284914729921	-0.012735258472335538	0.022408176571896386	0.01575150095810465	-0.0064405353878179495	-0.0018785251083368532	-0.0028778899332792835	-0.0014117379281258727	0.001264339079292157	4.3814772204520336e-05	-0.0029745020581597296	0.0025651613956090957	-0.006125041026451945	0.0040718584302876296	-0.0023078155311696837	-0.0
2019.3.14.cow.skin.rump.20	-0.1443980916814641	-0.21578615095584305	0.011800034449235657	-0.0577936184392074	0.056105037894280924	-0.03004286596219276	0.04451593417723603	0.05729963170268475	0.056945022488091884	-0.019608110167358278	-0.01702579044326345	0.026106811074677157	0.021315915748764683	-0.015908637559248085	-0.03781051424991408	0.02116154848685728	-0.015216807472546976	0.020580753908269127	0.012628290326182918	-0.00811370410454547	-0.034986258976746405	-0.04468317600558578	0.060480481118405455	0.02281079668798366	0.04389622229775955	-0.07121386822714922	-0.02029816032945702	0.045093798780488116	-0.003468237695187973	-0.02331640439565097	-0.08689631916602557	0.044588136894383096	0.027947826335550804	-0.012699683495378266	0.05147483061177323	0.08293179069747399	-0.037259134268832726	0.006472461101511112	0.10390687264505483	-0.003471665844190304	0.039345774069796606	0.019202370885512684	-0.10245440585868913	0.02098582723997192	-0.01706817652428514	-0.02317953843346112	0.03239033333160798	-0.037070765062769295	0.09275871119756048	-0.007768046734592073	0.018572357703086156	-0.010364088989568246	-0.04277353188990954	-0.010700865870314501	-0.0024828078791281076	0.024229529370467455	-0.0036553529611803946	-0.02566566923738028	0.001546905547478004	0.049776042184484524	-0.028214953264573114	0.013272381842287477	0.04630080559591807	0.03223130422987897	0.010187151766076485	0.052081121684878044	-0.07826131751864994	-0.00244858778356763	-0.04151168161268845	0.020922683609427128	0.02352464425964853	0.027044883294796356	0.0051893108308265256	0.005622422391077754	-0.001653162145381491	-0.01871276853337784	0.02200400790928227	0.03367264383889249	-0.010426233494732078	0.03536628271442715	0.055069821965129724	-0.02481103478994052	-0.04305415290806148	-0.00764671208318248	-0.0038400144195763065	0.0015776717473562638	-0.012319411990725603	-0.013824445456647625	-0.03285052252880431	0.02229403385737969	0.008329481004770031	-0.018867082352185573	-0.00042912799979215457	0.002676882268819025	-0.009243256061871196	0.00924352199569982	-0.0008107666152904735	-0.001779269371197381	-0.013883226421716941	0.0015382032984409982	0.002007455769717874	0.002036189749387787	-0.0
2019.3.14.cow.skin.rump.3	-0.06860603432968732	-0.22754138990389136	0.10910534071597579	0.03453286138569954	-0.0221054467781957	0.07762162495030131	-0.06620306096690184	-0.08547445861988523	-0.03280960217431701	-0.05547200199906654	-0.014647719693809791	0.13783080676916187	-0.013586365482937237	0.005982049851045328	-0.036186089529520724	0.043124848924057727	0.06932983939914701	0.018246161618144706	0.058360067721891215	-0.06988681392210609	-0.020540654280530514	0.06414049732944696	0.09940146559350295	0.04430271813057182	0.07090776194742761	-0.06883402026170404	-0.07158758267076001	-0.10788441815076961	-0.10593533426708511	0.030046994640596646	-0.045884855461764025	-0.09248135539227266	-0.0212125782708678	0.003278830254767942	0.06438336717628436	-0.030213819814704276	0.06753439784573159	0.011721429537502515	-0.00877213569658201	-0.019477196263364853	0.0297740511516671	0.06810605637943817	-0.01962491648780221	-0.03227859384158475	-0.06128923478185579	0.06874874455255384	-0.008159269229984086	-0.011246202391292398	-0.05229923641943811	-0.04361386077505763	0.021590686111882966	0.07155389558119014	0.015411872551392883	-0.002635569049759411	0.018880239128939717	-0.022122770595632862	-0.0394701933829438	-0.009820955151432916	-0.015769107610145397	-0.04981488949678874	-0.02488400291890039	-0.02002131965753117	-0.02631194295470814	-0.009350152995659541	0.010011212312851231	-0.022651757172964294	0.0064203098906838426	-0.008951201435585638	0.003371788568774793	0.011087996675271992	0.0034945408309838867	-0.027234216085676843	0.019485787398424884	0.017718178784216873	0.01410237513615183	0.009301206638723738	0.004288084714707806	0.02591637186640097	0.006124729101040901	0.03356441756382026	0.001018528855871253	-0.014352177678975927	0.004352703390139864	-0.022187285816643747	0.006916187795115427	-0.013432273101263515	0.0019947676493785368	0.005788406582295	-0.008458977229092527	-0.00986809376970221	0.0039135592394378416	0.00627597191811105	-0.008665093904823236	-0.0014455707739278753	-0.0015284431299530368	-0.008670228876274728	-0.0096589321140171	-0.007841755296810107	0.0029612641391070457	0.0025202690338135443	0.0009761580496067911	-0.0007986216286934896	-0.0
2019.3.14.cow.skin.rump.4	-0.1540581562375392	-0.192640183623007	0.07342085683888802	-0.023839018559869682	0.003582351099210746	0.010271397617993862	0.017020000037373924	-0.01112074954637626	-0.043909375546562754	-0.04070260674601933	-0.013163308204829968	-0.020462482657219103	-0.01352297454267296	0.03168647047987981	0.0016681647243082024	-0.06507889662209072	0.04009643438988235	-0.03159686007846869	0.004665934388491692	-0.03603377116820645	0.007729424742416745	0.0638720698617429	0.009498172748512654	0.014379403276625813	-0.059417833175725174	-0.024002327686163123	0.0007892991062798438	-0.027756541199208725	0.017568465024460744	0.1063184904961948	0.014832349592807059	-0.0361882659646242	0.005425453541730391	-0.033963453416596394	-0.08099322623834489	0.14034678282425353	0.042931359211421986	0.03765929736949484	-0.02439518786744726	-0.058068988410281255	0.028153794927258866	-0.03612544159907377	0.04495072777320915	-0.02127937253561874	0.009331455101540341	-0.03566724728306259	0.059176859273745504	0.022135232324864317	-0.026475041277922873	-0.03039050673059386	0.04123206267595465	-0.08848351443652702	0.005744164510242799	0.04523414899169888	0.04009106504491798	-0.049114084194419066	0.027119891031008286	-0.0014926466070001906	0.05834716221017192	-0.00413554003270806	-0.06520819263965509	0.06087403910700883	-0.0013218671975947648	-0.02273975840010932	-0.0009438455352836678	0.02987740954026351	0.041807533770814885	0.03693391695725971	-0.06853969216666242	-0.01560169448446853	0.01901751527873818	-0.011155619185895194	-0.007861505958869962	-0.017476783623487945	-0.009925239919221587	-0.0017443618263329505	0.022698550825012334	0.0017613915944975395	-0.0066345112697350555	-0.03332225256064258	0.0358426765238103	-0.013090243826548656	0.019420778334187	-0.01643704438256781	-0.01046135064713524	-0.0115396647979545	0.023461220775379946	0.022730121132120806	-0.026154627151934944	0.006656208972603458	0.006327258435656708	-0.006727523696001214	0.005380901964570156	-0.008242512859705094	-0.005028799735186915	-0.011202948998702819	0.009667651797427809	0.0076411503842704395	0.0038053356475125357	-0.0020135544490967228	-0.004772010355296178	0.0013563385787571352	-0.0
2019.3.14.cow.skin.rump.5	-0.10130015936163574	-0.19631592790770971	-0.010885532566126859	-0.045737958336145246	0.006860768640206565	-0.052463716463773666	0.003866695614112949	0.07477587269926374	0.057435417693990444	-0.00805072476345813	-0.06185989520020529	0.002089524255573406	0.012287647627390874	0.028164506282231324	0.024277312337626526	0.0031608401220975667	0.06794098299338143	0.013806689301022138	0.08271477181202166	0.11406964444103133	-0.06858807831540706	0.009879994537504332	-0.1301665063246341	-0.04956291477292575	0.004844247571260166	0.09353487967178183	0.0005483343598944924	0.03206674391064749	0.0396913354513266	0.034569460259331455	0.004463189538592834	-0.07903221576977469	-0.07466256190555583	0.01786024605346583	-0.042594088996078125	0.01883927373320043	0.0067630691723636945	0.01108304588230333	-0.04976226629304383	0.012577799042554958	0.014238294299473916	0.05485419218377438	-0.02621798269461004	-0.03869818429197947	0.08201748601731428	0.01821714546959875	-0.028839260679227947	-0.028773273847092797	0.07377834003577771	0.022965045004022234	-0.07513097455200304	0.06663287564118621	0.0266075515527085	0.0016834470090999623	0.058303082823188454	0.020459181376386505	0.03063877982252178	-0.004349248867796276	-0.022337228280303417	-0.023266121487165628	-0.04585894609237056	-0.007779014957932657	-0.0650812327828477	-0.018834708368535357	0.049094935017455786	-0.004621426981872599	-0.04571272167689782	0.010946777463525952	0.011605027354066072	0.0013804578715230756	0.021804084840779572	-0.017298702630810885	-0.000775672788888715	-0.015837574159120554	-0.01057816415344086	0.05155056872311933	0.016439365770340088	-0.006600580537141979	0.0012702704557920517	0.02132588102011501	0.017732311762625484	-0.02162055642401042	0.001671126572560024	-0.013755183953938542	-0.0031911267672610393	0.01600520183159858	-0.00810227101768188	0.012784620859278057	-0.03161432670810622	-0.001402130187571062	-0.0013000997269269122	0.0030198104655045767	-0.009654212934685125	-0.007744390297413176	-0.0018511052995345335	0.0041816395567861615	0.008822669274800545	-0.006012918480377519	0.002546849457901822	0.00599951883353473	-0.0026974575316809283	0.0020193567315172647	-0.0
2019.3.14.cow.skin.rump.6	-0.18744940404076163	-0.17520925422878755	0.003501282110993926	-0.07499486369219803	-0.0768702292165967	-0.05203278286696882	-0.0010344159558169526	-0.020950258781384887	-0.050073730444129126	0.01622633635072132	-0.020223310092585198	0.012184871923154686	-0.006880536964210547	-0.020901277699136717	0.030090018481475713	0.017485764028524316	-0.029259480422636805	-0.024455850403575754	-0.019240928837787684	0.006328046892301239	0.03299861371890093	0.010821217193426913	0.05235168729490473	-0.06304088514891376	0.03767509993740584	0.010745079122685642	0.004570445684421552	0.016974027381782313	-0.05711485721356554	-0.04536718885402517	-0.009920609730910818	0.05782136326724319	-0.012505437317507086	0.053407410368963654	-0.010254179372737794	-0.04644966800263689	0.06967058986897094	-0.04096744640572402	0.009349952755852362	-0.01540136327696361	-0.04167287482894625	0.018087729083165464	0.005521801406463925	-0.007014956968781049	0.005000622952378081	-7.40733546982557e-05	-0.012342144269753068	-0.06621100386437993	-0.034864978229231694	0.004623484071833123	0.06314351966868617	-0.07283179814653142	-0.06380178184243619	0.023454441400317817	-0.027865882415858585	0.03139538283091895	0.014711812282757773	0.025429344441481268	-0.00964393905417095	-0.022072129546170834	0.007110964160682887	0.06920932769609885	-0.007856145706919103	0.013776613821990002	0.058159867123616635	-0.044164891967025804	-0.05595585956116596	-0.03172402057340198	0.012785245473721863	-0.024325988136855374	0.020504328670635084	-0.01249947372559823	-0.025112874603380242	-0.05204558113853395	-0.0743623374827287	0.049991507451948684	-0.04762009013149127	-0.003288877831524496	-0.029796354099056937	-0.006668195229239378	-0.03034435303854701	0.0017720304813009784	0.024840334672212944	-0.018852028068176634	0.007252070426366436	0.034103898716044086	0.02718660754136333	-0.004040131947950742	-0.0363061593679316	0.015630175911755306	0.010677164113985829	-0.026641808353468698	-0.010471160367401203	-0.011717413170785326	0.02185731755508888	-0.016324689066263803	0.002385109752742183	0.00784989448555324	-0.011703796459844113	0.012749154938915614	-0.014284141142977784	-0.0036013495627505022	-0.0
2019.3.14.cow.skin.rump.7	-0.034095372685795176	-0.1640255749267255	0.02821709180567016	0.09089882786875361	0.013520983418613308	0.004634994833396055	-0.05863105413725243	-0.07544426327516532	0.0011092402144978134	-0.03427898385252438	0.002377271539163015	-0.021924691021744137	-0.055129124547107826	0.03409437829812901	0.03382346229455532	-0.0508572340867072	-0.08279873179936341	-0.09210011429663363	0.05690649241481047	-0.07754566388485791	0.0628400432533281	-0.011187576028610329	0.04711623079222783	0.04213532528224465	-0.0195093732321402	-0.03013748405381979	0.05684154642615151	-0.05049869341555406	0.001579205618026128	0.026976644884155146	-0.008072251501375258	-0.08163438262568623	-0.01360124474962196	0.1389439483878878	-0.05013934411449218	-0.025617763246670804	-0.0626391002201973	-0.08068303119233294	0.07587993023347293	-0.008695672076522203	-0.018786282214507993	-0.036241244834068154	-0.034842116518198595	0.021725974938998548	0.05437000879452218	-0.01069638378017649	-0.03379228211510222	0.006320419674084116	0.012357661335740245	0.03138948956316076	-0.015333449860468794	0.07153034813675001	0.023517316397299134	0.026906376458964747	0.004640574750840758	0.0560773104352898	0.021302051067836128	0.024178521607548655	0.05554067739781402	-0.00910705724865785	0.0013324834257581004	0.02554401143890605	0.009918374225392636	-0.03448443679357451	-0.06662435293693016	0.015705932278148853	-0.023715178523368224	0.05147866530434021	0.01511110255801354	-0.008236558784454404	-0.0380536562481952	-0.01984939290170933	0.016429910758433572	-0.035177112319684366	0.010980011473420051	-0.010136744947536512	-0.03278109046268011	-0.031894254917940824	-0.020318180385571788	0.003120135566854171	-0.005647948465410363	-0.029897327798491368	-0.014963781786497552	0.02364408486110653	-0.009736217404256786	-0.0015783565552701957	0.0015858348360064437	-0.011653489266154851	-0.017563594993974224	-0.0014411136897837218	0.001804286901543493	-0.0022222909907237626	-0.0026171715675760918	-0.0032547483347972494	-0.014013393465730264	-0.0016616721643328127	0.0032350391853196	0.004473006782219394	-0.018804385309954378	-0.0035139400474662953	0.002845116615243935	-0.00836550062974779	-0.0
2019.3.14.cow.skin.rump.8	-0.1883429896680436	-0.17210470170834646	-0.03847349018710645	-0.16438176296541518	-0.009713939036812315	-0.07578635746855637	0.09011580460458683	0.06470747175208107	0.057829361250013776	0.10210032858265472	-0.06239091970306938	0.03812874040280356	-0.019823051474535617	-0.0337484959094885	0.0409474310515739	0.02172732620217927	-0.010211843315382824	0.023728383516661237	0.022042309779822213	0.035696760059515054	0.024168825508763425	0.0028323770844745446	-0.03961390201835593	0.01880460920775769	0.07740980922520418	-0.07534127789922966	0.051935922443457516	-0.026540320805534954	0.016157305777687838	-0.024685164678072323	0.03993074784300387	0.004854742659779298	-0.045592055806937835	-0.025127963574184085	0.041457671509845764	-0.029949214087517342	-0.06868640126045879	0.003102597493083975	0.06490777810244645	0.04690343542117703	-0.010274989393385156	0.015330629936693319	0.07002507261090987	-0.06310580089381411	-0.043793129440889894	0.02136815199286867	-0.023468020548364464	-0.018324518781089424	-0.02011915632068604	-0.07354334284078641	0.06001021263284481	-0.04268645688458505	0.08820729412772987	0.009578945671735626	0.04354902544226947	0.020062473248675158	0.054769906486464674	0.009757686617800866	-0.012885025866082285	0.010965666763638547	-0.02194205497609765	-0.058912327471006685	0.04434769579484602	-0.06522356139560379	0.029932251848170745	-0.009869792474839352	0.02231823286311935	0.059685411350177305	0.017067345673572876	-0.012844485136561449	0.025189951864168027	0.00015971264299002188	0.03538978925661101	-0.016074118377511916	-0.005475162983964713	-0.06056309977379534	-0.032413420632578495	-0.020139823852413873	-0.023680708722009246	-0.016240434525261315	0.0041313370216336355	0.01749240078483058	0.006327362112486127	-0.0012955548137268081	-0.018580833564356313	0.012859984044603855	-0.014356755237522839	0.0035607567090910693	-0.0010068091296940467	0.006037892252694391	-0.006383864171651814	0.006622976120427324	0.001060429991595779	-0.0029000602439599706	0.00014144225165791036	0.0030037896944199974	0.0017297051425636228	-0.008336818229282766	-0.004150678921251513	-0.008456443812955829	-0.002011829954933506	8.827547873253924e-05	-0.0
2019.3.14.cow.skin.rump.8.rep	-0.14617567725771016	-0.2099305909074714	-0.031463749777763214	-0.14074927878589277	0.019164792561100964	-0.04575005911334901	0.0579804573386557	0.05241254414662466	0.06574093131951621	0.038272489297801006	0.019565827645559683	0.04422951775441362	0.043166904660439376	-0.0242528158641935	0.07941213005447853	-0.018089394235713357	-0.0386777421942206	0.008340070233499686	0.03110942907234669	0.02160855220082215	-0.11841180642175221	0.03505549806123471	0.028710368708224465	0.025968400872072115	-0.06472355630041908	0.0394312151761356	0.04087995406346905	0.030979980069769302	0.06366050915175983	0.0524868053248338	-0.03041842987557899	-0.038019409505637675	0.00016146164524829062	0.03639012606794159	-0.06138318813015215	-0.036255777645024814	0.09231784563791812	-0.01659786077550627	-0.04688618834768572	0.04431264813580926	0.01464249689017834	0.007830170450901022	-0.05027374973453507	0.0066977565546398376	0.015895196656028548	0.1072357695442915	0.01709965142984847	-0.0034838395960802818	-0.018390713225784446	-0.0027447550388711244	0.07027937936088142	-0.01814885821272396	0.05216464537498184	-0.06617173344550728	-0.012486903487729526	0.007223650243817538	-0.06692652528796202	0.0013665504727569553	-0.01399687515688788	0.06483053591574911	0.055144232034515794	0.05627968222149455	0.07563646176435258	0.002033533420489353	-0.052801308512654146	0.015756051554872284	0.010300596101894606	-0.0004693921285078538	0.02458913311265137	-0.026928543298242253	-0.020403535832353402	-0.008867070717169964	0.014429777986858884	0.04063248586801164	0.004137638134305478	0.0013611785479384735	0.009156968207445354	0.016118032351001944	-0.024626042058812386	-0.0044011509624737365	0.0010286616826752709	-0.002710237111045037	0.013171822064740728	0.005361331060122911	0.022693240930801335	-0.006058360676269046	-0.0013195477552375378	0.019849440902775274	0.018728747785618928	-0.0026239177243336255	-0.0035232211514820318	-0.011376217803295079	-5.531270827044952e-05	0.006586437737363513	0.0075361031825024296	0.003676926907382772	-0.004266371528899953	0.0020403427655021566	-0.0026488073976627057	0.005182818787325496	-0.004122163127657603	-0.00010718534308769307	-0.0
2019.3.14.cow.skin.rump.9	-0.2172272942312353	-0.1424800567344913	0.0033202074045288127	-0.06295767647232889	-0.0384864202998459	0.04520806572744891	0.02439349376780902	-0.019018717019562915	-0.0218989599198483	0.11018249269563138	-0.018476147026415313	-0.01035780303391015	0.005771033661699505	-0.07080312761301641	0.09588081114999791	0.007353217064351318	0.03113270788446929	0.03551491669309396	-0.05900376746117598	0.004900354839928579	0.07198992053797097	0.004708496307306889	-0.031106259724732913	0.009869230564340475	0.07324323192273031	0.030362827108486038	-0.040303883386707935	0.035097819931027334	0.02375807442277709	-0.025352195365560045	0.05148743472522379	-0.007931268315634031	-0.01146161261043292	0.02022245635560473	-0.007916787106887212	-0.024708408067247337	-0.013582574762948153	-0.019628478450288492	0.09751957208283282	-0.05936687461310277	0.039436969867119295	0.03606827899950538	-0.04166106780350013	0.024406954896711897	-0.010809849332929954	0.006517476880191969	0.0056007890762522425	-0.03170990746395893	0.008052741256746815	0.020163069678932933	0.00564361735532202	0.026475662341036287	-0.006720860676355351	-0.023983522370084515	-0.005647679001401023	0.01877592095764293	-0.0022458098097741202	-0.01127412083217809	0.015188472908143898	0.022110652866351145	-0.0767989428527613	0.010625281062673176	-0.02634838011202741	-0.028139099528841912	-0.08815334188365649	0.03374071648726415	0.03012648102194695	-0.03731139690799181	-0.014024158459629545	0.0186785950887496	-0.016339383760079616	0.02275401005742758	-0.03408446434604476	0.0024436412299081996	-0.003694170164226803	0.04523754679909792	0.014592693593410158	0.023082499611233553	0.036353367045531534	-0.03248279135242898	-0.00010809541361828699	0.05765218733275096	0.08104886278579589	-0.024685211690857453	-0.004813921451948922	-0.051877841444072745	-0.010840100915445676	-0.01995338016234349	0.0024420676826895503	-0.016068155331913452	-0.008167594295516325	0.021382538417714616	0.006342547735351261	-0.0066997532076012185	0.008135615270209073	0.00258118475581866	2.306272830825315e-05	0.01695599343679345	0.000746412975113667	0.004650722044541751	0.0065749576882204105	0.0035481599220406187	-0.0
2019.3.14.cow.udder.1	-0.1756956483363817	-0.1489977715340923	0.10805667351716718	0.04639728381821196	0.04395162721577409	0.0295858906720819	-0.036152470443752645	-0.014602495579715467	-0.042798378461362516	-0.08454122732588652	-0.015041677331055034	-0.0683278085357176	0.014537132473791221	-0.004881566097477438	-0.027515678422220934	0.010872446628121838	0.039313697091815154	0.045051963727067684	-0.0037493149942967423	0.052919552636639014	-0.04246019085564409	0.010056206342951516	0.05868904095611007	-0.010149819951960022	-0.021920912724674647	0.01815156887750089	-0.040198004502525635	0.005642306010516527	0.022933448423680194	-0.06530527304170249	-0.009472349121334826	0.02113302057490947	0.00591062783482209	-0.015851269534882247	-0.043569278643632484	0.009001104035922164	0.012260552504521002	0.05957189145321736	-0.04033076676765593	0.057513658538828914	-0.021490804945630312	-0.004738468900309965	0.02285008853969447	0.02996367904854079	0.023233601689426404	0.06911567738506287	-0.05568406791340926	0.012491409552072414	-0.0221542688304908	-0.06529042845955692	0.03086379388261085	0.03923972635046189	-0.021348650915509502	0.019815705247864145	0.009117859928518835	-0.004517600423922237	-0.001990157007169898	0.03347919430226406	-0.009757573506985985	0.06945871614201188	-0.02157582799431931	-0.019569032560560497	0.008435801601638105	-0.006011917180251079	-0.0009414691607162651	0.005337692391407347	-0.04975951122924029	-0.005524481847605159	-0.01905105388136969	0.007211137044574944	-0.052885401264538764	0.0228785264338008	-0.033624695775557635	-0.11519127833637187	0.007461551596112871	-0.048742933484213	-0.03583461066163425	-0.0015391092403250295	0.08154732903976447	-0.047981686753261976	-0.01589189538266072	-0.02514149400110145	-0.0026289646429573242	-0.001087474894308261	-0.02498927138299236	-0.02791222511422703	-0.013889514029064886	-0.0041475576162783995	0.012231958602222445	0.0048384168697030525	0.012991245916274085	0.01101025534809482	0.0023548553001790373	0.011887952010627518	-0.008378018105638489	0.012032130093689754	-0.0043333353754966795	-0.0009617466743329146	-0.006525836380417354	0.017148791501899335	0.0028088375115640028	0.0037867949284429016	-0.0
2019.3.14.cow.udder.10	-0.1491323255649765	-0.17477905628246274	0.0831155497707695	0.029801514881147573	-0.050849507254965585	0.055561957320543046	-0.0329087205460205	-0.006331096603610098	-0.015175617266975557	-0.054629206959540676	-0.08071376196021404	-0.035425117437171555	-0.047727797682793525	-0.023028201937200714	0.004709723125952599	-0.0047128497273990905	-0.00014420254361807716	0.02148971522411542	-0.0529891880416107	-0.011552689148033831	0.0029892062200938025	0.02591733369378931	-0.055367257255469635	0.059289924547033836	-0.0318757782272534	-0.012894018025572078	-0.015324070919927902	-0.06931542133205128	0.032311185448024284	-0.04179661616729186	0.011558285042895798	0.005486871002778721	0.004482474323315283	-0.04283064866142746	-0.002457520683041079	0.04195250280910153	-0.040938033039208906	0.026787051525808098	-0.007216225065452976	-0.027634638615994245	0.07667997094440743	-0.005879067424526961	0.027041778743825497	-0.0678245667357477	-0.06315830060836566	0.0046229901935586565	0.03972324519230893	0.0013830233261715563	-0.02638910733026888	0.1127981825870961	0.02339427186857999	0.04207114105149418	-0.012570350037795525	0.011164534955544847	-0.04382283454516499	0.056551587954316036	-0.02907307545130941	-0.02320152801154487	0.01623769520816961	0.04311271900553465	0.047124573403978735	0.009996306697645944	0.0001137186043000304	0.01848035573047176	0.033109500165551906	-0.016798734156381483	-0.0922499698877368	0.056442990195537036	0.0462936725685494	-0.03950388853514649	0.028844497957847232	-0.024027901406383872	-0.06631285916294728	-0.0037645842730918795	-0.0051096544084300935	-0.015185346823328364	0.02655073325979303	-0.029888891217007583	-0.0058153535657791185	-0.01122198112833827	0.011358121567969526	0.026808942160365817	0.013422612041003267	0.024043309534441882	0.019619107446009133	0.000361227582126715	-0.016930273348528972	0.019115774481553167	0.014685547947898081	-0.04829893834312297	-0.01648741828912122	3.687848368019739e-05	-0.005226300648975637	-0.0015099906776135361	0.010327371849254415	-0.0025650435947730563	-0.0018258617040947185	-0.005522814334276432	0.008214542894327898	-0.006022796495090489	0.0009304593713894776	3.5578474726768174e-05	-0.0
2019.3.14.cow.udder.12	-0.14472100320678222	-0.15674417535299656	0.08564945446062112	0.06441700817148083	0.0490151104797643	0.027922913470662444	-0.030158481186054267	0.0016507726449348508	-0.028633681992535652	-0.046884156098415765	0.03729801251671163	-0.0535676121950586	-0.0437400947331639	0.01816451793426362	-0.0400000002402742	0.011608494740756458	0.0006656293309249633	-0.0680507776650035	0.03236231135814599	-0.04473962013509612	-0.024539946480652355	-0.07597443715030792	-0.010450775638867904	0.04184894600335733	-0.013872572893710782	0.015854629534505928	-0.014358380266919202	0.056140976573878815	0.02275442976614161	0.026757346143743605	-0.0019530410663535567	0.026497662734167204	0.04322925919175779	0.0011650650922831781	-0.05419235218279066	-0.1381846232687821	-0.06970267035825212	-0.022311498083395484	0.011609779671823717	0.015854899095528573	-0.01625113314528998	0.03293672263262258	0.006915100087546092	-0.08573640284346022	0.023018466798209777	-0.029235389008594796	0.06970614159547493	-0.010523560572025853	-1.3743684942870156e-06	-0.04615063816474811	-0.03818523321638024	-0.045229523106538334	0.019017518252084673	-0.019664704793159755	-0.053634232022462175	-0.05559170442346078	0.034614991806989265	0.03975214674961446	-0.035175290634267484	0.056916984708403645	-0.03036416997940251	0.009132230498903623	0.01147980538224734	0.010510159063975164	-0.005730814597773381	-0.0914255663301525	-0.041396868540894124	-0.01772527690528602	-0.04056977025933315	0.015382116180499266	0.025113833989382838	-0.05814278139516968	0.0010400145978013684	0.024112599541322683	0.016100015595659867	-0.014699103886819255	0.007599969292112941	0.019224530247212247	0.017296844008158823	0.03618723973866675	0.003750344368677598	-0.02581693971197763	0.03578745935598344	-0.021779340832477193	-0.008542136245597047	-0.02282736540044417	0.002036347930115198	0.0030785910428374193	0.008165375722115419	-0.01677821732808688	-0.014165873619126154	0.01574742337264449	0.012448448209844904	-0.010837086478405807	0.002871559642132052	-0.01183935759853038	0.0029961318210737953	-0.0026763673148594465	0.004877054532859937	-0.020077535633026545	-0.0019624291125030315	0.003814984087489832	-0.0
2019.3.14.cow.udder.13	-0.1701748675917485	-0.14429041009749485	0.07526583116924378	0.02894120932346076	0.010339349966699649	-0.003131239590513389	-0.06349930103190343	-0.0455496118807338	-0.026565505182821192	-0.05045495757406698	0.007892279793365868	-0.03632378151966627	-0.009530263029045772	-0.010885996335133331	-0.0378385530606404	0.009444592714292667	0.016265567182696703	0.03610507872067582	0.03200725665086806	-0.004838910529958889	-0.040333961910199105	-0.026552121889134812	0.07331333670365975	-0.07223703052117278	-0.0335138782489076	0.05122735835041581	-0.017964730141637596	0.11013064053617837	0.04275866648845	-0.08137968911332033	0.0023022823779232345	-0.006096342828492305	0.022172201246909027	0.08802397823740353	-0.011350099732566923	0.008195788822239567	0.026446388350087047	0.04037541780515465	0.03899624902570569	-0.05785566910775687	0.008914237786161096	-0.003335703568777972	0.01796125481754203	-0.0220928347507021	-0.03282463849905986	-0.015729235993799225	-0.007865734313991861	-0.026699412891272943	-0.005706131524242326	-0.0816368958156533	-0.020971814108514005	-0.03708088281343839	-0.001971160749496164	0.05877891948171074	-0.03602829692160273	0.01825603812305054	0.011855489824266076	0.00368440102646733	0.05372881028240428	-0.00686000710500941	0.05457019658649487	-0.07182159547882583	-0.08265737117611899	-0.028422418781733086	-0.013464635773842226	0.027396742912576072	-0.0003127727301493949	0.029843255377306532	0.04510940728933571	-0.035750177613956366	0.007655629929238505	-0.019147193207584994	0.05700729375461733	0.06264480638953256	-0.010851803939326886	0.010631087571911316	0.022296692652207857	0.038213602971642585	-0.020796221525018994	-0.05986109335093867	0.021209833926904856	-0.002267640034023544	-0.006508645380091916	0.004608364863939936	0.02292222740516667	0.006614067140889065	-0.025103844140719662	-0.0021539772604774283	0.011581134132086794	0.002886325148907081	-0.003547568009490703	0.0018612302223209726	-0.0020964244959500184	0.018911100198384177	0.004731101999470404	0.012810907413149896	-0.007559754662194848	-0.007771350452080341	0.006245750431191457	0.0019769772145564932	-0.0035188902450703813	0.003801401902605603	-0.0
2019.3.14.cow.udder.14	-0.09161506290730775	-0.14047921519101403	0.07408144890136516	0.0867169109762201	0.02978584078007015	0.06549687910581711	-0.10572059134666051	-0.021204061624368734	-0.03119804513423677	0.09180260556337363	-0.016927687318063406	-0.08347946388545324	0.0024384828279824826	-0.06874812157489364	-0.09829803194245418	-0.019271132797737896	0.002511399371889393	0.009900039831433838	0.02709377035749733	-0.03386515710948932	0.0069438706101039764	0.004153553117006648	-0.0322552433315241	0.005163292956135899	-0.0058099138169341235	-0.0016078437194913758	0.1068651464525132	0.10908871008073563	0.022566517983838626	0.13931611622489254	0.016507486875364488	0.06278979772851419	0.026715711557824626	0.01956746777471093	0.031223912726284195	0.05257227383673914	0.01961759127001657	-0.00399829594028831	-0.013876746466437495	0.007430501357121345	0.029154023196927746	-0.00841978443274696	-0.018528803930946417	-0.01926283098424974	-0.029644418868421448	-0.01498641247598262	0.008083634818466042	0.040358262662170644	-0.014567617754031172	0.02069229615633501	0.02755752193486893	-0.003326632135320684	0.08168188085824413	-0.003295358192778806	0.037038954620154406	0.08737910200433617	-0.059071988638218734	0.01982381805583143	-0.013305941420706614	-0.06553057537843854	0.040056637572353844	-0.0657298553623312	-0.00420268429172498	-0.02052747073570968	0.009887068968019275	-0.00765163981481496	-0.036788388678888694	-0.05873175636262007	-0.018120092963147306	-0.0014567059468682793	0.005215199113244432	0.03753605430592482	0.0024079418215292745	-0.01728952659278495	-0.014376526504401375	-0.0195123124796487	-0.005785693533701583	0.023821991795468733	0.02024473330063446	0.029501549246280248	-0.031663704041397275	0.0036172511507238953	0.014398654516758506	-0.0003622734961634787	-0.0076369330776099534	-0.015743927854443788	0.03116457969265293	-0.022298905104060143	-0.008028158027270861	0.005674742700163302	0.012172184766505719	0.006393378346488966	-0.003484749562465659	-0.00522412904695408	0.0027878739702330278	-0.01593801501490269	-0.0038848347716909284	0.002041708820172471	0.003819548260614511	0.0038009072713392953	-0.0011051982887786897	0.004052685716091703	-0.0
2019.3.14.cow.udder.15	-0.17954085970544667	-0.14081477538260834	0.07372137973271475	0.04509326235119396	0.020915793142193526	0.05951699699799129	-0.057632507731655847	-0.018969483878489353	-0.05898299106240816	0.04115531319435544	-0.06905711245847658	-0.003091211318637271	-0.022245537122631293	0.0359339049040462	-0.08302093696802443	0.055038029863966664	-0.009065500194780233	-0.03526416059791373	-0.03840251195655348	-0.044586895353787535	0.0032645533461085193	0.0036211977248319215	-0.05098276798933263	-0.06653007590461393	0.019455631339994915	0.0695161151486483	-0.03829187108616308	0.056582478901806184	0.005745908486091193	0.04029888223172249	0.0105850237804891	-0.015033658981835625	0.025162196649358183	0.0006036951029602316	0.09364557230249634	-0.011976164690918495	0.04222350005037493	-0.03858915230961449	-0.03655697488495596	-0.0012742449585268383	-0.058334740845334056	0.0455463304898655	-0.028172877632850885	-0.03555128023668415	0.035921888928156724	0.008389528758590318	0.09048784416304557	0.04738702951454737	0.031256110098361156	0.01418325766688853	0.08403823886151056	-0.010883247123091466	-0.09625041646140879	-0.04031103594375197	0.020568418527579246	-0.0035939243462696975	0.04959712522715012	0.0011282006498427308	-0.014583118811221412	0.0013842949999456732	-0.00969999624287197	-0.03088396115255681	0.019620784727831436	0.010662882719243216	-0.003955310288274503	0.06274821355611614	0.02364081937238423	0.020715379784179522	0.02109575415056814	0.0018904812147667671	-0.057760092208688905	-0.03564067202199696	0.013640520361141984	-0.005600778432883374	0.049552927728889085	-0.019715913139024762	-0.021533168587070356	-0.07191184921876624	-0.022493932836739314	-0.003597208965011178	0.015442184328013291	0.0321604411626312	0.010942176458309952	-0.009936232979105546	-0.001852302695359552	0.03424560936570036	-0.01015929058707697	-0.0031671883697698563	0.005659485831503646	-0.007155017941561211	-0.00250512812289496	0.00328962360877891	-0.010337399908334098	0.0036940709799082286	-0.02461686768362532	0.01158706246367678	-0.0024349956234266563	-0.006824621642663988	-0.0016426484051026463	0.004953565745429383	0.00376214596413936	-0.0005346154094681394	-0.0
2019.3.14.cow.udder.19	-0.21139855679623476	-0.08592918194916643	0.08804835134963794	0.06981767134211805	0.09027259801965093	0.10136744399886627	0.05687416686703904	0.014369763143313534	-0.014259566207290714	0.0030540239297471945	0.015485453646135123	-0.048416691801943135	-0.06437105530670321	-0.01087662526432931	-0.03633246301779288	0.03662354114508759	-0.04931015147103662	0.018731606995587048	0.03324286146802664	0.030434135194275378	-0.04530929177229241	-0.019867766235311255	-0.045810752505802174	0.03779421717298506	-0.07128658478277457	-0.00392080721894951	-0.04676489328792608	-0.005158001932170873	0.0901936409974197	-0.04045826218455708	0.0234265141316633	-0.0028097660127113797	-0.018292282651595267	-0.018369160348990915	0.00993243874899453	0.025565928231801344	0.0332784152245956	-0.0071924430994797115	0.016028655454304524	0.017378168614603118	-0.0210815995255025	0.04963703184325772	0.008582142150239848	0.02794096780538944	0.015372364022859086	0.008386778975069117	-0.01446324468040521	0.020958761739795106	-0.025729019379162874	-0.03891184605190386	-0.021230648786877023	0.010013463888965917	-0.03868604576802313	0.02518534133165184	-0.019361806229947178	-0.0213658200795766	-0.011674970392513735	-0.0881774769701481	0.003193663648905859	-0.04115719376160161	-0.01431157063856689	0.011205238714516867	0.03359018964124558	-0.005571274942174834	0.01506096234297288	-0.005823872700452412	0.03325351771885248	0.03945482370820965	-0.02067558219948626	-0.019193241688637983	0.027067729546965683	-0.00013048848605262244	-0.009441067966159995	-0.03140057511313087	-0.019738498057931368	0.02531955135929509	-0.01810516277289569	0.014877296457402812	-0.08028004068455293	0.05420699714510465	-0.07137398375213688	0.03201529355607034	-0.012079804695553694	0.01036086061532596	0.030441673462036998	-0.05984601109654068	-0.02931069399884895	-0.05783391392518551	0.00899884556821926	0.022506596230110205	0.008537487517813459	-0.0002902639524226567	0.005748215382023339	-0.0023458746183546773	-0.0062952737281714135	-0.007262371000572752	0.010190254037950408	0.0005074191652489328	-0.006548361790281021	-0.018189616604008123	0.0065046811081449	-0.0068421578160591445	-0.0
2019.3.14.cow.udder.20	-0.21963449988430278	-0.10454588655594248	0.09247075749971499	0.026827140523697682	0.08816230297173112	0.10230897611382425	0.06766042578702683	0.015586019483570492	-0.04888207575148687	0.02161623013526829	0.04119034290467684	-0.015178379238343318	-0.08642222754808096	-0.07884315815409776	-0.0019475880415791849	-0.041045049574141186	-0.025843882726457768	0.03551714543106016	0.01646955337316331	0.06962228351840945	-0.0007830845591231158	-0.08045430113022495	-0.07288423107470231	0.05373962846720712	-0.02678737871938496	-0.026528606520313563	-0.03719093414843544	-0.0056642956867497575	0.06426052944150036	-0.01521249246547336	-0.055210644668896885	-0.0018510993209953914	0.0010569483101505012	-0.047814453192875715	0.010881778775854827	-0.05780223545378661	0.020497066290425397	0.012797915099199125	0.07160323710857247	-0.011149675746590239	-0.033552030205319334	0.0626741644754378	-0.03209645565540018	0.05420018546283688	-0.07122275884690005	-0.02914870223535707	0.007463185661954191	0.051093311610716986	-0.015480564661747968	-0.010100703648960142	-0.04317210155504809	0.01917375171611478	-0.022081986879572888	-0.024399656392447455	0.004023455810326548	-0.008311774991967693	-0.02110514556718021	0.016398052401569392	0.007918793602255893	-0.02541645087142103	0.006835541126876982	0.03242017013950606	-0.034656904160115236	0.0007822157166090486	-0.012238543726405654	0.0009222893975059663	0.04958633472531747	0.00677549513490047	0.03864654366082865	-0.027715046647238666	-0.009539060144921424	0.025265782928835766	0.03186768272922322	-0.019813691334060576	-0.025669391601738378	-0.03255864725815323	0.028647976078745828	-0.04112123368498122	0.03361460049945004	-0.0014639148294111868	0.0016134505691459615	-0.03652355638546159	0.0019081002124973138	0.0013320651703492908	3.083526127396232e-05	0.053880894912880846	0.05781252198324574	0.06309533120371393	-0.015193419103834658	0.005975371595486498	0.007486217366815634	-0.011325938994458754	-0.0004988569524070512	0.0014359489651723705	0.016776322501043082	-0.0021563090975765145	0.005033687214343648	0.01970099204619177	0.0006778333748150238	0.008976404076933373	-0.013213128145542584	5.453869833188285e-05	-0.0
2019.3.14.cow.udder.4	-0.18415698241295347	-0.17379337446798465	0.052136906024217305	-0.02767086833946191	-0.0016217684034791533	0.011571861337854447	0.003227422106136471	-0.02303512300857435	-0.06466730333900755	0.03369397818913615	-0.0562253549832131	-0.03884808210042701	-0.011591964932266687	0.009119920349242286	0.002097643498348427	-0.044167170078168345	0.02289314203801405	0.031220476124989554	-0.03620935617651617	0.047210427213752564	0.047866378172511694	-0.041660937389673615	-0.08370964653594845	0.03734604339558732	0.03459225681805731	0.04465794728581062	0.08067806838880938	0.01139644570092485	-0.06487714419137688	-0.03217605097753492	-0.0019948280671578016	0.02820542798985131	-0.0037024019054764773	0.03179626110650221	-0.04568288451365919	-0.05384750961371142	0.0055375791536266	0.04090921586071775	-0.04170752256507271	-0.03297906553843405	-0.03506258291128798	-0.03171331472209791	0.018921963572603513	-0.039365669231685003	-0.017437044476329433	0.028705487425379633	-0.020512068801510953	-0.06052078852523498	-0.01549056817671931	-0.02034860564522803	0.014787404881023456	-0.012050840575071064	-0.046093247994511914	0.01018743138647306	-0.06590784652767194	0.007295002352462048	-0.02782434443882686	-0.023232290396180192	-0.03436426958643215	-0.0901080951129163	0.00950933941283687	0.028282877657497804	0.04667127180871549	-0.03309225901010373	-0.000911968850135033	0.04457768697172935	0.03578426862851631	0.04167097404016377	-0.010180813827279313	0.011038593002031298	-0.007106248040322903	0.05018496767915303	-0.049257432984324945	0.04600130091843903	0.04886481091768732	0.022396683599701754	-0.013550741299521713	0.011286699763846754	0.03412977982580708	0.02825542266860772	0.04035189477893258	-0.05364334249052891	-0.05635319635131556	-0.0038205820649064594	-0.02801325411027359	-0.018987590865496687	0.008936495121562641	-0.0038585123086435458	0.003451280838870296	-0.021478382356240396	0.003286831662577978	-0.015996971568615903	-0.0019400157980355875	0.005928547032111248	-0.010047737731561635	0.01178187157724425	0.007182987369696152	-0.005461024564154467	0.0019529438442788445	-0.017281209727642226	0.010095820589402083	-0.004905763512378879	-0.0
2019.3.14.cow.udder.5	-0.047354167403388776	-0.20269862983638293	0.12098633865055387	0.10795815040562413	0.03716306245127705	0.04739021296644928	-0.07984556699484063	-0.04063137380332353	-0.03840533063447826	-0.08774267879881298	0.018610415855004735	-0.03029156163105895	-0.06798690247684848	0.04404057430794564	-0.03220937752863676	0.016104577402987392	0.05282686247172286	-0.04709923058201843	0.08595634816380786	0.045052065139047665	-0.021926054874888252	-0.07210720690232146	-0.03495949189664647	0.01267328015401405	-0.02800075363532568	0.026885024916205785	-0.0016019665863516853	-0.04523402941161298	-0.050925963373400364	0.02383505394402517	0.017310756709540052	0.01046836385323715	-0.020391158103905203	-0.011156553156140676	0.021740460493680832	-0.021876873883892246	-0.01991002984382049	-0.06740038947256377	0.0026968755619293304	0.023850188596946726	-0.013684288074530617	-0.015276032975778784	0.07059930497142447	0.012277718459639408	-0.026950887401153506	-0.01725575607956534	-0.11991574211149818	-0.023797727166806348	-0.0011804010810048792	0.06662612681770078	0.024195131071494947	-0.014655025714977317	0.04183976519836961	-0.0336211170944813	0.0003893273723592477	-0.04862603362970243	0.030144210298549787	-0.039323109026851995	0.0015900351039956995	0.049022381186133716	0.026186612802389122	-0.04856609581791	0.05888246230184011	0.035727127028391086	-0.03159686756004517	0.027192914611040633	0.018238593229181907	-0.01588031016964585	-0.028461936163376663	0.022916856647116898	0.012091524356347506	0.05410709722430924	-0.023869846313530903	0.012442696875252283	-0.014759685050962784	0.0392394302857269	0.015153863716584112	0.03125217512261873	-0.028810458481096087	-0.03616398477380016	0.030805596010480173	0.03538169203334326	0.007042196896923377	-0.023135425455303095	0.016041400646262086	0.04000994220449725	0.010927672900976657	0.008879432262451328	-0.011775183884578985	0.022323128361063968	-0.006745631162896422	-0.00810452727469462	-0.005985243274813124	-0.014091026021478223	0.0005835467273924588	0.00978762121160138	-0.01459611360989635	-0.0038285158789840923	0.0005929761534895462	0.02459122153541929	0.004469219632912964	0.003594689541602935	-0.0
2019.3.14.cow.udder.9	-0.1374240948105548	-0.1271396452317174	0.05470890125075398	0.03883442857980423	-0.08810993170053423	0.12780528280558176	-0.05887816335903782	-0.03194423388058855	0.0497577879917582	-0.000530554594983062	-0.05986613549005349	0.022802416657831583	0.029731464733379568	-0.15069950288673373	0.04261108437643557	0.007665158522654234	0.086276115440897	0.07309316303016149	-0.04336758084695148	0.03363666707685515	0.03181780712036064	0.1384267317522319	0.12299185922146681	0.058330235166077264	-0.05285073906029669	0.059210915484085046	-0.003682272815163722	0.04336971923355501	0.0608611202825488	0.032615774660148734	0.055214414939901355	-0.06007069168955831	-0.03769468377841741	-0.014184599351232613	-0.022924999488962785	-0.018994388724988535	-0.050211874120008756	-0.007826331824071466	0.06745529402195305	-0.0011343164512513772	0.006900412362030349	-0.012367132064802314	0.0010217152959320775	-0.00875610418557048	0.017444261083676263	0.012959301897460758	0.009330423562888553	0.016932664329148226	0.05901864203715083	0.039777178563270926	-0.005716734233286871	-0.010209666124605967	-0.0046755521458725045	0.0198663773876882	-0.013809416596718352	-0.04414060689486987	0.06264701456481993	0.04072276487504479	0.007923407318633438	-0.01629756812529166	0.028966567982221244	0.007375810346869205	0.027705649068239604	0.061514269667021226	0.0433589612946115	-0.03424840217243267	0.05348500056255931	-0.020143979448239802	0.002175128823181467	0.01671825431298854	-0.002809254296918802	0.012828020344142722	-0.008910278012135175	0.02047909641205193	-0.013342760450352143	-0.004254982969545545	-0.0236483173838801	0.007139525135862086	0.014701011057982676	0.02182122291966591	-0.01946314077279157	0.00728230527010728	-0.057262672035773565	0.0017179968419873315	-0.015432530179183754	0.03355140809126801	0.003122180960324154	-0.009952938216429435	0.0053552959854885306	0.010581470170605633	-0.005938788644624043	-0.003799398590242508	0.009728090637648505	0.008874364202908352	0.0006390242976053061	0.008821832472409481	-0.004507764524084597	-0.007585161711563067	-0.00195967009250631	-0.004478414504262092	0.003423509846773385	-0.0014185683462236472	-0.0
PC1.3	0.2659273896184109	0.2724833944894222	0.42259382283262864	-0.3378997706879475	0.10332159590246907	0.08553854124278347	-0.1037609574976504	-0.042821234112628254	0.1119448245460502	-0.009541085819892523	0.028184511351166504	0.03672740440417835	0.04101360332555557	0.007828718606010301	-0.01188237029778466	0.05280474064855415	-0.03911989846538416	-0.047930289932673904	-0.007435204627421237	0.03656302564048307	0.038183967732496826	0.010353924681069788	-0.014876049465034544	-0.011570078463387829	-0.00918770895551076	-0.011018177828947368	0.018394376660267057	0.011003771001591169	0.003938424155942633	0.0004040191498658407	-0.008299945314117135	-0.01057397833969699	-0.01592606694341815	0.019916425459568666	0.014375918440397414	-0.010262473681919083	-0.018117813962782035	0.00806632085875721	-0.010246603126534045	-0.012832812617412953	0.027913069390933513	0.012926268448310789	0.05342109416041953	0.025959580719272478	0.00670492828120791	-0.02180666878739041	0.02054314486013877	-0.009747966696164673	0.010412795061100766	-0.004340371398688039	-0.014889762822688224	0.01663351229817161	0.003312613905900238	-0.009429828203410514	-0.006289942043910173	0.019174475116433807	-0.012097932126233349	-0.0006477207466600059	-0.01063143835258351	-0.010388398166796674	0.015284857591650571	0.0243327541462334	0.02357137517225021	-0.004123247716456037	0.014085679139045354	0.008220562977348626	-0.004261111594299159	-0.005443804671416574	-0.018764770756817786	0.008344486371001507	-0.001958740413205742	-0.026750916932922378	0.0032433169986745163	0.002767097444763826	-0.009009237202735294	0.008979180769153461	-0.0017038562865657352	-0.022618470146954964	0.017631948596941466	-0.02844323910478673	-0.012810530675015617	-0.003101817948211323	-0.0010192890419719978	-0.0060498797280673705	-0.005174425717066303	-0.01284609526921577	-0.02284789107820739	0.008767580604446885	-0.018561690745639847	0.024214787795634417	0.011696536120497298	-0.018956614437748275	-0.018041095778391785	-0.01314012933363201	-0.005404093511682944	0.02108293140326625	-0.06450956987602144	0.03865192622548818	0.03224321026389946	-0.033054468261032206	-0.004471927772974519	0.004716978132013045	-0.0
PC1.4	0.2783562316469721	0.27226086050206705	0.41977184905996356	-0.2371309726368065	0.11263754783137209	0.04328436573736462	-0.08957565146511844	-0.029109998204567538	0.11576063509084764	-0.014803940241545145	0.003642267560685258	0.026806374709273828	0.035432570034219804	-0.010379019232567645	0.0025890906069026814	0.005034952318419804	-0.015087186581852789	-0.012126884615021257	0.010986048755577045	0.003738235097520396	0.04071149515338987	0.021373479769818238	-0.02351890861145963	-0.05411270757760583	-0.026237438674616954	-0.03325656093819534	-0.0073937232235275	-0.011722826387642847	-0.0016843115979363848	-0.014060151584489592	0.03497313307161366	0.01674910270491185	0.0196939219055968	-0.0017688377038268888	-0.004574056749033385	-0.005506807794380412	0.0008431046354757666	0.004822138526729876	-0.005740053445285401	-0.002913526948785247	0.003819882125691992	-0.021906958051259712	-0.03383756715278047	-0.01190965786789858	0.0065200066409852155	-0.0015091386147412962	-0.0074106230573289565	0.0005672188125573499	-0.006150838426217128	-0.012467702843174173	0.009961441273985093	-0.0029945187972386274	0.0038234764297264663	-0.009934937147351485	-0.0050641828700791515	-0.011573580962212802	0.00711505092366553	0.00697726445618139	0.0008985474610414727	-0.0065876445096284845	-0.007578660176821889	0.004749977665667236	-0.01514301281626605	-0.0009985976642799645	0.0019704669783592865	-0.004390670712549227	-0.0037334622084433783	0.017596029847107703	0.009514929461174338	0.004569134996937228	-0.00014133134811248883	0.028131067094939503	-0.000457770200517895	-0.0016030966671346503	0.014701076605112986	0.008101263538309082	0.013023337979077388	0.018486576434358196	-0.0036145070508821603	0.02330771187718529	0.01729728352930807	0.0038579520175303253	0.021059528642436137	0.018774484542168166	0.0022642341023487236	0.0192762947713963	0.019499882445059787	-0.011580471677989462	0.02762977309929759	-0.015280060659599963	-0.016418324615394556	0.008605956291588423	0.025081659397356883	0.00994799591417125	0.014663249011857882	-0.020289058411588727	0.07161509754120907	-0.040749245916391834	-0.05421756564300966	0.039208896271224	0.005607578715795733	-0.008015268415438977	-0.0

Biplot	0	0

Site constraints	0	0
