Eigvals	103
44.39495232510775	13.299420297817012	7.371318276289781	2.7289866608629745	2.173326609111066	1.6818937669482996	1.2619174580569672	0.8938383295693728	0.5663171179836162	0.528374983923388	0.42218855080081374	0.3502739935441199	0.3239597337864366	0.28003467784261904	0.2594931807449353	0.23152097400896776	0.20403944336317015	0.17575370821262393	0.1654049148110237	0.16292859256875447	0.148999007411721	0.13663329237286526	0.10953995598071409	0.10402966707430361	0.09009982585038745	0.0855007392293452	0.08390800576640767	0.07673286726324136	0.07256760666517781	0.06610417264465107	0.058061568932672336	0.05006805129601266	0.04844893674128581	0.04659161741638562	0.0424979563838247	0.038414107518580654	0.036932493349641105	0.036266957843183456	0.03487844228662007	0.030597876226435727	0.028077326724783913	0.02526384650845037	0.02443595063375037	0.021958156981808807	0.020498465020349816	0.02000185640510125	0.018574939474266583	0.01674908422860122	0.015069327243817154	0.013868506482612952	0.01288246898634493	0.011452313627640653	0.010444262724065068	0.0088057768912594	0.008684694009180158	0.007988438535030729	0.007423316747376726	0.006915293440951696	0.00601246193322913	0.0052996027262252055	0.003816096561602878	0.003581063154878652	0.0025244966241565873	0.00209659601384302	0.0	0.0	0.0	0.0	0.0	0.0	0.0	0.0	0.0	0.0	0.0	0.0	0.0	0.0	0.0	0.0	0.0	0.0	0.0	0.0	0.0	0.0	0.0	0.0	0.0	0.0	0.0	0.0	0.0	0.0	0.0	0.0	0.0	0.0	0.0	0.0	0.0	0.0	0.0

Proportion explained	103
0.560717614705917	0.16797448439078397	0.0931013050954843	0.03446767731244856	0.027449573620748288	0.021242673137383778	0.015938283745769045	0.011289366692379786	0.0071527046867288615	0.006673487528181059	0.00533233047368985	0.004424034442368285	0.004091679789613417	0.003536897065346091	0.0032774536229755566	0.0029241587500766376	0.0025770612197237473	0.0022198064167977013	0.0020890989726555023	0.0020578225002592667	0.001881888900738822	0.0017257073107701149	0.0013835127557454375	0.00131391664424797	0.0011379798105487693	0.001079892376169022	0.001059775816483124	0.0009691523033139332	0.0009165441831368593	0.0008349096477451147	0.0007333298659631388	0.000632370051669057	0.0006119202932277437	0.0005884619582805914	0.0005367581557225254	0.00048517828290792957	0.00046646518335015776	0.00045805932948302845	0.0004405220850423365	0.0003864576325505105	0.0003546225605368148	0.00031908771179157513	0.000308631212217318	0.00027733615560647024	0.0002588999381545192	0.0002526276665650506	0.0002346054046650507	0.00021154446767720396	0.00019032878254939169	0.0001751621629755947	0.00016270830135481509	0.00014464513742754983	0.00013191324182789226	0.00011121882005731989	0.0001096895177095214	0.00010089566416887436	9.375805675640988e-05	8.734161520901005e-05	7.593866277909515e-05	6.693510058929339e-05	4.819810472685812e-05	4.5229583210503644e-05	3.188492500372982e-05	2.6480450013213038e-05	0.0	0.0	0.0	0.0	0.0	0.0	0.0	0.0	0.0	0.0	0.0	0.0	0.0	0.0	0.0	0.0	0.0	0.0	0.0	0.0	0.0	0.0	0.0	0.0	0.0	0.0	0.0	0.0	0.0	0.0	0.0	0.0	0.0	0.0	0.0	0.0	0.0	0.0	0.0

Species	0	0

Site	103	103
2019.3.14.cow.fecal.1	-0.6734348538578888	0.029644493701033427	-0.237775788288031	-0.07604795241342066	0.05894402550351857	0.027190557222740955	-0.00983407406090613	0.05480857354608435	-0.13014853659239378	0.0032663288340138426	0.034960142323633515	-0.07041061770900801	-0.0614422646872262	0.06685273945824657	-0.05622508825234351	-0.02507911828714931	0.05298946069268464	0.1749126950275059	0.032113077197740585	0.05656061917298024	-0.00683328797089129	0.060716429632313	0.06603956547848833	0.03280922899269799	0.04284044476275121	-0.02606867671379495	0.011290007610184692	0.03273190753085108	-0.007213903004408224	0.07929012501904731	0.028864066179585306	-0.019083067873954664	-0.02289976597731314	0.027525936296968537	0.009190750816936323	-0.010755527122728946	0.004124002652787831	-0.0049345249739075545	0.02438943505902405	0.014476302665621558	-0.005633289922109129	-0.028252958964535887	0.014897771090515065	-0.00035764566852384346	-0.007986754093186934	-0.0025047299205891273	-0.008100201352144502	0.002927283890484927	-0.0006001650906095165	-0.0037883754576125287	-0.011729112809915147	0.008226366432773712	-0.003227101275611584	0.0024029816718313776	-0.006804021964579284	-0.005714948933333177	-0.006298153471998132	0.003082630441193747	-0.002818993722073355	-0.010885908014508085	-0.0024758566091242404	0.010202179588502036	-0.0007310112421520765	0.0023033184100785882	0.0	0.0	0.0	0.0	0.0	0.0	0.0	0.0	0.0	0.0	0.0	0.0	0.0	0.0	0.0	0.0	0.0	0.0	0.0	0.0	0.0	0.0	0.0	0.0	0.0	0.0	0.0	0.0	0.0	0.0	0.0	0.0	0.0	0.0	0.0	0.0	0.0	0.0	0.0
2019.3.14.cow.fecal.10	-0.7187489877525732	0.04782110711734486	-0.246545150326124	0.06030498658905987	0.08620824094934013	-0.008243025949782747	0.048017448473311825	-0.03254048219119027	0.02740627117411798	-0.024159932758601982	0.0025522532005233097	0.012352529596683152	0.012169284192093097	-0.07716867665224128	-0.017559944101202186	-0.034709021387839774	-0.053070262195893905	0.03312716204429407	0.010887658060346273	0.06062785645212751	-0.06435520942833671	0.04655704925805529	-0.09978053980972738	0.026865792925478617	-0.020157728740216953	-0.00576200859597056	-0.013179220347897602	-0.029643144909969034	0.049774588207196276	0.014015634512728428	-0.054350810264320454	0.00878225673458869	-0.012987792738272616	-0.026554994442382625	-0.05778892151913957	0.006494450260393226	-0.0008808704657927299	-0.02501525644908691	-0.012380800214157895	-0.033105803135160886	0.028109879080834933	-0.031520740907704375	-0.017545426474157362	-0.029246245308234234	-0.015439341012272402	0.009404081195495509	-0.019819060872088335	0.006775319655266104	0.008523562640656871	-0.006028680119813088	-0.011396103135650834	0.006835053736653225	-0.004143295773561081	-0.002965860274867283	0.0009893111276764119	-0.00738247447279483	-0.0021347989017718163	0.009037593925141692	-0.006761009777244338	-0.02043066451339164	0.0017151236708082278	-0.001590500264415888	0.005753925787673143	0.0051367848258270215	0.0	0.0	0.0	0.0	0.0	0.0	0.0	0.0	0.0	0.0	0.0	0.0	0.0	0.0	0.0	0.0	0.0	0.0	0.0	0.0	0.0	0.0	0.0	0.0	0.0	0.0	0.0	0.0	0.0	0.0	0.0	0.0	0.0	0.0	0.0	0.0	0.0	0.0	0.0
2019.3.14.cow.fecal.11	-0.6806062639410491	0.047944333493028124	-0.1959569567960823	0.037512838677185786	0.05366744349957461	-0.020270234968902862	0.05270194587843962	0.004643920695814633	0.025718424025536188	0.012350051166544355	0.03150369271795059	0.005600271900730529	-0.032288048123748185	0.019095742327243346	0.017219117322001792	-0.025783636555199406	0.02077139583642866	0.03313137949507915	0.023916257199100344	0.04355811152946255	-0.03670871989984378	0.01569975865232924	-0.011568635114956287	-0.005195505689765176	0.023136435661573976	0.017784576636286544	0.023630817713539098	-0.017604723822635494	-0.010030002339016426	-0.03910394011125506	-0.02797497552028811	0.007852194196208872	-0.06569029666962853	-0.007830695483745655	0.04541491251608289	0.04395515498780028	0.00954232935765497	0.05154491578465579	0.015409477255313882	0.014991203203117722	-0.010213741613615261	0.026800445009024083	-0.039725806428573304	0.0154424602138335	-0.027652029886433976	0.010353405695271364	-0.010300601719900795	-0.02784159738562613	0.011795783277727586	-0.0028364032946996635	0.00036378078279851813	0.0003097301095052915	0.008717678939458127	-0.0024539439030334537	0.01709219959087995	-0.0012749271579047326	-0.012444379660374113	0.006673914295714204	0.018303268940490433	-0.009126796966412823	0.003952608437042188	0.001140443121855963	0.0054316737007746784	-0.006554469917655539	0.0	0.0	0.0	0.0	0.0	0.0	0.0	0.0	0.0	0.0	0.0	0.0	0.0	0.0	0.0	0.0	0.0	0.0	0.0	0.0	0.0	0.0	0.0	0.0	0.0	0.0	0.0	0.0	0.0	0.0	0.0	0.0	0.0	0.0	0.0	0.0	0.0	0.0	0.0
2019.3.14.cow.fecal.12	-0.7798299236524903	0.04584590752087497	-0.3400659025785461	-0.12201287372831411	0.1003848630487677	0.0320656550519883	-0.024524054816210877	0.0035432955905599236	-0.1494358623337684	-0.02033759749254794	-0.004445650252782031	-0.05106574117146663	0.02750186923595003	-0.05002608930376326	0.017811680369836193	-0.0025985098955554923	-0.018239475632377496	-0.017647752547653345	-0.024236456646545345	-0.044315117263838494	0.0046950340171630425	0.021549922295037497	0.0005173874210551548	-0.05012767792471977	-0.0018728095088998639	-0.0492536470526589	-0.02364257026555643	0.027775434530616094	-0.012174173181705444	-0.03925639779808331	-0.041521695118976944	0.0010278718514390689	-0.018466578186629973	-0.008717249254765316	0.03027431869224137	-0.05089252536064747	-0.02614687697447657	0.04883894386584111	0.010421341102747336	-0.015368280492695969	0.018316741410233595	-0.0003064788191419054	0.009849923910377317	-0.00044375317474227405	0.01552492511224493	-0.021339129091192188	-0.0036882784097235885	0.01173083287122775	-0.00965748137185701	0.007253983789837256	0.003939148846344836	-0.010024588113848164	-0.01244068859733887	0.012605783368726588	0.010317804022199256	3.848021780410436e-05	0.014611720165562378	0.0034767902988771474	0.0065873583446752135	-0.00035224631269944816	-0.004112724192401585	-0.0037646636005334603	0.00042608628413942764	-0.0008420555446879133	0.0	0.0	0.0	0.0	0.0	0.0	0.0	0.0	0.0	0.0	0.0	0.0	0.0	0.0	0.0	0.0	0.0	0.0	0.0	0.0	0.0	0.0	0.0	0.0	0.0	0.0	0.0	0.0	0.0	0.0	0.0	0.0	0.0	0.0	0.0	0.0	0.0	0.0	0.0
2019.3.14.cow.fecal.13	-0.7730583696706965	0.052597980374909536	-0.2876128935147006	-0.11776238626523639	0.09211585656896237	0.013005740438114522	-0.0011633069490026083	0.028293411900520187	-0.14609904440263252	-0.018185395590250796	-0.03905431976400342	-0.010497258565005725	0.019220463938829126	-0.04232805251480073	0.021336446876950174	0.020247874392444572	0.014071736434794497	-0.04947321872261361	-0.05323984792898437	-0.0635562676823893	0.02766925374612586	-0.029104033360034254	0.04390796906932085	0.009226031472893444	-0.006359564958536082	-0.0028973520042143916	-0.025641173960732438	-0.02261298299382873	-0.007247244943029334	-0.048677826815497725	0.020449298485579078	0.019566066164002527	-0.018466589781204495	-0.021388310483092622	-0.009869860777503538	0.014425625552086062	-0.0025159643055994896	-0.02421281078410484	-0.01779902956741271	-0.013048876140340592	-0.0400980838584321	-0.03640085679914129	-0.008066859225610118	0.010595893843236314	0.011154875396913759	0.010058977269561897	0.0014771544210376848	-0.013624739037677667	0.016856369209030466	0.023539835501981507	-0.0013334245508190346	0.01796073047406274	0.011344477437998565	-0.004753943269325324	0.005892118778963424	0.01420765145556758	-0.0143087411738084	0.002096667806779549	0.003557982541437529	-0.003919971067262964	-0.004287587122280117	0.0187885959341674	-0.0015250305291673305	0.0034230716512078296	0.0	0.0	0.0	0.0	0.0	0.0	0.0	0.0	0.0	0.0	0.0	0.0	0.0	0.0	0.0	0.0	0.0	0.0	0.0	0.0	0.0	0.0	0.0	0.0	0.0	0.0	0.0	0.0	0.0	0.0	0.0	0.0	0.0	0.0	0.0	0.0	0.0	0.0	0.0
2019.3.14.cow.fecal.13.rep	-0.7929604269695344	0.04617896354963315	-0.309660569183303	-0.13686362485525344	0.09137027140510999	0.027279761054022425	-0.02382594488517235	0.03384766427922945	-0.1968528563422816	-0.023999344965367594	-0.04606328796157334	-0.04179022267179646	0.010376404383768027	-0.018087968509322712	-0.0027981474453159555	0.010171346302018642	0.01981546472285056	-0.010382888125469747	-0.0725278298672576	-0.07053164483143261	0.05938487219058154	-0.023897614185036678	0.04481743072536181	0.056734566798389854	-0.024093511237843205	-0.013925703245574262	-0.025370595546768716	-0.008084973699515044	0.018527624665957407	-0.042892192693757096	-0.03434736067745601	0.03195855484843351	-0.01893566918356855	-0.002973043884667657	0.010186296284662666	0.008586543259218952	0.011394433266853727	-0.012888372305623931	-0.009851994766260528	0.010591757319112802	0.007233473234536639	0.023591513046645016	0.007087380888285341	-0.007695980040044912	-0.019446319242077546	0.011590841070244471	-0.0045291607019952275	-0.004424769255792638	-0.011456580457372778	-0.019088965562316713	-0.020257026599893854	0.0048102898335204885	0.0010931270148932055	0.0043543934795946095	-0.006064598670692509	-0.009458212394272029	0.0005973529958117306	-0.005387283564658232	-0.010925969809525805	0.007263539489280854	0.0037911357867227366	-0.014986379809242802	0.0010794593310332382	0.0018078028934502386	0.0	0.0	0.0	0.0	0.0	0.0	0.0	0.0	0.0	0.0	0.0	0.0	0.0	0.0	0.0	0.0	0.0	0.0	0.0	0.0	0.0	0.0	0.0	0.0	0.0	0.0	0.0	0.0	0.0	0.0	0.0	0.0	0.0	0.0	0.0	0.0	0.0	0.0	0.0
2019.3.14.cow.fecal.14	-0.7309881911640052	0.045138148196982655	-0.26294161878602906	0.12482932199743411	-0.0031851439280897076	0.024325607814556092	0.009517618039971126	-0.03452850658072094	0.04024305942555932	0.010178964945765697	0.001130421921156117	-0.019228442492360002	-0.008375948176581582	-0.04328385122370793	-0.028990701035497522	-0.11007943274402315	0.00812291742557008	0.02454435312942087	0.05023978470300628	0.0046886758689749595	-0.02060642588328368	0.03811020804034686	0.023206576878173645	-0.038060321080702654	-0.014331664718914937	-0.03044384022456215	0.014901071574212305	-0.023559820232806547	0.002820173697191614	-0.012749086606623931	0.020412843012055547	-0.0038688648866000742	0.018493146552242188	-0.007600199265652874	0.003447971487532029	0.0032525005133135407	-0.0035184611601620243	-0.0021116567138932106	0.01881907380116234	0.010657020378748445	-0.015385057696370047	0.005253922560520962	0.02221945931660442	0.014975822260935997	-0.023224214401884456	-0.01571046942275421	-0.04335357839282849	-0.012516419879552683	0.005066701632097837	0.01039153458527388	0.02588908146645406	0.021037498327455717	-0.00491695497248201	-0.003271801831756364	-0.019180445817671164	0.015349811037615414	0.008821361213623927	-0.006337798578647946	-0.01834063227407703	0.00165404180722905	0.00422958896059478	-0.004267665812229814	-0.003455608043492608	-0.0005062961154007964	0.0	0.0	0.0	0.0	0.0	0.0	0.0	0.0	0.0	0.0	0.0	0.0	0.0	0.0	0.0	0.0	0.0	0.0	0.0	0.0	0.0	0.0	0.0	0.0	0.0	0.0	0.0	0.0	0.0	0.0	0.0	0.0	0.0	0.0	0.0	0.0	0.0	0.0	0.0
2019.3.14.cow.fecal.14.rep	-0.68797459285881	0.03154614579053819	-0.21063030060373178	0.2198281179454262	-0.06420223680206015	0.03208521635289394	-0.0073731148031086335	-0.030973639840578097	0.07133589640978642	0.03216646313732233	0.012107984440179362	-0.020206843866202136	-0.033556317477270246	-0.025991641419995753	-0.03611989056823395	-0.13732048906683716	0.02955162940216783	0.020686573800468587	0.04000679131065226	-0.002306485198412986	-0.002790220916010571	0.006147728911499023	0.0713866522094177	-0.032899341138190256	-0.012857775445269825	-0.041396663400738186	-0.0049374760571070766	-0.03332676712615552	-0.02307755159135991	-0.021568493086882964	0.011474354206471835	0.0052955307905718845	0.024873525657472008	-0.016771506392781712	0.00948923693115873	0.00324290721433341	-0.014641657823305884	0.0029559785495205486	-0.009504502190854035	0.020000854206871456	0.02108496052950353	0.009239550842732562	-0.003277951508495824	0.004228480255296242	0.026888039484693402	-0.0011937262085939826	0.00011351921621338565	0.01948895506622995	0.031626966420867625	0.02180048844222276	-0.019070704714784822	0.0006300589946033055	0.01098072583930431	-0.01553991867389201	0.005379175819083802	-0.0024390084707679354	0.0003514857907105697	0.005979680102319943	0.004104466577297877	0.006649747060922585	0.0013361821188536758	-0.003903012195503601	0.005373092142200453	0.006618782742252392	0.0	0.0	0.0	0.0	0.0	0.0	0.0	0.0	0.0	0.0	0.0	0.0	0.0	0.0	0.0	0.0	0.0	0.0	0.0	0.0	0.0	0.0	0.0	0.0	0.0	0.0	0.0	0.0	0.0	0.0	0.0	0.0	0.0	0.0	0.0	0.0	0.0	0.0	0.0
2019.3.14.cow.fecal.15	-0.7491813100928628	0.05465871638597209	-0.3325749619197086	-0.24108227002180688	0.14610107808891754	0.010730555460972372	-0.04753933224325448	-0.026482919765337364	-0.02686179585296851	-0.033281162017103606	-0.07457420728601821	0.039439675300002315	0.07056387981533775	-0.07941194669074766	-0.07684887150732743	-0.08196024438087825	0.002025334943389477	-0.009505822902167038	-0.007717998333186165	-0.021026687122121204	0.08215962572535812	0.02204625455475476	-0.02916765653964623	-0.048119513119859326	-0.016400353687053552	0.005965498179665841	-0.016032489962054308	-0.012189237947827699	-0.012530828693877887	0.04086719806246937	-0.01592444500567305	0.0005862422371273659	0.007055832825086734	-0.015559124244416316	0.017886599581670177	-0.0008597571607098966	0.01671988248397371	0.012062679109546047	0.014525171106818018	-0.027462710330722787	-0.024927009996503872	-0.0066205860257488825	-0.009915023890018942	-0.002790303310331508	-0.0042338469277588275	-0.01305047353192461	0.017972617624802588	0.008449772646376785	0.004171700454064688	-0.010814995707332214	-0.011016662641583271	0.0018091534568250823	0.004937811575668167	0.01617929185398518	-0.004766424763024646	0.003311899651525824	-0.011448469068388659	0.00016015382669221006	-0.001049264109007804	-0.00695996642921054	0.0006754457671806971	0.0034619180750010163	-0.0013732228225893145	-0.005934261626347088	0.0	0.0	0.0	0.0	0.0	0.0	0.0	0.0	0.0	0.0	0.0	0.0	0.0	0.0	0.0	0.0	0.0	0.0	0.0	0.0	0.0	0.0	0.0	0.0	0.0	0.0	0.0	0.0	0.0	0.0	0.0	0.0	0.0	0.0	0.0	0.0	0.0	0.0	0.0
2019.3.14.cow.fecal.15.rep	-0.7273440016435541	0.05967821609741436	-0.2801645334210388	-0.22411922684556437	0.15029738643977028	-0.0122704925290406	-0.02878924633307384	-0.011332057498186771	0.004535684195663235	-0.02727733073072297	-0.061385570244275385	0.053447002596384276	0.043443887331794315	-0.04459904590166379	-0.08827781720739684	-0.05885516139515674	-0.0034374007701153133	-0.003440892255198748	-0.004995500239036005	0.010861341566537357	0.06205686329484523	0.0043466605513940585	-0.033354732373130726	-0.03698102589567736	-0.008344533615235192	0.035923089409228164	0.00023272188064901047	-0.018709174270793567	-0.0171011797303867	0.0617901803935564	-0.008406115450678157	-0.02602228694472129	-0.00290269006368726	0.03502798824685186	0.022267059289401935	-0.004503437976873952	-0.006160649385022076	0.016088658226582397	0.013082089940030059	-0.008326076363888772	0.00420482218754966	0.025796916891616936	-0.0027547109842048405	0.00021121361760237207	-0.004391729900353551	0.015927703458553554	-0.006173791236439856	0.005368492214008686	0.007077117392351284	-0.016087513473244965	0.012456530656523496	-0.0038471508506966972	-0.006724354758634881	-0.019588831350695834	-0.0061559624108111985	-0.00208036055530046	0.012356575053621508	-0.0033779987508175415	0.005086696487686022	0.006808729114609031	0.00396566366627129	-0.0033116012051294524	-0.00041854623169922675	0.004565448302223748	0.0	0.0	0.0	0.0	0.0	0.0	0.0	0.0	0.0	0.0	0.0	0.0	0.0	0.0	0.0	0.0	0.0	0.0	0.0	0.0	0.0	0.0	0.0	0.0	0.0	0.0	0.0	0.0	0.0	0.0	0.0	0.0	0.0	0.0	0.0	0.0	0.0	0.0	0.0
2019.3.14.cow.fecal.16	-0.4525112650800707	-0.08442746894213572	-0.07049491093135696	0.7669964339977933	-0.3698254583063967	0.10263599101659285	-0.24708338810628205	-0.03871659466198097	0.04659865516880957	0.010974724881908373	-0.019423183712372883	-0.06416480645787045	0.029478578090691977	-0.09235668031058389	-0.14548871593028057	0.07747888968915952	-0.05864449533830107	-0.08156973526214062	0.005424402629610029	-0.07503681812814139	0.005967538877618114	0.03621098861322181	0.005370130161519671	0.025477765550693025	-0.011366147926461616	0.017419121908509236	0.015407181863181536	0.04022699576150474	0.025506228403328883	0.016864962016212223	0.0014946453793544146	-0.011717916619622456	7.900777885487698e-05	0.018851338034145616	0.016286798589077067	0.0027108694538070946	0.003172281560328829	-0.015815796495806632	0.012003828890950282	0.0019242894998468955	0.009945341846101834	-0.006848661800565681	0.0065196194870053336	0.007844113930538812	-0.004297275846099879	0.0004031912144102023	0.0014073066812325446	0.001261354001594506	0.0033777409808336692	-0.0030421415778309046	0.0014431347632623253	0.0008335737840646001	-0.0017640061602545638	0.0013949471592632858	0.0029686454002552896	0.0006166592143034684	-0.005653067804254161	0.0007793981693407602	-0.0029244741406271807	-0.0034344433747035496	0.0013711719730038687	0.0003855478567300794	-0.0001065724164645621	-0.0017853929794628813	0.0	0.0	0.0	0.0	0.0	0.0	0.0	0.0	0.0	0.0	0.0	0.0	0.0	0.0	0.0	0.0	0.0	0.0	0.0	0.0	0.0	0.0	0.0	0.0	0.0	0.0	0.0	0.0	0.0	0.0	0.0	0.0	0.0	0.0	0.0	0.0	0.0	0.0	0.0
2019.3.14.cow.fecal.17	-0.7294570998453866	0.010463542491302755	-0.3574902728210804	0.2774973636513317	-0.07883503374892735	0.0808350848949534	-0.048347814665659315	-0.06325073872534119	-0.094055703178532	0.011727554743167347	0.01201572424869758	0.06601724295636151	-0.008453000793916357	0.08523015257563171	0.008513758321404783	0.015329772409320475	0.039933330925321815	0.04718912656751316	-0.06059231101624128	0.010884355500608288	-0.007857438141588393	-0.01079577007235113	-0.061644493811774545	0.05679645495958959	-0.03693769035183737	0.05035253800435911	0.033077283425484265	-0.013628646331725119	0.02481279867133065	0.01656337735634669	-0.01437539297825725	-0.010264711550524419	0.003354758701091022	0.009991676118614339	0.021046637511479616	0.010563274717284389	-0.034753003687510865	-0.005184284226952578	-0.00073893505594733	0.00758217176038772	0.005054800958248846	-0.004444456528958748	0.0001377756288159285	0.00034611548335358787	0.019297872260030408	0.001946741813017449	-0.025967513798797182	-0.005740380082728615	0.007359390585848115	0.017225538911467823	-0.0011942514175560625	0.0019049924994976404	0.012090460642750631	0.0008490562899467922	0.009237111367109384	0.005362478096840582	0.002103223558279201	-0.004138902608574732	0.012770869780586454	0.012529952335378096	-0.0024561604979890512	-0.00046330049620091514	0.00288820353069245	0.0017230961616083247	0.0	0.0	0.0	0.0	0.0	0.0	0.0	0.0	0.0	0.0	0.0	0.0	0.0	0.0	0.0	0.0	0.0	0.0	0.0	0.0	0.0	0.0	0.0	0.0	0.0	0.0	0.0	0.0	0.0	0.0	0.0	0.0	0.0	0.0	0.0	0.0	0.0	0.0	0.0
2019.3.14.cow.fecal.17.rep	-0.6911076083002595	0.013220155340103653	-0.2901728280947281	0.29680138907423925	-0.0916568078025164	0.0662705492491692	-0.03150802019626188	-0.06279315541777253	-0.006767981287917761	0.03228757982212574	0.027613064736998927	0.05298002062369138	-0.03168261923511156	0.11257949510339081	0.01538161518241359	-0.028736919134459724	0.05792820026173908	0.05091017442201268	-0.042687151799602516	0.025166412457413505	0.028349393647706576	-0.020130255341916353	-0.0010495766931146741	0.030831090586759473	-0.0065445966467140735	-0.002313305554195316	0.010402033220537408	0.0053132936645931056	0.0009904579742906032	-0.03312357004989986	-0.04034345223779518	-0.020455426303216846	-0.006177385595451815	-0.005359056624037238	0.009349039544928264	-0.010488442120327407	0.0040998690189035705	-0.014259227873392273	0.0028865219234575517	-0.013721337752522916	-0.008714716077100797	-0.0031977857413056222	-0.019172922408059893	-0.0018244973263985085	-0.010955035227393576	-0.038183862634991766	0.01474313543562033	0.011408211406230604	-0.022713603315359064	-0.009866840615534053	0.002932006732710784	-0.0030225174145092557	-0.0031832957739132118	-0.010737186607834686	-0.008608908678469758	0.004134511996788166	-0.008260551126972387	0.004367483134493795	-0.010884526799801132	-0.003203811398089533	0.00252299888382798	0.0019796014495240912	-0.001875045969110601	-0.004697711867753286	0.0	0.0	0.0	0.0	0.0	0.0	0.0	0.0	0.0	0.0	0.0	0.0	0.0	0.0	0.0	0.0	0.0	0.0	0.0	0.0	0.0	0.0	0.0	0.0	0.0	0.0	0.0	0.0	0.0	0.0	0.0	0.0	0.0	0.0	0.0	0.0	0.0	0.0	0.0
2019.3.14.cow.fecal.18	-0.7285262888904164	0.05136929476019242	-0.27500811295457017	0.013017900327846289	0.085909913788831	-0.0019787216780817007	0.042532447443058986	-0.03387577961409246	-0.021908505893880638	-0.013980789927598273	0.031686104196282934	-0.010212399153969228	0.014550449918771089	-0.013636115096028772	0.030953895479752393	0.0014430173121099388	0.0020806659800268715	0.023987875452111947	0.005124252885130182	0.0028594240724887686	-0.016479021787460624	0.04521858251268744	-0.07523757013743754	-0.026227477346359964	0.03295911725448103	0.0052811484476458035	0.020577111769173675	0.03972296865244566	-0.011730905695268882	-0.026793680078516	0.025018562547774095	0.0030026981297039987	0.014819261498302245	0.007890403778269283	0.02284000859602156	-0.004311447680510631	0.013077603125114398	-0.01189281111219524	0.01707472569199876	0.005284159302164228	-0.009537490642968374	-0.004865319767997831	-0.011430805033268931	-0.011605745713206994	0.030625370597649127	0.0071436307667466035	0.020476834596847064	0.015514111103686704	-0.002980489283690758	-0.014572609517748884	-0.008632042575842094	-0.0010219176024406733	0.011548732524260807	-0.005905038635472965	-0.026377089715502566	-0.01345823303621083	-0.015612323109993328	-0.018167385004955315	0.0004779694457245532	0.021488915656658947	0.009660253521545573	0.0065799798574420676	-0.005376991514346329	0.009817402504258114	0.0	0.0	0.0	0.0	0.0	0.0	0.0	0.0	0.0	0.0	0.0	0.0	0.0	0.0	0.0	0.0	0.0	0.0	0.0	0.0	0.0	0.0	0.0	0.0	0.0	0.0	0.0	0.0	0.0	0.0	0.0	0.0	0.0	0.0	0.0	0.0	0.0	0.0	0.0
2019.3.14.cow.fecal.18.rep	-0.7368754873871844	0.04647334264329159	-0.2797148971123328	0.05083446582955199	0.06290057077833322	0.005702119905171606	0.04647488626375256	-0.03558002303290071	-0.023543411130915157	-0.011046893851022234	0.014850434439949343	-0.012531555389442142	0.005986389212619364	-0.01102855658870585	0.026332466557728026	0.0024780183538347027	0.014343761690201571	0.028925444690414883	0.01690798194675014	-0.00975797375970162	-0.026399398809627436	0.031522261060851264	-0.06931146779379495	0.004053776809469102	0.032093493342541066	0.01380904294302973	0.009132136843283298	0.017991247170858614	-0.0009677370424935261	-0.028068354714633533	0.021424958628433296	0.024065537267024876	0.019721568461959577	0.0055332379675919205	0.0014104307830184023	0.017489981831315452	0.017389765152852198	-0.0028724114625360416	0.009087740916898214	0.01336677152537333	-0.017082606497830832	-0.00142158038602501	-0.02087679877948317	0.012074425995387822	0.036882644855689754	0.03744780448038632	0.019606532809081704	-0.0013131480108050674	-0.014153957680502134	0.017731722386292392	0.019300135483297176	-0.025636095287713462	-0.014265718971328601	-0.002296414495266307	-0.004388848308869493	-0.00013434675964390776	0.010142182815215988	0.01432038357383613	-0.011795044218280952	-0.014713319384804472	-0.0024684126596252695	-0.004138348997621969	-0.009048522240037358	-0.011707611609667434	0.0	0.0	0.0	0.0	0.0	0.0	0.0	0.0	0.0	0.0	0.0	0.0	0.0	0.0	0.0	0.0	0.0	0.0	0.0	0.0	0.0	0.0	0.0	0.0	0.0	0.0	0.0	0.0	0.0	0.0	0.0	0.0	0.0	0.0	0.0	0.0	0.0	0.0	0.0
2019.3.14.cow.fecal.19	-0.7353695596973809	0.06215850772565236	-0.1872001733086011	-0.06951576251064961	0.10332330807356761	-0.042661133140684884	0.07787783784986853	0.04026326685472354	-0.01513746339743083	-0.01053055723402704	-0.038716977452246754	-0.014577980104467923	-0.023220018363952002	-0.005890395649600345	-0.0030415090044452107	0.06463372924023265	-0.012301958023967401	0.010187620036206869	0.0171574701083081	0.03472945885510901	-0.07933968554297266	-0.04983936340453579	0.015510195555967317	0.06275662200433761	-0.04943171479051551	0.0089057923742853	-0.01589332885872762	-0.011501773889704752	0.009351954102538482	0.0139410087998711	0.026239496770992517	0.0021826775665714122	0.013391168800676116	-0.018262201845853296	0.015629329835906036	-0.025747999287821847	-0.004125184139040243	0.02335561996886369	-0.004795508017559075	0.004146131947288371	0.009631985258709836	0.0051954406299691445	-0.02352975169293426	0.006091106929970258	0.013446263801393183	0.019516792228600737	0.018721081118694076	0.000386941659094261	-0.004502929490143694	-0.015098803354392122	-0.008728901177097848	0.011550273714241567	-0.005282125851814213	0.008681604132308942	-0.0010310599214110093	0.016878575961509167	-0.009178494221655682	-0.004280333118862388	-0.009076908414558472	0.013198618916386963	-0.006273264330405722	0.003917190856216882	0.0012175345295030466	-0.0014873686833709499	0.0	0.0	0.0	0.0	0.0	0.0	0.0	0.0	0.0	0.0	0.0	0.0	0.0	0.0	0.0	0.0	0.0	0.0	0.0	0.0	0.0	0.0	0.0	0.0	0.0	0.0	0.0	0.0	0.0	0.0	0.0	0.0	0.0	0.0	0.0	0.0	0.0	0.0	0.0
2019.3.14.cow.fecal.19.rep	-0.7489375600299313	0.06079407271680903	-0.20723937100928322	-0.09888292267552726	0.10698651035550902	-0.03196950121564452	0.051610395773599625	0.03984411857661121	-0.03760216753180277	-0.013915603339836236	-0.04074075076409425	-0.01673627570228824	-0.015153783049795831	-0.018558471174045844	-0.01694369199962316	0.04960227779561049	-0.006013523406895425	-0.010552538455066636	0.012465755416623191	0.008013958357484294	-0.05988832755913069	-0.040080618906411764	0.017564312606951044	0.03610182349333908	-0.023545276413724423	0.018504217610498617	-0.03344355380155392	-0.03391961473865219	0.008010668393239405	0.0008208703440842555	0.04263428639306235	0.007586929318576378	0.01032847440917936	-0.0034281387365200943	0.004889371966677677	-0.024274900704222786	-0.0038041376443710014	-0.021910410418171558	0.004673837600256816	-0.01400820501383972	0.00868264861585751	0.015951732238423874	0.012266343139322646	-0.008048197380601658	-0.008089521493414818	-0.009258376165729077	0.005543583681713733	0.0029354159234770963	0.00911785766605811	0.015043170128623056	-0.010780373224211657	-0.03169997413611716	0.018398843709520624	-0.011656848372678604	-0.006864640343674319	-0.011582585623812244	-0.004850472676429243	0.010746444865426539	0.014627436370933422	-0.007124243007183202	0.009082256248179217	-0.0024886217283943525	0.001478033453294921	0.0001757601813646798	0.0	0.0	0.0	0.0	0.0	0.0	0.0	0.0	0.0	0.0	0.0	0.0	0.0	0.0	0.0	0.0	0.0	0.0	0.0	0.0	0.0	0.0	0.0	0.0	0.0	0.0	0.0	0.0	0.0	0.0	0.0	0.0	0.0	0.0	0.0	0.0	0.0	0.0	0.0
2019.3.14.cow.fecal.2	-0.6442525508835897	0.06692678669956097	-0.13261444659156008	-0.07254577857872267	0.1462199141206577	-0.07594475911537371	0.07214441100587834	-0.03266747981919706	0.18720287436506203	-0.014954809167616706	-0.011639861405929527	0.09066462271255751	0.023644553615794893	0.055767587904439614	-0.008180037700675945	-0.046338163640093924	-0.03969532667624441	-0.029726293096110478	-0.05286638327873819	0.07378968887005717	0.08954367452591862	-0.038400345655045395	0.032471732492696956	0.030326851974955896	-0.010158925015427964	-0.03073220647307093	0.019959455016514617	0.03060580759681306	0.020323188193532585	-0.036339254620946726	-0.0023351642775854774	-0.009636570794734256	-0.03715907199850662	0.022186845598648867	-0.03134813923400762	-0.015809323310262958	-0.008877234480794818	-0.024152684848847927	-0.0174573332840975	-0.0007904928348598753	0.01554742188518166	0.0032405540502966233	-0.032505268598214725	0.015752148204210597	0.013336338303360118	-0.028832943134901062	0.01191376809873244	0.014901681665530688	-0.0039493113468621515	0.02985421588280125	0.006737146834285819	-0.004398653555452984	-0.00016824964063463167	0.0015931759663066767	-0.005531843930836527	0.0034398825189416032	-0.006682279477910113	0.0036052071239844356	-0.00793441570496525	-0.0015058334898455812	0.0016773415058315476	-0.0038412724412733626	-0.004083719932714708	-0.00010894291587340868	0.0	0.0	0.0	0.0	0.0	0.0	0.0	0.0	0.0	0.0	0.0	0.0	0.0	0.0	0.0	0.0	0.0	0.0	0.0	0.0	0.0	0.0	0.0	0.0	0.0	0.0	0.0	0.0	0.0	0.0	0.0	0.0	0.0	0.0	0.0	0.0	0.0	0.0	0.0
2019.3.14.cow.fecal.20	-0.6814447929786197	0.05687911081056359	-0.17400013062907765	-0.018667648980074898	0.10256070195037242	-0.037364477633401234	0.094463958606165	0.016821409843358733	0.02145363990368331	0.0018059678086137995	-0.013026917474105965	0.007339909771746516	-0.02472160457071689	0.040332248202741575	0.018570759852301714	0.09538018546904169	-0.019845176810498712	0.007433431402302289	0.003025673715487879	0.03596427676554228	-0.06375918742464728	-0.043611341667461334	-0.0052047356166547865	0.028957999787772633	0.013726301990704255	0.009331448313223405	-0.036878553049574984	-0.03611933313609173	-0.00865718193361172	-0.02103017154504132	-0.026035753425726223	-0.022732723200585152	0.017609790007809496	0.0031419673715998284	0.010433496696104905	0.006072211284721286	0.010597114634457457	-0.00884575123480205	0.026624933217650446	-0.026384507468288357	-0.026687721495652045	0.004782087222617683	0.011046958648481103	-0.0008369122679918484	-0.022449910714041364	-0.01863344635079114	-0.005091791469863462	0.00580239884626599	0.005306581227187649	0.00788876850334586	0.012607005574213534	0.02312511362473886	-0.004630266817643626	0.008124156589827345	-0.002754801568894098	-0.0039006979787899747	0.026184624417653506	0.0022928980787299334	0.009876217165362801	0.020490209633196695	0.00045859032011743884	-0.007976480837736217	-0.0025828517089893283	-0.00887900496621205	0.0	0.0	0.0	0.0	0.0	0.0	0.0	0.0	0.0	0.0	0.0	0.0	0.0	0.0	0.0	0.0	0.0	0.0	0.0	0.0	0.0	0.0	0.0	0.0	0.0	0.0	0.0	0.0	0.0	0.0	0.0	0.0	0.0	0.0	0.0	0.0	0.0	0.0	0.0
2019.3.14.cow.fecal.20.rep	-0.7054687774905926	0.055924841154236876	-0.19762000453237746	0.011472035047372193	0.08361584091371285	-0.03256589973714354	0.08255229550008025	0.009037124253059681	0.013697108012456353	-0.004971925214405567	-0.010143237915847167	0.011702963509154623	-0.023580141888584382	0.022908357911222067	0.00445152347133748	0.05960945355906648	-0.013898338427786282	-0.001996575350725549	0.02059971074918929	0.032169067295948664	-0.06468154580870088	-0.03166937087644549	-0.01707295338561356	0.015944021405687354	-0.013978453892384267	0.015921086764716774	-0.014531947057345574	-0.048240501185427304	0.008931772833275831	-0.029164376542907038	-0.0299313507190061	-0.03350293214447081	-0.003612400974593318	0.03524649798442001	0.009685942694066961	0.020403763064505268	0.0049318350845140154	0.008192392963320506	0.01774360700159967	-0.023081860485172735	-0.00027630217676328855	0.010448694187559896	0.023166530521783205	0.004855413163671116	0.01739106861642776	-0.004850640953082692	-0.0008733158867045504	0.0073524538659680075	0.009326157604920013	-0.005929124061949571	0.00820668489680807	-0.019621956991988272	-0.007907111160046068	-0.004875792137287264	-0.0010226316891222451	0.0006694454939018388	-0.0058293892739148655	-0.025799531543485642	-0.01661816813141584	-0.010928989142902688	-0.004911935369063347	0.008436679747038888	-0.001662645588468449	0.009481271825639044	0.0	0.0	0.0	0.0	0.0	0.0	0.0	0.0	0.0	0.0	0.0	0.0	0.0	0.0	0.0	0.0	0.0	0.0	0.0	0.0	0.0	0.0	0.0	0.0	0.0	0.0	0.0	0.0	0.0	0.0	0.0	0.0	0.0	0.0	0.0	0.0	0.0	0.0	0.0
2019.3.14.cow.fecal.3	-0.6694426075478938	0.023000638039613046	-0.19320678885925172	0.3262948514609938	-0.07455414871424072	0.01762642727867538	0.03617148446529898	-0.07842691858048562	0.0903691895624317	0.025540527560536676	0.0361873012719152	0.07094109088000276	0.004203629619568673	0.03870676909924645	0.0414177825840074	-0.025258694305767816	0.06097976606386934	-0.003892666095075989	-0.003919651016484157	-0.03473413925249401	0.03281725795552141	-0.020601680600481752	0.01499012485294967	-0.02686891811560937	0.026276104127372427	0.03758642294689802	-0.042388854875405384	-0.031243090373764004	-0.03851356244659256	0.048917885815659645	0.049490385315924625	0.02689389334126906	0.014027874394083676	-0.04835350152100894	0.017656641081239727	0.01103083224576284	-0.001969780289484836	0.017361305831212932	-0.00250055951736493	-0.05349536834903878	0.0086440699466226	-0.0063808289639444024	-0.00396421747233593	-0.005050528906004415	-0.003734145995656501	-0.004844482955497782	-0.0008240220243971088	0.018370239574190424	-0.0329426910394967	0.005565914267547391	0.007242514820711076	0.0014162566187774731	0.006691280951280132	0.012724190333999975	0.0037437122327050668	0.004707563189629646	0.0041905838665303756	-0.0013695718793070334	-0.0004743131049282059	-4.175315277526293e-05	-0.005212534694122737	0.009232916166648527	0.004357775001741105	-0.004555316013056638	0.0	0.0	0.0	0.0	0.0	0.0	0.0	0.0	0.0	0.0	0.0	0.0	0.0	0.0	0.0	0.0	0.0	0.0	0.0	0.0	0.0	0.0	0.0	0.0	0.0	0.0	0.0	0.0	0.0	0.0	0.0	0.0	0.0	0.0	0.0	0.0	0.0	0.0	0.0
2019.3.14.cow.fecal.4	-0.7364522730998049	0.05962248145194323	-0.23418414029552498	-0.08732714260035664	0.09205703978859266	-0.027792130205034498	0.05703696341538582	0.001289252975557035	-0.026069420302011898	-0.0041421530242786745	-0.02152946677620017	-0.005510822765203417	0.002569255979843917	0.013046428675989081	0.02027361622042964	0.0438505309864124	0.03668666356232918	-0.00636789613773725	0.03727727871195195	-0.036763290067702056	-0.005779825740018015	0.0073965063139184	0.02775491606524356	-0.010477005667566154	-0.004554181531944552	0.0316451939462932	0.03640302020935223	-0.002774927556979401	-0.011693799390969085	0.03331700094311669	0.029888544999379898	0.010080016273966489	-0.035694459591970845	-0.05519256746706164	0.009384104232979737	0.029475644416247317	-0.02882149552855122	-0.05098154457180904	-0.028007256916406983	-0.0012601885366719959	0.06468955973449568	-0.0035095818998308556	0.00495222971704006	0.009691887815543827	0.006701794244856348	-0.023684774428292713	0.008301618350641965	-0.02685673510087859	-0.011362621460662487	-0.0008536684655685669	0.006391297495222873	-0.0015347693827995816	-0.022070092677498338	0.005178802198609366	-0.0016277306512582229	-0.0072181023019410396	0.009262074370879924	-0.011829595709277173	0.001758025866387187	0.0005250502320932643	-0.0032049091381360023	-0.008430450604660382	0.0034625002913174	0.006611560865269577	0.0	0.0	0.0	0.0	0.0	0.0	0.0	0.0	0.0	0.0	0.0	0.0	0.0	0.0	0.0	0.0	0.0	0.0	0.0	0.0	0.0	0.0	0.0	0.0	0.0	0.0	0.0	0.0	0.0	0.0	0.0	0.0	0.0	0.0	0.0	0.0	0.0	0.0	0.0
2019.3.14.cow.fecal.5	-0.6710583663213039	0.06079398207896693	-0.18160277044007708	0.053672520240447115	0.10475371369002019	-0.0549965896236859	0.12007402924730598	-0.052576847330963225	0.1092738349694979	-0.009236647754684186	0.03743916643610643	0.0380188539984107	0.01978340170090614	0.04974788259539358	0.08290363150230323	0.09977922134750786	-0.06789936707781014	-0.05495134859897989	0.021281991094493607	-0.003113959046842427	0.008732336768969796	0.01978271941716232	0.05373432426789258	-0.03651951426696743	-0.012742491678608405	-0.07002448434437514	-0.005863689464175034	0.016279318041738683	-0.017238885307033908	-0.012878623674937008	-0.037198842816235415	-0.023430100307243917	-0.0075758882594149125	0.0038291159619695493	-0.000994774981377405	0.0007302440803855143	-0.0031160968864821863	-0.019907196072746228	0.02572882194835787	0.009053733114550645	-0.001492319067581545	-0.01620274577571406	0.019967271579385073	-0.008720648877759852	-0.017997967892010164	0.014130691797735476	-0.007367328504463082	-0.01848936106153976	0.0024882277072869126	-0.01946590452649196	0.01800494762600978	-0.013097110682158705	-0.0075822994858726804	-0.004922319540324553	-0.0034670559265571736	0.013215443508188362	-0.019417414813443716	0.014719639938620365	0.005425094600305748	0.005364450831272331	-0.009400358734712629	0.004752806603158919	0.002575880403438743	0.004291134298939178	0.0	0.0	0.0	0.0	0.0	0.0	0.0	0.0	0.0	0.0	0.0	0.0	0.0	0.0	0.0	0.0	0.0	0.0	0.0	0.0	0.0	0.0	0.0	0.0	0.0	0.0	0.0	0.0	0.0	0.0	0.0	0.0	0.0	0.0	0.0	0.0	0.0	0.0	0.0
2019.3.14.cow.fecal.5.rep	-0.6307486571412798	0.061524416915747296	-0.11738674301508598	0.08402753990976068	0.10988191658711699	-0.07454389564950115	0.13945647878539122	-0.048389877578787786	0.13057221749745157	-0.008772854734437747	0.03538951661622513	0.0476090348866945	0.049184611355072294	0.037299076252232034	0.09856439169233887	0.09688672826802203	-0.06669855142903186	-0.06906054063809446	0.0028671909398885376	-0.008301331497201674	0.02212531901227764	0.017285958808965027	0.05191642305798918	-0.06932829761791737	0.018349380931920508	-0.04038905958668057	0.009649507811479045	0.033230477395734904	-0.008881273086735711	0.048553882909824715	-0.03750075957359093	-0.023694141050051815	0.018432139147691474	-0.014258864490722029	0.03156743948663859	0.007119418901321911	0.020386067301441296	0.0050108521629724226	0.003914371096390055	0.007369425664972523	-0.006708002846791751	-0.015484407607189053	-0.011962288335821279	-0.018587317504419058	0.023545930434865366	0.01027937575188087	-0.004231368101141052	0.007989015124752556	0.011909320503767069	0.004922399563722755	-0.023069565524809106	0.007868401190061908	0.01388951177324408	0.002664664777384084	0.0028703343733879724	-0.012499606421419972	0.011475324342806738	-0.010637886112273984	0.0010688240474401203	-0.006821085516413814	0.007230958342612875	-0.005419988375858344	-8.650437296097945e-05	-0.0013363889400210768	0.0	0.0	0.0	0.0	0.0	0.0	0.0	0.0	0.0	0.0	0.0	0.0	0.0	0.0	0.0	0.0	0.0	0.0	0.0	0.0	0.0	0.0	0.0	0.0	0.0	0.0	0.0	0.0	0.0	0.0	0.0	0.0	0.0	0.0	0.0	0.0	0.0	0.0	0.0
2019.3.14.cow.fecal.6	-0.6981048589558054	0.016154014287345326	-0.2693296881209082	0.32713574460427797	-0.10592566877145189	0.058999976599373276	-0.008233736024555651	-0.07586846865136515	0.03522802991680515	0.03572176324135639	0.014654716321546822	0.07579632355858726	-0.014428452041797098	0.10356750992159443	0.033141109702852674	-0.01531193795202671	0.03886346945311851	-0.01098462443111853	-0.04401999168596566	-0.012559877687725287	0.032014360737871686	-0.02877251115286499	0.06235548239301587	0.032880288662834274	-0.011566231811696966	0.001806311634594192	-0.04007232204536213	0.014149562302779452	-0.02160965335676873	0.028729031770727356	0.011490726898961785	0.0105555724061577	-0.0358898674537933	0.013766282659523853	-0.06501949004007909	-0.036100642071299385	0.005829505350090427	0.035045425647285085	-0.005963097836045611	0.0033329040886655344	-0.01067485605452723	0.01448453021711825	0.015068669966570481	0.00026860670447125516	-0.006162571863371366	0.042981552238553225	0.01631892480509409	-0.011090850857902816	0.022449504215622862	-0.01997570636387081	-0.005951567872991031	-0.007618051502393842	-0.012878089273730412	0.009159718095410475	-0.002061583167172241	-0.007663604370497466	0.009367870638739107	9.068955806953785e-05	-0.0014798072808578338	-0.004570388175129785	0.00403392997657459	-0.004399694674650755	-0.005487707766142805	0.0029350426751981783	0.0	0.0	0.0	0.0	0.0	0.0	0.0	0.0	0.0	0.0	0.0	0.0	0.0	0.0	0.0	0.0	0.0	0.0	0.0	0.0	0.0	0.0	0.0	0.0	0.0	0.0	0.0	0.0	0.0	0.0	0.0	0.0	0.0	0.0	0.0	0.0	0.0	0.0	0.0
2019.3.14.cow.fecal.7	-0.6951804939865713	0.06993089929590018	-0.20678475603639737	-0.10639180130742752	0.1651892439371355	-0.055978541987012874	0.06922178267515455	-0.035831112850109315	0.1015851311453163	-0.030338049593571177	-0.03629191741166	0.07450348040937683	0.03871271899942377	0.01883875861509228	-0.016264683086311946	-0.015348821294312946	-0.009513569511303315	-0.004852324062740353	-0.03739202766328269	0.020266738154489917	0.05577828012692862	-0.012743855246161688	-0.05165629141871009	0.055896736499637195	0.003010490305855239	0.002817505583654825	0.0343883756321943	0.018112373946186082	0.057396495070950335	0.0009706477259809001	0.01883366774897418	0.022112062607586646	0.04923692428892345	-0.0005722938235805134	0.009126985422092681	0.009109145235104879	-0.01226102357708216	-0.007193202445042312	-0.0026767877936108232	0.03577666030102506	-0.013153662687171976	-0.022109793197444924	0.04124599225602318	-0.009571880820264937	0.008624364462804167	0.02540832241486132	-0.025151040028422035	-0.013089615734274649	-0.01318703075474587	-0.0036836418141848086	0.0018242442578478768	-0.0023807956884209446	-0.0005962076563457811	0.0012712346130298946	0.019528501341563878	-0.0025010354834958163	0.006461765517012002	-0.0016758709601103906	0.005490173450135284	0.0013835786724167624	-0.0030357438813095753	0.004682377122139547	0.004605982511470756	-0.0018428899394690886	0.0	0.0	0.0	0.0	0.0	0.0	0.0	0.0	0.0	0.0	0.0	0.0	0.0	0.0	0.0	0.0	0.0	0.0	0.0	0.0	0.0	0.0	0.0	0.0	0.0	0.0	0.0	0.0	0.0	0.0	0.0	0.0	0.0	0.0	0.0	0.0	0.0	0.0	0.0
2019.3.14.cow.fecal.7.rep	-0.7066335159712691	0.04524423915462556	-0.22108496655618193	0.1355937476994946	0.0011259721456550148	0.0013157109204076534	0.02439480535822316	-0.03241815248876637	0.059429950859006084	0.011362205062117428	0.029068006845768803	-0.006352068940472325	-0.017480644684290194	-0.03786996979846453	-0.04304225289063002	-0.12783265004600639	-0.00807723642565468	0.004569724156474505	0.030352428600339407	0.02752295584645824	0.006338120158309887	0.022428669493701422	-0.009743261435268798	-0.028196576722827403	0.005054354185572861	-0.021393272745889362	0.02529680199922872	-0.008914432903020148	0.024968228644617407	-0.047755055003995704	-0.001686757306372356	0.00849368659527366	0.029544305199915057	-0.0013732043687190614	-0.03402720238969374	-0.007551117303492126	0.015856853401156862	-0.008877493677365851	-0.023303084469721146	-0.0005547163919827063	-0.01977134551198091	0.02145427140060925	0.03494243421433126	-0.004195280571331978	-0.01708971308001838	-0.0023257203155375625	0.03578671957014584	-0.02271970103850317	-0.027636844901106114	-0.019618481985496133	-0.006364884861065752	-0.0004477553514732028	0.00027924312604164726	0.006630006109537603	0.014354127586525312	-0.0031249118659753146	-0.005568288428023561	-0.0073287856215873935	0.017846927429182934	0.006840623634610999	-0.007550798013030934	-0.0005427196202444116	0.0012957657609639192	-0.0003754027464838945	0.0	0.0	0.0	0.0	0.0	0.0	0.0	0.0	0.0	0.0	0.0	0.0	0.0	0.0	0.0	0.0	0.0	0.0	0.0	0.0	0.0	0.0	0.0	0.0	0.0	0.0	0.0	0.0	0.0	0.0	0.0	0.0	0.0	0.0	0.0	0.0	0.0	0.0	0.0
2019.3.14.cow.fecal.8	-0.7241281342263051	0.05461571392201235	-0.2473699750419595	-0.009138992803053254	0.1258477542686829	-0.030229981319741004	0.07346242978415642	-0.038313616028591096	-0.005975022803077042	-0.026076169923429388	0.04426467541304633	0.03245588414541685	0.04606560934833004	0.0016923229396059204	0.07761434198288647	0.09087670509622814	-0.02979356728612706	-0.0378458543724171	-0.015761381475762785	-0.028537309584004387	-0.007493034476592772	0.02004432030312522	-0.07622604970423588	-0.006725729208422929	0.041621838314567415	0.03504156717851958	-0.0042232672404603384	0.07343717967393029	-0.016188737953087715	0.024308806016545878	0.08267220676630241	0.017623095496234156	-0.015726783355671688	0.013156240652649507	-0.02806847987814102	-0.013270902152719666	-0.01808017165811298	0.021191388645209773	-0.014525453493194538	0.021048229727460708	-0.0051383015546720345	0.0361932300704741	-0.009045627500979366	0.013562193775915887	-0.041811359393727474	-0.028299511748609812	-0.010444084744556992	0.005710388782963073	0.01615970954180828	0.004409476509855458	-0.006427628127200495	0.013257673250141903	0.0012793677551738074	-0.016848830004710835	0.004533687481345704	0.006609097617149362	-0.003151235119770555	-0.0006594166281642284	-0.006321818143053965	-0.006430271617520762	-0.002992068149002988	-0.005137162391339802	-0.0027079078830519725	0.0009793155817371748	0.0	0.0	0.0	0.0	0.0	0.0	0.0	0.0	0.0	0.0	0.0	0.0	0.0	0.0	0.0	0.0	0.0	0.0	0.0	0.0	0.0	0.0	0.0	0.0	0.0	0.0	0.0	0.0	0.0	0.0	0.0	0.0	0.0	0.0	0.0	0.0	0.0	0.0	0.0
2019.3.14.cow.fecal.9	-0.7343829953046377	0.059550478067482364	-0.21680782850518718	-0.04993037065013913	0.08416465910174727	-0.025842275515645524	0.04401657627740842	0.02588084005099437	-0.03783181116955141	-0.006684090349468943	0.006307865027791969	-0.0015485808696871133	-0.01445008615276608	-0.010933867981459861	-0.02416391672633323	0.013161962992663381	-0.020176902991934614	-0.011184045371176756	0.021417072791214336	0.015181000135375919	-0.02016510761292093	0.019287197941262334	-0.00791572146888927	-0.032890200255392944	0.0032260687343566162	0.024247725185477267	0.041572789278941646	-0.007621346380116284	0.0013178863318383473	0.016325176113758236	0.010915015509481287	-0.009518524001724683	0.01663287387990772	0.04919339353412872	-0.04480930145473007	-0.004293569368986102	0.002421671641962553	-0.005630074689900745	-0.02111823102485986	0.030934818677949043	0.013109695352549312	-0.008476327192097061	-0.0020707799375709246	0.012183947368707563	0.00648726238437871	-0.00412084747534922	0.014345579647156456	-0.0054729291634040824	0.010494040065556327	0.0024972192476479305	-0.01632725528166644	0.01031510851652473	0.003963341538333991	0.025024971122729816	-0.006103361389042157	0.001013804456430689	0.013644684368996102	0.016849343753935098	0.0008155325188281159	0.015984035129347377	-0.0009089242971291771	0.007135146708082668	0.0001088037772721834	-0.007166930782104439	0.0	0.0	0.0	0.0	0.0	0.0	0.0	0.0	0.0	0.0	0.0	0.0	0.0	0.0	0.0	0.0	0.0	0.0	0.0	0.0	0.0	0.0	0.0	0.0	0.0	0.0	0.0	0.0	0.0	0.0	0.0	0.0	0.0	0.0	0.0	0.0	0.0	0.0	0.0
2019.3.14.cow.fecal.9.rep	-0.785322851242831	0.054600837489279797	-0.2662443113362676	-0.09160256844052501	0.07030817675458029	0.004431275164812397	0.004257154983751191	0.032689432087903335	-0.12328028798645115	-0.019136671534546425	-0.027631067635128303	-0.026177227179088953	-0.01444019441408046	-0.00772977539699918	-0.03135127259236481	0.05668386827641281	-0.018658243217732268	-0.022501543263724146	0.0290649466060437	-0.03116558418789046	-0.009269944493981294	-0.01191651512118492	0.04180876731485918	-0.019494344825732736	-0.01381967791246488	-0.00553222062025739	-0.0013663235474925097	-0.011637827089845119	-0.014951279508772331	0.04158748684830253	-0.027070853716990344	-0.010567046663451783	0.04549551610970107	0.012974901278294775	-0.05917926356405274	0.02758570401541179	0.032818312137167946	0.02024600664916362	-0.019206207989220486	0.013876942265007857	0.007074799276753342	-0.005035475323833194	0.002084395833954358	-0.009042419769669841	0.005814690170691989	-0.00012738829932492206	-0.005305621044465945	0.023905517741572412	-0.02342811658443047	0.0062846689016936	0.029766718173632262	-0.0036602432075100904	0.011893451241059892	-0.010668318635973081	0.020923183185332206	0.004613832138330382	-0.003573898018186648	0.002528296896862296	-0.00018421156653709031	-0.007789480459862939	0.005011850911180236	-0.00338368282010369	0.0005125130155443834	-0.0031001134663170295	0.0	0.0	0.0	0.0	0.0	0.0	0.0	0.0	0.0	0.0	0.0	0.0	0.0	0.0	0.0	0.0	0.0	0.0	0.0	0.0	0.0	0.0	0.0	0.0	0.0	0.0	0.0	0.0	0.0	0.0	0.0	0.0	0.0	0.0	0.0	0.0	0.0	0.0	0.0
2019.3.14.cow.nasal.1	0.6203975525373266	-0.8692966674174707	0.015754685867515657	-0.07691371337767372	-0.09588540754430831	-0.31392239415873036	0.04119777183721775	-0.28862749729072384	-0.14975899638384707	0.06377520084938948	-0.0034251733582415568	0.08137130035238214	0.09505796728893565	-0.054182867759011016	0.08271486013681928	-0.06754541804432727	0.1358506103690507	-0.019763851225327415	0.028781231525012514	0.0052945553759471495	-0.046076331165876255	-0.03701695186092753	0.013909903778658552	-0.0018417910862403538	-0.049162356774226576	-0.00960957040129619	-0.01617173400781475	0.019357778092493744	0.0007714657454875812	0.023561075505769018	-0.0201030958770461	-0.03461925378304384	0.008807497653696239	0.003957803700849866	-0.006419801511320267	-0.019821617178651774	-0.002910401917617844	-0.006595861013322432	-0.008984235804894271	0.01466330248112901	-0.008052671358102876	0.00226536041960592	0.0016777369077793152	-0.0006569092569280152	0.00026441547530133344	0.005222739773545959	-0.005460993006284553	-0.004098215677857914	0.0019300441046116606	0.0050639298109052275	0.005258560501055117	0.0019732363988023815	-0.004842054860360057	-0.005701096101203257	-0.0016981308133332206	-0.004516798477118579	-0.005291017226878041	0.004730675337509315	-0.002375350069008038	0.0007209563390240315	-0.000533530930929843	-5.969820890523987e-06	0.0007466505912631998	-0.00046455127561405567	0.0	0.0	0.0	0.0	0.0	0.0	0.0	0.0	0.0	0.0	0.0	0.0	0.0	0.0	0.0	0.0	0.0	0.0	0.0	0.0	0.0	0.0	0.0	0.0	0.0	0.0	0.0	0.0	0.0	0.0	0.0	0.0	0.0	0.0	0.0	0.0	0.0	0.0	0.0
2019.3.14.cow.nasal.10	0.8477709750325015	0.5916813946670242	0.054780295731036745	0.006629890007576614	-0.013322285256563707	-0.08263613593660182	-0.11983372087427004	0.2082158103837141	-0.0021805168415606315	0.09056487723293495	-0.016925215799251624	0.07857299167610704	0.16948340193718459	0.07652824671642934	-0.030614312794001185	0.005013701274413265	-0.07668349483293448	0.04127884116516251	-0.005928914553237752	-0.013369469230871265	0.01462751160551056	0.055573810083512046	-0.012130185471326738	0.017982777162614032	-0.019897295032808775	0.028550917117521175	0.008017526023707002	-0.02586808502645735	-0.0792851310757144	-0.01535866661900772	0.016050652562803556	-0.05074181431631979	-0.0161982504430549	-0.019455379477335652	-0.00038509756643522543	-0.011728912842367642	0.032292642125048995	-0.013328859692445613	-0.012996793832959966	-0.001743432201246709	-0.00397870694160611	0.013447360177985982	-0.0023722269477549924	-0.0034035778258752446	0.015001132282307796	0.0023321703201126826	-0.0022098249460572044	-0.02188570141945093	-0.0031589264108564316	0.0029188491523843615	-0.0028033382811605296	0.00297918989340937	-0.0014041491729039795	-0.0029778090558955773	0.0011487271106355515	-0.003917039618268566	-0.00023015174376458258	0.0029447420946027403	0.0023823000903588254	-0.003223903466252418	-0.006573618846101943	0.0013621960037333942	0.0012283250537213442	-0.00015284389643266538	0.0	0.0	0.0	0.0	0.0	0.0	0.0	0.0	0.0	0.0	0.0	0.0	0.0	0.0	0.0	0.0	0.0	0.0	0.0	0.0	0.0	0.0	0.0	0.0	0.0	0.0	0.0	0.0	0.0	0.0	0.0	0.0	0.0	0.0	0.0	0.0	0.0	0.0	0.0
2019.3.14.cow.nasal.11.rep	1.032572907135113	0.43272233692309126	-0.06991472235362425	0.04972453726706174	0.08066928405124849	-0.06706890522814471	-0.03058482160458876	-0.005015644450445733	-0.03557120678831419	-0.03040170041976101	-0.019778207647976442	-0.01399813336938232	0.0444507807588657	0.0027695862856190923	0.003599617752927993	-0.02232550995626874	0.039747225137204405	0.009060944640477473	-0.04673024758888066	0.0064494150647221235	-0.016903181829322673	0.02893534063274847	0.01132570946506803	0.010944947646513528	0.03325328702457479	0.0029214385320366324	-0.007055923743004441	0.03610436515086541	0.005256704326714322	-0.028908894695529003	0.004457355447429206	-0.021846358327119075	0.046675976996576954	0.010264670300866873	0.001224351874691488	0.00661316968929409	0.005111396781295343	0.005305128179144804	-0.026709359381119326	-0.04759684481422705	0.018651273227650388	-0.004220288930623011	-0.018422435295439275	-0.002142036018274402	-0.014552959451353641	0.025296213355382388	0.0036615878902738195	-0.012647233840450248	0.017439704857515524	-0.005356453051695961	0.013686620387762225	0.00838084389515216	0.0024680432416690767	0.012338661825796843	0.0021380003331024095	0.012122960832949779	0.004123760414310762	-0.013932916016211522	0.009419334187239049	-0.007525425980377596	-0.00022149456067335792	-0.00746152286975116	-0.012339049699667575	0.007958358976505315	0.0	0.0	0.0	0.0	0.0	0.0	0.0	0.0	0.0	0.0	0.0	0.0	0.0	0.0	0.0	0.0	0.0	0.0	0.0	0.0	0.0	0.0	0.0	0.0	0.0	0.0	0.0	0.0	0.0	0.0	0.0	0.0	0.0	0.0	0.0	0.0	0.0	0.0	0.0
2019.3.14.cow.nasal.13	0.6787027383559776	-0.6000508690807129	-0.150698783969381	-0.04624767464616993	-0.18660089396937804	0.11284594681929944	0.15726544472407333	0.15056675484442594	0.0575866046087188	-0.14400443916265798	-0.08278285799263119	-0.047126159851129445	0.09008617679100538	0.047170122753063516	0.009653445157063728	-0.022619621169243685	0.02922439165539971	0.08050364112561285	-0.03672771518389019	-0.11333327934006078	-0.009467578953122925	0.06133053219184917	-0.0055857738603410315	0.02474851941397191	0.0003910031204990679	-0.026257442826152704	-0.00114629544643122	-0.0017266910661479467	-0.015864520029552066	-0.03036589807585944	-0.015191571062727269	-0.030469257783339886	0.02847372488140864	0.02724425222697945	-0.018540645171534958	-0.027893085823741472	-0.0025181033387818266	-0.004725654382673081	0.005935331486960461	-0.0033690807823318365	0.012141258279273285	0.015090780144116737	-0.021655838434684636	-0.007868702604834773	0.00496011460047438	0.00019549168019918788	-0.006669477533260389	-0.0056403230596908036	0.0006454110083197739	0.007383609463473388	0.0025094908908365444	0.013132331615108619	0.00431718032133944	-0.006869246480467898	0.006157350546517654	-0.0018452234302042095	0.00022818046911424005	0.0014661823400324242	-0.0005931636737220632	0.00026552998976958744	-0.006322641775170092	-0.0007964685066807844	-0.000497281352742034	0.00023014381610590267	0.0	0.0	0.0	0.0	0.0	0.0	0.0	0.0	0.0	0.0	0.0	0.0	0.0	0.0	0.0	0.0	0.0	0.0	0.0	0.0	0.0	0.0	0.0	0.0	0.0	0.0	0.0	0.0	0.0	0.0	0.0	0.0	0.0	0.0	0.0	0.0	0.0	0.0	0.0
2019.3.14.cow.nasal.13.rep	1.0590835708443609	0.3565926218461882	-0.17551524320677694	0.07217585660141167	0.10830606976345371	-0.1010100248110952	-0.019936875472005625	0.013980443229168193	-0.010427009115106314	-0.20395029302578668	0.056401717678972854	0.009220976255300654	0.05112976222291964	0.006210528927512041	-0.017585476143254994	-0.03713388168029062	0.024688893216413946	-0.02765033544969532	-0.06956578037816723	0.021037566692319834	-0.05809584136838428	0.020092064501903973	0.05413394573512158	0.031061853461983445	0.022756797515339103	0.0030137264276187967	0.05086008495288018	-0.008133235703629385	-0.048476995886386424	0.008880288557368948	-0.01344709445195156	0.020152402596668652	0.009632374709499283	-0.003473310601179141	0.00831782419904467	-0.003850360687142314	0.007714645116422327	-0.007470982053883477	0.01051870737265471	-0.0073076036854816916	0.003090506107247139	-0.013094607425382852	0.016903138911225045	0.008197548228174128	-0.0013054063576580816	0.006415790942463833	0.011172657169581521	-0.00044691324930626114	-0.00751664765374731	0.004755636816870238	1.2889240254183865e-05	0.013440168757969481	-0.0060348254613076064	-0.014629330263955746	-0.0012251712864144375	0.000279591021682799	0.003273693621319013	0.004491910891608754	-0.0058824115764215664	0.002496031187285339	0.0015877263327045209	-0.0005881554620867989	0.004799804902985023	-0.0018226663353219652	0.0	0.0	0.0	0.0	0.0	0.0	0.0	0.0	0.0	0.0	0.0	0.0	0.0	0.0	0.0	0.0	0.0	0.0	0.0	0.0	0.0	0.0	0.0	0.0	0.0	0.0	0.0	0.0	0.0	0.0	0.0	0.0	0.0	0.0	0.0	0.0	0.0	0.0	0.0
2019.3.14.cow.nasal.14	0.8114031683014348	-0.6609433812748879	-0.21965249602550374	-0.02347444673939503	-0.1690265173968074	-0.26768708086856746	0.03693405330630731	-0.09364281851093885	-0.046816019222640254	0.13916502436100942	-0.1560631095168278	-0.048695618318227156	-0.032761567592672555	-0.01705460870376824	0.18432601159981257	-0.0440641627347344	-0.1803650432454132	0.09199351900363233	0.009925173310546114	-0.04851806134189489	0.034306385653380775	-0.013754103440898252	-0.012173341821246108	0.03522759685483448	-0.0018100495354509112	0.007877106680214876	0.02083331499869035	-0.016340578625864677	-0.013997435713404466	0.009891301453885556	0.006143663734780149	-0.0032920340771035793	-0.005346776123145809	0.01928478877793843	0.012037382975817686	-0.00017753686528337536	0.0043335766896932856	-0.004280323202426008	0.005113484826676166	-0.0055882546937958055	0.01919801206451085	-0.0014749295293549093	0.002745815977484261	0.006057936143390703	-0.0031894565910460843	-0.00028555095271470045	0.008096682531980683	0.005247205340304803	-0.0028077904618535625	0.0005947710725246278	0.0016628020772337332	2.631531662091071e-05	0.006062845954975972	0.006238647780322849	0.006395764596017104	-5.7060423331492906e-05	0.001664454166092967	-0.004057471320589265	0.0036954086579722716	0.0004475666345516323	0.0011502108089904814	0.004808231438304585	-0.0008905040406334032	-0.003013066100098054	0.0	0.0	0.0	0.0	0.0	0.0	0.0	0.0	0.0	0.0	0.0	0.0	0.0	0.0	0.0	0.0	0.0	0.0	0.0	0.0	0.0	0.0	0.0	0.0	0.0	0.0	0.0	0.0	0.0	0.0	0.0	0.0	0.0	0.0	0.0	0.0	0.0	0.0	0.0
2019.3.14.cow.nasal.15	0.6268224656436289	-1.0310637111042629	-0.16429060274782276	0.06957090183990539	0.09820018523652212	-0.4337295668598649	-0.1730142949116947	-0.023791824186138937	-0.02777272367162781	0.09813962176214336	-0.009293228785925358	-0.0028388161933615356	-0.038124623479012194	0.013905154363815704	-0.0464046754798541	0.020012747207725744	0.020386591540671906	-0.04124858077644922	0.027357422666767633	0.045374701454026015	0.014117727810390602	0.0010369903627626786	-0.010881414515584924	0.01545073525723412	0.06751687375819153	0.007434837879104907	0.00732331033426512	0.017571811351907895	0.024749797726443916	-0.0321643511361739	-0.013322116563547143	0.009812609538192761	-0.00633984229854514	-0.003026498227291522	0.007489597119436897	-0.010868455550735241	0.023567112799920877	0.004852030238808217	0.03083678365783545	-0.02654556450002507	0.0069131078446179875	0.004115707527666513	0.011870280022129939	0.009293562549951279	0.014760336948632798	-0.009432582189256593	0.005873559084425916	-0.0025777722747322373	0.006084582405306776	-0.0009235433331615409	-0.00199164718921196	0.015282585024713972	0.009737128812700247	0.0015689261473831443	0.0027376920962707235	-0.0010178843216006696	0.005662416045201052	0.0047435724050746385	-0.0047202771893880575	-0.003975224544100463	0.0032425342405504837	-0.0019800382109684093	0.0030511097519928874	0.001618023275647299	0.0	0.0	0.0	0.0	0.0	0.0	0.0	0.0	0.0	0.0	0.0	0.0	0.0	0.0	0.0	0.0	0.0	0.0	0.0	0.0	0.0	0.0	0.0	0.0	0.0	0.0	0.0	0.0	0.0	0.0	0.0	0.0	0.0	0.0	0.0	0.0	0.0	0.0	0.0
2019.3.14.cow.nasal.15.rep	0.6993731928162349	-0.8453386680217466	-0.17323926886382682	0.020861899969859522	-0.02070202356543817	-0.026806051663952113	0.00022176718145180794	0.17079083089712305	0.0027343742248492394	-0.09499421309023771	-0.021276954272155	0.02343383197027175	0.08927663118853238	-0.019040643103566963	0.015182200705733928	0.0005105428076991938	0.012876084040679442	0.010426902182201292	-0.058471102361594085	0.05769069251102682	-0.03147675982805838	-0.02160483608623738	0.03984229624085766	-0.042417803028681415	0.03269886573015952	0.03223061179732711	0.054365057307212916	0.03905860631557158	0.06771951124255281	0.027717650090260004	-0.0019729007958001615	-0.01375200733768668	0.00025057143720820383	-0.03554458096930053	-0.013088618790057356	0.010339563678270873	0.026510653476369193	0.003948042210424097	0.005963369594517341	-0.01089015880602299	-0.009760412050542514	0.04130044744889121	0.01772472474488026	0.001659403213305313	0.00446280990856224	-0.004819024777555284	0.006034742327289948	0.0046546355687417645	-0.005883694556010503	0.00223275848061759	-0.006656192965175764	-0.0061760243811152405	0.003855154809252143	0.001511206361105596	-0.002184144012419636	0.004310914409285289	-0.005840687637456536	0.0030945765175256707	0.0009658656915333875	-0.0037027814668288994	-0.0007583810714619421	-0.0027723333870756308	0.00444918583048008	0.000563119602490437	0.0	0.0	0.0	0.0	0.0	0.0	0.0	0.0	0.0	0.0	0.0	0.0	0.0	0.0	0.0	0.0	0.0	0.0	0.0	0.0	0.0	0.0	0.0	0.0	0.0	0.0	0.0	0.0	0.0	0.0	0.0	0.0	0.0	0.0	0.0	0.0	0.0	0.0	0.0
2019.3.14.cow.nasal.16.rep	1.0583566404237992	0.6328331210577227	-0.16679165458338766	0.127563578414061	0.19339346320313233	-0.19741892074037554	-0.23163924303507685	-0.1524387005215936	0.012358631332991327	-0.2518309745346127	0.041355961441137866	-0.008608375620215573	-0.09429392065377024	-0.005091719191301492	0.012063207249165904	-0.02319513386762534	-0.00484398923123366	0.02200661110228189	0.0032165991888762828	-0.027301009390449996	0.0028051225349583512	-0.022851817643919883	-0.011651668516350225	-0.001813516034128928	-0.019970602583143347	-0.024859159161535294	0.004773091560797921	-0.03270798880394237	-0.0068517626382499485	-0.010008809291432056	0.021936274347102668	-0.04058464954118574	0.004031899718508525	0.0024676907924891574	-0.008653147292938554	-0.0010126405538345663	0.018745947154907548	0.008909119846137924	-0.010994519651121129	0.008492015883795697	0.013764404233889586	0.0074583342652690884	-0.008924440616724405	0.013061524513868203	-0.00307300049798423	-0.011159525402590461	-0.011115717416391968	0.0037619955814111503	0.005280964411680674	-0.004500292553743755	-0.0012643752537298456	-0.018800705284034904	0.007618671212006487	-0.0004620099757648027	0.003993013512595937	-0.005076778536108624	0.00012581187537283567	-0.005843572304550792	0.0013650742849601483	0.0021820366069933107	-0.000765988676059859	0.0030217561641739466	0.0009507400045867417	-0.003225097586855362	0.0	0.0	0.0	0.0	0.0	0.0	0.0	0.0	0.0	0.0	0.0	0.0	0.0	0.0	0.0	0.0	0.0	0.0	0.0	0.0	0.0	0.0	0.0	0.0	0.0	0.0	0.0	0.0	0.0	0.0	0.0	0.0	0.0	0.0	0.0	0.0	0.0	0.0	0.0
2019.3.14.cow.nasal.18.rep	0.6169258011194029	-1.0815447299362078	-0.16050747769135496	0.08749169951048509	0.16231208012210233	-0.4520405899747726	-0.19276829282498847	-0.07476439642435688	0.015215357846771938	0.11050768413385031	-0.012284673757676595	-0.04607395105077975	-0.07031851503462025	0.02411877141116116	-0.03090103806091369	-0.019891734233666247	-0.05368329747164789	-0.041376465252136986	0.014233016363615944	-0.044194235198024526	-0.0030045435145592894	0.05246226664327097	0.025142874782606447	0.0036696181797704515	-0.00784853098575699	-0.013354801032904281	0.00443962268962114	-0.02677050806428628	0.007159993494369413	0.011445213063750985	0.026512212106922974	0.01606407932518842	0.01477687572629605	0.005861809192357343	-0.005075362191623203	0.01313818644972042	-0.025470342608279857	-0.00048185124285203746	-0.01500680398521218	0.00930706107165664	-0.010600231754594729	-0.005691497314130289	-0.023496573390754293	-0.005085300034092592	-0.013826424272373327	0.001733840648718854	-0.00558003385981321	-0.00032532081689386883	-0.007908930654226605	-0.004112622450106956	-0.0030503536166822426	-0.009780613029745458	-0.007379957210280765	-0.0030149922520291556	-0.002156716176191503	0.0010027222395729701	-0.002733587973578883	-0.005492316986172209	0.0008890398860061106	0.0008204816629340938	-0.0023740080582559235	-0.0006482850819583429	-0.0013567876070206448	7.578964376668226e-06	0.0	0.0	0.0	0.0	0.0	0.0	0.0	0.0	0.0	0.0	0.0	0.0	0.0	0.0	0.0	0.0	0.0	0.0	0.0	0.0	0.0	0.0	0.0	0.0	0.0	0.0	0.0	0.0	0.0	0.0	0.0	0.0	0.0	0.0	0.0	0.0	0.0	0.0	0.0
2019.3.14.cow.nasal.19	0.8268752073982483	0.5352978966838939	-0.010580148411920258	-0.06037639789695762	-0.09532280170965432	-0.06957644617551864	-0.14889402547922104	0.060781296467966206	0.0874417288047946	0.04256052473938197	0.027901284998439416	0.06507810059482722	0.000752285852464037	-0.029787704745518225	0.06985900920940179	0.011992550236190867	0.0378121785973154	0.01127272738782254	-0.05536737161286722	-0.10728553719557019	-0.05834026728871894	-0.0037320095055342864	-0.05378337456334504	0.031623022474423286	0.012939596503359223	-0.0820105523685471	0.0047362677299027855	-0.03019685256801637	0.013131482977709306	0.035170933545654995	-0.014609837352790861	0.018325535747809242	-0.005294194676114233	0.028257780476841243	-0.0011807356197634045	0.005352440745223799	-0.0023205493144524783	0.011003423462825776	0.007192718655832243	0.0058228348571941315	0.0017465030688238949	0.004465071751379396	0.00586080049542916	0.003115488675002897	-0.003985030829702826	-0.0014322182260387577	0.0004725876211660209	0.015578158726775659	-0.007003970471225009	0.0024397521964951065	-0.006470080382553771	0.010124986310609468	0.0009722862547891005	0.0030437410744989656	-0.003616535879753747	0.0023173429384060282	-0.008602216859131956	-0.0007955732599564937	0.0049594772819700405	0.0010942192417053936	0.0032593978887485706	-0.0017242276177108287	0.0027733771883347064	0.0013675200414226517	0.0	0.0	0.0	0.0	0.0	0.0	0.0	0.0	0.0	0.0	0.0	0.0	0.0	0.0	0.0	0.0	0.0	0.0	0.0	0.0	0.0	0.0	0.0	0.0	0.0	0.0	0.0	0.0	0.0	0.0	0.0	0.0	0.0	0.0	0.0	0.0	0.0	0.0	0.0
2019.3.14.cow.nasal.2	0.7159386560087825	-0.8262641268071463	-0.17793867526517057	0.01769380928450069	-0.036175908440102246	0.004269034663559153	-0.010783335429407268	0.1989637054478846	0.01990408448198391	-0.13968477389645712	0.03283945380867993	0.007692119452754743	0.05686169566103511	-0.008003079063522633	0.01568248615445242	0.0009295497248855165	-0.0855884584958342	0.03840640416764063	-0.025948472113178123	0.002340734435579464	0.008481622698867328	-0.09328006037515763	0.009812419037942685	-0.028199520574142236	0.018411876380415047	-0.0002290325180671572	0.07370740252068171	-0.03159095122942895	-0.035585862996215606	-0.00856830463441838	0.016410730109292018	0.033850425068604736	-0.025129098314653125	-0.03512328839951216	-0.012005524505387903	0.003932236931142685	-0.0055438528591591945	0.012973875593239124	0.012841577126075645	0.003288290347351785	-0.014346208512109725	-0.02759673836905249	0.012071790868209833	-0.004791527175967604	-0.005337297350148474	0.004006354839779971	-0.010066762693799037	-0.0047201062376667265	0.004911021427963865	-0.009641574643169644	0.0007978519432956464	-0.009023512626416527	-0.007745633142362349	-0.0046453187482176	-0.011920567334087388	-0.0008636895845453927	0.0036882099856644225	-0.003113055291484641	-0.003958496561042076	0.0015420166842647558	-0.0008419724601575322	0.0019869146244805287	-0.002857862957514445	0.0011334987535485033	0.0	0.0	0.0	0.0	0.0	0.0	0.0	0.0	0.0	0.0	0.0	0.0	0.0	0.0	0.0	0.0	0.0	0.0	0.0	0.0	0.0	0.0	0.0	0.0	0.0	0.0	0.0	0.0	0.0	0.0	0.0	0.0	0.0	0.0	0.0	0.0	0.0	0.0	0.0
2019.3.14.cow.nasal.3	0.5062886418369457	0.11242806175696031	0.1406790879523268	-0.3148570222911999	-0.5499756363104036	-0.15095928594086064	0.22578022687680543	-0.4385009289421411	0.06771076574259001	-0.13874299497475945	0.2175085546927273	-0.009827856842490362	0.1256256820882421	-0.11566445970530297	-0.05220551497306456	0.054756897138647	-0.030366684087601938	0.06568464238764832	0.0019843032012668844	0.025765862928231627	0.008717134969232444	0.013034328472941847	0.02504076971742235	0.02175131716257665	-0.022721128941872698	0.03788173546775795	-0.013658609526080695	-0.003304746769638351	-0.0022272567459027904	-0.017272296247471855	0.005012162768446921	0.0094073424548849	-0.017621052534651054	-0.00711133663069592	0.0031794412108653585	0.005200614534601932	-0.00402729780158614	0.0002033159117543816	-0.002726641809320351	-0.0030981662788523144	-0.007845376204448654	0.0035881338096053657	0.003442009822194354	-0.0042145798587805115	0.008119969368586962	-0.0010726424403853462	9.9649020409098e-05	-0.00013474342815209458	-0.0009650069075491593	-0.0006570542457533065	-0.0003062795680408257	-0.0005921447321654957	0.002578228993602784	0.0029730744762320447	0.0007198578043081957	0.001690701290275	0.0034185068048378123	0.003291531952782187	0.0006290798591295703	0.001971856858021103	0.001130927875685336	0.0004161809533719555	-0.002090837390986266	0.00046281679413607337	0.0	0.0	0.0	0.0	0.0	0.0	0.0	0.0	0.0	0.0	0.0	0.0	0.0	0.0	0.0	0.0	0.0	0.0	0.0	0.0	0.0	0.0	0.0	0.0	0.0	0.0	0.0	0.0	0.0	0.0	0.0	0.0	0.0	0.0	0.0	0.0	0.0	0.0	0.0
2019.3.14.cow.nasal.4	1.0566885943528357	0.22984222496427018	-0.14103973051444918	0.02100835385007036	0.0576821955055759	-0.009979053457762697	0.06748085063579763	0.02862830147958032	-0.002799337853637082	0.015288981784791126	0.044039407583743695	-0.03722371479693114	0.02044748453461023	0.003196628920686237	-0.025331730874067118	-0.008772616157726844	0.010008705684251096	-0.011160610990519605	-0.06343226198655634	-0.028560572485379875	-0.0007958122807117269	0.007412790364657893	-0.004996486974836609	-0.019854737493074662	-0.011244303849313405	-0.019934927902203338	0.00023235491292089515	-0.014200558680197694	0.012742245601570952	-0.006233987537310448	0.022278174078448114	-0.031129406869110053	-0.001209935439257181	-0.016464765982066584	-0.027242403008967835	0.017675365814148507	-0.038880599749456325	0.020348684847593095	0.002169364974002276	0.02528303585246429	-0.022401995300888575	-0.004011283369732075	-0.018888964541669294	-0.02309906461961985	-0.011256496778397415	-0.011016176621535267	-0.023554685148481795	0.02278888638797823	-0.008055277237559989	-0.009378873152312072	-0.003578738524005953	-0.02701875466295277	-0.003135767717438485	0.007290835319088722	-0.009085442067505358	-0.004431643878420048	-0.001052567161549781	-0.0062179299677904585	0.0031233692727336403	0.006756142333194621	-0.0029071258691252743	0.001466697716189971	0.0010239453499716062	-0.0029761292859247584	0.0	0.0	0.0	0.0	0.0	0.0	0.0	0.0	0.0	0.0	0.0	0.0	0.0	0.0	0.0	0.0	0.0	0.0	0.0	0.0	0.0	0.0	0.0	0.0	0.0	0.0	0.0	0.0	0.0	0.0	0.0	0.0	0.0	0.0	0.0	0.0	0.0	0.0	0.0
2019.3.14.cow.nasal.4.rep	1.0504153963852563	0.25574185158228213	-0.17167470865029477	0.04444634584591235	0.11861143067950203	0.1167775150980517	0.04725954728288575	-0.012686600039671531	0.03590734200778782	0.04030475102424138	0.04693044869935357	-0.09151227506664471	0.02793681071955454	0.010863009215720703	-0.00301613199159847	0.024707144165192495	0.005633758418859249	0.006501739442920281	-0.03810121156936696	-0.022332898979921183	-0.0011124624155281339	-0.050753231943728584	-0.04510977904123449	-0.028022801592684148	-0.015271394694882517	-0.036758546778357645	6.6629580267536946e-06	-0.04060134252184774	0.026775048842716948	0.045055626241749615	0.006495261882711927	-0.008343952059842463	-0.018711764033770225	0.0034741984240696504	0.002977232149962016	0.003445349695177604	0.045378284187452336	-0.013192295271581375	-0.0009000710817134651	0.016877591799021572	0.0066842393240406335	0.031058813670230386	0.019333967213372376	-0.0021009701194302202	0.01855979550106993	-0.013925717096746679	0.023071158763822205	-0.007014085416999179	-0.00153595738767605	0.01143502207997019	0.005781849669554255	0.01970051530957464	-0.006535330278412328	0.0051305172944572435	-0.0016582584271328227	0.00024760999884122103	-0.0069475740107779295	0.016252215019908964	0.00243925908147386	-0.005262669712372959	0.001089520111519125	0.0021987614544013664	0.0051632248702947175	0.002850463453715293	0.0	0.0	0.0	0.0	0.0	0.0	0.0	0.0	0.0	0.0	0.0	0.0	0.0	0.0	0.0	0.0	0.0	0.0	0.0	0.0	0.0	0.0	0.0	0.0	0.0	0.0	0.0	0.0	0.0	0.0	0.0	0.0	0.0	0.0	0.0	0.0	0.0	0.0	0.0
2019.3.14.cow.nasal.5	1.0481924226471497	0.17070374249421374	-0.2894955816892966	0.04075821009592351	0.046960826397936174	-0.03102369821026788	0.10604208849474064	-0.004507580423423755	-0.023792776168753034	0.06090154819074149	0.03584164200298355	0.21557493223148239	-0.15814943764990144	-0.11031310808361035	-0.14477740600004177	0.1006732970186416	-0.039502066141384094	0.047034657401873556	0.05881211907060332	-0.027034082557468347	0.03335916154760104	0.004449040126092011	-0.016150127947483633	0.013140932186810636	0.006598174137524648	-0.05318782559209595	0.0001621220666830385	0.034104470616779306	-0.0468040950377465	-0.033821617349942865	0.017439792611751836	0.02340317029942305	-0.0013686511965244337	-0.003990019466417955	0.01186664743365356	0.0069579583716493235	0.0003555850518092794	0.00044329214581676277	-0.0015587560645172241	-0.0014135095384397395	0.006518002361758181	0.014649231299063255	0.011388877892165965	-0.020026591337809985	-0.002318009984017134	-0.0019341322459274096	0.005599091255415468	-0.001304057906099772	0.00035665269198853196	0.0071305922024551245	0.00033504476613901963	0.006565785202318373	-0.001004994893563264	0.007083408514318005	-0.004106911857063791	-0.00038679125159286735	-0.0004564403951503799	0.0062370863343269595	-0.00023402115984031164	-0.0033933969522517717	-4.994913945071923e-05	-0.00015334478800065038	0.0005821096753687473	0.001922261028736967	0.0	0.0	0.0	0.0	0.0	0.0	0.0	0.0	0.0	0.0	0.0	0.0	0.0	0.0	0.0	0.0	0.0	0.0	0.0	0.0	0.0	0.0	0.0	0.0	0.0	0.0	0.0	0.0	0.0	0.0	0.0	0.0	0.0	0.0	0.0	0.0	0.0	0.0	0.0
2019.3.14.cow.nasal.6	0.7054266880204833	-1.0166281925593785	-0.2089929826503279	0.046910487826890106	0.14139369493560774	0.040167097415300966	-0.06459901634475566	0.13434180961346687	0.10615741518839795	-0.1749154698480408	0.1366505199362967	-0.07841273549779951	0.007071207958299791	0.0913399657849721	-0.10973060905488427	0.029790510185848263	0.053116744099832344	-0.06571119462405658	0.05762098976765656	-0.001856759373814435	0.014017488451033835	0.02486997844094838	-0.03918545619020394	0.025527509550658262	-0.011104575384332868	-0.008901674985746972	-0.0474149085350797	-0.007907468112377813	-0.03167596599341263	-0.02257382293399102	0.0019291473468108292	-0.0066462643627232506	-0.00530677104878144	0.00026548405929841884	0.015348997594193968	-0.0007446770711542466	-0.00671153201359237	0.0012682003912693337	-0.016909091651383084	0.0064411570373630435	0.0051447674667990315	-0.012786636292469164	-0.0013619993834847535	-0.001257307567809242	-0.004095726099449258	0.004801279140217961	-0.0022745294728613408	0.005299990359566748	-0.0013298409447722536	0.0027516138261778063	-0.0014561178986868403	-0.0002841341594036233	0.002235225641211028	0.00635515600023352	0.0037903504048077377	2.1562977223898432e-05	0.00045654459152823197	-0.002224882447802042	0.0014052700710771489	0.0010806258042645256	0.002972888876859933	0.0019582742668567033	-0.0011244013173935237	-0.0013453332592759078	0.0	0.0	0.0	0.0	0.0	0.0	0.0	0.0	0.0	0.0	0.0	0.0	0.0	0.0	0.0	0.0	0.0	0.0	0.0	0.0	0.0	0.0	0.0	0.0	0.0	0.0	0.0	0.0	0.0	0.0	0.0	0.0	0.0	0.0	0.0	0.0	0.0	0.0	0.0
2019.3.14.cow.nasal.7	0.16737001678482447	0.3754152917376824	-0.13027062071311965	0.14763937842057748	-0.13664543156257827	-0.13367060191149857	0.2828065377570913	0.11162878147384397	-0.1258019302426298	-0.06573907905043745	0.11457767267542382	-0.06377482520305021	-0.053886802609940276	-0.037051194175604756	-0.038759085895314835	-0.017577755634556692	-0.06736932245596067	0.043827959405006195	0.013248689218067317	-0.06116533299312538	-0.009823179738453196	-0.03944344146754741	0.003871487704456451	0.015395057245913757	0.0312993312801952	0.015069631703477618	-0.006970485779443263	0.022574470219186633	0.010404671667855398	-0.006446110853192351	-0.021856525996725048	0.0026745095177416168	0.008360489861124866	0.0031709088376768294	-0.002550165286442066	-0.006132669561276135	-0.00011216597259404112	0.0031950938607118737	-0.02024981940882481	0.0017965935364024227	-9.806301021557136e-05	0.002488382104777543	-0.004745539641744354	0.004149313524667949	-0.00047286850957375536	-0.0006869252706186832	0.0030938769115649496	0.0022371715548870916	-0.006095754301501759	0.000880758616802588	-0.0015536172163749355	0.0034571758403592126	0.002349700033958871	0.0007586555241221775	-0.0014411665803232387	0.0009332470299563342	0.0008384842624026629	-0.0027351162798139976	0.001616854596266148	-0.0017818359171625556	0.0012037757116210941	-0.0033204689662288283	0.0010756296054356402	0.0008691334747722718	0.0	0.0	0.0	0.0	0.0	0.0	0.0	0.0	0.0	0.0	0.0	0.0	0.0	0.0	0.0	0.0	0.0	0.0	0.0	0.0	0.0	0.0	0.0	0.0	0.0	0.0	0.0	0.0	0.0	0.0	0.0	0.0	0.0	0.0	0.0	0.0	0.0	0.0	0.0
2019.3.14.cow.nasal.8	0.6589260352288896	-0.18075710850538015	0.008758801719221602	-0.12940443336945465	-0.2422249862538504	-0.23855008129298544	0.296275914205051	0.015455782376825565	-0.01440277576849368	0.012723932481887449	-0.06584308630083106	0.010427666381255644	-0.025800601645977764	0.16016974597018624	-0.10902124605665772	-0.019342156255996917	0.08714661745747608	-0.09178127674671763	-0.008347458342106519	-0.040179361986118566	-0.04152588320877709	0.0030038887953882927	-0.07129304168631645	-0.022993390891759953	-0.06406592637161009	0.002083917949645797	-0.016440566402127956	0.00118963152960984	-0.018259112871243963	0.036086410826282084	-0.011073919438411364	0.014632795667876314	-0.023167590914044207	-0.001330096252686465	0.024205530102805514	-0.010598312846088817	0.022833870204372147	0.002566475301590018	-0.007335648595294149	0.007937022669082224	-0.004130319372615077	-0.015297241846755055	0.01627343837901192	0.013826967766660082	-0.0021072803627092064	0.0027702041311212637	0.004496014870787136	-0.0023146675352007902	0.0001366692306039255	0.0020590542611843166	-0.0008299216437253156	-0.0027699148208378144	-0.004669328460289273	-0.0005659948937845643	-0.004935088115072978	0.0019995867746902657	-0.0033216492665881087	-0.0019587089022253795	0.0007918570875493818	-0.0020402035375655164	0.0026024689634610914	0.0005318240775183273	0.0008770656159364136	-0.0013330892188524333	0.0	0.0	0.0	0.0	0.0	0.0	0.0	0.0	0.0	0.0	0.0	0.0	0.0	0.0	0.0	0.0	0.0	0.0	0.0	0.0	0.0	0.0	0.0	0.0	0.0	0.0	0.0	0.0	0.0	0.0	0.0	0.0	0.0	0.0	0.0	0.0	0.0	0.0	0.0
2019.3.14.cow.nasal.9	1.092766774229464	0.5471379505199805	-0.14069183909602118	0.09908299967169812	0.1682369240782438	-0.03594263801854292	-0.054290540741558195	0.02701783669854321	-0.02783790854051403	0.14623483221436484	0.03921777572441732	0.024452584832840702	0.2460798529400085	0.06887744494256014	-0.06387573368435459	9.00858608321046e-05	0.016114194102913364	0.02955342171170172	0.09843681314251802	0.019451162530914296	-0.05162690042259501	-0.06740655983030004	0.03285711309907695	-0.027002062974163382	0.030842297242509715	-0.02838813211815833	-0.021066015521974048	0.004769697520290507	0.030157017647357592	0.003587664223867114	-0.024033623470714506	0.1032566754815395	0.005564726995690324	0.038053973471344	-0.0007951003009519078	-0.009175038557164839	-0.015170934274954903	-0.020470965898095623	0.010651910747194219	0.0005720460834796145	0.009371001987743866	-0.00014079887625382444	-0.019006898935734436	-0.003911451258860664	0.0023656447580705678	-0.009001024210897745	-0.00908516976370474	0.0015017085359297574	0.007921169523771015	-0.005676105343375574	0.0007995927944183821	-0.003789783150068093	0.0024043231136016002	0.0005601628010197707	0.007679246502817256	0.004601204524549898	0.001018865591191497	-0.0059932470521112755	0.0008779076432293914	0.004451613390390555	-0.002119940408244305	0.002352650623631621	-0.005276349687133769	-0.0013964876151464382	0.0	0.0	0.0	0.0	0.0	0.0	0.0	0.0	0.0	0.0	0.0	0.0	0.0	0.0	0.0	0.0	0.0	0.0	0.0	0.0	0.0	0.0	0.0	0.0	0.0	0.0	0.0	0.0	0.0	0.0	0.0	0.0	0.0	0.0	0.0	0.0	0.0	0.0	0.0
2019.3.14.cow.oral.1	0.5112002210631302	-0.7864591562355954	0.10729347016274167	-0.02831699904723678	0.1644776643772633	0.4405493806987829	-0.01530831829315249	0.0518650512559619	0.029788029562401674	-0.011546059125798785	0.10024447011862511	0.1081082341947243	-0.013599123430898431	-0.021104365190710166	0.08283917886268151	-0.067861806873572	-0.03214282689238273	-0.0343121858163178	0.08148720403186058	-0.06375423369785556	-0.00766002002880093	0.07407585528657516	0.0168658854584641	0.09497741655741275	-0.05051163619511247	0.024662824504719107	-0.011880491602711719	0.033835661879483	0.005276204402609756	0.019763594475912555	-0.020511643394080483	0.0022201888393226076	-0.005095486585385811	0.007953766138354452	0.015311637114280605	-0.0046862138058099976	-0.01550919969285128	-0.00929510380621788	0.024874761277912636	-0.004510002003644775	-0.0048942431908631035	0.011670348755007073	0.006559905616794304	-0.0028740440411992073	0.006848231787204969	-0.004414181368985451	0.007960492378830038	0.002478245630140355	0.0004555339587717985	0.0033271020567905616	0.00114507695500486	0.0034745622014197577	0.0012305128515746769	0.007379441185335595	0.005732035017860436	0.000553408514871541	-0.001170606454377512	0.003937701631881489	-0.0005294909074001716	0.0006230068357539511	0.004248844580293878	0.0020477540476897074	-0.0005101663670756756	-0.0004794464499176834	0.0	0.0	0.0	0.0	0.0	0.0	0.0	0.0	0.0	0.0	0.0	0.0	0.0	0.0	0.0	0.0	0.0	0.0	0.0	0.0	0.0	0.0	0.0	0.0	0.0	0.0	0.0	0.0	0.0	0.0	0.0	0.0	0.0	0.0	0.0	0.0	0.0	0.0	0.0
2019.3.14.cow.oral.1.rep	0.6476492632289688	-0.5236277609389741	0.05530068855931399	-0.08258407035020329	-0.041756404196531406	0.39769901851957024	0.10209068279176611	0.04893396628726381	-0.06271031143670161	-0.11057624995556675	0.01644168955475688	0.17504563451158908	-0.0012231927059308421	-0.026759366195432868	0.10131534084336945	-0.07702681871096514	-0.024812289440504582	-0.020181750274835746	0.09529447642331433	0.019376103153353412	-0.02767662608129265	-0.04004476018593657	-0.00829179876241906	-0.01733913654225251	0.0028421713931931453	-0.03429314252520641	-0.017916325810742817	-0.02093223852207449	0.016499426304540665	0.00037903059869585996	0.02931097956907456	0.012549025243459203	0.00857287359028677	0.022636121805751513	0.017941151174583763	0.009477967943566102	0.02184331241821371	0.0032546763555205277	-0.02602902588673611	-0.00021370251461273924	0.009089251676042999	-0.01989753944298246	-0.005935893426714858	0.019792000853361517	-0.016346852905321396	0.0026727579105784638	0.005006576144057352	-0.0019159581889125234	-0.005873852401588279	-0.004197887023938833	-0.004439451003770957	-0.004853412905754866	-0.0004762895064302531	-0.0001003727715721831	-0.004001601618727535	-0.001206146207348502	0.0011032575459906642	-0.008570190133797338	0.0021384155286025895	-0.0034599712973311025	0.003305347284032628	-0.002851949454341655	0.0020218341964909157	-0.0007859527018450561	0.0	0.0	0.0	0.0	0.0	0.0	0.0	0.0	0.0	0.0	0.0	0.0	0.0	0.0	0.0	0.0	0.0	0.0	0.0	0.0	0.0	0.0	0.0	0.0	0.0	0.0	0.0	0.0	0.0	0.0	0.0	0.0	0.0	0.0	0.0	0.0	0.0	0.0	0.0
2019.3.14.cow.oral.10	1.0692887878167245	0.44182121355644066	-0.11688232932015437	0.04427332771793948	0.09803960301456596	0.06414846434720915	0.030656142856094883	0.0553093873488086	-0.029248275204970232	0.23044071383749687	0.004180237660224297	0.022818534197118136	0.1706578438667517	0.03502372748497537	-0.021091375970400856	0.013984326984162018	-0.03119070830670275	0.0017780488708323988	0.051381690224582235	0.03136923006812276	0.029424663276218094	0.050008626610032456	0.010524418725670706	0.013861439412681918	-0.02378125735336617	0.02946776296504353	-0.045114818388838684	-0.015665345600220485	0.040327809829473704	-0.03770255513808718	0.0319548252042175	-0.056608736278791594	0.0008883325209226099	-0.023505603017763978	0.00017622552130681975	0.02480957530912367	-0.009367018698040248	0.03624198522625826	-0.011325835192907417	0.01527450620954924	-0.0007609607388787933	-0.017857622263939988	0.006689041598071382	0.007673926532137138	-0.005136268291115109	0.001978230611022169	0.007306449471999488	0.005336744756987766	-0.013545878818486515	0.0021622391746298274	-0.004834019210895341	-0.001234270984366368	0.00376680330409176	-0.005089365653883319	-0.009076343515878563	-0.007570696398081547	0.002687297738505903	0.0055591974724504166	-0.00026961844149700823	0.0011063461837213073	0.004051637431280164	-0.004334927471754893	0.006163588795803464	0.0027013093460546843	0.0	0.0	0.0	0.0	0.0	0.0	0.0	0.0	0.0	0.0	0.0	0.0	0.0	0.0	0.0	0.0	0.0	0.0	0.0	0.0	0.0	0.0	0.0	0.0	0.0	0.0	0.0	0.0	0.0	0.0	0.0	0.0	0.0	0.0	0.0	0.0	0.0	0.0	0.0
2019.3.14.cow.oral.10.rep	1.0312475374362453	0.49715509009012565	-0.07953703658650557	0.04648682861559362	0.097602879929996	0.026440052477767085	-0.05827668052965632	-0.012453334551604816	0.005328312893538224	0.022112844765079395	-0.026333140204229097	-0.048084091798679646	0.01013981642515528	-0.018693165093266566	0.06653512509870066	-0.0017519994215313933	-0.011287054023334034	0.001503784184327105	-0.004050370181549733	0.05457941381399658	0.017059087054277614	0.05229348320653171	0.018020734859530572	0.02515167339968278	0.005150458227244404	0.048416727904036116	-0.0033271885385029723	0.0039138907961190645	-0.03940667242752371	-0.012752685090035852	-0.008248094892371893	0.003568937266162249	0.014111090827022645	-0.003932744092157907	0.004684025614872968	0.009703887447632325	-0.0110416410904081	0.0020544074485516375	-0.019899114746469868	-0.01813400850620755	0.0057876418868186485	-0.016327211067417958	0.032760154928554476	0.008944193041292865	-0.017573314064654233	0.02159471450540921	0.01716142460020171	0.024613959039603436	0.01329241280091291	-0.0007577723222900511	0.006264638235276232	7.351068615924213e-05	-0.008602379794808187	-0.006360529091191079	0.0017955399684349321	0.009785485416340207	-0.0032181232408540024	0.0034417478573997777	-0.014609202079502262	0.007082352712933953	0.013584348364624212	-0.0012908866413612356	0.006432674138031779	-0.006075938831677673	0.0	0.0	0.0	0.0	0.0	0.0	0.0	0.0	0.0	0.0	0.0	0.0	0.0	0.0	0.0	0.0	0.0	0.0	0.0	0.0	0.0	0.0	0.0	0.0	0.0	0.0	0.0	0.0	0.0	0.0	0.0	0.0	0.0	0.0	0.0	0.0	0.0	0.0	0.0
2019.3.14.cow.oral.11	1.0338881690121826	0.5725603511159478	-0.08643131683320883	0.06756602867722161	0.12524696199572885	-0.026759783020365965	-0.13089506860162498	-0.03337048019782135	0.021811237570335453	-0.07339191440985682	-0.04836859047822697	-0.02192643605278476	-0.05501659489732717	0.0015139227191087279	0.06585933686476005	-0.004699545371678612	0.021740855341503967	0.002939656396962471	0.014304150819347506	0.04245061164074318	-0.014508681010562836	0.011053966151160879	0.01754511633494206	-0.029741871801447085	-0.010875380299791626	0.05778167687848782	-0.03497116854985376	0.03220956664315855	-0.0060486965285012255	-0.00044365759268213305	-0.03385511374324076	3.5741870190648335e-05	-0.00792735731350068	-0.0012342457759427366	0.010692357656970694	-0.007352420003241133	0.0034424481240452887	-0.007667703432549436	-0.021908157094724604	0.021382815560090376	0.0011936485576586433	0.001962647616741695	0.024258914333119892	0.011832249019584858	-0.014199123691014726	-0.0018835186875983609	-0.014175559206416765	0.016341692090515947	-0.008081558172244523	0.01523350580291288	-0.022739794910905452	-0.0027311353946099302	0.009148753992546053	0.021452004295803306	6.063131885297418e-05	0.011179956938171714	-0.0016324716529221817	-0.001773580705133828	0.007805712682804245	-0.00855919662162572	-0.009907209192518878	0.009576057246024915	-0.011986823304085459	0.004380058064309267	0.0	0.0	0.0	0.0	0.0	0.0	0.0	0.0	0.0	0.0	0.0	0.0	0.0	0.0	0.0	0.0	0.0	0.0	0.0	0.0	0.0	0.0	0.0	0.0	0.0	0.0	0.0	0.0	0.0	0.0	0.0	0.0	0.0	0.0	0.0	0.0	0.0	0.0	0.0
2019.3.14.cow.oral.11.rep	1.0106398041834799	0.5171588305817172	-0.05337533680563637	0.045878632513649056	0.0869639065434424	0.0013042368085929594	-0.08361331030473752	-0.007395482624474085	0.0009481906147054931	-0.07997517257631881	-0.030662033946134003	0.0021231808353384413	-0.04226019512614865	-0.019822007699507753	0.055610656191567145	-0.027055999019869152	0.022998441795539275	0.005201269738600152	-0.013453861350989945	0.02529095718552535	-0.012691201383502045	0.045733566984071626	0.025575561984136998	-0.0009169385200979369	-0.007873940384620231	0.043154380490158545	-0.03801278801891251	0.06577547613809888	0.007040915077447778	0.013578296423239013	-0.029235062240222723	0.026452430872213155	0.026003212653890988	-0.006478325895343762	-0.00942719930554845	-0.0015757949462598838	0.0026250414584808096	-0.007774616853711157	0.034977430483887684	0.01510005764602771	0.0099769904139401	0.012274937280269677	-0.009347427627697552	-0.011795003626283645	0.008041389497895478	-0.02517106744116167	0.0046360264535734025	-0.023102851142081597	0.010669431456776022	-0.0020595751944026386	0.011323015567577708	-0.02121885559336815	0.0014204374590081309	-0.002979840616177262	-0.0022376621572522478	-0.0022635960699912317	0.0005277523756026183	-0.0035383269561062593	-0.0011639601370881595	0.004812925388550443	-0.0008594227836954042	0.0036171431363132734	0.013214059405710084	-0.004483611766906031	0.0	0.0	0.0	0.0	0.0	0.0	0.0	0.0	0.0	0.0	0.0	0.0	0.0	0.0	0.0	0.0	0.0	0.0	0.0	0.0	0.0	0.0	0.0	0.0	0.0	0.0	0.0	0.0	0.0	0.0	0.0	0.0	0.0	0.0	0.0	0.0	0.0	0.0	0.0
2019.3.14.cow.oral.12	0.8009151755743966	0.4518521227640239	0.11672817904158671	0.025413439987564936	0.018773596931419688	0.028047719667284636	-0.0006291773809476275	0.034578257226134286	-0.06673092492417744	0.06281839139692552	-0.02886363630691171	0.03105058295089524	-0.023581076205153557	-0.00045624237439848665	0.01993325989519809	-0.04338770889390691	0.00929170505954696	0.022791299490244304	-0.04002679532848574	-0.03971876352771707	0.0077494310245854025	-0.03515208933006918	-0.050594910230603855	-0.01070627522550779	-0.0569188481735265	-0.027571685013545157	0.028812571975603014	0.048789391003348774	0.0228044332262547	-0.017484532178407026	0.007747867715125543	0.009936885292635419	-0.017186288351592978	-0.042569220226269994	0.003870913550982088	0.0015028280312177423	-0.014981803232854777	0.017439034129217174	0.021127655303200085	0.0076831307648741335	-0.012849187317845748	-0.014960144698413103	0.029095872697159776	-0.018868582173425703	-0.0029684655933767427	-0.009175927969116923	0.0032661252922057565	0.011539256117671634	0.013715769430126576	0.005867004164442525	0.011996231126900845	-0.0032708580873504374	-0.0023924142032657057	0.009676490906354428	-0.003531542542466714	0.0029821472865115277	0.006894953605132353	0.007989309057078363	-0.0060000826844745355	-0.004030816250137553	0.00517772555084366	0.0006717570445318712	-0.004350412225534876	0.0021085045561814895	0.0	0.0	0.0	0.0	0.0	0.0	0.0	0.0	0.0	0.0	0.0	0.0	0.0	0.0	0.0	0.0	0.0	0.0	0.0	0.0	0.0	0.0	0.0	0.0	0.0	0.0	0.0	0.0	0.0	0.0	0.0	0.0	0.0	0.0	0.0	0.0	0.0	0.0	0.0
2019.3.14.cow.oral.13.rep	-0.1462349508136695	0.02557553164166081	-0.15453236707377335	0.6417893156920288	-0.5555234326136229	0.13759722018883436	-0.09533680451361853	0.04304546260144255	-0.03733669121380893	-0.048393285727990246	-0.1552807037802225	0.018112659635951853	0.046985645487770816	-0.053830191025723687	0.04918883226204114	0.027593171398537456	0.014715325316753437	0.0006310369315049295	0.022721010633701976	0.05953585502739731	-0.00030528603683293985	-0.04636059049731691	-0.021580530099000433	-0.026375789289798203	0.008798515336885342	-0.017302243299989677	-0.010727552294899627	-0.021768347147669793	-0.0009843466897760187	-0.0008199070396672883	0.0019705421916682547	0.0025405745904283385	-0.009450042594438726	0.0014730138353174363	0.004807557712358192	-0.0019892504418454193	0.004074110589831944	0.006286569155659131	-0.005993779079037669	0.00928989883568828	-0.009144482109014992	-0.0018946982284428421	-0.006927629443580945	-0.006144559898741599	0.004297778683522238	-0.0034245169294997023	-0.0028861623772255527	-0.0019670471810758006	0.0004996610977162507	-0.0005343286308755775	-0.0007849033726009784	-0.0016068591570096659	-0.0026553203012364417	-0.0014132402230656372	-0.0038188240818610207	-0.00396903344828391	0.0023929865850855396	-0.0002757411480346991	0.0031925925484352006	0.0022431286168571995	-0.0010722297008859006	-0.0005101971959294993	-0.0015300849298065294	0.001215462919829881	0.0	0.0	0.0	0.0	0.0	0.0	0.0	0.0	0.0	0.0	0.0	0.0	0.0	0.0	0.0	0.0	0.0	0.0	0.0	0.0	0.0	0.0	0.0	0.0	0.0	0.0	0.0	0.0	0.0	0.0	0.0	0.0	0.0	0.0	0.0	0.0	0.0	0.0	0.0
2019.3.14.cow.oral.14	1.0344865221157507	0.60451181401044	-0.07814333014264317	0.0789952607599823	0.13130487252083192	-0.07008791750427827	-0.1814677096231462	-0.06425195618911174	0.01517025738514265	-0.11095963351530727	-0.022470043680920863	-0.0396815665344772	-0.12168170083439053	-0.011498754374737333	0.08215087927160457	0.0020352727805963227	0.0013021570198252942	-0.024097904795606428	0.021688530242472085	0.03208913671007602	0.028128944120418463	-0.018880775630081136	-0.01329179171553372	-0.0321412782086855	-0.008386801658461415	0.009924346332732174	-0.04667095229613236	-0.027540087570471466	0.02776048431203673	0.006834785361185199	0.01678086751811143	0.005829960133446787	-0.03165411990068677	0.005820022382213483	0.008642240658900933	0.0015408595965391138	-0.006722150262725439	-0.010112166457230912	0.007372536553848363	0.01120407222121942	-0.018535137796948046	-0.015481584186491497	-0.01563866964068179	-0.01619873480622241	0.02212011659703175	0.012871885275833965	0.010996096129580425	-0.016619192280156986	-0.011059555079928547	-0.0012687155076652168	0.005556678334806037	0.025427779148084095	-0.010615965444494018	-0.012900177572135801	-0.0031874865675721943	-0.008684649102873657	0.004289092523386405	0.009926480503636863	-8.493440713650695e-05	0.0013283797202241277	0.0014470750608019775	-0.009873818426782298	0.0007387850085644312	0.004017484280787185	0.0	0.0	0.0	0.0	0.0	0.0	0.0	0.0	0.0	0.0	0.0	0.0	0.0	0.0	0.0	0.0	0.0	0.0	0.0	0.0	0.0	0.0	0.0	0.0	0.0	0.0	0.0	0.0	0.0	0.0	0.0	0.0	0.0	0.0	0.0	0.0	0.0	0.0	0.0
2019.3.14.cow.oral.15	0.6366636640861865	-0.551535905031995	-0.0508726521062508	-0.09609482892012933	-0.21076533240443526	-0.03212684102345874	0.049427466168958246	0.21150952216210034	-0.02335407347566548	0.09235328174721487	-0.06263029008231144	0.18618298814905318	-0.10603010239643916	-0.12056532129069913	-0.022449869888635628	0.08638538042167201	0.09544936182047542	0.039490625187788404	-0.09339067840381499	0.09157015766180927	0.0044765082000451945	0.04716116435692848	0.019383777656506583	-0.04420786750374546	0.009733478232105932	-0.003023820059800514	-0.04452774250981452	0.002629210770174911	-0.037003372755472455	-0.009863015920357349	-0.011682837388776577	-0.005045492178810871	0.011364768463733703	0.012702640661066567	-0.012425988583737248	0.018350636940044227	-0.009740258617769214	-0.01869850155240403	-0.008517648505160298	0.020618544888158417	0.006233957683349112	-0.007731986366490917	-0.010440258878913	-0.0008189054219950451	0.0002531016664959681	0.0015936356876858145	0.0015750959872751669	-0.0012771947298139722	0.00048003960149222314	0.00034900854971619107	0.001967336800444809	-0.006564020400791914	-0.002653038661556343	-0.0028419737453892376	0.004789860210287633	0.0015756936372409197	0.0019570632018790935	-0.0009074608525058207	0.0011732084173702465	0.005130288981175738	-0.0019157156153499456	-0.0003597764601519524	0.0009553953061811947	-0.00036815252791544065	0.0	0.0	0.0	0.0	0.0	0.0	0.0	0.0	0.0	0.0	0.0	0.0	0.0	0.0	0.0	0.0	0.0	0.0	0.0	0.0	0.0	0.0	0.0	0.0	0.0	0.0	0.0	0.0	0.0	0.0	0.0	0.0	0.0	0.0	0.0	0.0	0.0	0.0	0.0
2019.3.14.cow.oral.16	0.5019916381394304	0.3660050216525639	0.008771841091462493	-0.07504444290157883	-0.03621472645790919	0.02270856820144863	0.29352158983452303	-0.0514841613123891	0.17740467012546346	-0.012311895446274791	-0.20489578315594956	-0.06392007604083272	-0.02225246403356901	-0.019552289561777115	0.02504184810953581	0.0799773392379053	0.13586031971165244	0.042816241986968685	0.09508693513080174	-0.09434230386596973	0.06198406953423077	0.04128177444664651	0.027274119946217423	0.007540048486426592	0.06041367543180196	0.007611360698799541	0.025419379339424147	-0.016585204398796828	0.03622226573269539	0.0023323027477700326	-0.01167946373631684	-0.002069692316594541	0.004678449733929504	-0.022451909499418665	-0.004127239149214677	-8.383394162017315e-06	-0.015614338944156354	-0.001316457517212741	0.008800212842677952	-0.009516952513793694	-0.01508077252823954	0.002725639416953458	-0.007222153524928195	-0.0018430189292079715	-0.007709239168904856	0.0016351652855935035	0.0005960020872287459	-0.0021622539996144427	-0.0008442599956715012	-0.007326946668978606	-0.007025711016949453	0.00019830916094219422	0.0027151291630408666	-0.0015308542960102607	0.0004892956410627513	0.0004711702065536231	-0.0027790751573838804	0.0008369722089875203	-0.003812339109219488	-0.0009202156519132701	-0.0007929712467392983	-0.0002506599236443188	0.0021563434473811233	0.0013376463786787362	0.0	0.0	0.0	0.0	0.0	0.0	0.0	0.0	0.0	0.0	0.0	0.0	0.0	0.0	0.0	0.0	0.0	0.0	0.0	0.0	0.0	0.0	0.0	0.0	0.0	0.0	0.0	0.0	0.0	0.0	0.0	0.0	0.0	0.0	0.0	0.0	0.0	0.0	0.0
2019.3.14.cow.oral.17	0.344056514240114	0.08916596897029147	0.08647612356847549	0.010010201214392311	-0.16049000430442298	0.16791728354587498	0.2936520879228509	-0.04684323039892536	-0.1567680917332572	0.042701312726828686	-0.02682994049052008	-0.10211901724468651	0.005778925650981554	0.00010394909064394689	0.017374768591170982	-0.002348999706869889	-0.027296472560934665	-0.1304658334190734	-0.10284227527942556	0.09993072251680257	-0.00905639994486783	0.09873843166250411	0.02540264263653547	0.01325635574515615	0.007343934139451988	-0.045459431870761124	0.03499046635840159	-0.03263304703410926	0.01683867579079562	0.0011226044252837133	0.0359371062709846	0.018461174086075068	0.006557049672228142	0.017468212360870115	0.01480816825471346	0.009648647157428447	0.0061800221968250045	0.003956586498566942	0.020644462036308268	0.0007910029805244873	0.022086701043775813	-0.005069881651805349	-0.0012930524678120617	0.006445310196675904	-0.00894005783782712	-0.01275801148699208	0.0013308346393145277	0.005138094787804254	0.0012904635285481104	0.002012256936483959	0.0010498902566249092	0.0010784651256575096	0.002731785920007175	0.005026650156637402	0.0022625704921231094	-0.0028312028219892546	-0.0018437669568193646	-0.0022648557234679592	0.0010171208188330765	-0.0011485497078748022	-3.3123280689425865e-06	0.00342494152981605	-0.0016658980475282223	-0.001292032030565443	0.0	0.0	0.0	0.0	0.0	0.0	0.0	0.0	0.0	0.0	0.0	0.0	0.0	0.0	0.0	0.0	0.0	0.0	0.0	0.0	0.0	0.0	0.0	0.0	0.0	0.0	0.0	0.0	0.0	0.0	0.0	0.0	0.0	0.0	0.0	0.0	0.0	0.0	0.0
2019.3.14.cow.oral.2	0.9444927568786138	0.1630329586357765	-0.05556464638447624	-0.04621769854787212	-0.02625125939756916	0.008880927490387793	0.10418332672276613	0.16834265645126523	0.004166421951072546	-0.001585243381065336	0.06713731671907297	0.0644703092169508	-0.07841810709495314	-0.028258809696938714	-0.047111694447406406	0.005838806736424988	-0.021412737294569044	-0.030113332596156915	0.021168465179081483	-0.028990233443823937	0.018465474643325076	-0.06391575849902494	0.062618544678704	-0.021094470487336474	-0.022392589550085232	0.07924461392196278	0.05971309517916561	-0.04191278018376299	0.04805532804307559	0.021969177152400425	-0.011839756676298387	-0.027165928283464317	-0.005546203636958591	0.03059446758906307	-0.004446523802844231	-0.013661403869724842	-0.04916106303842441	-0.0018476875772131967	0.018699094267418503	-0.01681220924573229	-0.009048523899534167	0.0003735531774646183	-0.017613471440399462	-0.0012552677687717524	0.006880380636747794	0.003338871699428387	0.003648131195014395	0.00924894855665386	0.004881150624698679	-0.006669171667911779	0.004513283888506489	0.00568471581774402	0.0023921936924438283	0.0008891794782933425	0.009744925071432183	-0.004702196830350435	-0.00021919877386807616	0.004097942357127434	-0.003107384288868316	-0.002318478798427024	0.0016561476458288149	0.0022160268801880946	-0.0056693385784447724	-0.0007005516168350717	0.0	0.0	0.0	0.0	0.0	0.0	0.0	0.0	0.0	0.0	0.0	0.0	0.0	0.0	0.0	0.0	0.0	0.0	0.0	0.0	0.0	0.0	0.0	0.0	0.0	0.0	0.0	0.0	0.0	0.0	0.0	0.0	0.0	0.0	0.0	0.0	0.0	0.0	0.0
2019.3.14.cow.oral.3	0.08233674612470379	0.38759759254450876	-0.622168971097868	-0.49111729020415945	-0.49358143739601923	0.10608414853961977	-0.09359046344533307	-0.045214373934153965	0.1499926089671566	0.08622773123931422	0.011976184335262626	-0.033053145175599395	-0.10535708736119351	0.1318440220700478	-0.020749089675778886	-0.06692718200799978	-0.07105091343606994	-0.03175175601767608	0.021697969852166387	0.028938522505366104	-0.008105241352541441	0.006669024737564885	0.019937202886862574	-0.0028500919380512026	-0.0026424274407559354	-0.008406643452071452	0.007644846681737879	0.008230853427895536	-0.0010049017080074908	-0.008053747678387938	-8.208434210026364e-05	0.0012027312683460876	0.0008062375403389877	0.001116666999510916	0.0011802135452695197	-0.0027183896925823702	0.0037109613165384058	-0.0035059745530196663	0.002196852906347796	-0.0026300679583509783	0.004167145015556542	0.0033859755808168593	-0.00016824750849574462	-0.0013173882739871705	-0.0020493287855281837	0.0013171492639427222	0.00021566228155670163	-0.0022979165566920363	0.0042238531533368645	-0.001465891865797635	0.0008867963995555585	-0.00017156419248248533	-0.0015317073941741436	9.126811654179125e-05	-0.00038269136286216035	0.0007931402802936565	0.0022665955685853773	-0.0011755269293828223	-0.0006394129579491061	-0.000895761340297387	-0.0012812233010320421	0.0003722221242698168	-0.0001801359080315125	-0.0005943934849370535	0.0	0.0	0.0	0.0	0.0	0.0	0.0	0.0	0.0	0.0	0.0	0.0	0.0	0.0	0.0	0.0	0.0	0.0	0.0	0.0	0.0	0.0	0.0	0.0	0.0	0.0	0.0	0.0	0.0	0.0	0.0	0.0	0.0	0.0	0.0	0.0	0.0	0.0	0.0
2019.3.14.cow.oral.3.rep	-0.3416516158930299	0.02803243593442613	-0.6634604939946126	-0.6802618766658137	-0.3847361764767465	0.19023954750358563	-0.5178908758183727	0.017973426179581805	-0.020153692430986157	-0.004609857969477545	-0.03804129365107858	-0.034088354864169605	0.050892921710603035	-0.04602508939676727	0.007602867429430583	0.06602929222816989	0.03659713362975636	-0.04487075646238396	0.04269548153067276	-0.007289836255462091	-0.016518379424478508	-0.013157975742871095	0.004879328566493973	0.001690533867378641	0.014449799056278636	0.0007402678342768516	0.012539660546792735	0.01589039538093594	0.01066865206893427	-0.004116290681054379	0.007664005335502084	-0.008648982363214347	-0.0037497889429283127	-0.0070905630810463565	-0.0027056967379621793	0.0011837715461505245	-0.0015473130185258935	0.0010573401585619595	-5.609822953955077e-05	0.0014730023073163644	-0.005474215380131897	-0.005805583751726571	-0.0028576183063016803	0.00035982961807902285	-0.0004682197351105662	-0.0003425437938003195	-0.0010533521743037457	-0.0011818900382901457	0.0005283038963871552	0.0013581001665673139	0.0021384970542878954	-0.002206612119244191	-0.0020042880835299762	-0.0007664396151211386	0.0004981415772547085	-0.0008858654032597429	-0.0010370407813599133	0.0006105613496274066	-0.0005087134141062406	-0.0003068633998875371	-0.00010649707170573321	-0.00017658870280075998	-0.00019996969993311132	-0.0009803948674271094	0.0	0.0	0.0	0.0	0.0	0.0	0.0	0.0	0.0	0.0	0.0	0.0	0.0	0.0	0.0	0.0	0.0	0.0	0.0	0.0	0.0	0.0	0.0	0.0	0.0	0.0	0.0	0.0	0.0	0.0	0.0	0.0	0.0	0.0	0.0	0.0	0.0	0.0	0.0
2019.3.14.cow.oral.5	0.9875321571477733	0.1648386791060739	-0.11177245802940125	-0.02065171667455353	0.026225775398501815	0.1393351806052102	0.09320608684055678	0.020447307135470088	0.021980739056489146	0.09922783087921601	0.057072538983098116	0.0038643839689487514	-0.08588252172698378	-0.05660817303047507	-0.00753666563407013	0.024394248527890974	-0.010375936270006445	-0.026832848450535084	-0.012281206207667088	-0.017081206104235306	0.03827879276459737	-0.008877833535250816	-0.014348043785291656	-0.0038254186831514466	-0.007271723079882667	0.004439446973497725	-0.00582390047211293	0.011904115913626114	0.04800042608197761	0.008891697690085881	-0.00849112250903969	-0.0008166101713399902	0.005638985601380402	-0.03276564890278301	0.005856547042747587	-0.047335037149227745	0.06130869708742937	0.005383935940801118	-0.012551950036636544	-0.0074337465166732465	0.015472490820811086	-0.012821463696478193	0.002100258828298144	0.049984922161365956	0.005493652715194772	0.005224747660317524	-0.03158547931174827	-0.017092358740486657	0.006368462757803323	-0.0008155926936703926	-0.004043020860991915	-0.008349648414681556	0.0083209217377737	-0.020521571052168952	0.0005497385603250732	0.00015672874720035134	-0.002321218573831352	-0.014092749044353486	-0.0052229442612719	0.005668234531551681	-0.0025007409610352457	-0.0006505231039326274	-0.0036313328463010797	-0.004116412172751282	0.0	0.0	0.0	0.0	0.0	0.0	0.0	0.0	0.0	0.0	0.0	0.0	0.0	0.0	0.0	0.0	0.0	0.0	0.0	0.0	0.0	0.0	0.0	0.0	0.0	0.0	0.0	0.0	0.0	0.0	0.0	0.0	0.0	0.0	0.0	0.0	0.0	0.0	0.0
2019.3.14.cow.oral.6	0.8619853630420359	-0.6534380635405647	-0.24354022557086336	-0.008222480638947425	-0.08123379240051316	0.10993201975586456	0.12369912904396467	0.062799359867848	0.03039661382288869	-0.07903533244453141	-0.04374233209588759	-0.14655296740961476	-0.026775895299069895	0.053550868258141926	0.014610427379453245	-0.012864117194378149	-0.03568605021578592	-0.018287628086401702	-0.008335584223038445	0.06598167296747252	0.03171890413177264	0.016583971764666878	-0.02608332574707475	-0.015519130268851596	-0.004733542943674312	0.018328762758653368	-0.07263249830459871	0.015821232734162728	0.015701466556051147	0.00044722887002054355	-0.00144362809503977	0.025720072044805507	-0.0023666033565716764	-0.004658591530389507	-0.0018899627425164986	0.02292907076879027	-0.02858906404472807	0.0022153940262769458	-0.005468803590803444	0.0026294754138986415	-0.012785211169197971	0.007403538059932003	-0.00301548918822065	-0.01767435022841254	0.0077422676842088325	-0.003077397059468775	0.0026439662241106348	0.0029039897145475453	0.0022503640349033852	-0.0021159523181240635	-0.0005132019049984315	0.004032424122953882	-0.0004239255765783357	0.004990706647096478	-0.00044508369910038135	0.001386247006695998	0.000957377952884814	0.005080515550430288	0.002219393232676012	-0.0007638955772285981	0.0007328329813387439	-0.004615270595467156	-0.0021899751140689854	0.004832572403397765	0.0	0.0	0.0	0.0	0.0	0.0	0.0	0.0	0.0	0.0	0.0	0.0	0.0	0.0	0.0	0.0	0.0	0.0	0.0	0.0	0.0	0.0	0.0	0.0	0.0	0.0	0.0	0.0	0.0	0.0	0.0	0.0	0.0	0.0	0.0	0.0	0.0	0.0	0.0
2019.3.14.cow.oral.7	0.9278904968710353	0.30595130828252515	0.08902933620873309	-0.030673225248864865	0.05133038388451626	0.1642205043853671	0.0680722688876953	-0.1146118509947965	-0.09855757994825509	0.09768306773199814	0.0015671586800378948	5.78507253057341e-05	-0.06998938451897704	-0.01287104629917437	-0.04803150525291355	-0.03553426801416863	0.025316407064889673	-0.0990333780884265	0.030678242493805397	0.029120821215417998	0.01450633083215138	-0.04161786416566195	0.00068133220829077	0.047784297146685105	0.07334971177866749	0.015292769813897154	0.05986362923168166	-0.016899555275976086	0.005346934643308289	-0.0033234326984107206	-0.006348447700999774	-0.03006988378774412	-0.010227480963074497	-0.020387255635828973	-0.011276487962696686	-0.013856877430716544	0.0019870679769252463	0.009204884373690655	0.002731278053221963	0.004666182302226684	-0.008314264889476982	0.014836297587755723	-0.01010107974069185	-0.026906202987358054	0.0006429576028956234	0.007987038912243505	-0.0037583935031886683	0.009390359452981901	0.0001394902275691924	0.0017502889759915975	-0.007288828122009825	0.005379363564673625	-0.008604728930256577	0.0010213686499704895	-0.0028971149827372545	0.0014219209337840235	-0.0006699150124099147	-0.004290143901044307	0.00436089586020829	-0.0012367372083838004	-0.0036092054993310863	0.0031280940899408903	-0.0030470239487806867	-0.0008588784607659762	0.0	0.0	0.0	0.0	0.0	0.0	0.0	0.0	0.0	0.0	0.0	0.0	0.0	0.0	0.0	0.0	0.0	0.0	0.0	0.0	0.0	0.0	0.0	0.0	0.0	0.0	0.0	0.0	0.0	0.0	0.0	0.0	0.0	0.0	0.0	0.0	0.0	0.0	0.0
2019.3.14.cow.oral.8	0.9895081120931842	0.4107402668102441	-0.02879084928563219	0.02196463541574705	0.08427003262259646	0.12702139561844072	-0.0003264774628031428	-0.06180970559666992	-0.0018496805602401672	0.06388030419524919	-0.008365333246478273	-0.06710770101415331	-0.0010435797000219098	-0.044681828790079293	0.011485507344979527	0.010623158727379012	0.02618464350197454	-0.03840007250938913	-0.030318367862599973	0.030406001139844614	-0.016028246347952125	-0.0026539746172226657	-0.01799571105550241	0.01173875987505317	-0.03069116177616499	-0.05426709347973904	0.04455858090021342	0.0077144413261902925	-0.06269553173839316	0.032630814908538266	0.011042332607817354	0.012851055070632302	-0.006159503487896331	0.03859192856095539	0.0011496721274977387	0.012104801488221646	-0.03480561943680996	-0.02602110566121785	0.013282689501206773	-0.03350072047388366	-0.023975192742883296	0.0029127655373242085	-0.022473223806292363	0.018612772013066624	0.0020723745150989467	0.002766725053000978	0.002094644227168626	-0.017038080542604177	-0.017424340840462064	-0.013119752486826132	-5.7064881596334727e-05	-0.00858408744848222	0.006607821639825267	-0.0021984665982551425	0.012739918731337825	-0.011500730449121917	0.0012049908484664169	-0.0013652474947864496	-0.002119502986215145	-0.0015987479519092187	-0.0011883903812837883	-0.002263289244608825	0.000200132738634615	-0.0023866090340646418	0.0	0.0	0.0	0.0	0.0	0.0	0.0	0.0	0.0	0.0	0.0	0.0	0.0	0.0	0.0	0.0	0.0	0.0	0.0	0.0	0.0	0.0	0.0	0.0	0.0	0.0	0.0	0.0	0.0	0.0	0.0	0.0	0.0	0.0	0.0	0.0	0.0	0.0	0.0
2019.3.14.cow.oral.9	0.4273363487033642	0.267046158712463	0.33292874592006294	-0.11992923912981035	-0.16494470461833088	0.07985052774062895	0.09043172531606639	-0.03146476270581392	-0.05850366827417228	-0.032085163929236465	-0.16452023049728387	-0.01285768355984361	-0.06320722673353099	0.12807063433176874	-0.07459796523856385	-0.033075049162979056	-0.086868307384132	0.028260641437608768	0.02949715072730365	-0.0067433352387984355	0.005584804476481075	-0.05190300588345581	-0.020181363233322838	-0.029944264659626792	0.02323680944890932	0.009928663711009318	-0.048866153394885634	0.03371788837028911	-0.023305243285424534	0.004519361898368697	-0.00210205547922814	0.01988461147475537	0.01799555618280606	0.007524123125259623	-0.021426637433936475	0.013638474102456954	0.0029798079634919946	-0.005126189459919545	0.0030492308327991617	-0.006608379677857208	0.003888035820497032	0.005182097326383392	0.0019596757963525314	0.002797468389116988	0.010133442631223186	-0.0009047777295051776	-0.011868089534889876	0.0011635349829967093	-0.0002598023886291687	0.00024801197039021645	-0.00226363547923914	-0.0028109588955508398	-0.002150628683637335	-0.007079269282844186	0.0023052254227693193	0.00334130160923306	-0.0018502703250586113	0.001781726739033831	-0.002526827800485574	0.002132376848540257	-0.0009230012243514212	9.443271709692884e-06	0.0030175810633550795	-4.551899170025702e-05	0.0	0.0	0.0	0.0	0.0	0.0	0.0	0.0	0.0	0.0	0.0	0.0	0.0	0.0	0.0	0.0	0.0	0.0	0.0	0.0	0.0	0.0	0.0	0.0	0.0	0.0	0.0	0.0	0.0	0.0	0.0	0.0	0.0	0.0	0.0	0.0	0.0	0.0	0.0
2019.3.14.cow.skin.rump.1	-0.3478450682077652	0.01605961857723311	0.2946603243855238	0.016805953688762518	0.010902334421559657	-0.03125914995027314	0.023622698870742417	0.05036986999363768	-0.02918622100569181	0.01350040524719329	0.03547046330432454	-0.01864071612278997	-0.014004640952148383	-0.011902602949627883	-0.01670715392429506	-0.03923653361610517	-0.01290854562548794	0.02060257575846572	-0.028472194018450893	-0.02797080945417102	-0.024755492027447642	-0.01265639275266855	0.012607039922438092	-0.02211135633137287	0.0010665060068865367	0.006339713461586901	-0.04649637516543265	0.018698500339223618	0.017491728108954333	0.013772091044274496	0.030155889157448417	-0.024176967358450197	0.00832800845566905	-0.02265680374379406	-0.00990059979884066	-0.008158640616060042	0.003960466767820598	0.0008304028852430497	0.023600037412543844	-0.015424494856480286	0.006980607417575842	-0.03396880719669535	-0.005569679926035119	0.0003289720546757842	-0.005356822595109122	-0.02112660721874203	0.0018896686845322147	-0.03317012324676107	-0.002753830675157327	-0.01642491165809271	0.004021367115975691	-0.003868980432491781	0.010033622485182258	-0.009686226087606999	0.015164346603912013	-0.006040667538342449	-0.0012448171304258464	0.02010118728010703	0.007387147481937682	0.008750769748368548	0.020486628553196364	0.0020665133632914038	-0.016365775797886666	0.0021749817968674577	0.0	0.0	0.0	0.0	0.0	0.0	0.0	0.0	0.0	0.0	0.0	0.0	0.0	0.0	0.0	0.0	0.0	0.0	0.0	0.0	0.0	0.0	0.0	0.0	0.0	0.0	0.0	0.0	0.0	0.0	0.0	0.0	0.0	0.0	0.0	0.0	0.0	0.0	0.0
2019.3.14.cow.skin.rump.10	-0.29755520121155243	0.011815589200588	0.33645833482386345	0.03459746386545489	-0.03591814716073863	-0.02905485063740792	-0.024483301222060088	0.05184650599770727	-0.0744937579797817	-0.0005937419872526755	0.0483780187344272	-0.036008120056276904	-0.01560862941177392	0.019751294652410697	0.011072130594506749	0.04977518601658255	-0.020319206267951907	0.0028193194555123932	0.024797413812996074	-0.021918829182779136	0.003982639820041387	0.023717779052651475	-0.006684578080936786	-0.019374788079871908	-0.015199525730122156	-0.014304917033750336	-0.010790699749952963	-0.003657466210120432	0.035013551650585124	0.005060800336453911	-0.020978985040390086	0.010392691825253313	0.02209969623648627	-0.025137067352978087	-0.02361731743844516	-0.00921534717718543	-0.02908961691437519	0.006885293920562234	-0.02597973471229609	-0.005285646839997992	-0.021427720045332464	0.02762309708453351	-0.009547351878223911	0.02088677893389177	-0.006913399225924996	-0.004293742683740125	0.033919575497408774	-0.005798902851392936	0.02398374899577989	-0.0006306833097767896	0.030965791575933266	0.001309722334509708	-0.006878545571059863	-0.0030925582309861547	-0.012309799289164997	-0.005062770528511099	0.0031000802674131926	-0.009008895791905811	0.0027594923254574944	0.0009109886928142557	0.004974680268513192	0.020693686131644923	0.010942895195077828	0.0007847518937863236	0.0	0.0	0.0	0.0	0.0	0.0	0.0	0.0	0.0	0.0	0.0	0.0	0.0	0.0	0.0	0.0	0.0	0.0	0.0	0.0	0.0	0.0	0.0	0.0	0.0	0.0	0.0	0.0	0.0	0.0	0.0	0.0	0.0	0.0	0.0	0.0	0.0	0.0	0.0
2019.3.14.cow.skin.rump.11	-0.3575594291757015	0.026732305683278515	0.2504389420800131	-0.062496272426687864	-0.053606729039281945	-0.02592694225295397	-0.035335878376863	0.06681087863138209	0.03573129980389883	0.06639241635469773	0.0923389656618156	-0.009630035708190224	-0.016294542787422494	-0.01007430754795629	0.024784396662076092	-0.038660101399677016	0.04435171822428231	0.003468201497848878	-0.03779277247172762	-0.032777166962201225	0.03004512992684196	0.027825002139231364	-0.006583081677493095	-0.0252041558196611	-0.0282734811642603	0.019746534427584908	-0.004016243349721933	-0.01373637379936024	-0.00623849153899415	-0.016389883945861522	-0.005101475269495625	0.02723059468143663	-0.05489263140337744	0.004479175370588445	-0.03343229149444081	0.035556602468186316	0.009550327411918828	-0.017013438163205368	0.020982075599038676	0.01993266164671281	0.029074711980191417	0.0037040971624950057	0.004808495145411048	-0.0011916670823403693	0.013022227093725707	0.010816132687362283	0.008781496895881745	0.018771953855607596	0.0019375653659958066	-0.029569312925667567	0.013323189210354863	0.013110041083636859	0.03871915161683612	-0.007649811353585973	-0.006132126324131652	0.01889407697738462	0.020810070175092153	-0.01379406257854513	0.005331439027305671	-0.006748608667577143	0.0004617167511212027	0.0022959815832200112	-8.34968383797288e-05	-0.003837779743265395	0.0	0.0	0.0	0.0	0.0	0.0	0.0	0.0	0.0	0.0	0.0	0.0	0.0	0.0	0.0	0.0	0.0	0.0	0.0	0.0	0.0	0.0	0.0	0.0	0.0	0.0	0.0	0.0	0.0	0.0	0.0	0.0	0.0	0.0	0.0	0.0	0.0	0.0	0.0
2019.3.14.cow.skin.rump.12	-0.12903178504835153	-0.01965953490718764	0.40051593792520807	-0.04069076250847829	-0.04345349136594525	-0.03757632505140074	-0.0572466463405718	-0.0021262787334364887	-0.06286502553052183	-0.07834738713506784	0.023922677932752646	0.015347127485186015	0.029800386506014936	0.04163369633993646	0.024848599977631065	0.023678589476427814	0.04731476374239629	0.000377378624856301	0.025994191149301862	0.0407608132695365	0.13087318839582518	-0.03418635423643145	-0.04987887753657214	-0.007326829732892614	0.005827330166638858	-0.041798539813932	0.017417576845024787	-0.02044649228292769	0.004805441701863644	-0.0038485581731428084	0.0012891403934421077	-0.016449612979187213	0.04626775239576794	0.01585782065528126	0.004247023379632046	0.009496127078711414	-0.04537612179491502	0.022079620933305677	-0.005519960668923311	-0.018215543840326257	0.03779987549676043	-0.009060944555279338	0.019011730902649425	0.01683041149093284	0.00013224095273351724	-0.001139985217548603	0.008356356521181742	-0.011513475349949296	0.026454481506003387	-0.006210315909279324	0.0019411763081364916	0.01272301064413402	0.008207911786615533	0.0014828127194685102	-0.013448136749130958	-0.014398552314436803	-0.009616239178736415	0.006788729570845724	0.002000324470029938	-0.01020722891239882	-0.010301991458615706	-0.003151265999750152	-0.0019206926607955668	-0.007596510073358564	0.0	0.0	0.0	0.0	0.0	0.0	0.0	0.0	0.0	0.0	0.0	0.0	0.0	0.0	0.0	0.0	0.0	0.0	0.0	0.0	0.0	0.0	0.0	0.0	0.0	0.0	0.0	0.0	0.0	0.0	0.0	0.0	0.0	0.0	0.0	0.0	0.0	0.0	0.0
2019.3.14.cow.skin.rump.13	-0.12460942621610788	-0.046029265580305255	0.5020259911407566	-0.06374017673919101	-0.006624377602883473	0.02914921135749975	-0.10899298999996491	-0.0807415167893067	-0.012407970033246823	-0.04803110195449639	-0.025447559430217443	0.04062961027580594	-0.005529781744304107	0.05979996101531011	-0.02294771101919172	0.04890562461626467	-0.0008784362640667329	0.034706723055729985	-0.015327277837846926	-0.01079953661158942	0.04497999819342381	0.03797053477849708	0.008578410037949825	-0.009436048357662671	-0.012995476932493586	0.02070895819965568	0.04170240417680817	-0.004548555078372777	0.023475475695732696	-0.010436674418432778	0.00896154317575624	0.040723234131413176	-0.019914390280775605	0.04404371208211381	-0.005592562025636254	-0.01609437160944985	0.040594388776886044	0.035909023121304944	-0.008134560812981103	-0.022868885829977925	-0.012136234201800704	-0.0385152419914538	-0.004836617684239392	-0.028994723468020907	-0.020398739906521756	-0.007720959849011992	0.006465588203450904	0.005369033249032668	0.01292136815456606	0.02480688392175864	-0.0027007109929774367	-0.00353973022638477	-0.008146893212408338	-0.007352940804787206	0.0061804003157043385	-0.0011677527484692692	0.0052926069840374766	-0.0076046410118702345	0.007088670689480347	0.008921254538182636	0.0035583813543050924	-0.00039048439285908085	0.012876340722932665	0.00405412505559487	0.0	0.0	0.0	0.0	0.0	0.0	0.0	0.0	0.0	0.0	0.0	0.0	0.0	0.0	0.0	0.0	0.0	0.0	0.0	0.0	0.0	0.0	0.0	0.0	0.0	0.0	0.0	0.0	0.0	0.0	0.0	0.0	0.0	0.0	0.0	0.0	0.0	0.0	0.0
2019.3.14.cow.skin.rump.14	-0.21160672691570073	-0.006846284869766828	0.3917409269232118	0.021995100828362923	-0.019729453612414734	-0.01787841083274868	-0.03616480979616024	0.026289456774257352	-0.08471181745226239	0.0017687317021596476	0.05468191891010126	-0.02274855995449572	-0.03124548534285127	0.022991149308008756	0.0456470780629314	0.07052069677609789	0.013018379404748566	0.021171074884000666	0.06164412231904181	0.02204142492281351	-0.014973803564965199	0.06578008084569825	0.009034605209311389	-0.006442453551422695	-0.024354275149564696	-0.021314225760491072	0.006771434211077279	-0.05638537332145128	-0.009083342673451218	-0.010665165126583588	0.014343105224469094	0.018506685374742104	0.006083532985260721	-0.010423026619003508	-0.04380228506178767	-0.006005986564172845	-0.014157024217328939	0.03398264717661795	0.02811113490784243	-0.014511432471647243	-0.021095081264565628	0.014440512494784046	0.0204617053481898	0.021496924348620668	0.031983347654877516	0.000499683315496147	-0.007929921145180695	0.0033625079326752554	-0.011731479764954113	0.0012820277585953695	-0.029613685476351546	-0.001866911850493327	-9.272563401194032e-05	-0.00504547319137173	0.0005581235768362487	0.01566547340754988	-0.00560975571367129	0.002520674368330583	-0.002050206423174848	-0.0025942245219322995	-0.000304475005452161	-0.01381428820476111	-0.000841713209629529	0.0006146860311962874	0.0	0.0	0.0	0.0	0.0	0.0	0.0	0.0	0.0	0.0	0.0	0.0	0.0	0.0	0.0	0.0	0.0	0.0	0.0	0.0	0.0	0.0	0.0	0.0	0.0	0.0	0.0	0.0	0.0	0.0	0.0	0.0	0.0	0.0	0.0	0.0	0.0	0.0	0.0
2019.3.14.cow.skin.rump.15	-0.29014844694396325	0.0025483499177787056	0.35645989784592336	-0.01522636997710465	-0.0035981744100000474	-0.012149688908321838	-0.01923888299318088	0.02195634003195925	-0.03868857457359328	3.712267857296316e-05	0.03211074841279716	-0.01557931964795489	-0.011859124025265476	-0.0053663902286678914	-0.02233799689692482	-0.023095770294017288	-0.01902437683451866	0.006364031201924363	-0.0027965150527210648	-0.011149659590059192	0.002934433073391415	-0.0076342325247915075	0.02769117500331703	0.025853742586105403	0.019253355023998074	0.002165931014185442	-0.02211299464482779	0.0027244525523223723	0.01204847891566379	0.021701472634789925	0.022961809765107016	-0.0005032397328071035	-0.009107622658502446	-0.00824572988532201	-0.006196123828793947	-0.011413159188632213	0.023586975028785945	-0.02900829444945838	0.020594535950290663	-0.011415113510816298	0.005155123956696448	-0.008378170958597038	-0.01891444044648886	-0.005728438719091562	-0.004507534601469559	0.02656098855888459	-0.013801306045070984	0.010266507658854857	0.005749130909198609	0.011424622147541452	0.02202897423004829	-0.009451850551861716	0.0033391196072153646	0.020427537371630305	-0.031295945593927274	0.005254151485286661	-0.022493302035823153	-0.0019291850118989546	0.01756626015913794	0.004368286192499157	-0.006587341925666849	-0.0182559555158335	0.006958713678073248	-0.00765625442872906	0.0	0.0	0.0	0.0	0.0	0.0	0.0	0.0	0.0	0.0	0.0	0.0	0.0	0.0	0.0	0.0	0.0	0.0	0.0	0.0	0.0	0.0	0.0	0.0	0.0	0.0	0.0	0.0	0.0	0.0	0.0	0.0	0.0	0.0	0.0	0.0	0.0	0.0	0.0
2019.3.14.cow.skin.rump.16	-0.24117937299945125	0.017279261778678046	0.3323679254623988	0.012439890512378099	-0.09315812469072132	-0.01646904207723645	-0.030416891940035738	0.050490156493664576	-0.09532577805787905	-0.02222211289170172	0.042690612507561454	-0.04585271829034816	0.009734998911983464	0.042348815892270804	0.04540194835954021	0.043050028055679396	0.03294663234861324	-0.008400741063331368	0.08734852136732262	0.04388316791348315	0.021547403193892128	-0.03415048986194103	-0.03817835149335387	-0.038873395772924084	0.018246622596779796	-0.010184653065515522	0.01964593628724251	0.015428182940766637	-0.014557127708980844	-0.024671665628106944	-0.004517088009736742	-0.03251681858547731	-0.023296012967755412	-0.017114534632519607	-0.004425986938467213	-0.043819013296726037	-0.008547607132666106	-0.030306706185043247	0.007876837334020953	0.029288824785884005	0.02818500716293242	0.002695242143420616	-0.0002827458384208708	-0.02402848081624247	-0.025888857038291933	0.02582893805681098	-0.0021142756448754435	0.016535503497204687	-0.022580347734935512	0.0045217734007701495	0.011666915779300329	0.011641235850786129	0.012862270487624023	-0.0011085481757839896	0.014637252218338554	-0.0007058588246762221	-0.00970986470481116	-0.005659879836257164	-0.005119635888166434	0.006067931770096146	0.009634473238078188	0.003924721187739772	0.0004063661895099832	-0.003518116569870023	0.0	0.0	0.0	0.0	0.0	0.0	0.0	0.0	0.0	0.0	0.0	0.0	0.0	0.0	0.0	0.0	0.0	0.0	0.0	0.0	0.0	0.0	0.0	0.0	0.0	0.0	0.0	0.0	0.0	0.0	0.0	0.0	0.0	0.0	0.0	0.0	0.0	0.0	0.0
2019.3.14.cow.skin.rump.18	-0.31317698027525837	0.01118754485560461	0.29730381174106585	0.012257199504898703	-0.02791446999640123	-0.019191191217335365	-0.0015483113082320633	0.025824927558066986	-0.06514257878016638	0.009291804105851694	0.056441506720071206	-0.013695240644987085	-0.00034592416661473194	0.012715554010108036	0.022215192370784814	-0.021069484226894402	0.00982334203980042	-0.022057950586718254	-0.0024722452320933186	-0.03173710586908694	0.044103891881811956	-0.017833094520435522	0.010160961041757358	-0.009528334567618162	0.0009071459051283945	-0.0004674586561552328	-0.02287392817537496	0.025967946645624733	0.021757484733612577	-0.02714927119399011	0.0009670887977181055	-0.017260421861568846	0.01612734105305158	0.004786517725942761	-0.010657012470230855	0.012103854244521376	0.005895006658446083	-0.015056441679748567	0.01701141210838776	-0.0008197209920065957	0.008749541534190015	0.004975919193869925	-0.022806184325241938	-0.014658548558506566	0.012851311388393504	0.0008801022255218131	-0.021362661020052433	-0.02078722848700396	-0.006006211944231806	0.00020171070208871515	-0.03820159925288538	0.005361164212882277	-0.033121504710327494	-0.010029862347184537	-0.0098308423489096	0.010969548892297327	0.015169284942851524	-0.007614906056942713	5.821219110242093e-05	-0.00603430678987149	0.005074011849713712	0.012474398140930952	0.005207110586356486	-0.013030084453187488	0.0	0.0	0.0	0.0	0.0	0.0	0.0	0.0	0.0	0.0	0.0	0.0	0.0	0.0	0.0	0.0	0.0	0.0	0.0	0.0	0.0	0.0	0.0	0.0	0.0	0.0	0.0	0.0	0.0	0.0	0.0	0.0	0.0	0.0	0.0	0.0	0.0	0.0	0.0
2019.3.14.cow.skin.rump.19	-0.3284330653200642	0.018111344449645267	0.31545708867612043	0.010249122368938181	0.00043601147718340855	-0.039325758295056634	-0.005491042457598665	0.057569827870204544	-0.03322642826718698	0.01285019411473592	0.0339425135363426	-0.05249703759605963	-0.007145012775962178	-0.004157670919370985	-0.006212242076791399	-0.003396660901301228	-0.00012143370338810869	0.014930796420184682	0.0071314813485889444	-0.015613547387357435	0.024462219022637444	-0.017193021817073943	0.011864904503019916	-0.008987899377766747	-0.03562864346489324	0.020210624536488794	-0.008279388013793776	0.022561105362989504	0.008020336945041341	-0.004265145045807344	-0.007296463648962322	0.016564523671402088	-0.007411531428554816	0.0059396501553467375	0.02474712463705181	0.020559687104820017	0.0005075804982711189	-0.0044046575889532015	0.01709346519532851	-0.010103198014915203	0.011315693477972746	0.0025409925894806515	0.022931403719509826	-0.01152938036792061	-0.0251927880946284	0.01050476546714759	0.020673679080093873	0.007529555799088128	0.0018755030607576885	0.010873468790050756	-0.013154567536055	-0.012413959329647535	0.011670433061288791	-0.02680912546528068	0.0026590018177110805	-0.020157407267074975	0.00030140823915740305	0.006277750711003409	-0.009996531103734135	0.005421276576900544	-0.02628058038413676	-0.0006336551941762995	-0.006567201646133588	-0.0063913088169588045	0.0	0.0	0.0	0.0	0.0	0.0	0.0	0.0	0.0	0.0	0.0	0.0	0.0	0.0	0.0	0.0	0.0	0.0	0.0	0.0	0.0	0.0	0.0	0.0	0.0	0.0	0.0	0.0	0.0	0.0	0.0	0.0	0.0	0.0	0.0	0.0	0.0	0.0	0.0
2019.3.14.cow.skin.rump.2	-0.2645347059888917	0.008631242318290256	0.3046193536367509	-0.09920285316243418	-0.11805945138078174	-0.052725186657528365	-0.06822001378577039	0.0541922822294119	0.011322381600003905	0.010287203437212587	0.12962047503431467	-0.013708005452912876	-0.0011136919286920406	0.007755796055609213	0.015150921105368129	-0.0030957138405588833	0.03092670292756429	0.011207134080530277	-0.02050238047280267	-0.001480731338765719	0.031086374473498542	-0.05358278051882989	-0.01732010092613912	0.033145956730686835	0.05815077238947797	-0.0401117291871636	-0.037164299783075325	0.02799000272943166	0.01523281906034581	0.0011294492104951114	0.02732785687093101	-0.031173992289263118	-0.00010176179118019645	0.01418719833340323	-0.005558493009395506	0.03841193869239935	0.00968832412614597	0.006183164214476587	0.02781993982901717	-0.022406953907847863	0.021324348337901696	-0.003340362001300648	0.003735651746882116	0.02833220347248341	0.0043992785052671965	-0.00014916484177477106	-0.00207412642433456	0.01545727188920181	-0.00794377814908524	-0.01033069824823754	-0.005384205821020336	-0.013500754953297172	-0.01772950259409425	0.007456667134642229	0.01778817227387178	0.007965833645113916	0.004955171774966775	0.00579971706147372	0.0034175516570287504	0.006000739909148174	0.0011179628981337953	0.004824751363959102	0.007176199007506387	0.010532164801025876	0.0	0.0	0.0	0.0	0.0	0.0	0.0	0.0	0.0	0.0	0.0	0.0	0.0	0.0	0.0	0.0	0.0	0.0	0.0	0.0	0.0	0.0	0.0	0.0	0.0	0.0	0.0	0.0	0.0	0.0	0.0	0.0	0.0	0.0	0.0	0.0	0.0	0.0	0.0
2019.3.14.cow.skin.rump.20	-0.3365638264454908	0.01978371848373355	0.2837603863586548	0.051785470859131884	-0.008037280317341466	-0.03528749683266859	0.013597463135239393	0.06604614265086055	-0.026965785988661235	0.027144452670174877	0.05543593891776617	-0.05349215382916869	-0.00775361833693391	-0.026717520625654148	0.005391875223501647	-0.0038390156212842904	0.006069884931906606	0.0283158697849191	0.04939669170144922	-0.013008221121320029	-0.005177286888343672	0.013685693587987864	-0.014406661812898052	-0.04322678487852134	-0.048348812643576926	0.024678642355534755	0.038352996307442135	0.02663012342137612	0.0028254731820231867	0.018924684777645653	-0.044397689508285335	-0.013758874262280828	-0.020378099400108773	0.013618440760830908	-0.007523418267150533	0.04366683241098172	0.018157828838060285	0.025699766276088703	-0.007169595316852659	0.00799424224678703	-0.002779927518220927	-0.02956794370386604	-0.016910610845767567	0.012000774991055351	-0.0015851079132996656	-0.011651742098862387	0.015229126004530648	-0.012406285354804317	0.004233577501596691	0.01268748684680318	-0.002001363323886762	-0.002366280762824143	-0.015379345791219726	0.016018463322374606	0.003099403178570194	0.005180087200347576	-0.007279073845588939	-0.006861222903138425	-0.00482900453391136	0.010644861901464759	-0.007444519183192337	-0.01107205409023279	-0.0055829134758858	0.0030001282976780596	0.0	0.0	0.0	0.0	0.0	0.0	0.0	0.0	0.0	0.0	0.0	0.0	0.0	0.0	0.0	0.0	0.0	0.0	0.0	0.0	0.0	0.0	0.0	0.0	0.0	0.0	0.0	0.0	0.0	0.0	0.0	0.0	0.0	0.0	0.0	0.0	0.0	0.0	0.0
2019.3.14.cow.skin.rump.3	-0.16622853966233953	-0.03345280369664499	0.5122405487713549	-0.07646924570668258	-0.0034341212270909884	0.050144464607573415	-0.1327627172241466	-0.11028923094938789	0.02369244588446992	-0.03461929842063502	-0.04464564473137645	0.07044386821794633	0.0016807649301150763	0.04643754875011558	-0.04162726995604033	0.06251779551940478	-0.04830086645695659	0.01890914295468618	-0.05188474037673613	0.014038289127555626	0.003066303731847989	-0.0008005341590124886	-0.000855182571500763	-0.01909882480048487	-0.03054025406196558	0.04676597322555265	0.0007733705779997582	-0.04321678010396286	-0.01896799261497287	-0.016601112966478926	-0.012277223573810715	0.025751130465742973	0.05769714543184363	-0.020699447400124717	-0.003683646752815234	-0.03530659020197975	-0.015412938659563809	0.0035470132893605606	0.05991560329540748	0.0394211517605159	0.014556429990613887	-0.0036170350311199224	-0.01015565352041549	0.018912052655586056	-0.009811847817924851	-0.009857293495967206	0.0086819263510495	-0.01335313528701781	-0.01632563001643166	-0.004113158608319288	-0.0067719655134180455	0.007438645809020529	0.0018399512378395634	0.014260514711069443	-0.002463997443702934	0.0003431043369055289	-0.008786699914867536	-0.009767267539144076	0.0019336918806130993	-0.016830505170002258	0.005793181238785718	-0.003375509815807553	-0.0012760157271045677	0.0042244587185516404	0.0	0.0	0.0	0.0	0.0	0.0	0.0	0.0	0.0	0.0	0.0	0.0	0.0	0.0	0.0	0.0	0.0	0.0	0.0	0.0	0.0	0.0	0.0	0.0	0.0	0.0	0.0	0.0	0.0	0.0	0.0	0.0	0.0	0.0	0.0	0.0	0.0	0.0	0.0
2019.3.14.cow.skin.rump.4	-0.26084524763284006	0.001410092833004816	0.3956257555394398	-0.009007212060528146	0.007362514691424319	-0.01081754001616179	-0.04299785425758033	0.006610827231568666	-0.031517818572975545	-0.006195273576668914	-0.007766164018023619	0.0006850305749124257	0.007627530608696625	-0.002087655873872593	0.013832502023072724	0.005162846374142825	-0.005196626832851672	-0.011124457200999834	0.006931824934496768	0.011296407483506346	0.026562645977397534	0.04398271511506234	0.0049413866586299265	0.0035879432452645505	-0.005178851422111944	0.003464321484434474	0.018978702898672515	-0.032374813063565724	-0.037177953286631815	0.0032433905856791645	-0.027707782049439068	0.038067216453761696	-0.004995855012571308	-0.0180327966671068	-0.006124046483748924	0.021521743623326862	0.02181842442598899	-0.0030974337697990866	-0.022431849667231416	-0.010747916994099738	0.021320719165748517	0.04384090904165717	0.004351150494053435	-0.005667164642344858	0.0067421687023989105	0.008756539176196851	-0.03791158607551082	0.008207808580126012	0.0073008193435034514	0.002368788591062451	0.002324960988302318	-0.0034752440819045987	-0.021823716145473817	0.012579891014659589	0.0007105367580855616	-0.024876437065755184	-0.009275463684261803	0.008594759618611742	-0.00082492430434069	0.008232150434989254	0.012666800027632598	0.014497742876256936	-0.011501440854048731	-0.0012317473393659549	0.0	0.0	0.0	0.0	0.0	0.0	0.0	0.0	0.0	0.0	0.0	0.0	0.0	0.0	0.0	0.0	0.0	0.0	0.0	0.0	0.0	0.0	0.0	0.0	0.0	0.0	0.0	0.0	0.0	0.0	0.0	0.0	0.0	0.0	0.0	0.0	0.0	0.0	0.0
2019.3.14.cow.skin.rump.5	-0.3996158557362027	0.04321740977468436	0.20040271414731117	-0.0036368061367521433	0.0005330559380401496	-0.05116530294001193	0.01790585641713856	0.12185531549939022	0.06219031505141391	0.060279858662987906	0.06194768685764739	-0.045194224796278444	-0.0059085439405064345	-0.06472467136464624	0.04069986891336058	-0.007695228228194828	0.004913275743767174	0.013293805140953963	-0.024544555816826026	0.016898620556284362	0.024651144469990324	0.026581803292519413	-0.021117413113874772	-0.07243257376638161	-0.001074146421820062	0.03261251289381923	-0.020531580226071693	-0.028048051450965995	0.005991449337215829	-0.005676311789663878	0.026565641225112756	-0.0010809873899119474	-0.028012758210674654	0.06251722928269257	0.022893217600922177	-0.056953212848090504	-0.017199329614068937	-0.02819635099707366	-0.03202214904777171	-0.031398373498716256	-0.012897895049665783	0.008695316822248885	0.027535181163824005	-0.023257351633780416	0.014387971236187886	-0.004081746193788416	-0.01795407285568066	-0.012285168518746961	-0.003594987271201878	-0.0014308846519884442	-0.0019318209668363008	-0.007498815957072271	-0.00759898269830234	0.004180083405902323	0.008904185349888445	0.014878288574341375	-0.012607013646479967	-0.004382151311487622	-0.0036461931999062823	-0.002734844410557469	0.004283357016225398	-0.00420778509111242	0.004316671110840321	-0.004954979154782643	0.0	0.0	0.0	0.0	0.0	0.0	0.0	0.0	0.0	0.0	0.0	0.0	0.0	0.0	0.0	0.0	0.0	0.0	0.0	0.0	0.0	0.0	0.0	0.0	0.0	0.0	0.0	0.0	0.0	0.0	0.0	0.0	0.0	0.0	0.0	0.0	0.0	0.0	0.0
2019.3.14.cow.skin.rump.6	-0.4452638579740428	0.041951151714739336	0.1711864632911283	-0.08922506199548921	-0.1497489142732993	0.01873565812946974	-0.08862835273285709	0.0627311904516177	0.020645711781218185	0.12207459275213645	0.14485525636009644	-0.020517831918703943	-0.08993105724668532	0.08991069864025279	0.0524694320042983	-0.0012849596305231764	0.03002307940579654	0.011729135466621125	-0.020526990109563343	-0.006670788183057021	-0.06544553149719508	-0.001799461252373461	-0.010013367924348744	-0.03448682177150406	-0.03326919974653318	0.002108878343311637	0.07293030113765887	0.04293248981294395	-0.016672412457572564	-0.010208669588786587	-0.00038715977689299995	0.01203303993552913	0.05370257595329579	-0.03694587679960788	0.007776144164312227	-0.015255286550928242	-0.006843609797993721	-0.006395043273264354	-0.030306312301254246	-0.03023614437529711	-0.01681982417124726	0.004374894173075061	-0.011384790590442577	-0.01486008079766587	-0.0003103962732043319	0.007404056565160064	-0.00609921993838811	0.0016697612530835449	0.003661725083848781	0.00035952814714163575	-0.0019406700745641249	0.0019384882022039072	0.004658733777099951	-0.0011008307468182267	0.0017097883011929391	-0.007406464708093529	0.0022187021011620066	0.004965905445994003	0.0009529154961936502	-0.005118651868094064	-0.0012016752371198907	-0.00657376988311321	0.0020226056783160355	0.004197100301607178	0.0	0.0	0.0	0.0	0.0	0.0	0.0	0.0	0.0	0.0	0.0	0.0	0.0	0.0	0.0	0.0	0.0	0.0	0.0	0.0	0.0	0.0	0.0	0.0	0.0	0.0	0.0	0.0	0.0	0.0	0.0	0.0	0.0	0.0	0.0	0.0	0.0	0.0	0.0
2019.3.14.cow.skin.rump.7	-0.22307360825264813	-0.010789459600114362	0.40473062848956076	-0.02052610361568623	-0.01472465993957327	0.006776714406542125	-0.04976518705912234	-0.0036662164395532175	-0.04842346354647974	-0.015302323303738314	0.018940429788945373	0.044412943100881765	-0.014837547071338901	0.0066480944884922686	0.026374400927454848	-0.0042382252065441255	-0.017098675780044096	-0.04902977345501676	0.020093865936977786	0.013480652946706776	0.03309496513909124	0.04872946169812614	0.0132661975699595	0.04490215159642614	0.03060210478936849	0.0197734812074634	-0.011956945405082397	0.0008137085221837998	0.00216651930179522	0.01678401323072662	-0.024310761921716797	0.02140425770572275	-0.012243292647994489	0.013504965230164935	-0.016542931766242604	-0.011140948312443793	0.008963570089842058	0.023911744872436438	-0.022909416846651886	-0.003732216907617676	-0.019606543005695486	-0.0005318524855726934	5.489941686177905e-05	-0.0002000138240413437	0.019730562909929833	-0.022220260868390764	-0.021406424590391063	-0.0021259027358105664	-0.03517399910502474	-0.0019158390615692383	0.021299410718583902	0.011369212055893094	0.007199824914998461	-0.014554770675713662	-0.01655861239526899	-0.01216574848977467	0.003697729786042759	0.004414821577673604	0.011146312219399618	0.0022717728254958445	-0.014204789916570978	0.003194656075827564	-0.005100628891704755	0.009377303369754604	0.0	0.0	0.0	0.0	0.0	0.0	0.0	0.0	0.0	0.0	0.0	0.0	0.0	0.0	0.0	0.0	0.0	0.0	0.0	0.0	0.0	0.0	0.0	0.0	0.0	0.0	0.0	0.0	0.0	0.0	0.0	0.0	0.0	0.0	0.0	0.0	0.0	0.0	0.0
2019.3.14.cow.skin.rump.8	-0.2645853429237899	0.008099095822797286	0.3664582823353848	-0.035926299793448725	-0.04131078718791188	-0.03466512714382659	-0.045117814749052604	0.047904897838565594	-0.0023024969420187918	0.014039483482687076	0.04288553800664099	-0.024853830781292812	0.010626433971648514	-0.010406421172341966	0.017252968863191154	0.009342754464377555	0.00886094017587739	0.007121263671185567	0.014012208436433447	0.016945178786954878	0.05255436051688927	-0.009836377917907998	-0.006029996987170207	0.05020823409534094	-0.004269136194730278	-0.02383117173262009	-0.004003987666166691	-0.03321455333070666	-0.008519193630209794	0.0371444618228602	-0.005190187837746365	-0.008592041505015148	0.03311266836285174	-0.008763333123751254	0.02408094928951093	0.02234695208498234	0.019004748057981375	-0.045090801837897806	-0.0006068342636048681	0.02227933232004575	-0.028202683474246894	0.013361789109862552	0.0035136028212020163	-0.020889564882697536	-0.01922427439183562	-0.016888038789401687	0.02573485429983782	0.008504010346689577	0.012583337598436247	0.01409539150539974	-0.007288070399928039	-0.007986306612798533	-0.018298119093597947	-0.015608287439813502	0.0038128057605135678	0.019833360341243864	0.009098486358277272	-0.01202442169362787	0.015883037193498636	-0.0089869223108033	0.0035264486605411692	-0.004247487802227534	-0.01251987117451064	0.001735989765682402	0.0	0.0	0.0	0.0	0.0	0.0	0.0	0.0	0.0	0.0	0.0	0.0	0.0	0.0	0.0	0.0	0.0	0.0	0.0	0.0	0.0	0.0	0.0	0.0	0.0	0.0	0.0	0.0	0.0	0.0	0.0	0.0	0.0	0.0	0.0	0.0	0.0	0.0	0.0
2019.3.14.cow.skin.rump.8.rep	-0.2610694527958165	0.012869446844690186	0.3663293742557546	-0.023129041003064957	-0.039033357587130134	-0.03476095426417705	-0.03473990250139952	0.0611864302074933	-0.03130628821594628	-0.0008625334233997154	0.02980380406099922	-0.032951768592226025	0.006048087540814648	-0.0012956171701139026	0.016065175054688702	0.0030015839981144352	0.008038012318066948	-0.006493914914088902	0.018117927645758494	0.02991142761689944	0.056954630959906674	-0.013967815534222622	-0.01307507420230628	0.03885966550816687	0.007947032289115547	-0.02399799312118864	-0.007914066280172088	-0.027398266006849067	-0.008132857824847127	0.02214250944994188	0.004533064400580153	-0.0021103807553555214	0.011818350712839234	-0.005367902652503698	0.015794434540305356	-0.0027800883456782213	0.027299340746875067	-0.02005697502582825	-0.011348849266825754	0.010717512621143515	-0.03377946882823496	0.012988647776960885	-0.019470763919017534	-0.00646861800453595	-0.008125424373331112	-0.007678243330146373	-0.012105203179600867	-0.02237351008720646	0.011429452501388918	-0.0030603119711136184	0.0032021745192356696	-0.020218065280651593	0.03407809288664525	0.027329319358799672	0.005605368129160003	0.00010452133916965758	0.01816776791532317	0.008145425520880658	-0.031867922455505036	0.0035929301874910663	-0.002852157612178697	-0.0011170839682766818	0.006399459835092377	0.008091649656847649	0.0	0.0	0.0	0.0	0.0	0.0	0.0	0.0	0.0	0.0	0.0	0.0	0.0	0.0	0.0	0.0	0.0	0.0	0.0	0.0	0.0	0.0	0.0	0.0	0.0	0.0	0.0	0.0	0.0	0.0	0.0	0.0	0.0	0.0	0.0	0.0	0.0	0.0	0.0
2019.3.14.cow.skin.rump.9	-0.4161674694247319	0.0471023978817701	0.19859734830326034	-0.05072223002448441	-0.00038619418197962746	-0.066211697919013	0.02405899352811622	0.11805348891823036	0.13526428267568466	0.051979514059421694	0.005976487921198661	-0.03186727906550126	0.00011418860665193348	-0.038303319621351424	0.04446895623217994	-0.01410488786659956	0.0564268193250353	0.008588409336913384	-0.023845678011317824	-0.033641030774524947	0.009513111814013334	0.013620753322540353	0.01190978381477641	0.0034733920364706907	0.025197780443731436	0.042379366072913136	0.006550983683019168	-0.04069728498224534	0.02681001149678278	-0.03380410860618252	0.0064411869168066365	0.028857827867475414	0.017215873208473963	0.006249572296186234	0.03560910905550759	-0.03306481106528326	0.020513384528113708	-0.0019382616583223174	0.0010108148525880488	0.04027814820224693	0.008931193232206229	-0.012638834154044416	-0.012380445763368624	0.021964035984180053	-0.0045639830420946695	0.0037619775125261232	-0.002558036080585963	0.027916071466681635	0.008889601008920408	-0.011265351732396385	0.017697670535155332	-0.006360600754224188	-0.02180642243884556	0.004090285746151422	0.004588760162051244	-0.0083773206546673	0.0016359427627914635	0.01814983137323303	0.0029861702357796643	-0.003924274563834584	-0.002920781481691579	-0.0004887930193507823	-0.0021368845438130635	0.005423594307041284	0.0	0.0	0.0	0.0	0.0	0.0	0.0	0.0	0.0	0.0	0.0	0.0	0.0	0.0	0.0	0.0	0.0	0.0	0.0	0.0	0.0	0.0	0.0	0.0	0.0	0.0	0.0	0.0	0.0	0.0	0.0	0.0	0.0	0.0	0.0	0.0	0.0	0.0	0.0
2019.3.14.cow.udder.1	-0.29031129239080694	0.0025708737779739418	0.37892465219832633	-0.019342913708164593	0.04284654994961309	-0.006105873461599174	-0.0015560382146077188	-0.008649317714058618	-0.01443705189010932	-0.029369880813669057	-0.04574686378632895	0.0014071801347567488	0.005380884005746376	-0.012829404816154613	-0.05142270943129191	-0.05289778077896254	-0.018360943687983522	0.008949587590307596	-0.010490505069056268	0.0157222187220868	-0.007709292460101973	0.013018243649967898	0.012576619013151422	0.02381819973033724	0.04854215714936295	-0.03545687385969902	-0.00653754462206297	-0.003875527635509195	0.006852171948362091	0.02440741489326226	0.008401397828438784	-0.009172243076361178	-0.03275885847944559	-0.024985471850099476	0.00996467096093279	-0.019455735273978474	-0.0273944981441672	0.03371607803799301	0.006985831546388103	0.017588586576997266	0.011235852268905406	0.007521554844560962	0.005770650222461765	-0.02157399357325951	0.01685457429488544	0.01653315048249975	0.016850448478185415	-0.021839829087503475	-0.0018624581598428872	0.03101595747842251	0.021021796326831908	-0.007407549676910366	0.0028098785124902946	0.0006047151598531668	0.018397365194031595	0.00427333215246365	-0.000879881093348139	-0.01958836470671657	-0.006753919828713255	5.019181175871683e-05	0.003095493934110519	-0.001976515037581597	-0.002711006822095367	-9.262721108175053e-05	0.0	0.0	0.0	0.0	0.0	0.0	0.0	0.0	0.0	0.0	0.0	0.0	0.0	0.0	0.0	0.0	0.0	0.0	0.0	0.0	0.0	0.0	0.0	0.0	0.0	0.0	0.0	0.0	0.0	0.0	0.0	0.0	0.0	0.0	0.0	0.0	0.0	0.0	0.0
2019.3.14.cow.udder.10	-0.30771768230209706	0.020620614727551514	0.36510644452529817	-0.05045468611943085	0.006377425212540756	-0.028149815173346582	-0.04006075522677685	0.046334225552631225	0.08199695753221221	0.0072338662286431	-0.03439892806339253	-0.0023094415329456114	0.014459773717916026	-0.06074902074733505	-0.037773404894008086	-0.028030536040852993	-0.05261557413107247	0.018274079623986167	-0.018604682891838014	0.04505955962174849	-0.019660811209129322	0.018642308546515003	-0.04259935314756398	0.02888017608735142	0.027529572550778942	-0.03492685776937106	-0.03288471210231197	0.00519277181594529	-0.013743904750437465	0.04046469537913362	-0.03388334064108628	-0.002653972837053946	-0.026253812807587745	-0.06217501886218043	-0.020655145827602996	-0.0321118345766067	-0.022425419266767457	-0.022189348359290463	-0.004319441797455854	0.0032513766628730267	-0.025637159942003766	-0.011912422545392588	-0.0074457414690270686	0.03815227119039793	0.0016669563686061743	0.0013969318472588194	0.00554059154560035	0.023215478691078106	0.012072646158958276	-0.007339884520147061	-0.009731107248147852	0.007572051293307445	-0.0069840104962279	-0.006431501127535115	0.01628008941684099	-0.006496514284814602	0.001338707179148675	-0.007994828895357162	0.0020263404597320282	0.011067510978543952	-0.008729327276613926	-0.0022531688603460625	0.0001532664212322617	-0.0053519566785084375	0.0	0.0	0.0	0.0	0.0	0.0	0.0	0.0	0.0	0.0	0.0	0.0	0.0	0.0	0.0	0.0	0.0	0.0	0.0	0.0	0.0	0.0	0.0	0.0	0.0	0.0	0.0	0.0	0.0	0.0	0.0	0.0	0.0	0.0	0.0	0.0	0.0	0.0	0.0
2019.3.14.cow.udder.12	-0.27913050833529035	-0.0059196517240366914	0.42175496449804345	0.0011424407426976662	0.01361236956271083	0.04539076901342039	-0.030327925700349083	-0.07206383367973085	-0.06433200509687467	-0.02465783535064676	-0.04193283678320404	0.015429017606048966	0.003120112718189449	0.03315514942981824	-0.04204714508506155	0.005326958224990186	-0.04345007918945968	0.011210632959372633	-0.017833003682485065	-0.01933509757220893	-0.02356301513602226	-0.009785281920080786	0.01415744642894542	0.012141068664844873	0.06037221697131113	-0.0036755752529979723	0.024236256127371326	0.006362141416739142	-0.008992472005370828	0.00886110769350577	-0.04966415035807055	-0.003671516379947555	-0.0076896962858579825	0.009174773244427635	0.04985602441742711	-0.00022361985013029032	-0.030728714526036868	0.0023242240305692925	-0.0710431393782449	0.01822958411536371	-0.008772692837847675	-0.010158952131166188	0.004431046782662355	0.016843840307468477	0.00545161636264532	-0.005844428379986983	0.005130764951691187	-9.495900168237821e-06	-0.011345250665361158	-0.02327277174706186	-0.007111898399182096	-0.012600393571406902	0.009236191790739093	-0.008652363496048194	-0.013772460798936893	0.018732340312513047	0.004435678234483212	0.014302085172804426	0.0005120555296171867	-0.006175729396768875	0.011772230344249835	-0.004375264560501077	0.00388940475916661	-0.0008258156425646242	0.0	0.0	0.0	0.0	0.0	0.0	0.0	0.0	0.0	0.0	0.0	0.0	0.0	0.0	0.0	0.0	0.0	0.0	0.0	0.0	0.0	0.0	0.0	0.0	0.0	0.0	0.0	0.0	0.0	0.0	0.0	0.0	0.0	0.0	0.0	0.0	0.0	0.0	0.0
2019.3.14.cow.udder.13	-0.3516286513187981	0.011333929053152047	0.3334867072589391	-0.003450400768519977	0.02373147438833108	0.02598654350401897	0.01560546090453647	-0.04596306226302335	-0.050185190063480815	0.01385318930240676	0.014809623656910175	0.020398746634280002	0.0021958198366870394	0.006508846960978159	-0.018435713707682808	-0.06154981570593339	-0.031084394013002566	-0.01434170670717274	-0.030611672180852364	-0.03335331033320061	-0.03092766358387959	-0.04918614662446468	0.03173725394572386	-0.023530660551782205	0.019470838795371377	0.03654704463777037	-0.03635078249941896	0.03088898900139204	-0.025491764352764294	-0.027905350116312212	0.024486472838659366	-0.015626605271529887	0.012594998139476088	0.017310815501624416	0.014668967155304673	0.03337211758192977	-0.00037120613768014686	-0.019624220769757016	-0.0011506823859742477	0.019813643057716702	-0.03291359046988367	0.0017615390291136756	0.0085432620637405	0.007694805081033037	0.013415473273714439	-0.00893330089037296	-0.012147970547981805	0.017378390001803946	0.01125904277495946	-0.012460254429504786	0.008067242131187266	0.024253700044714867	-0.009344430961776442	0.007815718230405172	0.017234296368631906	-0.02479798751947114	-0.01773905711186691	-0.00961868512909784	-0.006913331181502496	-0.010721057741702414	-0.0027183309403535755	-0.00761070240660173	0.008488516289960217	-0.00011276230907863476	0.0	0.0	0.0	0.0	0.0	0.0	0.0	0.0	0.0	0.0	0.0	0.0	0.0	0.0	0.0	0.0	0.0	0.0	0.0	0.0	0.0	0.0	0.0	0.0	0.0	0.0	0.0	0.0	0.0	0.0	0.0	0.0	0.0	0.0	0.0	0.0	0.0	0.0	0.0
2019.3.14.cow.udder.14	-0.2909440986272625	0.007500992988671811	0.375840848924799	-0.024412778627821832	0.03830600649151014	0.013476186913289593	0.0339163103198004	-0.04728286478691086	0.06820570239380039	-0.009042022715464197	-0.11854522374144479	0.007031571603924415	0.010119923831181718	-0.011723336634284503	0.015038015588663876	-0.02223054450789257	0.06609409582871607	-0.05908906906693871	0.049239141629340524	-0.046729637059025206	-0.07029182005093748	-0.004777776352072592	-0.01498057076730409	0.032977027487713896	0.04325978065972303	0.025951647448199403	0.028011663821669103	-0.0033486208967852807	-0.03997120033720367	-0.042995753040356785	0.01002193461901634	-0.01547459386796891	-0.030022154272157726	0.01025632859432178	-0.044740873750318294	0.004766276001618713	0.009087166134751103	-0.00987269543076269	0.00461191244784252	-0.0014571718464228519	-0.005349097211608557	-0.027578172078299174	0.025675652285536168	-0.005986832446493083	0.012011316430451021	-0.03193820802979456	0.0046055524048123336	-0.0038968659636677825	0.015390052416530499	-0.006867283906128157	-0.004438726247802047	-0.01402199927799377	0.006735670768218691	0.007438113136500091	0.0005967515231513379	-0.008795856828891344	0.0030511631178302746	-0.005362455177520347	0.00309652253259146	-0.0016322945834706419	0.0037478747578653026	-0.003537485135369569	-0.0011973116784323255	-0.00463822693278782	0.0	0.0	0.0	0.0	0.0	0.0	0.0	0.0	0.0	0.0	0.0	0.0	0.0	0.0	0.0	0.0	0.0	0.0	0.0	0.0	0.0	0.0	0.0	0.0	0.0	0.0	0.0	0.0	0.0	0.0	0.0	0.0	0.0	0.0	0.0	0.0	0.0	0.0	0.0
2019.3.14.cow.udder.15	-0.36026533527253884	0.020875835144789318	0.3268969124312531	-0.009399207284743308	0.034848281497811294	0.02097829625271193	0.020835710280407267	-0.04098268297418424	0.005821662141388423	0.007777140385244996	-0.04095721862082153	0.01191344815179797	0.017888346847558877	-0.033708475455071094	-0.017599328277309118	-0.07311408117568266	-0.021280777213499132	-0.06805765693261011	-0.004891662418849724	-0.03705400514915093	-0.012718523852785152	-0.026697442924992366	-0.03615250380663432	-0.04436029768224394	0.025355538105257147	0.029619265146233337	0.010520423625838812	0.007680395433791641	-0.03422318668026106	-0.006649350259202263	-0.023935082882024325	-0.012220345856827759	0.004173704132364356	0.013331377256369834	-0.014814625956744132	0.010221139230168588	-0.018190234589692045	-0.017116338368832293	0.03805100781942698	-0.012114053813685946	0.003466801296077124	0.01353963053388685	-0.005954952072961844	0.020346877981414116	-0.027062132694110015	0.03345246573629724	0.000558275933619373	-0.004164814314627529	-0.017059477596649594	0.031166681993013656	-0.01593162910350687	-0.005596446070561423	0.0020732430256618466	-0.002392513919479543	-0.00947952296980532	0.010867456508150103	0.005023769216220628	0.01396109952934447	-0.0027372898194832126	0.007225412974072917	-0.00029745001908232214	0.0025825508413432337	0.0048654486532275715	0.013437327549485765	0.0	0.0	0.0	0.0	0.0	0.0	0.0	0.0	0.0	0.0	0.0	0.0	0.0	0.0	0.0	0.0	0.0	0.0	0.0	0.0	0.0	0.0	0.0	0.0	0.0	0.0	0.0	0.0	0.0	0.0	0.0	0.0	0.0	0.0	0.0	0.0	0.0	0.0	0.0
2019.3.14.cow.udder.19	-0.35188382590008604	0.03094961332816154	0.3023385404546033	0.014071830796986276	0.053680673676219676	-0.05562469443931546	0.03592326359779794	0.09226775981359028	0.0846680081588079	0.009469736797360295	-0.06488233650399658	-0.09204820554516137	0.012913651160664055	-0.08940926277406781	-0.02197334937183036	0.00863883223538404	-0.00047842026200371876	0.009159609063785669	0.01733893519874851	0.03930796124844997	-0.04900709749254615	-0.036758185204907735	0.02950799499906056	0.014159876956947204	-0.0592494883706808	-0.028382215644811554	0.0037483056135889105	0.04830574611235982	-0.009817101802398937	-0.016049894707995997	0.0185069380464266	-0.014922522351629924	-0.01613597112371288	0.018375505270796736	0.012599030744046795	-0.021849826966875232	-0.0035218333635018374	0.003643838198197347	-0.0031087769291588416	-0.003919801315070436	-0.00755532991342795	-0.002120172750120539	-0.0006558439070875894	0.011869312706026227	-0.005528589986521673	0.014014774412170748	-0.004491578512298665	0.004144352575371511	-0.01486601251587254	0.003905090807901762	0.003301511749297691	0.004202241000625432	0.0035846458213847133	0.00446783910148915	-0.01709262522387386	-0.01451549919027534	0.026304524877726304	-0.005990154632074573	0.014722401298006595	-0.018953962336421607	-0.0009350079514889388	0.008660043185665302	0.005715132777183094	0.0009305352113776227	0.0	0.0	0.0	0.0	0.0	0.0	0.0	0.0	0.0	0.0	0.0	0.0	0.0	0.0	0.0	0.0	0.0	0.0	0.0	0.0	0.0	0.0	0.0	0.0	0.0	0.0	0.0	0.0	0.0	0.0	0.0	0.0	0.0	0.0	0.0	0.0	0.0	0.0	0.0
2019.3.14.cow.udder.20	-0.29233560330423375	0.020578493595466714	0.3850246361130045	-0.04207594759405366	0.07383038657091306	-0.08226026153304208	-0.0052884474509785305	0.0811676502144679	0.15777026114572099	-0.027674871753649768	-0.14180689850603378	-0.05440784301771706	0.01476818379506128	-0.044665132467439396	-0.01788741048939499	0.019491214572858784	0.03513661303866702	0.024130462125025464	0.02422805942612997	0.05331561119560957	0.03318939101623976	-0.05210407395236855	0.020805101187278414	0.04444970071728561	-0.09444126317307033	-0.020939304447123337	0.03154882073800945	0.06446219769350701	-0.002469199471699202	-0.005096476308430488	0.021271055467174876	0.016097968318746977	0.005238287403922345	0.0052697792451907866	-0.0013052766467122657	0.028147891309570294	0.009065113704807134	0.025350244689490486	-0.011168677576705362	-0.014286748587480629	-0.0012497739159955	0.013093645690380736	-0.005685949865559075	0.006137036727013821	0.007066195435839981	-0.00013956853332042994	-0.014047057777567996	0.004906408467562795	-0.015554980793957292	-0.002009895939772537	0.00022785551200956797	0.011083045512988127	0.0009699706718645756	-0.002821721079661361	0.0014965591117910325	0.006605500777818792	-0.012901802465954787	-0.00032745190867037016	0.0013172238234764823	0.006802501587440013	0.012002161527137895	-0.0008937989651689977	-0.0018889609847541386	-0.0009850410388977005	0.0	0.0	0.0	0.0	0.0	0.0	0.0	0.0	0.0	0.0	0.0	0.0	0.0	0.0	0.0	0.0	0.0	0.0	0.0	0.0	0.0	0.0	0.0	0.0	0.0	0.0	0.0	0.0	0.0	0.0	0.0	0.0	0.0	0.0	0.0	0.0	0.0	0.0	0.0
2019.3.14.cow.udder.4	-0.3055584504534931	0.007997404114877068	0.39172459229515416	-0.014731912462513989	0.04097448700021703	-0.003069634120714494	0.008058540665636452	-0.004533793117145454	0.020440060122411598	-0.00810827830894396	-0.05582866370102244	0.004810017184276034	0.0027520193768444897	-0.052319691411677326	-0.0010087818405490642	-0.03781298147703496	-0.014622617968534346	-0.052308461666848945	0.00874130228385466	0.017703569178708856	-0.05565728332457699	-0.019731621838578746	-0.0034415616400455804	0.02450659497903691	-0.018223624655396304	0.007504198628206704	0.007794153093187089	2.255027785337319e-05	-0.02872117897060378	-0.004024384137590425	0.02857355753415268	-0.004777650153188998	0.01577089514051065	-0.00853886402104623	0.02083836285862655	-0.015226645273439103	0.023033148817883254	0.03214406982530193	-0.004052282303986747	0.00821666526692905	0.030208482227192978	-0.0005003116274241297	-0.019950930708448715	-0.04694714036500469	0.0067391577094435395	-0.014245357165162363	0.004129569876026102	0.0034267732599011363	0.013438114126464056	-0.03162500915481623	-0.0011614473180954878	0.008457605147548012	-0.005517501313012873	-0.0077013937549796855	0.003953676284872551	0.020935077009630366	0.0012410292692738988	0.012626657875496983	-0.006288873643707069	0.0008694941226715635	-0.016039701128513557	0.00318962434393355	0.0013491304751715337	0.0017780123026392488	0.0	0.0	0.0	0.0	0.0	0.0	0.0	0.0	0.0	0.0	0.0	0.0	0.0	0.0	0.0	0.0	0.0	0.0	0.0	0.0	0.0	0.0	0.0	0.0	0.0	0.0	0.0	0.0	0.0	0.0	0.0	0.0	0.0	0.0	0.0	0.0	0.0	0.0	0.0
2019.3.14.cow.udder.5	-0.07359944451689653	-0.07494957175667566	0.5843828801322918	-0.07062797783362873	0.046529736087916586	0.04615553278302535	-0.13780837290079875	-0.1194611387199991	-0.00515134073562155	-0.09795451639804088	-0.10454691157164199	0.13225676628780703	-0.01384561334241943	0.09243564941061402	-0.046180039967979696	0.029409427616614147	-0.034387752828875656	0.028424985029443402	-0.0316574197290002	-0.032621631338497915	-0.09251214739963588	0.07122563552049462	0.02805592655565707	-0.057154309205660364	-0.0025267929250155177	-0.039630436259862	-0.0040675556338130425	-0.006598175388733946	0.09387490880732123	-0.01318783488937269	0.0367346073240132	-0.019671669632132082	-0.030862013233555124	-0.005849756271611187	0.02215291233532826	0.023198906032494134	-0.004726446388422965	-0.024627154005783136	-0.0128661249910712	-0.019327522507887458	-0.0016401238460617676	0.021757559009762905	0.003228943035519621	0.000875529876224243	0.0007475268268002512	0.015657310519673073	0.0015789949957758479	0.011178739257279689	-0.00030807683512089367	-0.0064244537014459925	-0.0004545475381426932	0.00301346318373131	0.004126372756529172	0.0025527399256641326	0.0024522078591029755	0.0010270264618536238	0.006757391110716242	0.0061283623703309925	-0.007217356119559959	0.004895948517900213	-0.004443434570986817	0.002769335041195875	-0.007343630092550585	-0.004462723590972874	0.0	0.0	0.0	0.0	0.0	0.0	0.0	0.0	0.0	0.0	0.0	0.0	0.0	0.0	0.0	0.0	0.0	0.0	0.0	0.0	0.0	0.0	0.0	0.0	0.0	0.0	0.0	0.0	0.0	0.0	0.0	0.0	0.0	0.0	0.0	0.0	0.0	0.0	0.0
2019.3.14.cow.udder.9	-0.41155723868353533	0.04770591569227612	0.2194622012759672	-0.1338732110641402	-0.07665354085591841	-0.04197275769637407	-0.07106972066200075	0.09144664795951699	0.2022180694052961	0.09148155742082034	0.06166371526671658	-0.01956012524851839	-0.01278231082936575	-0.05410970941900392	0.016255149195075126	-0.020612335792105446	-0.0033260316767374505	-0.011081908372252355	-0.06802596524013194	-0.017953772535483224	-0.07124497637326449	-0.03749221234739984	0.0065062325420565436	0.02310273283480508	0.05622931041158123	0.0052159097254046135	-0.05024180432703104	-0.017379087138331206	0.004940338732590271	0.020644887695502098	-0.02727931080959384	0.00032213098545598874	0.014401538103541806	0.015698105507259568	0.0015766248637609861	0.022740480203539512	-0.01912234669763516	0.04381270042896091	-0.01942831157747648	0.010024310724059508	0.018352449114094727	-0.0046335795249620474	0.01610630561285713	-0.020529461691876638	-0.008775776979336762	-0.002624927785274763	0.006493244456146827	-0.027734044749458724	-0.010436649124553821	0.020819707686018898	-0.007670386748209164	0.006661362298378655	0.007907264012015964	-0.00022648623641293271	-0.018668872142848996	-0.009939051304644593	-0.01112388753081506	-0.0052352793914291346	-0.012710860023553585	0.0020850233791029353	0.002297325542124001	0.004225580933384425	-0.004024429854227117	-0.005460689157510621	0.0	0.0	0.0	0.0	0.0	0.0	0.0	0.0	0.0	0.0	0.0	0.0	0.0	0.0	0.0	0.0	0.0	0.0	0.0	0.0	0.0	0.0	0.0	0.0	0.0	0.0	0.0	0.0	0.0	0.0	0.0	0.0	0.0	0.0	0.0	0.0	0.0	0.0	0.0
PC1.3	0.4853037807481459	-0.7277222593670839	0.0770017650228885	0.0014335177373927157	0.27453202242076796	0.3817747107904245	-0.03460199852046612	-0.24935167001345077	0.04962673632713643	0.09700555206436488	0.009515343487757118	-0.07345107773885841	-0.005599451549230406	-0.004792411877437578	-0.042806233782492126	0.05946311247753732	0.020620282909420307	0.07514837552010839	-0.05428852123594224	-0.006987424513411021	-0.0068517587502465	-0.029474158122467755	0.008711672539646295	-0.04473712942808305	-0.009117412035316233	0.0001420869748197177	-0.004388326743471168	-0.024847630748690664	-0.010750430719512583	-0.014035106923051979	0.003576031413391794	-0.004063160408263074	-0.0006379631412196991	0.008322575011675744	-0.007782182437384264	-0.013843090986891703	0.02114678662595187	0.0019501564801059465	-0.01255697405459164	0.004907173476099979	0.005815822160987897	-0.007537899767298781	-0.014904199761948947	0.0001625028283370184	-0.019184593231738194	0.004063290284817808	0.011480033471250217	0.0008969548058738971	-0.0134773290701641	0.007007348376731822	-0.0023242798459557163	0.003697198588764249	-0.004160494753526739	-0.0035643471551999773	0.006784047644761031	-0.009765966080009267	0.006895564852620431	-0.006128874401939808	-0.008752936320255549	0.00020104433286854357	-0.0013274313386232332	0.0021794927961969663	0.0009450464579276895	0.0019023969193558055	0.0	0.0	0.0	0.0	0.0	0.0	0.0	0.0	0.0	0.0	0.0	0.0	0.0	0.0	0.0	0.0	0.0	0.0	0.0	0.0	0.0	0.0	0.0	0.0	0.0	0.0	0.0	0.0	0.0	0.0	0.0	0.0	0.0	0.0	0.0	0.0	0.0	0.0	0.0
PC1.4	0.4927342693389177	-0.7439308075760607	0.06602590418667546	0.014113482781867411	0.2725153728408598	0.3761912722137385	-0.045949015037266755	-0.2145395758693058	0.04836640589474233	0.11128149375687822	0.0008006940312067352	-0.10378521615295848	-0.008669166345636595	-0.00785389394330786	-0.028029456502124638	0.04494268593044535	0.005153121403402217	0.053489192416941105	-0.038618089273622924	-0.0016934375977314027	0.004658781010988867	-0.05131375351856721	-0.014551400819051723	-0.011017656914105063	0.01865043738063351	0.00863521236082919	0.006570026350956791	0.012990157405647592	-0.030634601997157486	0.004335012137142246	-0.016434907626354345	-0.01022686825923999	0.0010372369355337832	-0.009699724852866411	-0.008913091920223501	0.010060653255469806	-0.005704484948480479	-0.0033836795394332434	-0.006954427687221224	-0.0011584617434178505	0.004512032642049789	0.005297367486746312	0.016281430989031086	-0.0019796832845186047	0.02235955415986299	0.0009323349691002847	-0.014368830193064354	-0.005837133006491926	0.01915531302000108	-0.006618288026173814	0.008161917625361094	-0.004111385620334798	0.0034312305987827603	-0.0019620733452098433	-0.008700501799825927	0.011956976835588736	-0.002949810445818278	0.006402829888480076	0.011206626729796984	0.002528759131094235	-0.004142393541025573	-0.0007920718939658966	-0.0009230023632637858	-0.0017810162624745474	0.0	0.0	0.0	0.0	0.0	0.0	0.0	0.0	0.0	0.0	0.0	0.0	0.0	0.0	0.0	0.0	0.0	0.0	0.0	0.0	0.0	0.0	0.0	0.0	0.0	0.0	0.0	0.0	0.0	0.0	0.0	0.0	0.0	0.0	0.0	0.0	0.0	0.0	0.0

Biplot	0	0

Site constraints	0	0
